-- MySQL dump 10.13  Distrib 5.6.13, for Win32 (x86)
--
-- Host: localhost    Database: ttm-trp
-- ------------------------------------------------------
-- Server version	5.5.19

/*!40101 SET @OLD_CHARACTER_SET_CLIENT=@@CHARACTER_SET_CLIENT */;
/*!40101 SET @OLD_CHARACTER_SET_RESULTS=@@CHARACTER_SET_RESULTS */;
/*!40101 SET @OLD_COLLATION_CONNECTION=@@COLLATION_CONNECTION */;
/*!40101 SET NAMES utf8 */;
/*!40103 SET @OLD_TIME_ZONE=@@TIME_ZONE */;
/*!40103 SET TIME_ZONE='+00:00' */;
/*!40014 SET @OLD_UNIQUE_CHECKS=@@UNIQUE_CHECKS, UNIQUE_CHECKS=0 */;
/*!40014 SET @OLD_FOREIGN_KEY_CHECKS=@@FOREIGN_KEY_CHECKS, FOREIGN_KEY_CHECKS=0 */;
/*!40101 SET @OLD_SQL_MODE=@@SQL_MODE, SQL_MODE='NO_AUTO_VALUE_ON_ZERO' */;
/*!40111 SET @OLD_SQL_NOTES=@@SQL_NOTES, SQL_NOTES=0 */;

--
-- Current Database: `ttm-trp`
--

CREATE DATABASE /*!32312 IF NOT EXISTS*/ `ttm-trp` /*!40100 DEFAULT CHARACTER SET latin1 */;

USE `ttm-trp`;

--
-- Table structure for table `Academic_Info`
--

DROP TABLE IF EXISTS `Academic_Info`;
/*!40101 SET @saved_cs_client     = @@character_set_client */;
/*!40101 SET character_set_client = utf8 */;
CREATE TABLE `Academic_Info` (
  `Academic_Info_ID` int(11) NOT NULL AUTO_INCREMENT,
  `Participant_ID` int(11) DEFAULT NULL,
  `Program_ID` int(11) DEFAULT NULL,
  `School_Year` varchar(45) DEFAULT NULL,
  `Quarter` varchar(45) DEFAULT NULL,
  `GPA` varchar(45) DEFAULT NULL,
  `ISAT_Math` int(11) DEFAULT NULL,
  `ISAT_Reading` int(11) DEFAULT NULL,
  `ISAT_Total` int(11) DEFAULT NULL,
  `Grade_Level` varchar(45) DEFAULT NULL,
  `Math_Grade` varchar(45) DEFAULT NULL,
  `Lang_Grade` varchar(45) DEFAULT NULL,
  `Date_Entered` timestamp NULL DEFAULT CURRENT_TIMESTAMP,
  `School` int(11) DEFAULT '6',
  PRIMARY KEY (`Academic_Info_ID`),
  KEY `FK_Academic_Info__Participants__Participant_ID_idx` (`Participant_ID`),
  KEY `FK_Academic_Info__Programs__Program_ID_idx` (`Program_ID`),
  KEY `FK_Academic_Info__Schools__School_ID` (`School`),
  CONSTRAINT `FK_Academic_Info__Schools__School_ID` FOREIGN KEY (`School`) REFERENCES `Schools` (`School_ID`) ON DELETE SET NULL ON UPDATE CASCADE,
  CONSTRAINT `FK_Academic_Info__Participants__Participant_ID` FOREIGN KEY (`Participant_ID`) REFERENCES `Participants` (`Participant_ID`) ON DELETE NO ACTION ON UPDATE NO ACTION,
  CONSTRAINT `FK_Academic_Info__Programs__Program_ID` FOREIGN KEY (`Program_ID`) REFERENCES `Programs` (`Program_ID`) ON DELETE NO ACTION ON UPDATE NO ACTION
) ENGINE=InnoDB AUTO_INCREMENT=64 DEFAULT CHARSET=latin1;
/*!40101 SET character_set_client = @saved_cs_client */;

--
-- Dumping data for table `Academic_Info`
--

LOCK TABLES `Academic_Info` WRITE;
/*!40000 ALTER TABLE `Academic_Info` DISABLE KEYS */;
INSERT INTO `Academic_Info` VALUES (1,7,5,'2012-13','1','3.2',0,0,NULL,NULL,'B-','B+',NULL,6),(2,7,5,'2012-13','2','3.4',0,0,NULL,NULL,'B-','A-',NULL,6),(3,7,5,'2012-13','3','3.3',0,0,0,NULL,'B','B+',NULL,6),(4,6,2,'2012-13','1','2.8',0,0,0,NULL,'B-','C+',NULL,6),(5,6,2,'2012-13','2','3.1',NULL,NULL,NULL,'14','B','B',NULL,6),(25,1,NULL,NULL,'1','3.2',NULL,NULL,NULL,'6',NULL,NULL,'2013-07-02 18:30:59',6),(26,1,NULL,NULL,'2','3.1',NULL,NULL,NULL,'7',NULL,NULL,'2013-07-02 18:30:59',6),(27,1,NULL,NULL,'3','3.2',NULL,NULL,NULL,'8',NULL,NULL,'2013-07-02 18:30:59',6),(28,1,NULL,NULL,'4','3.2',NULL,NULL,NULL,NULL,NULL,NULL,'2013-07-02 18:30:59',6),(29,10,NULL,NULL,'1','4.1',NULL,NULL,NULL,NULL,NULL,NULL,'2013-07-02 18:30:59',6),(30,2,NULL,NULL,'1','4.1',NULL,NULL,NULL,NULL,NULL,NULL,'2013-07-02 19:08:57',6),(31,2,NULL,NULL,'2','3.1',NULL,NULL,NULL,NULL,NULL,NULL,'2013-07-02 19:08:57',6),(32,2,NULL,NULL,'3','3.2',NULL,NULL,NULL,NULL,NULL,NULL,'2013-07-02 19:08:57',6),(33,2,NULL,NULL,'4','3.2',NULL,NULL,NULL,NULL,NULL,NULL,'2013-07-02 19:08:57',6),(34,13,5,'2012-13','1','2.6',0,0,NULL,'7','','','2013-07-17 19:27:03',6),(35,13,5,'2012-13','2','2.7',0,0,NULL,'7','','','2013-07-17 19:42:54',6),(36,13,5,'2012-13','3','3.8',670,780,0,'7','','','2013-07-17 19:44:12',6),(37,6,2,'2012-13','3','3.0',0,0,0,'7','','','2013-07-31 18:34:35',6),(38,1,2,'2013-14','1','',0,0,0,'7','','','2013-08-01 16:13:07',3),(40,46,NULL,NULL,NULL,NULL,NULL,NULL,NULL,NULL,NULL,'C','2013-08-06 18:05:27',6),(41,2,NULL,NULL,NULL,NULL,NULL,NULL,NULL,NULL,NULL,'mark','2013-08-06 18:07:05',6),(42,46,NULL,NULL,NULL,NULL,NULL,NULL,NULL,NULL,NULL,'C','2013-08-06 18:07:05',6),(43,2,NULL,NULL,NULL,NULL,NULL,NULL,NULL,NULL,NULL,'mark','2013-08-06 18:08:34',6),(44,46,NULL,NULL,NULL,NULL,NULL,NULL,NULL,NULL,NULL,'C','2013-08-06 18:08:34',6),(45,2,NULL,NULL,NULL,NULL,NULL,NULL,NULL,NULL,NULL,'mark','2013-08-06 18:08:47',6),(46,46,NULL,NULL,NULL,NULL,NULL,NULL,NULL,NULL,NULL,'C','2013-08-06 18:08:47',6),(47,2,NULL,NULL,NULL,NULL,NULL,NULL,NULL,'0',NULL,'mark','2013-08-06 20:30:11',6),(48,46,NULL,NULL,NULL,NULL,NULL,NULL,NULL,'0',NULL,'C','2013-08-06 20:30:11',6),(51,7,2,'2012-13','4','3.2',0,0,0,'7','B-','B','2013-08-22 18:55:36',6),(53,7,2,'2013-14','1','3.1',0,0,0,'7','C+','B','2013-08-22 18:59:18',6),(57,7,5,'2012-13','4','3.2',0,0,0,'7','B-','B','2013-08-22 19:47:51',6),(60,7,3,'2013-14','2','3.5',0,0,0,'7','B+','A','2013-08-22 20:14:00',6),(61,7,2,'','','',0,0,0,'7','','','2013-08-22 20:32:33',4),(62,7,2,'1415','1','',0,0,0,'7','','','2013-08-27 21:04:00',4),(63,4,3,'','','',0,0,0,'7','','','2013-09-10 21:37:22',6);
/*!40000 ALTER TABLE `Academic_Info` ENABLE KEYS */;
UNLOCK TABLES;

--
-- Table structure for table `Blog_Notes`
--

DROP TABLE IF EXISTS `Blog_Notes`;
/*!40101 SET @saved_cs_client     = @@character_set_client */;
/*!40101 SET character_set_client = utf8 */;
CREATE TABLE `Blog_Notes` (
  `Note_ID` int(11) NOT NULL AUTO_INCREMENT,
  `Date_Entered` timestamp NULL DEFAULT CURRENT_TIMESTAMP,
  `Author` varchar(45) DEFAULT NULL,
  `Note_Text` varchar(500) DEFAULT NULL,
  `Program_ID` int(11) DEFAULT NULL,
  `School` int(11) DEFAULT '6',
  PRIMARY KEY (`Note_ID`),
  KEY `school_of_blogger` (`School`),
  KEY `FK_Blog_Notes__Programs__Program_ID_idx` (`Program_ID`),
  CONSTRAINT `FK_Blog_Notes__Programs__Program_ID` FOREIGN KEY (`Program_ID`) REFERENCES `Programs` (`Program_ID`) ON DELETE NO ACTION ON UPDATE NO ACTION,
  CONSTRAINT `school_of_blogger` FOREIGN KEY (`School`) REFERENCES `Schools` (`School_ID`) ON DELETE SET NULL ON UPDATE CASCADE
) ENGINE=InnoDB AUTO_INCREMENT=15 DEFAULT CHARSET=latin1;
/*!40101 SET character_set_client = @saved_cs_client */;

--
-- Dumping data for table `Blog_Notes`
--

LOCK TABLES `Blog_Notes` WRITE;
/*!40000 ALTER TABLE `Blog_Notes` DISABLE KEYS */;
INSERT INTO `Blog_Notes` VALUES (1,'2013-07-31 16:54:33','\'cdonnelly@chapinhall.org\'','Save this note text.\n',2,6),(2,'2013-07-31 17:01:32','\'cdonnelly@chapinhall.org\'','Test, test.\n',2,6),(3,'2013-08-01 16:44:41','\'cdonnelly@chapinhall.org\'','Testing saving the school.\n',2,6),(4,'2013-08-01 16:44:53','\'cdonnelly@chapinhall.org\'','What about now? Should be Pilsen Elementary.',2,6),(5,'2013-08-01 16:45:08','\'cdonnelly@chapinhall.org\'','Cristo Rey.',2,6),(10,'2013-08-01 16:47:24','\'cdonnelly@chapinhall.org\'','cooper branch!\n',2,3),(11,'2013-08-05 16:47:50','\'pilsenuser\'','all notes, all the time',2,5),(12,'2013-08-22 19:24:30','\'cdonnelly@chapinhall.org\'','test again',2,3),(13,'2013-08-22 19:24:45','\'cdonnelly@chapinhall.org\'','cristo rey again\n',2,2),(14,'2013-08-27 20:47:32','\'cdonnelly@chapinhall.org\'','yup',2,5);
/*!40000 ALTER TABLE `Blog_Notes` ENABLE KEYS */;
UNLOCK TABLES;

--
-- Table structure for table `Class_Avg_Gold_Scores`
--

DROP TABLE IF EXISTS `Class_Avg_Gold_Scores`;
/*!40101 SET @saved_cs_client     = @@character_set_client */;
/*!40101 SET character_set_client = utf8 */;
CREATE TABLE `Class_Avg_Gold_Scores` (
  `Class_Avg_Gold_ID` int(11) NOT NULL AUTO_INCREMENT,
  `Classroom_ID` varchar(45) DEFAULT NULL,
  `Test_Year` int(11) DEFAULT NULL,
  `Test_Time` int(11) DEFAULT NULL,
  `Class_Avg` varchar(45) DEFAULT NULL,
  `Question_ID` int(11) DEFAULT NULL,
  PRIMARY KEY (`Class_Avg_Gold_ID`),
  KEY `section_idx` (`Question_ID`),
  CONSTRAINT `section` FOREIGN KEY (`Question_ID`) REFERENCES `Gold_Score_Sections` (`Gold_Question_ID`) ON DELETE SET NULL ON UPDATE CASCADE
) ENGINE=InnoDB AUTO_INCREMENT=10 DEFAULT CHARSET=latin1;
/*!40101 SET character_set_client = @saved_cs_client */;

--
-- Dumping data for table `Class_Avg_Gold_Scores`
--

LOCK TABLES `Class_Avg_Gold_Scores` WRITE;
/*!40000 ALTER TABLE `Class_Avg_Gold_Scores` DISABLE KEYS */;
INSERT INTO `Class_Avg_Gold_Scores` VALUES (1,'0',1,1,'25.7',NULL),(2,'D170',1,1,'3.2',1),(5,'D170',1,1,'1',3),(6,'D170',2,3,'3',9),(7,'D170',1,2,'1.2',1),(8,'D170',1,3,'4.3',1),(9,'D170',1,3,'4.3',1);
/*!40000 ALTER TABLE `Class_Avg_Gold_Scores` ENABLE KEYS */;
UNLOCK TABLES;

--
-- Table structure for table `Cohorts`
--

DROP TABLE IF EXISTS `Cohorts`;

CREATE TABLE `Cohorts`
(
`Cohort_ID` int(11) NOT NULL AUTO_INCREMENT,
PRIMARY KEY (`Cohort_ID`),
`Cohort_Name` varchar(100)
) ENGINE=InnoDB;
--
-- Dumping data for table `Colleges`
--

LOCK TABLES `Cohorts` WRITE;
/*!40000 ALTER TABLE `Cohorts` DISABLE KEYS */;
INSERT INTO `Cohorts` VALUES (1,'TestCohort'),(2, 'AnotherCohort');
/*!40000 ALTER TABLE `Cohorts` ENABLE KEYS */;
UNLOCK TABLES;

--
-- Table structure for table `Colleges`
--

DROP TABLE IF EXISTS `Colleges`;

CREATE TABLE `Colleges`
(
`College_ID` int(11) NOT NULL AUTO_INCREMENT,
PRIMARY KEY (`College_ID`),
`College_Name` varchar(100),
`College_Type` varchar(100),
`Selectivity` varchar(100)
) ENGINE=InnoDB;
--
-- Dumping data for table `Colleges`
--

LOCK TABLES `Colleges` WRITE;
/*!40000 ALTER TABLE `Colleges` DISABLE KEYS */;
INSERT INTO `Colleges` VALUES (1,'TestCollege','4 year','Very selective'),(2, 'AnotherCollege', 'community college', 'non-selective');
/*!40000 ALTER TABLE `Colleges` ENABLE KEYS */;
UNLOCK TABLES;



--
-- Table structure for table `DAP_Group_Scoring`
--

DROP TABLE IF EXISTS `DAP_Group_Scoring`;
/*!40101 SET @saved_cs_client     = @@character_set_client */;
/*!40101 SET character_set_client = utf8 */;
CREATE TABLE `DAP_Group_Scoring` (
  `DAP_Group_Scoring_ID` int(11) NOT NULL AUTO_INCREMENT,
  `Participant_ID` int(11) DEFAULT NULL,
  `Q1` int(11) DEFAULT NULL,
  `Q2` int(11) DEFAULT NULL,
  `Q3` int(11) DEFAULT NULL,
  `Q4` int(11) DEFAULT NULL,
  `Q5` int(11) DEFAULT NULL,
  `Q6` int(11) DEFAULT NULL,
  `Q7` int(11) DEFAULT NULL,
  `Q8` int(11) DEFAULT NULL,
  `Q9` int(11) DEFAULT NULL,
  `Q10` int(11) DEFAULT NULL,
  `Q11` int(11) DEFAULT NULL,
  `Q12` int(11) DEFAULT NULL,
  `Q13` int(11) DEFAULT NULL,
  `Q14` int(11) DEFAULT NULL,
  `Q15` int(11) DEFAULT NULL,
  `Q16` int(11) DEFAULT NULL,
  `Q17` int(11) DEFAULT NULL,
  `Q18` int(11) DEFAULT NULL,
  `Q19` int(11) DEFAULT NULL,
  `Q20` int(11) DEFAULT NULL,
  `Q21` int(11) DEFAULT NULL,
  `Q22` int(11) DEFAULT NULL,
  `Q23` int(11) DEFAULT NULL,
  `Q24` int(11) DEFAULT NULL,
  `Q25` int(11) DEFAULT NULL,
  `Q26` int(11) DEFAULT NULL,
  `Q27` int(11) DEFAULT NULL,
  `Q28` int(11) DEFAULT NULL,
  `Q29` int(11) DEFAULT NULL,
  `Q30` int(11) DEFAULT NULL,
  `Q31` int(11) DEFAULT NULL,
  `Q32` int(11) DEFAULT NULL,
  `Q33` int(11) DEFAULT NULL,
  `Q34` int(11) DEFAULT NULL,
  `Q35` int(11) DEFAULT NULL,
  `Q36` int(11) DEFAULT NULL,
  `Q37` int(11) DEFAULT NULL,
  `Q38` int(11) DEFAULT NULL,
  `Q39` int(11) DEFAULT NULL,
  `Q40` int(11) DEFAULT NULL,
  `Q41` int(11) DEFAULT NULL,
  `Q42` int(11) DEFAULT NULL,
  `Q43` int(11) DEFAULT NULL,
  `Q44` int(11) DEFAULT NULL,
  `Q45` int(11) DEFAULT NULL,
  `Q46` int(11) DEFAULT NULL,
  `Q47` int(11) DEFAULT NULL,
  `Q48` int(11) DEFAULT NULL,
  `Q49` int(11) DEFAULT NULL,
  `Q50` int(11) DEFAULT NULL,
  `Q51` int(11) DEFAULT NULL,
  `Q52` int(11) DEFAULT NULL,
  `Q53` int(11) DEFAULT NULL,
  `Q54` int(11) DEFAULT NULL,
  `Q55` int(11) DEFAULT NULL,
  `Q56` int(11) DEFAULT NULL,
  `Q57` int(11) DEFAULT NULL,
  `Q58` int(11) DEFAULT NULL,
  PRIMARY KEY (`DAP_Group_Scoring_ID`),
  KEY `Participant_dapped` (`Participant_ID`),
  CONSTRAINT `Participant_dapped` FOREIGN KEY (`Participant_ID`) REFERENCES `Participants` (`Participant_ID`) ON UPDATE CASCADE
) ENGINE=InnoDB DEFAULT CHARSET=latin1;
/*!40101 SET character_set_client = @saved_cs_client */;

--
-- Dumping data for table `DAP_Group_Scoring`
--

LOCK TABLES `DAP_Group_Scoring` WRITE;
/*!40000 ALTER TABLE `DAP_Group_Scoring` DISABLE KEYS */;
/*!40000 ALTER TABLE `DAP_Group_Scoring` ENABLE KEYS */;
UNLOCK TABLES;

--
-- Table structure for table `Educational_Levels`
--
DROP TABLE IF EXISTS `Educational_Levels`;
CREATE TABLE `Educational_Levels`
(
`Education_ID` int(11) NOT NULL AUTO_INCREMENT,
PRIMARY KEY (`Education_ID`),
`Education_Level_Name` varchar(45)
) ENGINE = InnoDB;
--
-- Dumping data for table `Educational_Levels`
--

LOCK TABLES `Educational_Levels` WRITE;
/*!40000 ALTER TABLE `Educational_Levels` DISABLE KEYS */;
INSERT INTO `Educational_Levels` (Education_Level_Name) VALUES ('Elementary'), ('Middle School'), ('Some HS'), ('GED'), ('High School Diploma'), ('Some College'), ('Trade School'), ('Associates Degree'), ('Bachelors Degree'), ('Masters Degree'), ('MD'), ('PhD'), ('Unknown');
/*!40000 ALTER TABLE `Educational_Levels` ENABLE KEYS */;
UNLOCK TABLES;


--
-- Table structure for table `Elev8_Data`
--

DROP TABLE IF EXISTS `Elev8_Data`;
/*!40101 SET @saved_cs_client     = @@character_set_client */;
/*!40101 SET character_set_client = utf8 */;
CREATE TABLE `Elev8_Data` (
  `Elev8_ID` int(11) NOT NULL AUTO_INCREMENT,
  `Month` int(11) DEFAULT NULL,
  `Year` int(11) DEFAULT NULL,
  `Element` int(11) DEFAULT NULL,
  `Value` int(11) DEFAULT NULL,
  `Date_Logged` timestamp NULL DEFAULT CURRENT_TIMESTAMP,
  PRIMARY KEY (`Elev8_ID`),
  KEY `FK_Elev8_Data__Elev8_Elements__Element_ID_idx` (`Element`),
  CONSTRAINT `FK_Elev8_Data__Elev8_Elements__Element_ID` FOREIGN KEY (`Element`) REFERENCES `Elev8_Elements` (`Element_ID`) ON DELETE NO ACTION ON UPDATE NO ACTION
) ENGINE=InnoDB AUTO_INCREMENT=12 DEFAULT CHARSET=latin1;
/*!40101 SET character_set_client = @saved_cs_client */;

--
-- Dumping data for table `Elev8_Data`
--

LOCK TABLES `Elev8_Data` WRITE;
/*!40000 ALTER TABLE `Elev8_Data` DISABLE KEYS */;
INSERT INTO `Elev8_Data` VALUES (6,6,13,8,125,'2013-08-27 20:45:54'),(11,8,13,7,80,'2013-10-09 16:04:41');
/*!40000 ALTER TABLE `Elev8_Data` ENABLE KEYS */;
UNLOCK TABLES;

--
-- Table structure for table `Elev8_Elements`
--

DROP TABLE IF EXISTS `Elev8_Elements`;
/*!40101 SET @saved_cs_client     = @@character_set_client */;
/*!40101 SET character_set_client = utf8 */;
CREATE TABLE `Elev8_Elements` (
  `Element_ID` int(11) NOT NULL AUTO_INCREMENT,
  `Element_Name` varchar(45) DEFAULT NULL,
  PRIMARY KEY (`Element_ID`)
) ENGINE=InnoDB AUTO_INCREMENT=9 DEFAULT CHARSET=latin1;
/*!40101 SET character_set_client = @saved_cs_client */;

--
-- Dumping data for table `Elev8_Elements`
--

LOCK TABLES `Elev8_Elements` WRITE;
/*!40000 ALTER TABLE `Elev8_Elements` DISABLE KEYS */;
INSERT INTO `Elev8_Elements` VALUES (1,'After School Enrollment'),(2,'After School Attendance'),(3,'Adult Programming Enrollment'),(4,'Adult Programming Attendance'),(5,'Total Enrollment'),(6,'Total Attendance'),(7,'Physical/Immunization Compliance'),(8,'Health Center Visits');
/*!40000 ALTER TABLE `Elev8_Elements` ENABLE KEYS */;
UNLOCK TABLES;

--
-- Table structure for table `Emergency_Contacts`
--

DROP TABLE IF EXISTS `Emergency_Contacts`; 

CREATE TABLE `Emergency_Contacts` 
(
 `Emergency_Contact_ID` int(11) NOT NULL AUTO_INCREMENT,
 PRIMARY KEY (`Emergency_Contact_ID`),
 `Participant_ID` int(11),
  FOREIGN KEY (`Participant_ID`) REFERENCES `Participants` (`Participant_ID`)
    ON DELETE CASCADE
    ON UPDATE CASCADE,
 `First_Name` varchar(45),
 `Last_Name` varchar(45),
 `Phone` varchar(15),
 `Relationship` varchar(45)
) ENGINE = InnoDB;
--
-- Dumping data for table `Emergency_Contacts`
--

LOCK TABLES `Emergency_Contacts` WRITE;
/*!40000 ALTER TABLE `Emergency_Contacts` DISABLE KEYS */;
INSERT INTO `Emergency_Contacts` VALUES (1,5,'EC First Name','EC Last Name','4324443333','EC Relationship');
/*!40000 ALTER TABLE `Emergency_Contacts` ENABLE KEYS */;
UNLOCK TABLES;

--
-- Table structure for table `Events`
--

DROP TABLE IF EXISTS `Events`;
/*!40101 SET @saved_cs_client     = @@character_set_client */;
/*!40101 SET character_set_client = utf8 */;
CREATE TABLE `Events` (
  `Event_ID` int(11) NOT NULL AUTO_INCREMENT,
  `Event_Name` varchar(150) DEFAULT NULL,
  `Event_Goal` varchar(45) DEFAULT NULL,
  `Event_Actual` varchar(45) DEFAULT NULL,
  `Event_Date` date DEFAULT NULL,
  `Active` int(11) DEFAULT NULL,
  PRIMARY KEY (`Event_ID`)
) ENGINE=InnoDB AUTO_INCREMENT=47 DEFAULT CHARSET=latin1;
/*!40101 SET character_set_client = @saved_cs_client */;

--
-- Dumping data for table `Events`
--

LOCK TABLES `Events` WRITE;
/*!40000 ALTER TABLE `Events` DISABLE KEYS */;
INSERT INTO `Events` VALUES (1,'RBL Kick-off','150','122','2013-03-03',NULL),(2,'Street Clean-up 2013','250','228','2013-04-01',0),(3,'Portal Anniversary Celebration','250','245','2013-03-19',0),(4,'Los Carralejas','500','397','2012-06-07',0),(7,'QofL Celebration','100',NULL,'2008-06-08',0),(8,'Fathers\' Day Health Fair','200','213','2012-06-17',0),(9,'Testing Active','','','2013-06-28',1),(37,'Concert','100','92','2013-04-05',1),(39,'Immigration Rally','120','92','2013-07-22',1),(40,'Meditation workshop','40',NULL,'2013-07-01',1),(41,'Mercaditos','500','480','2013-08-03',1),(42,'DIa Del Nino','500',NULL,'2013-04-30',1),(43,'Test Event (Labor Day)','100000',NULL,'2013-09-02',1),(44,'Test TRP Homepage','2',NULL,'2013-08-29',1),(45,'Test Again','100',NULL,'2013-11-04',1),(46,'','',NULL,'0000-00-00',1);
/*!40000 ALTER TABLE `Events` ENABLE KEYS */;
UNLOCK TABLES;

--
-- Table structure for table `Events_Participants`
--

DROP TABLE IF EXISTS `Events_Participants`;
/*!40101 SET @saved_cs_client     = @@character_set_client */;
/*!40101 SET character_set_client = utf8 */;
CREATE TABLE `Events_Participants` (
  `Events_Participants_ID` int(11) NOT NULL AUTO_INCREMENT,
  `Event_ID` int(11) DEFAULT NULL,
  `Participant_ID` int(11) DEFAULT NULL,
  PRIMARY KEY (`Events_Participants_ID`),
  KEY `attendee` (`Participant_ID`),
  KEY `FK_Events_Participants__Events__Event_ID` (`Event_ID`),
  CONSTRAINT `FK_Events_Participants__Events__Event_ID` FOREIGN KEY (`Event_ID`) REFERENCES `Events` (`Event_ID`) ON UPDATE CASCADE,
  CONSTRAINT `FK_Events_Participants__Participants__Participant_ID` FOREIGN KEY (`Participant_ID`) REFERENCES `Participants` (`Participant_ID`) ON UPDATE CASCADE
) ENGINE=InnoDB AUTO_INCREMENT=90 DEFAULT CHARSET=latin1;
/*!40101 SET character_set_client = @saved_cs_client */;

--
-- Dumping data for table `Events_Participants`
--

LOCK TABLES `Events_Participants` WRITE;
/*!40000 ALTER TABLE `Events_Participants` DISABLE KEYS */;
INSERT INTO `Events_Participants` VALUES (1,2,1),(2,3,1),(6,8,4),(7,2,3),(8,4,4),(9,4,6),(10,4,5),(11,1,7),(49,37,10),(55,4,10),(56,4,39),(61,3,3),(62,37,8),(63,2,43),(64,37,14),(65,37,15),(67,1,47),(68,2,47),(69,41,47),(70,39,48),(71,1,50),(72,9,50),(73,39,51),(74,42,51),(75,40,51),(76,42,52),(77,3,52),(78,39,44),(79,41,44),(80,3,44),(81,37,7),(82,37,43),(83,39,47),(84,9,53),(87,41,54),(89,43,10);
/*!40000 ALTER TABLE `Events_Participants` ENABLE KEYS */;
UNLOCK TABLES;

--
-- Table structure for table `Explore_Scores`
--

DROP TABLE IF EXISTS `Explore_Scores`;
/*!40101 SET @saved_cs_client     = @@character_set_client */;
/*!40101 SET character_set_client = utf8 */;
CREATE TABLE `Explore_Scores` (
  `Explore_Scores_ID` int(11) NOT NULL AUTO_INCREMENT,
  `Participant_ID` int(11) DEFAULT NULL,
  `Explore_Score_Pre` varchar(45) DEFAULT NULL,
  `Explore_Score_Mid` varchar(45) DEFAULT NULL,
  `Explore_Score_Post` varchar(45) DEFAULT NULL,
  `Explore_Score_Fall` varchar(45) DEFAULT NULL,
  `Reading_ISAT` varchar(45) DEFAULT NULL,
  `Math_ISAT` varchar(45) DEFAULT NULL,
  `CPS_Consent` int(11) DEFAULT NULL,
  `Program_ID` int(11) DEFAULT NULL,
  `School` int(11) DEFAULT '6',
  `School_Year` int(11) DEFAULT NULL,
  PRIMARY KEY (`Explore_Scores_ID`),
  UNIQUE KEY `Participant_ID_UNIQUE` (`Participant_ID`),
  KEY `school_scored` (`School`),
  KEY `FK_Explore_Scores__Programs__Program_ID_idx` (`Program_ID`),
  CONSTRAINT `FK_Explore_Scores__Programs__Program_ID` FOREIGN KEY (`Program_ID`) REFERENCES `Programs` (`Program_ID`) ON DELETE NO ACTION ON UPDATE NO ACTION,
  CONSTRAINT `FK_Explore_Scores__Participants__Participant_ID` FOREIGN KEY (`Participant_ID`) REFERENCES `Participants` (`Participant_ID`) ON DELETE NO ACTION ON UPDATE NO ACTION,
  CONSTRAINT `school_scored` FOREIGN KEY (`School`) REFERENCES `Schools` (`School_ID`) ON DELETE SET NULL ON UPDATE CASCADE
) ENGINE=InnoDB AUTO_INCREMENT=17 DEFAULT CHARSET=latin1;
/*!40101 SET character_set_client = @saved_cs_client */;

--
-- Dumping data for table `Explore_Scores`
--

LOCK TABLES `Explore_Scores` WRITE;
/*!40000 ALTER TABLE `Explore_Scores` DISABLE KEYS */;
INSERT INTO `Explore_Scores` VALUES (1,6,'700','','','','','',1,2,6,1213),(4,8,'800','800','800','800','700','700',NULL,2,6,1314),(7,1,'500','500','','','','',NULL,2,4,1213),(14,10,'25','38','80','62','9','10',NULL,4,5,1213),(15,47,'','','','','','',NULL,4,5,1213),(16,7,'9','10','11','12','','',NULL,2,3,1314);
/*!40000 ALTER TABLE `Explore_Scores` ENABLE KEYS */;
UNLOCK TABLES;

--
-- Table structure for table `GOLD_Score_Ranges`
--

DROP TABLE IF EXISTS `GOLD_Score_Ranges`;
/*!40101 SET @saved_cs_client     = @@character_set_client */;
/*!40101 SET character_set_client = utf8 */;
CREATE TABLE `GOLD_Score_Ranges` (
  `GOLD_Score_Range_ID` int(11) NOT NULL AUTO_INCREMENT,
  `Objective` varchar(45) DEFAULT NULL,
  `Low` int(1) DEFAULT NULL,
  `High` int(1) DEFAULT NULL,
  PRIMARY KEY (`GOLD_Score_Range_ID`)
) ENGINE=InnoDB AUTO_INCREMENT=52 DEFAULT CHARSET=latin1;
/*!40101 SET character_set_client = @saved_cs_client */;

--
-- Dumping data for table `GOLD_Score_Ranges`
--

LOCK TABLES `GOLD_Score_Ranges` WRITE;
/*!40000 ALTER TABLE `GOLD_Score_Ranges` DISABLE KEYS */;
INSERT INTO `GOLD_Score_Ranges` VALUES (1,'1A',5,8),(2,'1B',5,7),(3,'1C',6,8),(4,'2A',7,8),(5,'2B',5,6),(6,'2C',4,6),(7,'2D',5,6),(8,'3A',4,6),(9,'3B',5,7),(10,'4',6,8),(11,'5',6,8),(12,'6',6,8),(13,'7A',6,8),(14,'7B',5,8),(15,'8A',6,8),(16,'8B',5,8),(17,'9A',5,7),(18,'9B',6,7),(19,'9C',5,7),(20,'9D',5,8),(21,'10A',6,7),(22,'10B',5,7),(23,'11A',5,7),(24,'11B',5,6),(25,'11C',5,7),(26,'11D',5,7),(27,'11E',4,7),(28,'12A',5,7),(29,'12B',5,7),(30,'13',4,6),(31,'14A',4,6),(32,'14B',4,6),(33,'15A',4,6),(34,'15B',3,6),(35,'15C',2,5),(36,'16A',2,5),(37,'16B',2,6),(38,'17A',4,7),(39,'17B',3,6),(40,'18A',3,6),(41,'18B',3,6),(42,'18C',2,6),(43,'19A',3,6),(44,'19B',3,5),(45,'20A',5,6),(46,'20B',4,6),(47,'20C',4,6),(48,'21A',5,7),(49,'21B',5,6),(50,'22',4,7),(51,'23',4,7);
/*!40000 ALTER TABLE `GOLD_Score_Ranges` ENABLE KEYS */;
UNLOCK TABLES;

--
-- Table structure for table `GOLD_Scores`
--

DROP TABLE IF EXISTS `GOLD_Scores`;
/*!40101 SET @saved_cs_client     = @@character_set_client */;
/*!40101 SET character_set_client = utf8 */;
CREATE TABLE `GOLD_Scores` (
  `GOLD_Score_ID` int(11) NOT NULL AUTO_INCREMENT,
  `Participant_ID` int(11) DEFAULT NULL,
  `Checkpoint_Period` varchar(45) DEFAULT NULL,
  `Report_Generated` date DEFAULT NULL,
  `1A` int(11) DEFAULT NULL,
  `1B` int(11) DEFAULT NULL,
  `1C` int(11) DEFAULT NULL,
  `2A` int(11) DEFAULT NULL,
  `2B` int(11) DEFAULT NULL,
  `2C` int(11) DEFAULT NULL,
  `2D` int(11) DEFAULT NULL,
  `3A` int(11) DEFAULT NULL,
  `3B` int(11) DEFAULT NULL,
  `4` int(11) DEFAULT NULL,
  `5` int(11) DEFAULT NULL,
  `6` int(11) DEFAULT NULL,
  `7A` int(11) DEFAULT NULL,
  `7B` int(11) DEFAULT NULL,
  `8A` int(11) DEFAULT NULL,
  `8B` int(11) DEFAULT NULL,
  `9A` int(11) DEFAULT NULL,
  `9B` int(11) DEFAULT NULL,
  `9C` int(11) DEFAULT NULL,
  `9D` int(11) DEFAULT NULL,
  `10A` int(11) DEFAULT NULL,
  `10B` int(11) DEFAULT NULL,
  `11A` int(11) DEFAULT NULL,
  `11B` int(11) DEFAULT NULL,
  `11C` int(11) DEFAULT NULL,
  `11D` int(11) DEFAULT NULL,
  `11E` int(11) DEFAULT NULL,
  `12A` int(11) DEFAULT NULL,
  `12B` int(11) DEFAULT NULL,
  `13` int(11) DEFAULT NULL,
  `14A` int(11) DEFAULT NULL,
  `14B` int(11) DEFAULT NULL,
  `15A` int(11) DEFAULT NULL,
  `15B` int(11) DEFAULT NULL,
  `15C` int(11) DEFAULT NULL,
  `16A` int(11) DEFAULT NULL,
  `16B` int(11) DEFAULT NULL,
  `17A` int(11) DEFAULT NULL,
  `17B` int(11) DEFAULT NULL,
  `18A` int(11) DEFAULT NULL,
  `18B` int(11) DEFAULT NULL,
  `18C` int(11) DEFAULT NULL,
  `19A` int(11) DEFAULT NULL,
  `19B` int(11) DEFAULT NULL,
  `20A` int(11) DEFAULT NULL,
  `20B` int(11) DEFAULT NULL,
  `21A` int(11) DEFAULT NULL,
  `21B` int(11) DEFAULT NULL,
  `22` int(11) DEFAULT NULL,
  `23` int(11) DEFAULT NULL,
  `24` int(11) DEFAULT NULL,
  `25` int(11) DEFAULT NULL,
  `26` int(11) DEFAULT NULL,
  `27` int(11) DEFAULT NULL,
  `28` int(11) DEFAULT NULL,
  `29` int(11) DEFAULT NULL,
  PRIMARY KEY (`GOLD_Score_ID`),
  KEY `FK_GOLD_Scores__Participants__Participant_ID_idx` (`Participant_ID`),
  CONSTRAINT `FK_GOLD_Scores__Participants__Participant_ID` FOREIGN KEY (`Participant_ID`) REFERENCES `Participants` (`Participant_ID`) ON DELETE NO ACTION ON UPDATE NO ACTION
) ENGINE=InnoDB DEFAULT CHARSET=latin1;
/*!40101 SET character_set_client = @saved_cs_client */;

--
-- Dumping data for table `GOLD_Scores`
--

LOCK TABLES `GOLD_Scores` WRITE;
/*!40000 ALTER TABLE `GOLD_Scores` DISABLE KEYS */;
/*!40000 ALTER TABLE `GOLD_Scores` ENABLE KEYS */;
UNLOCK TABLES;

--
-- Table structure for table `Gads_Hill_Parent_Survey`
--

DROP TABLE IF EXISTS `Gads_Hill_Parent_Survey`;
/*!40101 SET @saved_cs_client     = @@character_set_client */;
/*!40101 SET character_set_client = utf8 */;
CREATE TABLE `Gads_Hill_Parent_Survey` (
  `Gads_Hill_Parent_Survey_ID` int(11) NOT NULL AUTO_INCREMENT,
  `Child_ID` int(11) DEFAULT NULL,
  `Child_Grade` int(11) DEFAULT NULL,
  `Date_Surveyed` date DEFAULT NULL,
  `First_Part_1` int(11) DEFAULT NULL,
  `First_Part_2` int(11) DEFAULT NULL,
  `First_Part_3` int(11) DEFAULT NULL,
  `First_Part_4` int(11) DEFAULT NULL,
  `First_Part_5` int(11) DEFAULT NULL,
  `First_Part_6` int(11) DEFAULT NULL,
  `First_Part_7` int(11) DEFAULT NULL,
  `First_Part_8` int(11) DEFAULT NULL,
  `First_Part_9` int(11) DEFAULT NULL,
  `Second_Part_1` int(11) DEFAULT NULL,
  `Second_Part_2` int(11) DEFAULT NULL,
  `Second_Part_3` int(11) DEFAULT NULL,
  `Second_Part_4` int(11) DEFAULT NULL,
  `Comments` varchar(1000) DEFAULT NULL,
  PRIMARY KEY (`Gads_Hill_Parent_Survey_ID`),
  KEY `FK_Gads_Hill_Parent_Survey__Participants__Participant_ID_idx` (`Child_ID`),
  CONSTRAINT `FK_Gads_Hill_Parent_Survey__Participants__Participant_ID` FOREIGN KEY (`Child_ID`) REFERENCES `Participants` (`Participant_ID`) ON DELETE NO ACTION ON UPDATE NO ACTION
) ENGINE=InnoDB AUTO_INCREMENT=7 DEFAULT CHARSET=latin1;
/*!40101 SET character_set_client = @saved_cs_client */;

--
-- Dumping data for table `Gads_Hill_Parent_Survey`
--

LOCK TABLES `Gads_Hill_Parent_Survey` WRITE;
/*!40000 ALTER TABLE `Gads_Hill_Parent_Survey` DISABLE KEYS */;
INSERT INTO `Gads_Hill_Parent_Survey` VALUES (2,4,7,'2013-06-28',0,0,0,0,0,0,0,0,0,0,0,0,0,NULL),(3,7,3,'2013-07-01',3,0,0,3,0,0,0,0,0,0,0,0,0,NULL),(4,7,7,'2013-01-08',0,2,0,0,3,0,0,3,0,0,0,0,0,NULL),(5,7,0,'2013-01-08',0,0,0,0,0,0,0,0,0,0,0,0,0,NULL),(6,7,0,'2013-08-01',0,0,0,0,0,0,0,0,0,0,0,0,0,NULL);
/*!40000 ALTER TABLE `Gads_Hill_Parent_Survey` ENABLE KEYS */;
UNLOCK TABLES;

--
-- Table structure for table `Gold_Classrooms`
--

DROP TABLE IF EXISTS `Gold_Classrooms`;
/*!40101 SET @saved_cs_client     = @@character_set_client */;
/*!40101 SET character_set_client = utf8 */;
CREATE TABLE `Gold_Classrooms` (
  `Gold_Classroom_ID` int(11) NOT NULL AUTO_INCREMENT,
  `Classroom_ID` varchar(45) DEFAULT NULL,
  `Student_ID` int(11) DEFAULT NULL,
  PRIMARY KEY (`Gold_Classroom_ID`),
  UNIQUE KEY `Student_ID_UNIQUE` (`Student_ID`),
  KEY `student_idx` (`Student_ID`),
  CONSTRAINT `student` FOREIGN KEY (`Student_ID`) REFERENCES `Participants` (`Participant_ID`) ON DELETE SET NULL ON UPDATE CASCADE
) ENGINE=InnoDB AUTO_INCREMENT=6 DEFAULT CHARSET=latin1;
/*!40101 SET character_set_client = @saved_cs_client */;

--
-- Dumping data for table `Gold_Classrooms`
--

LOCK TABLES `Gold_Classrooms` WRITE;
/*!40000 ALTER TABLE `Gold_Classrooms` DISABLE KEYS */;
INSERT INTO `Gold_Classrooms` VALUES (1,'0',15),(5,'D170',39);
/*!40000 ALTER TABLE `Gold_Classrooms` ENABLE KEYS */;
UNLOCK TABLES;

--
-- Table structure for table `Gold_Score_Sections`
--

DROP TABLE IF EXISTS `Gold_Score_Sections`;
/*!40101 SET @saved_cs_client     = @@character_set_client */;
/*!40101 SET character_set_client = utf8 */;
CREATE TABLE `Gold_Score_Sections` (
  `Gold_Question_ID` int(11) NOT NULL AUTO_INCREMENT,
  `Gold_Section_Name` varchar(45) DEFAULT NULL,
  PRIMARY KEY (`Gold_Question_ID`)
) ENGINE=InnoDB AUTO_INCREMENT=11 DEFAULT CHARSET=latin1;
/*!40101 SET character_set_client = @saved_cs_client */;

--
-- Dumping data for table `Gold_Score_Sections`
--

LOCK TABLES `Gold_Score_Sections` WRITE;
/*!40000 ALTER TABLE `Gold_Score_Sections` DISABLE KEYS */;
INSERT INTO `Gold_Score_Sections` VALUES (1,'Social-Emotional'),(2,'Physical'),(3,'Language'),(4,'Cognitive'),(5,'Literacy'),(6,'Mathematics'),(7,'Science and Technology'),(8,'Social Studies'),(9,'Creative Arts Expression'),(10,'English Language Development');
/*!40000 ALTER TABLE `Gold_Score_Sections` ENABLE KEYS */;
UNLOCK TABLES;

--
-- Table structure for table `Gold_Score_Totals`
--

DROP TABLE IF EXISTS `Gold_Score_Totals`;
/*!40101 SET @saved_cs_client     = @@character_set_client */;
/*!40101 SET character_set_client = utf8 */;
CREATE TABLE `Gold_Score_Totals` (
  `Gold_Total_ID` int(11) NOT NULL AUTO_INCREMENT,
  `Participant` int(11) DEFAULT NULL,
  `Social_Emotional` varchar(45) DEFAULT NULL,
  `Physical` varchar(45) DEFAULT NULL,
  `Language` varchar(45) DEFAULT NULL,
  `Cognitive` varchar(45) DEFAULT NULL,
  `Literacy` varchar(45) DEFAULT NULL,
  `Mathematics` varchar(45) DEFAULT NULL,
  `Science_Tech` varchar(45) DEFAULT NULL,
  `Social_Studies` varchar(45) DEFAULT NULL,
  `Creative_Arts` varchar(45) DEFAULT NULL,
  `English` varchar(45) DEFAULT NULL,
  `Year` int(11) DEFAULT NULL,
  `Survey_Date` date DEFAULT NULL,
  `Date_Logged` timestamp NULL DEFAULT CURRENT_TIMESTAMP,
  `Test_Time` int(11) DEFAULT NULL,
  PRIMARY KEY (`Gold_Total_ID`),
  KEY `FK_Gold_Score_Totals__Participants__Participant_ID_idx` (`Participant`),
  CONSTRAINT `FK_Gold_Score_Totals__Participants__Participant_ID` FOREIGN KEY (`Participant`) REFERENCES `Participants` (`Participant_ID`) ON DELETE NO ACTION ON UPDATE NO ACTION
) ENGINE=InnoDB AUTO_INCREMENT=28 DEFAULT CHARSET=latin1;
/*!40101 SET character_set_client = @saved_cs_client */;

--
-- Dumping data for table `Gold_Score_Totals`
--

LOCK TABLES `Gold_Score_Totals` WRITE;
/*!40000 ALTER TABLE `Gold_Score_Totals` DISABLE KEYS */;
INSERT INTO `Gold_Score_Totals` VALUES (1,39,'1','4','7','2','5','8','1','2','1','3',1,'0000-00-00','2014-04-08 19:43:31',1),(2,39,'2','5','8','3','6','91','1','2','1','3',1,'0000-00-00','2014-04-08 19:43:31',2),(3,39,'3','6','9','44','7','','2','3','1','3',1,'0000-00-00','2014-04-08 19:43:31',3),(4,39,'','','','','','','','','','2',2,'0000-00-00','2014-04-08 19:43:31',1),(5,39,'','','','','','','','','','2',2,'0000-00-00','2014-04-08 19:43:31',2),(6,39,'','','','','','','','','','2',2,'0000-00-00','2014-04-08 19:43:31',3),(7,39,'','','','','','','1','','','',3,'0000-00-00','2014-04-08 19:43:31',1),(8,39,'','','','','','','1','','','',3,'0000-00-00','2014-04-08 19:43:31',2),(9,39,'','','','','','','3','','','',3,'0000-00-00','2014-04-08 19:43:31',3),(10,14,'45','45','45','45','45','45','2','1','1','',1,'0000-00-00','2014-04-16 19:56:06',1),(11,14,'','','','','','','2','2','','',1,'0000-00-00','2014-04-16 19:56:06',2),(12,14,'','','','','','','2','3','','',1,'0000-00-00','2014-04-16 19:56:06',3),(13,14,'','','','','','','','','','',2,'0000-00-00','2014-04-16 19:56:06',1),(14,14,'','','','','','','','','','',2,'0000-00-00','2014-04-16 19:56:06',2),(15,14,'','','','','','','','','','',2,'0000-00-00','2014-04-16 19:56:06',3),(16,14,'','','','','','','','','','',3,'0000-00-00','2014-04-16 19:56:06',1),(17,14,'','','','','','','','','','',3,'0000-00-00','2014-04-16 19:56:06',2),(18,14,'','','','','','','','','','',3,'0000-00-00','2014-04-16 19:56:06',3),(19,15,'3','4','','','','','','','','',1,'2014-05-01','2014-05-14 19:39:46',1),(20,15,'','','','','','','','','','',1,'0000-00-00','2014-05-14 19:39:46',2),(21,15,'','','','','','','','','','',1,'0000-00-00','2014-05-14 19:39:46',3),(22,15,'','','','','','','2','','','',2,'0000-00-00','2014-05-14 19:39:46',1),(23,15,'','','','','','','','','','',2,'2014-05-08','2014-05-14 19:39:46',2),(24,15,'','','','','','','','','','',2,'0000-00-00','2014-05-14 19:39:46',3),(25,15,'','','','','','','','','','',3,'0000-00-00','2014-05-14 19:39:46',1),(26,15,'','','','','','','','','','',3,'0000-00-00','2014-05-14 19:39:46',2),(27,15,'','','','','','','','','','3',3,'2014-05-29','2014-05-14 19:39:46',3);
/*!40000 ALTER TABLE `Gold_Score_Totals` ENABLE KEYS */;
UNLOCK TABLES;

--
-- Table structure for table `LC_Basics`
--

DROP TABLE IF EXISTS `La_Casa_Basics`; -- old name, ensure that it doesn\'t exist
DROP TABLE IF EXISTS `LC_Basics`;

CREATE TABLE `LC_Basics`
(
`Student_ID` int(11) NOT NULL AUTO_INCREMENT,
PRIMARY KEY (`Student_ID`),
`Participant_ID` int(11),
FOREIGN KEY (`Participant_ID`) REFERENCES `Participants`
    (`Participant_ID`)
    ON DELETE CASCADE
    ON UPDATE CASCADE,
`Cohort` varchar(100),
`Status` varchar(3),
`Handbook` tinyint(1),
`Floor` int(1),
`Pod` int(5),
`Room_Number` varchar(5),
`Key_Card_Number` varchar(10),
`Transcript_Submitted` tinyint(1),
`Service_Hours_Submitted` tinyint(1),
`LCRC_Username` varchar(100),
`LCRC_Password` varchar(100), 
`LCRC_Print_Code` int(10),
`Roommate` int(11),
FOREIGN KEY (`Roommate`) REFERENCES `Participants`
        (`Participant_ID`)
        ON DELETE CASCADE
        ON UPDATE CASCADE,
`Application_Received` date,
`Application_Completed` date,
`Household_Size` int(3),
`Parent1_AGI` int(11),
`Parent2_AGI` int(11),
`Student_AGI` int(11),
`ACT_Score` int(5),
`High_School_GPA` varchar(5),
`Dependency_Status` varchar(10),
`HS_GPA_Weighted` varchar(5),
`Expected_Graduation_Year` int(4),
`College_Grade_Level` varchar(100),
`Reason_Leave` varchar(250),
`Reason_Stay` varchar(250),
`Father_Highest_Level_Education` int(11),
`Mother_Highest_Level_Education` int(11),
`Student_Aspiration` int(11),
`First_Generation_College_Student` varchar(30),
`Persistence_Graduation` varchar(30),
`Student_High_School` varchar(100),
`Pell_Grant` int(11),
`MAP_Grant` int(11),
`University_Scholarship` int(11),
`AMI` int(11),
`Move_In_Date` date,
`Move_Out_Date` date,
`Mid_Twenties` int(11),
`Masters_Degree` int(11),
`Married` int(11),
`Military` int(11),
`Has_Children` int(11),
`Homeless` int(11),
`Self_Sustaining` int(11),
`Tax_Exemptions` int(3),
`Household_Size_TRP` int(2),
`Tuition` int(10),
`Mandatory_Fees` int(10),
`College_Cost` int(10),
`Savings` int(10),
`Family_Help` int(10),
`LC_Scholarship` int(10),
`Application_Source` varchar(250),
`Notes` varchar(1000),
`Email_Pack` date,
`Email_Orientation` date,
`Email_Roommate` date,
`Move_In_Time` varchar(10),
`Move_In_Registration` tinyint(1),
`Move_In_Address` varchar(10),
`Move_In_Note` varchar(1000),
`Orientation_Date` date,
`Orientation_Time` varchar(10)

) ENGINE=InnoDB;

--
-- Dumping data for table `LC_Basics`
--

LOCK TABLES `LC_Basics` WRITE;
/*!40000 ALTER TABLE `LC_Basics` DISABLE KEYS */;
INSERT INTO `LC_Basics` VALUES (1, 5, 'Cohort', 'S', 1, 2, 201, '5A', '234-23131', 0, 0, 'Username', 'GenPass', '11236', NULL, '0000-00-00', '0000-00-00', 0, 0, 0, 0, 0,'','Dependent','',0,'','','',0,0,0,NULL,NULL,NULL,0,0,0,0,'0000-00-00',NULL,0,0,0,0,0,0,0,0,0,0,0,0,0,0,'1000',NULL,NULL,0, 0, 0,NULL,0,NULL,NULL,'0000-00-00',NULL);
/*!40000 ALTER TABLE `LC_Basics` ENABLE KEYS */;
UNLOCK TABLES;

--
-- Table structure for table `LC_Terms`
--
DROP TABLE IF EXISTS `LC_Terms`;

CREATE TABLE LC_Terms
(
`Term_ID` int(11) NOT NULL AUTO_INCREMENT,
PRIMARY KEY (`Term_ID`),
`Participant_ID` int(11),
INDEX `student_by_term` (`Participant_ID`),
FOREIGN KEY (`Participant_ID`) REFERENCES `Participants`
    (`Participant_ID`)
    ON DELETE CASCADE
    ON UPDATE CASCADE,
`College_ID` int(11), 
`Term_Type` varchar(45),
`Term` varchar(45),
`School_Year` int(4),
`Credits` varchar(45),
`Subsidized_Loan` int(11),
`Unsubsidized_Loan` int(11),
`Major` varchar(100),
`Minor` varchar(100),
`Expected_Match` varchar(30),
`Actual_Match` varchar(30),
`College_GPA` varchar(30),
`Internship_Status` int(11),
`Intern_Hours` int(11),
`Dropped_Classes` tinyint(1),
`Dropped_Credits` int(11)
) ENGINE=InnoDB;


--
-- Dumping data for table `LC_Terms`
--

LOCK TABLES `LC_Terms` WRITE;
/*!40000 ALTER TABLE `LC_Terms` DISABLE KEYS */;
INSERT INTO `LC_Terms` VALUES (1,5,NULL,NULL,'Spring','2013',NULL,'3500',0,'','','','','',NULL,NULL,NULL,NULL);  
/*!40000 ALTER TABLE `LC_Terms` ENABLE KEYS */;
UNLOCK TABLES;

--
-- Table structure for table `MS_to_HS_Over_Time`
--

DROP TABLE IF EXISTS `MS_to_HS_Over_Time`;
/*!40101 SET @saved_cs_client     = @@character_set_client */;
/*!40101 SET character_set_client = utf8 */;
CREATE TABLE `MS_to_HS_Over_Time` (
  `MS_to_HS_Over_Time_ID` int(11) NOT NULL AUTO_INCREMENT,
  `Participant_ID` int(11) DEFAULT NULL,
  `School_Tardies` int(11) DEFAULT NULL,
  `School_Absences_Excused` int(11) DEFAULT NULL,
  `School_Absences_Unexcused` int(11) DEFAULT NULL,
  `In_School_Suspensions` int(11) DEFAULT NULL,
  `Out_School_Suspensions` int(11) DEFAULT NULL,
  `Discipline_Referrals` int(11) DEFAULT NULL,
  `Quarter` varchar(45) DEFAULT NULL,
  `Grade` int(11) DEFAULT NULL,
  `School_Year` varchar(45) DEFAULT NULL,
  `Program_ID` int(11) DEFAULT NULL,
  `School_ID` int(11) DEFAULT '6',
  PRIMARY KEY (`MS_to_HS_Over_Time_ID`),
  KEY `FK_MS_to_HS_Over_Time__Participants__Participant_ID_idx` (`Participant_ID`),
  KEY `FK_MS_to_HS_Over_Time__Programs__Program_ID_idx` (`Program_ID`),
  KEY `FK_MS_to_HS_Over_Time__Schools__School_ID` (`School_ID`),
  CONSTRAINT `FK_MS_to_HS_Over_Time__Schools__School_ID` FOREIGN KEY (`School_ID`) REFERENCES `Schools` (`School_ID`) ON DELETE SET NULL ON UPDATE CASCADE,
  CONSTRAINT `FK_MS_to_HS_Over_Time__Participants__Participant_ID` FOREIGN KEY (`Participant_ID`) REFERENCES `Participants` (`Participant_ID`) ON DELETE NO ACTION ON UPDATE NO ACTION,
  CONSTRAINT `FK_MS_to_HS_Over_Time__Programs__Program_ID` FOREIGN KEY (`Program_ID`) REFERENCES `Programs` (`Program_ID`) ON DELETE NO ACTION ON UPDATE NO ACTION
) ENGINE=InnoDB AUTO_INCREMENT=26 DEFAULT CHARSET=latin1;
/*!40101 SET character_set_client = @saved_cs_client */;

--
-- Dumping data for table `MS_to_HS_Over_Time`
--

LOCK TABLES `MS_to_HS_Over_Time` WRITE;
/*!40000 ALTER TABLE `MS_to_HS_Over_Time` DISABLE KEYS */;
INSERT INTO `MS_to_HS_Over_Time` VALUES (1,1,3,2,0,NULL,NULL,NULL,'1',NULL,NULL,NULL,6),(2,1,1,0,1,NULL,NULL,NULL,'2',NULL,NULL,NULL,6),(3,1,0,2,1,NULL,NULL,NULL,'3',NULL,NULL,NULL,6),(4,1,2,1,0,NULL,NULL,NULL,'4',NULL,NULL,NULL,6),(5,10,0,0,0,NULL,NULL,NULL,'1',NULL,NULL,NULL,6),(6,8,3,2,0,NULL,NULL,NULL,'1',NULL,NULL,NULL,6),(7,8,1,0,1,NULL,NULL,NULL,'2',NULL,NULL,NULL,6),(8,8,0,2,1,NULL,NULL,NULL,'3',NULL,NULL,NULL,6),(9,8,2,1,0,NULL,NULL,NULL,'4',NULL,NULL,NULL,6),(10,6,3,0,1,0,2,6,'1',7,'',2,6),(11,6,1,4,2,1,0,4,'2',7,'2012-13',2,6),(12,1,0,0,0,0,0,3,'1',0,'2013-14',2,3),(13,46,5,NULL,4,0,7,NULL,NULL,NULL,NULL,NULL,6),(14,46,5,NULL,4,0,7,NULL,NULL,NULL,NULL,NULL,6),(15,8,0,NULL,0,0,0,NULL,NULL,NULL,NULL,NULL,6),(16,46,5,NULL,4,0,7,NULL,NULL,NULL,NULL,NULL,6),(17,8,0,NULL,0,0,0,NULL,NULL,NULL,NULL,NULL,6),(18,46,5,NULL,4,0,7,NULL,NULL,NULL,NULL,NULL,6),(19,8,0,NULL,0,0,0,NULL,NULL,NULL,NULL,NULL,6),(20,46,5,NULL,4,0,7,NULL,NULL,NULL,NULL,NULL,6),(21,8,0,NULL,0,0,0,NULL,NULL,NULL,NULL,NULL,6),(22,46,5,NULL,4,0,7,NULL,NULL,NULL,NULL,NULL,6),(23,7,2,0,0,0,0,0,'1',0,'2012-13',2,4),(24,7,1,1,0,0,0,0,'2',0,'2012-13',4,4),(25,7,0,0,0,0,0,0,'',0,'',4,4);
/*!40000 ALTER TABLE `MS_to_HS_Over_Time` ENABLE KEYS */;
UNLOCK TABLES;

--
-- Table structure for table `NMMA_Identity_Survey`
--

DROP TABLE IF EXISTS `NMMA_Identity_Survey`;
/*!40101 SET @saved_cs_client     = @@character_set_client */;
/*!40101 SET character_set_client = utf8 */;
CREATE TABLE `NMMA_Identity_Survey` (
  `NMMA_Identity_Survey_ID` int(11) NOT NULL AUTO_INCREMENT,
  `Participant_ID` int(11) DEFAULT NULL,
  `Q1` int(11) DEFAULT NULL,
  `Q2` int(11) DEFAULT NULL,
  `Q3` int(11) DEFAULT NULL,
  `Q4` int(11) DEFAULT NULL,
  `Q5` int(11) DEFAULT NULL,
  `Q6` int(11) DEFAULT NULL,
  `Q7` int(11) DEFAULT NULL,
  `Q8` int(11) DEFAULT NULL,
  `Q9` int(11) DEFAULT NULL,
  `Q10` int(11) DEFAULT NULL,
  `Q11` int(11) DEFAULT NULL,
  `Pre_Post` varchar(4) DEFAULT NULL,
  `Date` date DEFAULT NULL,
  PRIMARY KEY (`NMMA_Identity_Survey_ID`),
  KEY `FK_NMMA_Identity_Survey__Participants__Participant_ID_idx` (`Participant_ID`),
  CONSTRAINT `FK_NMMA_Identity_Survey__Participants__Participant_ID` FOREIGN KEY (`Participant_ID`) REFERENCES `Participants` (`Participant_ID`) ON DELETE NO ACTION ON UPDATE NO ACTION
) ENGINE=InnoDB AUTO_INCREMENT=12 DEFAULT CHARSET=latin1;
/*!40101 SET character_set_client = @saved_cs_client */;

--
-- Dumping data for table `NMMA_Identity_Survey`
--

LOCK TABLES `NMMA_Identity_Survey` WRITE;
/*!40000 ALTER TABLE `NMMA_Identity_Survey` DISABLE KEYS */;
INSERT INTO `NMMA_Identity_Survey` VALUES (1,10,1,2,3,4,5,6,5,2,3,4,2,'pre',NULL),(2,2,4,6,4,3,5,6,4,3,4,2,1,'post',NULL),(3,8,5,5,4,4,4,3,2,3,4,4,4,'pre','2013-07-01'),(4,14,4,5,4,5,4,2,3,4,1,4,5,'pre','0000-00-00'),(5,7,3,0,4,0,0,0,0,0,0,0,0,'pre','0000-00-00'),(6,7,3,0,0,0,3,0,0,0,0,0,0,'pre','2013-01-08'),(7,45,5,5,5,3,2,4,4,3,6,4,5,'pre','2013-08-26'),(8,48,3,4,0,0,0,0,0,5,0,0,0,'pre','2013-08-27'),(9,7,4,0,4,0,0,3,0,5,0,4,4,'post','2013-08-01'),(10,15,0,0,0,0,0,0,0,0,0,0,0,'','0000-00-00'),(11,7,1,1,1,1,1,1,1,1,1,1,1,'pre','2014-01-02');
/*!40000 ALTER TABLE `NMMA_Identity_Survey` ENABLE KEYS */;
UNLOCK TABLES;

--
-- Table structure for table `NMMA_Participants`
--

DROP TABLE IF EXISTS `NMMA_Participants`;
/*!40101 SET @saved_cs_client     = @@character_set_client */;
/*!40101 SET character_set_client = utf8 */;
CREATE TABLE `NMMA_Participants` (
  `NMMA_Participant_ID` int(11) NOT NULL AUTO_INCREMENT,
  `Participant_ID` int(11) DEFAULT NULL,
  `GPA` varchar(45) DEFAULT NULL,
  `ISAT_Scores` varchar(45) DEFAULT NULL,
  `Identity_Survey_ID` int(11) DEFAULT NULL,
  `Traditions_Survey_ID` int(11) DEFAULT NULL,
  PRIMARY KEY (`NMMA_Participant_ID`),
  KEY `FK_NMMA_Participants__Participants__Participant_ID_idx` (`Participant_ID`),
  KEY `FK_NMMA_Participants__NMMA_Identity_Survey__Identity_Survey_idx` (`Identity_Survey_ID`),
  KEY `FK_NMMA_Participants__NMMA_Traditions_Survey__Traditions_Su_idx` (`Traditions_Survey_ID`),
  CONSTRAINT `FK_NMMA_Participants__NMMA_Traditions_Survey__Trad_Survey_ID` FOREIGN KEY (`Traditions_Survey_ID`) REFERENCES `NMMA_Traditions_Survey` (`NMMA_Traditions_Survey_ID`) ON DELETE NO ACTION ON UPDATE NO ACTION,
  CONSTRAINT `FK_NMMA_Participants__NMMA_Identity_Survey__Identity_Survey_ID` FOREIGN KEY (`Identity_Survey_ID`) REFERENCES `NMMA_Identity_Survey` (`NMMA_Identity_Survey_ID`) ON DELETE NO ACTION ON UPDATE NO ACTION,
  CONSTRAINT `FK_NMMA_Participants__Participants__Participant_ID` FOREIGN KEY (`Participant_ID`) REFERENCES `Participants` (`Participant_ID`) ON DELETE NO ACTION ON UPDATE NO ACTION
) ENGINE=InnoDB DEFAULT CHARSET=latin1;
/*!40101 SET character_set_client = @saved_cs_client */;

--
-- Dumping data for table `NMMA_Participants`
--

LOCK TABLES `NMMA_Participants` WRITE;
/*!40000 ALTER TABLE `NMMA_Participants` DISABLE KEYS */;
/*!40000 ALTER TABLE `NMMA_Participants` ENABLE KEYS */;
UNLOCK TABLES;

--
-- Table structure for table `NMMA_Traditions_Survey`
--

DROP TABLE IF EXISTS `NMMA_Traditions_Survey`;
/*!40101 SET @saved_cs_client     = @@character_set_client */;
/*!40101 SET character_set_client = utf8 */;
CREATE TABLE `NMMA_Traditions_Survey` (
  `NMMA_Traditions_Survey_ID` int(11) NOT NULL AUTO_INCREMENT,
  `Participant_ID` int(11) DEFAULT NULL,
  `Q1` varchar(1000) DEFAULT NULL,
  `Q2` varchar(1000) DEFAULT NULL,
  `Q3` varchar(1000) DEFAULT NULL,
  `Q4` varchar(1000) DEFAULT NULL,
  `Q5` varchar(1000) DEFAULT NULL,
  `Q6` varchar(1000) DEFAULT NULL,
  `Q7` varchar(1000) DEFAULT NULL,
  `Q8` varchar(1000) DEFAULT NULL,
  `Pre_Post` varchar(11) DEFAULT NULL,
  `Date` date DEFAULT NULL,
  PRIMARY KEY (`NMMA_Traditions_Survey_ID`),
  KEY `FK_NMMA_Traditions_Survey__Participants__Participant_ID_idx` (`Participant_ID`),
  CONSTRAINT `FK_NMMA_Traditions_Survey__Participants__Participant_ID` FOREIGN KEY (`Participant_ID`) REFERENCES `Participants` (`Participant_ID`) ON DELETE NO ACTION ON UPDATE NO ACTION
) ENGINE=InnoDB AUTO_INCREMENT=10 DEFAULT CHARSET=latin1;
/*!40101 SET character_set_client = @saved_cs_client */;

--
-- Dumping data for table `NMMA_Traditions_Survey`
--

LOCK TABLES `NMMA_Traditions_Survey` WRITE;
/*!40000 ALTER TABLE `NMMA_Traditions_Survey` DISABLE KEYS */;
INSERT INTO `NMMA_Traditions_Survey` VALUES (1,8,'a','b','c','','e','f','g','h','pre','2013-07-01'),(2,14,'x','y','z','k','l','m','n','o','pre','0000-00-00'),(3,7,'','','','','','','','','pre','0000-00-00'),(4,7,'','','','','','','','','pre','2013-01-08'),(5,45,'1','2','3','x','y','z','3','3','pre','2013-08-26'),(6,48,'','','','','','','','','pre','2013-08-27'),(7,7,'','','','','','','','','post','2013-08-01'),(8,15,'','','','','','','','','','0000-00-00'),(9,7,'','','','','','','','','pre','2014-01-02');
/*!40000 ALTER TABLE `NMMA_Traditions_Survey` ENABLE KEYS */;
UNLOCK TABLES;

--
-- Table structure for table `New_Horizons_Participants`
--

DROP TABLE IF EXISTS `New_Horizons_Participants`;
/*!40101 SET @saved_cs_client     = @@character_set_client */;
/*!40101 SET character_set_client = utf8 */;
CREATE TABLE `New_Horizons_Participants` (
  `New_Horizons_Participant_ID` int(11) NOT NULL AUTO_INCREMENT,
  `Participant_ID` int(11) DEFAULT NULL,
  `Race` varchar(45) DEFAULT NULL,
  `Gender` varchar(45) DEFAULT NULL,
  `School_Grade` int(11) DEFAULT NULL,
  `School_Tardies` int(11) DEFAULT NULL,
  `School_Absences_Excused` int(11) DEFAULT NULL,
  `School_Absences_Unexcused` int(11) DEFAULT NULL,
  `School_GPA` int(11) DEFAULT NULL,
  `School_ISAT_Scores` varchar(45) DEFAULT NULL,
  `Quarter` varchar(45) DEFAULT NULL,
  `Parent_Survey_ID` varchar(45) DEFAULT NULL,
  PRIMARY KEY (`New_Horizons_Participant_ID`),
  KEY `FK_New_Horizons_Participants__Participants__Participant_ID_idx` (`Participant_ID`),
  CONSTRAINT `FK_New_Horizons_Participants__Participants__Participant_ID` FOREIGN KEY (`Participant_ID`) REFERENCES `Participants` (`Participant_ID`) ON DELETE NO ACTION ON UPDATE NO ACTION
) ENGINE=InnoDB DEFAULT CHARSET=latin1;
/*!40101 SET character_set_client = @saved_cs_client */;

--
-- Dumping data for table `New_Horizons_Participants`
--

LOCK TABLES `New_Horizons_Participants` WRITE;
/*!40000 ALTER TABLE `New_Horizons_Participants` DISABLE KEYS */;
/*!40000 ALTER TABLE `New_Horizons_Participants` ENABLE KEYS */;
UNLOCK TABLES;

--
-- Table structure for table `Outcomes`
--

DROP TABLE IF EXISTS `Outcomes`;
/*!40101 SET @saved_cs_client     = @@character_set_client */;
/*!40101 SET character_set_client = utf8 */;
CREATE TABLE `Outcomes` (
  `Outcome_ID` int(11) NOT NULL AUTO_INCREMENT,
  `Outcome_Name` varchar(100) DEFAULT NULL,
  PRIMARY KEY (`Outcome_ID`)
) ENGINE=InnoDB AUTO_INCREMENT=7 DEFAULT CHARSET=latin1;
/*!40101 SET character_set_client = @saved_cs_client */;

--
-- Dumping data for table `Outcomes`
--

LOCK TABLES `Outcomes` WRITE;
/*!40000 ALTER TABLE `Outcomes` DISABLE KEYS */;
INSERT INTO `Outcomes` VALUES (1,'Total number of youth served'),(2,'Digital Inclusion Graduates'),(3,'Leadership Formation Graduates'),(4,'GPEDA Members'),(5,'Total Portal Visits'),(6,'Unique Portal Visits');
/*!40000 ALTER TABLE `Outcomes` ENABLE KEYS */;
UNLOCK TABLES;

--
-- Table structure for table `Outcomes_Months`
--

DROP TABLE IF EXISTS `Outcomes_Months`;
/*!40101 SET @saved_cs_client     = @@character_set_client */;
/*!40101 SET character_set_client = utf8 */;
CREATE TABLE `Outcomes_Months` (
  `Outcomes_Months_ID` int(11) NOT NULL AUTO_INCREMENT,
  `Outcome_ID` int(11) DEFAULT NULL,
  `Month` varchar(45) DEFAULT NULL,
  `Goal_Outcome` varchar(45) DEFAULT NULL,
  `Actual_Outcome` varchar(45) DEFAULT NULL,
  `Year` int(4) DEFAULT NULL,
  PRIMARY KEY (`Outcomes_Months_ID`),
  KEY `FK_Outcomes_Months__Outcomes__Outcome_ID_idx` (`Outcome_ID`),
  CONSTRAINT `FK_Outcomes_Months__Outcomes__Outcome_ID` FOREIGN KEY (`Outcome_ID`) REFERENCES `Outcomes` (`Outcome_ID`) ON DELETE NO ACTION ON UPDATE NO ACTION
) ENGINE=InnoDB AUTO_INCREMENT=12 DEFAULT CHARSET=latin1;
/*!40101 SET character_set_client = @saved_cs_client */;

--
-- Dumping data for table `Outcomes_Months`
--

LOCK TABLES `Outcomes_Months` WRITE;
/*!40000 ALTER TABLE `Outcomes_Months` DISABLE KEYS */;
INSERT INTO `Outcomes_Months` VALUES (1,1,'3','350','278',2013),(2,1,'4','350','265',2013),(3,2,'3','25','23',2013),(4,3,'5','150','',2013),(5,3,'5','150','',2013),(6,1,'5','350','270',2013),(7,5,'1','300','17',2013),(8,1,'6','350','201',2013),(9,4,'8','24','28',2013),(10,6,'9','50','',2013),(11,5,'8','400','',2013);
/*!40000 ALTER TABLE `Outcomes_Months` ENABLE KEYS */;
UNLOCK TABLES;

--
-- Table structure for table `Outcomes_Participants`
--

DROP TABLE IF EXISTS `Outcomes_Participants`;
/*!40101 SET @saved_cs_client     = @@character_set_client */;
/*!40101 SET character_set_client = utf8 */;
CREATE TABLE `Outcomes_Participants` (
  `Outcomes_Participants_ID` int(11) NOT NULL AUTO_INCREMENT,
  `Outcome_ID` int(11) DEFAULT NULL,
  `Participant_ID` int(11) DEFAULT NULL,
  PRIMARY KEY (`Outcomes_Participants_ID`),
  KEY `outcome_participated_in` (`Outcome_ID`),
  KEY `participant_in_outcome` (`Participant_ID`),
  CONSTRAINT `outcome_participated_in` FOREIGN KEY (`Outcome_ID`) REFERENCES `Outcomes` (`Outcome_ID`) ON UPDATE CASCADE,
  CONSTRAINT `participant_in_outcome` FOREIGN KEY (`Participant_ID`) REFERENCES `Participants` (`Participant_ID`) ON UPDATE CASCADE
) ENGINE=InnoDB DEFAULT CHARSET=latin1;
/*!40101 SET character_set_client = @saved_cs_client */;

--
-- Dumping data for table `Outcomes_Participants`
--

LOCK TABLES `Outcomes_Participants` WRITE;
/*!40000 ALTER TABLE `Outcomes_Participants` DISABLE KEYS */;
/*!40000 ALTER TABLE `Outcomes_Participants` ENABLE KEYS */;
UNLOCK TABLES;

--
-- Table structure for table `Parents_Children`
--

DROP TABLE IF EXISTS `Parents_Children`;
/*!40101 SET @saved_cs_client     = @@character_set_client */;
/*!40101 SET character_set_client = utf8 */;
CREATE TABLE `Parents_Children` (
  `Parent_ChildID` int(11) NOT NULL AUTO_INCREMENT,
  `Parent_ID` int(11) DEFAULT NULL,
  `Child_ID` int(11) DEFAULT NULL,
  PRIMARY KEY (`Parent_ChildID`),
  KEY `FK_Parents_Children(Parents)__Participants__Participant_ID_idx` (`Parent_ID`),
  KEY `FK_Parents_Children(Children)__Participants__Participant_ID_idx` (`Child_ID`),
  CONSTRAINT `FK_Parents_Children(Children)__Participants__Participant_ID` FOREIGN KEY (`Child_ID`) REFERENCES `Participants` (`Participant_ID`) ON DELETE NO ACTION ON UPDATE NO ACTION,
  CONSTRAINT `FK_Parents_Children(Parents)__Participants__Participant_ID` FOREIGN KEY (`Parent_ID`) REFERENCES `Participants` (`Participant_ID`) ON DELETE NO ACTION ON UPDATE NO ACTION
) ENGINE=InnoDB AUTO_INCREMENT=18 DEFAULT CHARSET=latin1;
/*!40101 SET character_set_client = @saved_cs_client */;

--
-- Dumping data for table `Parents_Children`
--

LOCK TABLES `Parents_Children` WRITE;
/*!40000 ALTER TABLE `Parents_Children` DISABLE KEYS */;
INSERT INTO `Parents_Children` VALUES (1,4,5),(2,4,6),(4,7,6),(5,1,43),(6,42,10),(7,41,14),(9,50,47),(10,50,51),(11,51,50),(12,52,47),(13,44,43),(14,39,7),(15,45,53),(17,42,54);
/*!40000 ALTER TABLE `Parents_Children` ENABLE KEYS */;
UNLOCK TABLES;

--
-- Table structure for table `Participants`
--

DROP TABLE IF EXISTS `Participants`;
/*!40101 SET @saved_cs_client     = @@character_set_client */;
/*!40101 SET character_set_client = utf8 */;
CREATE TABLE `Participants` (
  `Participant_ID` int(11) NOT NULL AUTO_INCREMENT,
  `First_Name` varchar(45) DEFAULT NULL,
  `Last_Name` varchar(45) DEFAULT NULL,
  `Address_Street_Name` varchar(45) DEFAULT NULL,
  `Address_Street_Num` int(11) DEFAULT NULL,
  `Address_Street_Direction` varchar(45) DEFAULT NULL,
  `Address_Street_Type` varchar(45) DEFAULT NULL,
  `Address_State` varchar(45) DEFAULT NULL,
  `Address_City` varchar(45) DEFAULT NULL,
  `Address_Zipcode` int(11) DEFAULT NULL,
  `Block_Group` varchar(45) DEFAULT NULL,
  `Phone` varchar(45) DEFAULT NULL,
  `Email` varchar(100) DEFAULT NULL,
  `Gender` varchar(45) DEFAULT NULL,
  `DOB` date DEFAULT NULL,
  `Race` int(11) DEFAULT NULL,
  `Grade_Level` int(11) DEFAULT NULL,
  `Classroom` varchar(10) DEFAULT NULL,
  `Lunch_Price` int(11) DEFAULT NULL,
  `Neighborhood` varchar(100) DEFAULT NULL,
  `Eval_ID` int(11) DEFAULT NULL,
  `CPS_ID` varchar(45) DEFAULT NULL,
  `Email_2` varchar(60),      
  `Mobile_Phone` varchar(45),
  PRIMARY KEY (`Participant_ID`)
) ENGINE=InnoDB AUTO_INCREMENT=69 DEFAULT CHARSET=latin1;
/*!40101 SET character_set_client = @saved_cs_client */;

--
-- Dumping data for table `Participants`
--

LOCK TABLES `Participants` WRITE;
/*!40000 ALTER TABLE `Participants` DISABLE KEYS */;
INSERT INTO `Participants` VALUES (1,'Bryce','Dessner','Bainbridge',2501,'N','Ave','IL','Chicago',60651,NULL,'888-915-2379','dessner.b@sbcglobal.net','m','1979-08-14',NULL,NULL,NULL,NULL,NULL,NULL,'123456',NULL,NULL),(2,'Nina','Simone','Dr Martin Luther King',3500,'S','Drive','IL','Chicago',60648,NULL,NULL,NULL,'f','1938-11-09',NULL,NULL,NULL,NULL,NULL,NULL,'001122',NULL,NULL),(3,'Alanis','Morissette','79th',1234,'E','St','IL','Chicago',60651,NULL,'','','f','1974-06-01',NULL,NULL,NULL,NULL,NULL,NULL,NULL,NULL,NULL),(4,'George','Clinton','Westchester',1,'W','Lane','','',0,NULL,'','','m','1941-07-22',NULL,NULL,NULL,NULL,NULL,NULL,NULL,NULL,NULL),(5,'Alexis','Clinton','Westchester',1,'W','Lane','IL','Chicago',0,NULL,'','','f','2009-09-15',NULL,NULL,NULL,NULL,NULL,NULL,NULL,NULL,NULL),(6,'James','Clinton','',0,'','','','',0,NULL,'','','m','1999-03-04',NULL,NULL,NULL,NULL,NULL,NULL,NULL,NULL,NULL),(7,'Stephanie','Clinton','75th',120,'W','St','IL','Chicago',60637,NULL,'555-404-1234','steph@clintons.gov','f','1965-08-08',NULL,NULL,NULL,NULL,NULL,NULL,'123456',NULL,NULL),(8,'Lauren','Bush','',0,'','','','',0,NULL,'888-925-2351','lauren.bush@texas.gov','f','1999-02-16',NULL,NULL,NULL,NULL,NULL,NULL,NULL,NULL,NULL),(10,'Nancy','Blackmore','Blackmore',1902,'E','Ct','IL','Chicago',65432,NULL,'999-999-9999','nancy.blackmore1@gmail.com','f','1999-05-05',NULL,NULL,NULL,NULL,NULL,NULL,NULL,NULL,NULL),(11,'Sylvie','NMMA','',0,'','','','',0,NULL,'','','f','0000-00-00',4,11,'342',2,NULL,NULL,NULL,NULL,NULL),(13,'Tiffany','Rogers','',0,'','','','',0,NULL,'','','','0000-00-00',NULL,NULL,NULL,NULL,NULL,NULL,NULL,NULL,NULL),(14,'Mary Tyler','','',2815,'','','','',0,'','','','f','2001-12-12',0,NULL,NULL,NULL,'',0,'',NULL,NULL),(15,' Drew','Bledsoe','',0,'','','','',60637,NULL,'','','','0000-00-00',0,NULL,NULL,NULL,'',0,NULL,NULL,NULL),(39,'Flannery','O\'Connor','23rd',1234,'W','St','IL','Chicago',60608,NULL,'999-999-9999','flannery@home.net','f','1999-09-09',NULL,NULL,NULL,NULL,NULL,NULL,'123456789',NULL,NULL),(41,'Guy','Noir','',0,'','','','',0,NULL,'','','','0000-00-00',0,0,'',0,NULL,NULL,NULL,NULL,NULL),(42,'Carl','Icahn','',0,'','','','',0,NULL,'','','m','1995-05-05',0,0,'',0,NULL,NULL,'',NULL,NULL),(43,'Teresa','DeLeon','20th',1234,'W','St','IL','Chicago',60123,NULL,'555-555-5555','teresa@dlfamily.net','f','1998-04-04',3,9,'219',2,NULL,NULL,NULL,NULL,NULL),(44,'Ulises','Zatarain','Ashland',1801,'s','st','il','chicago',60608,NULL,'312-876-9833','zatarain@yahoo.com','m','1965-10-19',0,0,'',0,NULL,NULL,'',NULL,NULL),(45,'Carrie','Nation','Paulina',1818,'S','St','IL','Chicago',60660,'','555-555-5555','CapitolT.total@home.net','f','1994-10-10',4,0,'',0,NULL,NULL,'1111115',NULL,NULL),(46,NULL,NULL,NULL,NULL,NULL,NULL,NULL,NULL,NULL,NULL,NULL,NULL,NULL,NULL,NULL,NULL,NULL,NULL,NULL,NULL,'42249688',NULL,NULL),(47,'Helene','Achanzar','Ashland',1801,'s','st','il','Chicago',60608,'','773-876-3789','helene@yahoo.com','f','2000-07-04',3,7,'211',1,NULL,NULL,'',NULL,NULL),(48,'George','Windsor','Cambridge',1234,'W','Ave','IL','Chicago',60802,NULL,'','george@royalfamily.co.uk','m','2013-08-01',4,2,'201',3,NULL,NULL,NULL,NULL,NULL),(50,'Quinti','Rios','Avers',2821,'s','St','il','Chicago',60632,NULL,'773-762-6758','qrios@yahoo.com','m','2000-10-03',3,8,'208',2,NULL,NULL,'435234678',NULL,NULL),(51,'Jessica','Rios','AVERS',2821,'s','ST','il','Chicago',60632,NULL,'773-764-3857','jrios@yahoo.com','f','1967-09-11',3,0,'',0,NULL,NULL,'',NULL,NULL),(52,'Tom','Ford','95th',354,'W','Ave','IL','Chicago',60611,NULL,'312-987-4731','tom@ford.com','m','0000-00-00',5,0,'',0,NULL,NULL,NULL,NULL,NULL),(53,'Garrett','Monroe','Paulina',1818,'S','St','IL','Chicago',60666,NULL,'888-888-8888','gmonroe@home.net','m','2001-04-18',4,6,'555',2,NULL,NULL,NULL,NULL,NULL),(54,'Test','This','',0,'','','','',0,NULL,'','','','2013-08-21',0,0,'',0,NULL,NULL,'',NULL,NULL),(61,'Test111','Test222','',0,'','','','',0,'170318391001104','','','','0000-00-00',0,0,'',0,NULL,NULL,'123456',NULL,NULL),(62,'Test First','Test Last','',0,'','','','',0,'170318391001104','','','m','2014-02-24',0,7,'',0,NULL,NULL,NULL,NULL,NULL),(63,'Test First','Test Last','',0,'','','','',0,'170318391001104','','','','0000-00-00',0,0,'',0,NULL,NULL,NULL,NULL,NULL),(64,'Test First111','Test Last','',0,'','','','',0,'170318391001104','','','','0000-00-00',0,0,'',0,NULL,NULL,NULL,NULL,NULL),(65,'Mary','Tyler','',0,'','','','',0,'170318391001104','','','','0000-00-00',0,0,'',0,NULL,NULL,NULL,NULL,NULL),(66,'','','',0,'','','','',0,'170318391001104','','','','0000-00-00',0,0,'',0,NULL,NULL,NULL,NULL,NULL),(67,'Mary','Taylor','',0,'','','','',0,'170318391001104','','','','0000-00-00',0,0,'',0,NULL,NULL,NULL,NULL,NULL),(68,'CD','','',0,'','','','',0,'170318391001104','','','','0000-00-00',0,0,'',0,NULL,NULL,NULL,NULL,NULL);
/*!40000 ALTER TABLE `Participants` ENABLE KEYS */;
UNLOCK TABLES;

--
-- Table structure for table `Participants_Consent`
--

DROP TABLE IF EXISTS `Participants_Consent`;
/*!40101 SET @saved_cs_client     = @@character_set_client */;
/*!40101 SET character_set_client = utf8 */;
CREATE TABLE `Participants_Consent` (
  `Consent_ID` int(11) NOT NULL AUTO_INCREMENT,
  `Participant_ID` int(11) DEFAULT NULL,
  `School_Year` int(11) DEFAULT NULL,
  `Consent_Given` int(11) DEFAULT NULL,
  PRIMARY KEY (`Consent_ID`),
  KEY `participant_consent_given` (`Participant_ID`),
  CONSTRAINT `participant_consent_given` FOREIGN KEY (`Participant_ID`) REFERENCES `Participants` (`Participant_ID`) ON DELETE SET NULL ON UPDATE CASCADE
) ENGINE=InnoDB AUTO_INCREMENT=18 DEFAULT CHARSET=latin1;
/*!40101 SET character_set_client = @saved_cs_client */;

--
-- Dumping data for table `Participants_Consent`
--

LOCK TABLES `Participants_Consent` WRITE;
/*!40000 ALTER TABLE `Participants_Consent` DISABLE KEYS */;
INSERT INTO `Participants_Consent` VALUES (5,7,1213,0),(6,6,1213,1),(7,10,1213,1),(8,10,1314,0),(9,10,1314,1),(10,47,1213,1),(11,48,1213,1),(12,50,1213,1),(13,7,1314,0),(14,7,1415,1),(15,53,1213,1),(16,54,1213,1);
/*!40000 ALTER TABLE `Participants_Consent` ENABLE KEYS */;
UNLOCK TABLES;

--
-- Table structure for table `Participants_Program_Sessions`
--

DROP TABLE IF EXISTS `Participants_Program_Sessions`;
/*!40101 SET @saved_cs_client     = @@character_set_client */;
/*!40101 SET character_set_client = utf8 */;
CREATE TABLE `Participants_Program_Sessions` (
  `Participant_Session_ID` int(11) NOT NULL AUTO_INCREMENT,
  `Participant_ID` int(11) NOT NULL,
  `Session_ID` int(11) NOT NULL,
  `Date_Created` timestamp NOT NULL DEFAULT CURRENT_TIMESTAMP,
  PRIMARY KEY (`Participant_Session_ID`),
  UNIQUE KEY `UNIQUE_COMPOSITE_KEY` (`Participant_ID`,`Session_ID`),
  KEY `FK_Participants_Sessions__Participants__Participant_ID_idx` (`Participant_ID`),
  KEY `FK_Participants_Sessions__Sessions__Session_ID_idx` (`Session_ID`),
  CONSTRAINT `FK_Participants_Sessions__Participants__Participant_ID` FOREIGN KEY (`Participant_ID`) REFERENCES `Participants` (`Participant_ID`) ON DELETE NO ACTION ON UPDATE NO ACTION,
  CONSTRAINT `FK_Participants_Sessions__Sessions__Session_ID` FOREIGN KEY (`Session_ID`) REFERENCES `Program_Sessions` (`Session_ID`) ON DELETE NO ACTION ON UPDATE NO ACTION
) ENGINE=InnoDB AUTO_INCREMENT=14 DEFAULT CHARSET=latin1;
/*!40101 SET character_set_client = @saved_cs_client */;

--
-- Dumping data for table `Participants_Program_Sessions`
--

LOCK TABLES `Participants_Program_Sessions` WRITE;
/*!40000 ALTER TABLE `Participants_Program_Sessions` DISABLE KEYS */;
INSERT INTO `Participants_Program_Sessions` VALUES (5,15,1,'2014-02-27 21:29:08'),(7,10,1,'2014-02-27 21:32:06'),(10,5,1,'2014-02-27 21:32:56'),(11,39,1,'2014-02-27 21:33:04'),(12,15,2,'2014-02-27 22:14:21');
/*!40000 ALTER TABLE `Participants_Program_Sessions` ENABLE KEYS */;
UNLOCK TABLES;

--
-- Table structure for table `Participants_Programs`
--

DROP TABLE IF EXISTS `Participants_Programs`;
/*!40101 SET @saved_cs_client     = @@character_set_client */;
/*!40101 SET character_set_client = utf8 */;
CREATE TABLE `Participants_Programs` (
  `Participant_Program_ID` int(11) NOT NULL AUTO_INCREMENT,
  `Participant_ID` int(11) DEFAULT NULL,
  `Program_ID` int(11) DEFAULT NULL,
  `Notes` varchar(500) DEFAULT NULL,
  PRIMARY KEY (`Participant_Program_ID`),
  KEY `FK_Participants_Programs__Participants__Participant_ID_idx` (`Participant_ID`),
  CONSTRAINT `FK_Participants_Programs__Participants__Participant_ID` FOREIGN KEY (`Participant_ID`) REFERENCES `Participants` (`Participant_ID`) ON DELETE NO ACTION ON UPDATE NO ACTION
) ENGINE=InnoDB AUTO_INCREMENT=51 DEFAULT CHARSET=latin1;
/*!40101 SET character_set_client = @saved_cs_client */;

--
-- Dumping data for table `Participants_Programs`
--

LOCK TABLES `Participants_Programs` WRITE;
/*!40000 ALTER TABLE `Participants_Programs` DISABLE KEYS */;
INSERT INTO `Participants_Programs` VALUES (1,6,2,NULL),(2,6,4,NULL),(4,5,1,NULL),(5,7,5,NULL),(6,4,3,NULL),(7,8,5,NULL),(8,1,2,NULL),(9,13,5,NULL),(10,39,1,NULL),(11,14,5,NULL),(12,14,1,'Test save\n'),(13,13,4,NULL),(14,41,4,NULL),(15,44,4,NULL),(16,44,2,NULL),(17,44,2,NULL),(18,10,4,NULL),(19,10,2,NULL),(20,15,5,NULL),(21,45,3,NULL),(22,45,5,NULL),(23,1,2,NULL),(24,46,2,NULL),(25,47,4,NULL),(26,43,5,NULL),(27,48,5,NULL),(28,52,5,NULL),(29,7,2,NULL),(30,7,1,'test'),(31,7,3,NULL),(32,7,4,NULL),(33,39,5,NULL),(34,15,1,'so many notes!'),(37,53,3,NULL),(38,53,4,NULL),(39,54,1,'Remember that you cant add attendance here.'),(40,51,5,NULL),(41,51,2,NULL),(42,51,3,NULL),(43,10,1,NULL),(44,42,2,NULL),(45,47,3,NULL),(46,61,1,NULL),(47,61,2,NULL),(49,68,1,NULL),(50,68,2,NULL),(51,5,6,NULL);
/*!40000 ALTER TABLE `Participants_Programs` ENABLE KEYS */;
UNLOCK TABLES;

--
-- Table structure for table `Participants_Teachers`
--

DROP TABLE IF EXISTS `Participants_Teachers`;
/*!40101 SET @saved_cs_client     = @@character_set_client */;
/*!40101 SET character_set_client = utf8 */;
CREATE TABLE `Participants_Teachers` (
  `Participant_Teacher_ID` int(11) NOT NULL AUTO_INCREMENT,
  `Participant_ID` int(11) NOT NULL,
  `Teacher_ID` int(11) NOT NULL,
  PRIMARY KEY (`Participant_Teacher_ID`),
  KEY `FK_Participants_Teachers__Participants__Teachers__Teacher_I_idx` (`Teacher_ID`),
  KEY `FK_Participants_Teachers__Participant_ID_idx` (`Participant_ID`),
  CONSTRAINT `FK_Participants_Teachers__Participants__Teachers__Teacher_ID` FOREIGN KEY (`Teacher_ID`) REFERENCES `Teachers` (`Teacher_ID`) ON DELETE NO ACTION ON UPDATE NO ACTION,
  CONSTRAINT `FK_Participants_Teachers__Participants__Participant_ID` FOREIGN KEY (`Participant_ID`) REFERENCES `Participants` (`Participant_ID`) ON DELETE NO ACTION ON UPDATE NO ACTION
) ENGINE=InnoDB DEFAULT CHARSET=latin1;
/*!40101 SET character_set_client = @saved_cs_client */;

--
-- Dumping data for table `Participants_Teachers`
--

LOCK TABLES `Participants_Teachers` WRITE;
/*!40000 ALTER TABLE `Participants_Teachers` DISABLE KEYS */;
/*!40000 ALTER TABLE `Participants_Teachers` ENABLE KEYS */;
UNLOCK TABLES;

--
-- Table structure for table `Program_Attendance`
--

DROP TABLE IF EXISTS `Program_Attendance`;
/*!40101 SET @saved_cs_client     = @@character_set_client */;
/*!40101 SET character_set_client = utf8 */;
CREATE TABLE `Program_Attendance` (
  `Attendance_ID` int(11) NOT NULL AUTO_INCREMENT,
  `Date_ID` int(11) DEFAULT NULL,
  `Participant_ID` int(11) DEFAULT NULL,
  PRIMARY KEY (`Attendance_ID`),
  KEY `FK_Program_Attendance__Participants__Participant_ID_idx` (`Participant_ID`),
  CONSTRAINT `FK_Program_Attendance__Participants__Participant_ID` FOREIGN KEY (`Participant_ID`) REFERENCES `Participants` (`Participant_ID`) ON DELETE NO ACTION ON UPDATE NO ACTION
) ENGINE=InnoDB AUTO_INCREMENT=25 DEFAULT CHARSET=latin1;
/*!40101 SET character_set_client = @saved_cs_client */;

--
-- Dumping data for table `Program_Attendance`
--

LOCK TABLES `Program_Attendance` WRITE;
/*!40000 ALTER TABLE `Program_Attendance` DISABLE KEYS */;
INSERT INTO `Program_Attendance` VALUES (1,1,14),(2,2,7),(4,2,8),(5,5,8),(6,5,7),(7,2,13),(8,3,14),(9,2,13),(10,6,14),(11,2,48),(12,5,48),(13,6,48),(14,2,39),(15,1,5),(16,1,15),(17,1,15),(18,1,15),(19,1,15),(20,2,45),(21,9,45),(22,12,7),(23,13,51),(24,14,54);
/*!40000 ALTER TABLE `Program_Attendance` ENABLE KEYS */;
UNLOCK TABLES;

--
-- Table structure for table `Program_Dates`
--

DROP TABLE IF EXISTS `Program_Dates`;
/*!40101 SET @saved_cs_client     = @@character_set_client */;
/*!40101 SET character_set_client = utf8 */;
CREATE TABLE `Program_Dates` (
  `Date_ID` int(11) NOT NULL AUTO_INCREMENT,
  `Date` date DEFAULT NULL,
  `Program_ID` int(11) DEFAULT NULL,
  PRIMARY KEY (`Date_ID`),
  KEY `FK_Program_Dates__Programs__Program_ID_idx` (`Program_ID`),
  CONSTRAINT `FK_Program_Dates__Programs__Program_ID` FOREIGN KEY (`Program_ID`) REFERENCES `Programs` (`Program_ID`) ON DELETE NO ACTION ON UPDATE NO ACTION
) ENGINE=InnoDB AUTO_INCREMENT=15 DEFAULT CHARSET=latin1;
/*!40101 SET character_set_client = @saved_cs_client */;

--
-- Dumping data for table `Program_Dates`
--

LOCK TABLES `Program_Dates` WRITE;
/*!40000 ALTER TABLE `Program_Dates` DISABLE KEYS */;
INSERT INTO `Program_Dates` VALUES (1,'2013-07-01',1),(2,'2013-07-31',5),(3,'2013-07-02',1),(4,'2013-07-03',1),(5,'2013-08-05',5),(6,'2013-08-10',5),(7,'2013-08-01',1),(8,'2013-07-15',1),(9,'2013-08-12',5),(10,'2013-08-19',5),(11,'2013-08-15',1),(12,'2013-08-26',5),(13,'2013-09-02',5),(14,'2013-08-22',1);
/*!40000 ALTER TABLE `Program_Dates` ENABLE KEYS */;
UNLOCK TABLES;

--
-- Table structure for table `Program_Sessions`
--

DROP TABLE IF EXISTS `Program_Sessions`;
/*!40101 SET @saved_cs_client     = @@character_set_client */;
/*!40101 SET character_set_client = utf8 */;
CREATE TABLE `Program_Sessions` (
  `Session_ID` int(11) NOT NULL AUTO_INCREMENT,
  `Program_ID` int(11) NOT NULL,
  `Session_Name` varchar(100) NOT NULL,
  `Start_Date` varchar(20) NOT NULL,
  `End_Date` varchar(20) NOT NULL,
  `Date_Created` timestamp NOT NULL DEFAULT CURRENT_TIMESTAMP,
  PRIMARY KEY (`Session_ID`),
  KEY `FK_Program_Sessions__Programs__Program_ID_idx` (`Program_ID`),
  CONSTRAINT `FK_Program_Sessions__Programs__Program_ID` FOREIGN KEY (`Program_ID`) REFERENCES `Programs` (`Program_ID`) ON DELETE NO ACTION ON UPDATE NO ACTION
) ENGINE=InnoDB AUTO_INCREMENT=9 DEFAULT CHARSET=latin1;
/*!40101 SET character_set_client = @saved_cs_client */;

--
-- Dumping data for table `Program_Sessions`
--

LOCK TABLES `Program_Sessions` WRITE;
/*!40000 ALTER TABLE `Program_Sessions` DISABLE KEYS */;
INSERT INTO `Program_Sessions` VALUES (1,1,'testsdgs111','02/03/2014','02/12/2014','2014-02-26 20:45:44'),(2,1,'testsdgs555','02/25/2014','02/25/2014','2014-02-26 20:45:58'),(3,1,'xcbxcb8888','02/25/2014','02/21/2014','2014-02-26 20:46:39'),(4,1,'346346','0000-00-00','0000-00-00','2014-02-26 20:48:03'),(5,1,'34346','0000-00-00','0000-00-00','2014-02-26 20:48:17'),(6,1,'asgsadg','02/17/2014','02/28/2014','2014-02-26 20:49:43'),(7,1,'235235sdsssss','02/20/2014','02/21/2014','2014-02-26 21:49:13'),(8,2,'TEST Session11','02/26/2014','02/27/2014','2014-02-27 18:04:22');
/*!40000 ALTER TABLE `Program_Sessions` ENABLE KEYS */;
UNLOCK TABLES;

--
-- Table structure for table `Programs`
--

DROP TABLE IF EXISTS `Programs`;
/*!40101 SET @saved_cs_client     = @@character_set_client */;
/*!40101 SET character_set_client = utf8 */;
CREATE TABLE `Programs` (
  `Program_ID` int(11) NOT NULL AUTO_INCREMENT,
  `Program_Name` varchar(45) DEFAULT NULL,
  `Program_Org` varchar(45) DEFAULT NULL,
  PRIMARY KEY (`Program_ID`)
) ENGINE=InnoDB AUTO_INCREMENT=6 DEFAULT CHARSET=latin1;
/*!40101 SET character_set_client = @saved_cs_client */;

--
-- Dumping data for table `Programs`
--

LOCK TABLES `Programs` WRITE;
/*!40000 ALTER TABLE `Programs` DISABLE KEYS */;
INSERT INTO `Programs` VALUES (1,'Early Childhood Education','Chicago Commons'),(2,'Teacher Exchange','Chicago Public Schools'),(3,'New Horizons Program','Gads Hill'),(4,'Elev8',NULL),(5,'Artist in Residency Program','National Mexican Museum of Art');
/*!40000 ALTER TABLE `Programs` ENABLE KEYS */;
UNLOCK TABLES;

--
-- Table structure for table `Programs_Uploads`
--

DROP TABLE IF EXISTS `Programs_Uploads`;
/*!40101 SET @saved_cs_client     = @@character_set_client */;
/*!40101 SET character_set_client = utf8 */;
CREATE TABLE `Programs_Uploads` (
  `Upload_ID` int(11) NOT NULL AUTO_INCREMENT,
  `File_Name` varchar(45) DEFAULT NULL,
  `File_Size` varchar(45) DEFAULT NULL,
  `File_Type` varchar(45) DEFAULT NULL,
  `File_Content` blob,
  `Program_ID` int(11) DEFAULT NULL,
  `School` int(11) DEFAULT '6',
  `Participant_ID` int(11) DEFAULT NULL,
  `Year` int(11) DEFAULT NULL,
  PRIMARY KEY (`Upload_ID`),
  KEY `school_for_upload` (`School`),
  KEY `FK_Programs_Uploads__Participants__Participant_ID_idx` (`Participant_ID`),
  KEY `FK_Programs_Uploads__Programs__Program_ID_idx` (`Program_ID`),
  CONSTRAINT `FK_Programs_Uploads__Programs__Program_ID` FOREIGN KEY (`Program_ID`) REFERENCES `Programs` (`Program_ID`) ON DELETE NO ACTION ON UPDATE NO ACTION,
  CONSTRAINT `FK_Programs_Uploads__Participants__Participant_ID` FOREIGN KEY (`Participant_ID`) REFERENCES `Participants` (`Participant_ID`) ON DELETE NO ACTION ON UPDATE NO ACTION,
  CONSTRAINT `school_for_upload` FOREIGN KEY (`School`) REFERENCES `Schools` (`School_ID`) ON DELETE SET NULL ON UPDATE CASCADE
) ENGINE=InnoDB AUTO_INCREMENT=20 DEFAULT CHARSET=latin1;
/*!40101 SET character_set_client = @saved_cs_client */;

--
-- Dumping data for table `Programs_Uploads`
--

LOCK TABLES `Programs_Uploads` WRITE;
/*!40000 ALTER TABLE `Programs_Uploads` DISABLE KEYS */;
INSERT INTO `Programs_Uploads` VALUES (1,'TTM EAP Summary for LISC.docx','25520','application/vnd.openxmlformats-officedocument','PK\0\0\0\0\0!\0I\0\0\0\0\0[Content_Types].xml (\0\0\0\0\0\0\0\0\0\0\0\0\0\0\0\0\0\0\0\0\0\0\0\0\0\0\0\0\0\0\0\0\0\0\0\0\0\0\0\0\0\0\0\0\0\0\0\0\0\0\0\0\0\0\0\0\0\0\0\0\0\0\0\0\0\0\0\0\0\0\0\0\0\0\0\0\0\0\0\0\0\0\0\0\0\0\0\0\0\0\0\0\0\0\0\0\0\0\0\0\0\0\0\0\0\0\0\0\0\0\0\0\0\0\0\0\0\0\0\0\0\0\0\0\0\0\0\0\0\0\0\0\0\0\0\0\0\0\0\0\0\0\0\0\0\0\0\0\0\0\0\0\0\0\0\0\0\0\0\0\0\0\0\0\0\0\0\0\0\0\0\0\0\0\0\0\0\0\0\0\0\0\0\0\0\0\0\0\0\0\0\0\0\0\0\0\0\0\0\0\0\0\0\0\0\0\0\0\0\0\0\0\0\0\0\0\0\0\0\0\0\0\0\0\0\0\0\0\0\0\0\0\0\0\0\0\0\0\0\0\0\0\0\0\0\0\0\0\0\0\0\0\0\0\0\0\0\0\0\0\0\0\0\0\0\0\0\0\0\0\0\0\0\0\0\0\0\0\0\0\0\0\0\0\0\0\0\0\0\0\0\0\0\0\0\0\0\0\0\0\0\0\0\0\0\0\0\0\0\0\0\0\0\0\0\0\0\0\0\0\0\0\0\0\0\0\0\0\0\0\0\0\0\0\0\0\0\0\0\0\0\0\0\0\0\0\0\0\0\0\0\0\0\0\0\0\0\0\0\0\0\0\0\0\0\0\0\0\0\0\0\0\0\0\0\0\0\0\0\0\0\0\0\0\0\0\0\0\0\0\0\0\0\0\0\0\0\0\0\0\0\0\0\0\0\0\0\0\0\0\0\0\0\0\0\0\0\0\0\0\0\0\0\0\0\0\0\0\0\0\0\0\0\0\0\0\0\0\0\0\0\0\0\0\0\0\0\0\0\0\0\0\0\0\0\0\0\0\0\0\0\0\0\0\0\0\0\0\0\0\0\0\0\0\0\0\0\0\0\0\0\0\0\0\0\0\0\0\0\0\0\0\0\0\0\0\0\0\0\0\0\0\0\0\0\0\0\0\0\0\0\0\0n0D\'(,&@WZD:+V887kggHh/U1x*x_D|lP\r|60jXR^SXW\"~M GRO)FCLV+K?oIXvcU\n5Zg_\nlDd!{s4TMUCT*3ez8C]\r]}S;[t+N+~:+\rlND,!1I@X\'hdhyW_y^l-j>u/Cw/0a 5[8! | =;c\'eS9;Ggoe\0\0\0PK\0\0\0\0\0!\0\Z\0\0\0N\0\0\0_rels/.rels (\0\0\0\0\0\0\0\0\0\0\0\0\0\0\0\0\0\0\0\0\0\0\0\0\0\0\0\0\0\0\0\0\0\0\0\0\0\0\0\0\0\0\0\0\0\0\0\0\0\0\0\0\0\0\0\0\0\0\0\0\0\0\0\0\0\0\0\0\0\0\0\0\0\0\0\0\0\0\0\0\0\0\0\0\0\0\0\0\0\0\0\0\0\0\0\0\0\0\0\0\0\0\0\0\0\0\0\0\0\0\0\0\0\0\0\0\0\0\0\0\0\0\0\0\0\0\0\0\0\0\0\0\0\0\0\0\0\0\0\0\0\0\0\0\0\0\0\0\0\0\0\0\0\0\0\0\0\0\0\0\0\0\0\0\0\0\0\0\0\0\0\0\0\0\0\0\0\0\0\0\0\0\0\0\0\0\0\0\0\0\0\0\0\0\0\0\0\0\0\0\0\0\0\0\0\0\0\0\0\0\0\0\0\0\0\0\0\0\0\0\0\0\0\0\0\0\0\0\0\0\0\0\0\0\0\0\0\0\0\0\0\0\0\0\0\0\0\0\0\0\0\0\0\0\0\0\0\0\0\0\0\0\0\0\0\0\0\0\0\0\0\0\0\0\0\0\0\0\0\0\0\0\0\0\0\0\0\0\0\0\0\0\0\0\0\0\0\0\0\0\0\0\0\0\0\0\0\0\0\0\0\0\0\0\0\0\0\0\0\0\0\0\0\0\0\0\0\0\0\0\0\0\0\0\0\0\0\0\0\0\0\0\0\0\0\0\0\0\0\0\0\0\0\0\0\0\0\0\0\0\0\0\0\0\0\0\0\0\0\0\0\0\0\0\0\0\0\0\0\0\0\0\0\0\0\0\0\0\0\0\0\0\0\0\0\0\0\0\0\0\0\0\0\0\0\0\0\0\0\0\0\0\0\0\0\0\0\0\0\0\0\0\0\0\0\0\0\0\0\0\0\0\0\0\0\0\0\0\0\0\0\0\0\0\0\0\0\0\0\0\0\0\0\0\0\0\0\0\0\0\0\0\0\0\0\0\0\0\0\0\0\0\0\0\0\0\0\0\0\0\0\0\0\0\0\0\0\0\0\0\0\0\0\0\0\0\0\0\0\0\0\0\0\0\0\0\0\0\0\0\0\0\0JAa}7\n\"Hw\"w P^O;<aY`GkxmPY[g\rGino/<<1A$>\"f3\\TI	SWY\rig@X6_]7\Z~\nfao.b*lIrj),\Zl0%b\n6iD_,		|uZ^ty;!Y,}{C/h>\0\0\0PK\0\0\0\0\0!\0*BC\0\0\0\0\0word/_rels/document.xml.rels (\0\0\0\0\0\0\0\0\0\0\0\0\0\0\0\0\0\0\0\0\0\0\0\0\0\0\0\0\0\0\0\0\0\0\0\0\0\0\0\0\0\0\0\0\0\0\0\0\0\0\0\0\0\0\0\0\0\0\0\0\0\0\0\0\0\0\0\0\0\0\0\0\0\0\0\0\0\0\0\0\0\0\0\0\0\0\0\0\0\0\0\0\0\0\0\0\0\0\0\0\0\0\0\0\0\0\0\0\0\0\0\0\0\0\0\0\0\0\0\0\0\0\0\0\0\0\0\0\0\0\0\0\0\0\0\0\0\0\0\0\0\0\0\0\0\0\0\0\0\0\0\0\0\0\0\0\0\0\0\0\0\0\0\0\0\0\0\0\0\0\0\0\0\0\0\0\0\0\0\0\0\0\0\0\0\0\0\0\0\0\0\0\0\0\0\0\0\0\0\0\0\0\0\0\0\0\0\0\0\0\0\0\0\0\0\0\0\0\0\0\0\0\0\0\0\0\0\0\0\0\0\0\0\0\0\0\0\0\0\0\0\0\0\0\0\0\0\0\0\0\0\0\0\0\0\0\01O0w$C8)\" u\"X]Xvd_{T-axOw^>Mq\"{<\\( U~~|Z ]\nnBD]lXrdF5`D9oRK&J$s?_5opdk	P0c?e\'12~rJB!z~1r7b[b15[4c1D:%l:JE^\Z|J>\"e28 b!\\`.8twh\0\0\0\0PK\0\0\0\0\0!\0C\"(\0\02I\0\0\0\0word/document.xml}nF=TSittUUn-$Sv9c%N(8(_8	D~a<?wvyKR/PD#Ov?y2\"JN&;4yG|%{DAoD_Xy.Kvw\"{i\'e]}m#=6w8:DsE<+*W]Q71%`2~,~Ip3{xb3|u8T@wTwuD\ZYf%c/<okl/g~{cXYXr^%n0#ow0wbECFsaq+GzSNQ#xYseL/Xq7H94h;7WR.M+Io)xS#Iszq_WqE|wOw?gCHS-cAWLiZ;[~Q1~\rk>Z/NI!c1O/?7838O.j<zl@!J\\.cIz%pUO>bOa6&\rf)tyj]O?n|kg_}Pk=U>>>|\'?q+4nS%iogI\rGN]m;!{pqpp#__H+cB/PHrkI{goM%wr}f[kV	zPe	%$(,4B@ccO\nyTC/$3P|G$gsG9h9\Z\\U8BsX\ZP|RZ9I<UTe@ng70EIhe+\n\rn\\;;)\'Uj/g2O&6 )L?DTrk8;g^[6{w<PW)Tv9oL=z>3M_QbR<=9F\\	/ ^&&9mX0Ob<H$iw9#uG~-F25X?E|.	pe13~02t\"T.r$DI,naz8\'8\"/^rGuD	T}JCU|gRu9zMW&1?.zP\"eyUS+	Oz	L8HX@vHyGtX03q6a(88\nNn:cxKqZHGXO`BO \r.7Ms6I0`P#7\09DRz~DgD-y8?3jv|P0^Y?QDc;\Z|<z?/-B1:[\".(A^I,6zK/7)(*T\ncQTTPWS/\\=pzG]v=LVJ@e;2`eW\Zl]n^\Z\"50UF;;8NOY|D\ZmpiG	(\rog0?HS\0]/S\'~%J\rldG8uy6[e)YgSbl\Z^9[YwrSE|)O7l_UN;;##VKUr6CT\nXF<B\\HdYP/s>l6\'	5D$6ph_Hz8WL5;>|bd(z$/j&$d>Wn]K=I&(cP,FBP*	) zqSFrh@3Y>[Sg2%&_XkEZH2,%\"\"Ps!49e?:G-xHr1DF<MXu:LBe\0Q5}7V5L ,=;Z8m\0G9U*<;jhRznHkfjY\0ozZe~oCu]OJKi#V$~[o[\r]P\"}n6~\\iB`uFuj-Jrc\ZG0T{1KL8EeJweJKi@A43_OQhMk;*FVs:/UQ)@	.lD1;QkD#t8J)vIO89)-$Art\nYn _Y(lBWqSA>:+PIF^O;z.FBj,7#e>\rB\n\r%GV GyKKb8M#N6&OFkBh\rd2*+\r OYfCvg;A2T, 4?5`~MxVB:oe,Sc(lx24\0Q{>aId2nPG;zeFz\rEp!B5PV\\+XIQsZJu%oj46^&iq_&,A^}.f\"0wx`Dj,wo]5CZ;({qG\\r0Vg^(hukT46VlYuAhO?.BM4Zc[>p\Z\"\r\0@aFH	K08n qxEeX;,:o{1<NC\\@#l\nc9\n@yuVu##K}6-.f)`8nt6Z4\Zj*z9[^Dll)#^K\0j Uo02J4q I(04&0\'at* %Y6zQ}qeGFX]#7H#\rfj:7fr/Yb	1dLb; mkP%qXr=SN/G4AX58fpj@cLT6b 0*VT-vyC[/k(n}.1(!L~|z}#X\n]Vz^\0cuepWRA82\'lS~]drjN5vFC(LR.#.Ij4o\0*ZUk6n`~\"a(CE.T?\0f\nL*LDnbpu;\'\ny]-(m[\\ImJ|\r=K		i6-?.*})T\n%`[/O!?(\'!BMyD~$HB7,c\nvlS3rPOi}-/O&#spi\0q$~(Nu9LF#h0k+>Dy{d@= dB\n\r\Z.yn6.TYZwo\"`-1!F\raGd	UM#&Vn[:LF	j\nN<w30-7`qVT\'o:0nQ<G!#Y>Mf93>EyT\\ TF[lO[\0jezZNs4VTq^?\nR?v07z\0@WG\\P2BT~	0aav^fN3|gb^avqS%*u&\\\Zk]-\"eE-{-#!`)m1<])y=Rpc9O$Wqvj&~Q#`D|:^S8{*Va$]+1\"Ws\Z4Q.G#`cy(&)\0^	3E}4$0&c$ve3>2p$rz%uon#/n~\ra>|G}>\r?E35`~p&,A.apYJ/Uxo_\0L3R.\Z3U.\Zhc\"ri6MD=0b}dN4\rL\rU5tS3Iz}>e\0eLfS\'@Lm*4C	|X`	\0O^4\'g(fpCd^usN=I\Z`I_B\\d@\'V*	R$OsUVn&\\Z2pZ3hW}Ap4=~tNKd9HW9t6747-*SIs(Km@9uO-R_,bGdXFZ%5\\>}:<~G@zk-F#.G,Muz\nQ\n.IXxxu6je^|N)+L<lx6hK\ndF,\rcd+GBV*ZK.R \ZFLIlMQd829N*uU0^`&!F!KE	=j f%	I^TfNppp(@\09%.4=\"Z`gMH>u0(	%X}mS0q+\\ 7Y\r{YV\r	dM)MZ;kqVh^h^sX9D9RJ+\'g3gCO|~-[r	 pX-]r	\'W-(\'Zu\07-0)\0I<u5Y=!*X[3u1\09F-UZ\ZQi/*ZFcj/^q\Z|OT^pNt6YWxhm\0d~|rp|\"m2;%H\'2P*EI8se\"pa547T+4PQ/@DWgl\\l{,Fd\041Kep:<l1z#~/A\0 6\Z1wu\nX\0y\n|F;p\r+RH\"d*.8)Fe\0eV.7`:du(	tO!$j\\B-$\'bncJ$f`3Q{\r$[sZIi}-XB3P.}5hkdnb f(mT[*b eyTX6`:C<JXEf11+o\nT0a}(URNa\0SqPZJoSn}c+lTF\Z	%]yx_ J@j+ggrS]l|_\rG@)vl?G#<mk\"n&fRUD10Iby4qZ\0m`IQ6?SA-i(vzvQU\Z<z\0j>]YFQ	a.yO\"\Z[LC,V{9[ 4\\G2.7(w)u\r)lEYvN%#iYo_zl7WY,PO7[eA0(V<_E{\'*}z6.=c00b:59g=Y67MF7;O(azdU;!NtcigV90^qDqvB$`IY:z~tWCUKUl},1[+mL#Hh{	U	>rCClKmhE+AO4-iyKdQK@Fh@-/(@QdveOd;XExS5+e$VU4k_uX!+\Zyy\0&ol	jbJj_0uwcIYgNro^Yk\na\'Gl+y~e+&piQ*$r&)GL{5	S47i\nT$|Mvoi0Tw	.QDz4inE:(R0zTi}z0C	^Qvjgq!Yb1R&!W\\}noFpm}AuMr&^5Hrvl=p.\0!\']$UDRzvpvNmz3\\U!\nr	c1?Kj5\"CH).JPxBE		yc}vG\0\Z~Ap@?\nB?B./B$-HJ$,QOsY/N$c@i5	Jzq3s#gfWR8X2y$KvrW_%6sPx0\nwEX7X]:p<nH<Gmo/Y	C8sJg8X7g \r4C4\"BC]82CPLpu^q;KxGD[0\r;U5neZSun~L@JnFp90mK.\riY	)>]ZTyY%[6.L>x%^YAwnXYe%{f0Tm\\J`aHHfpu)e!~k0\0XtIz[/RZ(xbbDNs$i\0.a~vG>JvURq+k&GoJ\Zy\Zc+qGtk$rW[B@5fO\\d<vXTA#3iOq*MrS\rynvkjG,-|_8Q=Ip7ni$o\nAo_/7 w#R`B|V+,&O&e$EDkfzO(e $2\r-9UV0+	c3)9$7%F:-bPFMJa0 \03=Y]g_.H@5{Y:b?3R^@y|\n	gDhq0IqatdEXs;n(~%^TzZus/| LP<[-`jr`\nF[Nh/-hW_c/Dk,?aidkP]\0V(UgUw]?p}}	-+SbK-BJ+T/PKrd\\m5*iF=zY/J5.%=gQ0G\'1OpzB:_PRX;VA}EZ&HEtU>jB1nO3 Gj)(H)\0!>&XR	m-jmYjv>L+rbi1f%kw`uBT>E# wV\nmg@E\nMul9bbuyV-THcQBaRd\\$g0J\Z|$]1r2CL<	]	\0 1330sG^\'\ZDdBvkW\r17DKK\"Bwvy{6`8h\".\0--((gaZ_lq\rPDF%23y)$xsB	#K3b)J\nEub`,M$ez=9:K8ov3(lPRP\0+pKDeD(I Xh1!~g:_(y@M\n_H(Je?~[boDOs;;Vb+@QOGTE tr<kOUt86k2S;1]OG}{6em/:I(6C\Z(\'POxvk7wKZz,S6${vr-qaU (.\n{R*`}L1-\rzJ\06w	 d!duD;Y%O+:U\Z82b=93ngrFO)+$NN0BKG\"hQmevzG$\Zeco(GB#$/o%mfQXnqsrd@o[f[7-RKBnG_+5PmKA;XW6UqT,U-Sz;USrBW_ 7YUC07Ux\\hyHl\\iVh(zD?:YmRVg(X\r	{MM<j!LzPN\rT?yF]O*V&.ops^mu	\\:Ssv>ymn\'UOXz@y\rZ G<0YPW-&,39yhvc\\]^PfA8\"VFW\"@49<u@F.65q(w~r0\reVNwZL]fv	~0+4y \0U	&+k:6oj;2\\K$Rv9JEjHl\0ytCwKjkG1/7<0RSc0 Wu6S9E|h@Pfc0dh\0i\r	:}@O!)-4}&Iy\0a\00H;<C/y_\n[D{MH=T-;wBS#5agq1/u@gOT;j\n2Z]3~V+7\ZY5=|:\0dgk1`QcWpt>|Kp1Q	FbPj\'9`(\Z~nht#vduLvU\'BMzSpJ!NqfTH=NKqDv=yg\'23j4/4Ei2H\"QjqYN[ XA0GWA5XtU@,<{UYQYq\"lES$:<\rD|>\"n#Yks#!m=VInOaUVw4wzyD~{R18p\'VOpHs/o?B\"&)b_4D/qHD2HX2V$#H/\0\0\0\0\0PK\0\0\0\0\0!\0\0\0P\0\0\0\0\0word/theme/theme1.xmlYOo6w toc\'v\Zu-MniP@I}ama[4:lGRX^6>$!)O^rC$y@/yH*)UDb`}\"qJX^)I`nEp)liV[]1M<\ZOP6r=zgbIguSebORDqu	gZo~lAplxpT0+[}`jzA\0V2Fi@qv5\\|NleXdsjcs7f\rW+7`gJ\Zj|h(KD-\0\rdXiJ(x$(:;!I_TS1?E??ZBmU/?~xY\'y5g&/>GMGeD3Vq%\'#q$8K)fw9:\nx}rxwr:\\TZaG*y8IjbRc|XI\nu3KGnD1NIBs\nRuK>V.EL+M2#\'fi~Vvl{u8zH\n*:(W\r~JTe\\O*tHGHY\0}KNP*T9/#A7qZ$*c?qUnwN%Oi4=3P\n1Pm\\\\9M2aD];Yt\\[x]}Wr|]g-\neW\r)6-rCSj\rid	DAIqbJ#x6k#ASh&t(Q%p%m&]caSl=X\\P1Mh9MVdDAaVB[fJP|8\ZAV^f\rHn-\"d>zn	>b&2vKyD:,AGm\\nzi.uYC6OMf3or$5NHT[XF64T,M0E)`#5XY`\0;%1Um;R>QDDcpU\'&LE/pm%]8firS4d7y\\`JnIR3U~7+#mqBiDi*L69mY\Z&iHE=(K&N!V.KeLD{D	\ZvEdeNe(MN9\ZR6&3(a/DUz<{YV)9Z[4^n5!J?Q3eBoCMm<.vpIYfZY_p[=al-Y}Nc4vfavl\'SA8|*u{-0%M07%<\0\0\0\0PK\0\0\0\0\0!\0\n9\0\0s\0\0\0\0\0word/settings.xmlVn6}/0\\G%[entP-\r$eE14O9r.Fg4(X`^~9,67\nu_n\\ccL/@Ep2FafH_	9G2!e-DTs	WQ	FQ(dVB.8I~f_u07b\\^_58t3Yj^=~&<  Fq\"U&N	^\\u\"L]IriQ:rPE8\r-\\bUC&\nBY4``YS@[V8diu|AUi3(YBF	\Z0[(Rwp%kq?xpKI4F){a2^-C\Z~F}Ji&&a4gu^q||M17dGpFfg\'dg}M]2>hY9amPJ2ER-pR{0LU\\.\0!\07D>	v-,\n4~Wn^!7\047y\\wU847TOgez<\":|PTOHJJ0(iO&a7d,7|5pK\Zx,0.a}~}?\nJE?<X w	$-/^s7,Ijh[dt }Ha\0\'>opMiyDKF(80~w\0\0\0PK\0\0\0\0\0!\0Da	\0\0I\0\0\0\0\0word/styles.xml\\msF,jOg3uT@_=8#+Hg2Sx}*Tx_}a]:iXg_9<:6QEFpq0yE^e9U2GI(Rj%}NH%\"*Nr)Ul4IGy2b5AU\n&32\Z(>>oQ:~[`,(Xy0Kar~\\8Ks/H8.\\^]{q{O2H#@W/IqRks.eM=sKZY|<*g\0	|jzL (\0bbq	`*VE.]7T	=;pr!\"y-@|k\"OEr+\\qOga\ZF-=Oz\0\nm6DOS@3A[p@=P.K\"Nx_o?[k#&6JQIwj||e;QQQ5wsD#|\ZE\'h\rRb,z|+{R]^j[/ovtaF2tz8Y.DS`N~m^*aaIOU{\"N&jsvzX0s\'G?)gaVt\ZKn\'0?mLt	\'p?@n49TDEv\0e\n\\	}L7@e3;xhuH5c\nUEt6v[$3x>\'7J};\n&}.lThoA	2Y| Kfg:4X\0Ji\rVekIQQnbx]\nvyT<Lc_c\0~k[ #Mayff+M!{c^7	(l&J-u5X$`5Tf93)v,\0aF7h&\0\rC\r2y`9L oM\0bsaQQPJ\0M@a;Nwp\"e5y!o0M\0\Z	@7?ywG,67XN-7ML \r{7:yP]`Y&`-`09\Z	3\Z	@7h&\0\'ne&\0\0vP	(lT\n%oKo&\0-qf4yf4y!oP	XlnZ&o,P	@lnK#	(lNP-y`Y#`\rC M\0[\0,i&h&\0\'ne&\0\0@48\nOXD\rA[8\'\rBP*tJ\'N?.k\0S!B@y-;bg\rB+ohz`7bSU~\Zowh{>~78\ZWE|+*5G^5\n}/+sM86l;{[t=s*ui\\>O3n<#\n_0aZ6bcQKe*jqd\00kYs\'lx-E_-6tM`5`Bjfl,ASSgA/r#wstr\n{mJS3\"Exj\"-4B/IW8w|.C	te6\"\Z]A%4p!wf_\r7S6D\'IGfkPYsw1y`fAY]?lU;`1|GYO#MOqSc!-{mI9u\0IA,bR/\"\"~/@WI?\nwm_hB0+$d~O?*u$d?P+<Y\nkTi\n\\%l>P|B96O\'6fE\n(|(8kD-Y<)v:3h-+w*1DP8!W@N:R_lyo<gZ\\\\6uQ)\ZpP=O_/A}^)zaga.\0\0\0PK\0\0\0\0\0!\0&en\0\0\0\0\0\0\0word/numbering.xmlWN@W;X4\"(@KylcXBg$a!lfwvg(M1=\"b9b9Mo\rs #Myy>=zOIAp9racXTBTJDk`/>LRqlTcGbCgQl`Y|Tj/guW2881PAR4AI$VU4S~\\)Ul\0!c8s<.b^JQ\"\Z5MrAoJfiNJv+j,~fjtv)3a/[6\n.-B90p3f7\"lNI\'Yk1:r+le(<jRM?O)S8?ht762OtT[#rsC\\IZ?q$X,{G\"f|F1RNwGrJ<XS<s\ne<?PeHE,\ZghnD:),\Z# pjve[v(FDfe	ncZcY{z^ehmY\"|++WDHre5AA7|&k]0&**I!(W7bvsjvN:~X++A))d%5iQsG!(cV9!X8SP~o`jvXvvRc\Zag1$\0\0\0PK\0\0\0\0\0!\0/\0\0\0U\0\0\0(\0customXml/itemProps1.xml $\0( \0\0\0\0\0\0\0\0\0\0\0\0\0\0\0\0\0\0\0\0\0\0\0\0\0\0\0\0\0\0\0\0\0Mk0kkmJ2z:Nb`;ecax$EL|2u^x(Da;19Xvt(Bt^]2(5t</3eup}..^WPRt&0c9*#a1{-wr1FSHLy~_Tqx_U_\'/H?^\0\0\0\0PK\0\0\0\0\0!\0t?9z\0\0\0(\0\0\0customXml/_rels/item1.xml.rels (\0\0\0\0\0\0\0\0\0\0\0\0\0\0\0\0\0\0\0\0\0\0\0\0\0\0\0\0\0\0\0\0\0\0\0\0\0\0\0\0\0\0\0\0\0\0\0\0\0\0\0\0\0\0\0\0\0\0\0\0\0\0\0\0\0\0\0\0\0\0\0\0\0\0\0\0\0\0\0\0\0\0\0\0\0\0\0\0\0\0\0\0\0\0\0\0\0\0\0\0\0\0\0\0\0\0\0\0\0\0\0\0\0\0\0\0\0\0\0\0\0\0\0\0\0\0\0\0\0\0\0\0\0\0\0\0\0\0\0\0\0\0\0\0\0\0\0\0\0\0\0\0\0\0\0\0\0\0\0\0\0\0\0\0\0\0\0\0\0\0\0\0\0\0\0\0\0\0\0\0\0\0\0\0\0\0\0\0\0\0\0\0\0\0\0\0\0\0\0\0\0\0\0\0\0\0\0\0\0\0\0\0\0\0\0\0\0\0\0\0\0\0\0\0\0\0\0\0\0\0\0\0\0\0\0\0\0\0\0\0\0\0\0\0\0\0\0\0\0\0\0\0\0\0\0\0\01;xxYt23iS(O+,1	?S4T5(zG?)\'2=l,D60&+Jd2:Yw#u]otm@aCo J6\rwE0X(\\|6(`xk\0\0\0PK\0\0\0\0\0!\0~*\0\0\0\0\0docProps/app.xml (\0\0\0\0\0\0\0\0\0\0\0\0\0\0\0\0\0\0\0\0\0\0\0\0\0\0\0\0\0\0\0\0\0\0\0\0\0\0\0\0\0\0\0\0\0\0\0\0\0\0\0\0\0\0\0\0\0\0\0\0\0\0\0\0\0\0\0\0\0\0\0\0\0\0\0\0\0\0\0\0\0\0\0\0\0\0\0\0\0\0\0\0\0\0\0\0\0\0\0\0\0\0\0\0\0\0\0\0\0\0\0\0\0\0\0\0\0\0\0\0\0\0\0\0\0\0\0\0\0\0\0\0\0\0\0\0\0\0\0\0\0\0\0\0\0\0\0\0\0\0\0\0\0\0\0\0\0\0\0\0\0\0\0\0\0\0\0\0\0\0\0\0\0\0\0\0\0\0\0\0\0\0\0\0\0\0\0\0\0\0\0\0\0\0\0\0\0\0\0\0\0\0\0\0\0\0\0\0\0\0\0\0\0\0\0\0\0\0\0\0\0\0\0\0\0\0\0\0\0\0\0\0\0\0\0\0\0\0\0\0\0\0\0\0\0\0\0\0\0\0\0\0\0\0\0\0\0Sn0?TM5ACYj%Hd_rS}}xv8NgAY<H[+u(L-5[lu	|[1;fT6TiD6xgK&r>_2|hjHC_/<UGG9T9-\"I6&QJuJlE6\0x\\\0 l<\\\0$sZIWMIomb;%` Wv(_GN#!|U,>\0i/pa\'\r=7BvN=P$qu@E-,[0KmCcBRQ7)Vd-lLA.CCo[L\Z98uc;\']eyx,Y	IY	LJKvz\"<\':MStTOlNN9#\0\0\0PK\0\0\0\0\0!\0~\0\0\0\0\0\0\0(\0customXml/item1.xml $\0( \0\0\0\0\0\0\0\0\0\0\0\0\0\0\0\0\0\0\0\0\0\0\0\0\0\0\0\0\0\0\0\0\0\n0Fwwy88PP\'!K4D||ptf\r&><PaeZr)yW=ghA&-gR3K8\r\0mL9]\\E5t6wo\0\0\0\0PK\0\0\0\0\0!\0h?\0\0\0\0\0\0\0word/fontTable.xmlK0\"8!MhkcGk{$T) B8`>/ZEG@ZdDI$[iv9<3[99	 Ea\r,4rB3R|XXnk~;nuH%)N)\'-\n,snqr{LM]i[n&nVVp4_|F!*U4R*f53dHTNh{:\'3i#LKuT|C})=w9Y/|O5i$\'+T,i2>+8AJi:f.\'X59u\0	$@S?MpOJcy :=8)\\=WhL)J6[LBN%%1.F=_`\'t\"<Vc1{uX|?UW8L0bbS1axR_+1(X/:&mf9,)32)hD 5)o\0\0\0\0PK\0\0\0\0\0!\0UIv\0\0?\0\0\0\0\0word/webSettings.xmlRn0W?D^\"$*p\'j{-wI8y3|UK0I1PJSg}<fJ\'a(D#d1><#M6Fh`bNWWS8h,aOGq<#\'\ZwTb|	:og\\ip=LodrE%w\nCC\nIEZH6Xpm2!9;:6eFxLIW/k;\ZBQs6\'{@<?l2\"mcC&.	>6H-b\rnX\0\0\0\0PK\0\0\0\0\0!\0O\0\0a=\0\0\Z\0\0\0word/stylesWithEffects.xmlmS8}CH4P3m60Z|~ pV;wcUcoWa<$2Z\'}=,GNg}^KSD6&$6<dq(Dr{2Zx|?LOOq\"=@bK\\&ck-eL&!K,+lfp:\\I#=\\3ZzyL\'	8\Z)]z\n)!crp-bgandfPyPenqzLeq5$d\"fzR_Xv=Z[jY<;9+\ZZJ2X\rC$\nQw,T}LncIYFYl/X	qVB^Fp2~^~iGziV1Q(h{b\'WW=xtt:p],9Z^*cio%UI3p:C dD|ey&6\0YXt\'mIXon!Pb%W\\}>g??k.,z22p|!HOR$P@ v(;o\ZU?DNMR6h;A:|0h\"|=nl7M6^^fhFLmTLzpdFhMFhDFh$wD##\Z1-\\*:Zw\"U(te	{HXqTo%|\\rzX.Dg@wVK`M\nN8_;S|do\r72ygQY]FsM<l26[&}&o\"s[B3yK]} v#F	i!StR\\]Q`B04}chi\\_\\_Vdr\r-y[(W+t.=~s)9;%P0R)!\"rj5Lk	 OBJfr>mhA=\\f{Ya)7$vL#xX#u@hX+$Z}c{\"29XdY]LZde Zo\"_-}A!\'7rvjMk`tU5oVAv\'hFohFw?d<F`5*~U\"kQoFeVAr&~R	5:kFohFohFw?d<F`5*Y,*~\r{[.\n9AMFP	\"XXV,\n\n.nJP7\"q\ZGq\Z.\"kx#@dyx#@dm+z1vFP	j7BNMP!XXV,]/\nD4x#\"\ZGq\Z.\"kx#@dyx#@dm+zvFP	j7BNMPx#XXVq9X  (i\ZG#p\'YV\"U\"k:gES-E=gPj@g-I\05Ob!?2XFH 6R>:-FU >OT.\";n}|5`\ZtI>y$uq^b\'5 vWT\\Q=xQ_*-3&\0Q=-#+f:	>)9G~d \\.y)[pe?3c\nAi_\r:3NOtZ,aD3\0Pu|TAI+[KRu}uI-oO\0\0\0PK\0\0\0\0\0!\0?jLO\0\0~\0\0\0docProps/core.xml (\0\0\0\0\0\0\0\0\0\0\0\0\0\0\0\0\0\0\0\0\0\0\0\0\0\0\0\0\0\0\0\0\0\0\0\0\0\0\0\0\0\0\0\0\0\0\0\0\0\0\0\0\0\0\0\0\0\0\0\0\0\0\0\0\0\0\0\0\0\0\0\0\0\0\0\0\0\0\0\0\0\0\0\0\0\0\0\0\0\0\0\0\0\0\0\0\0\0\0\0\0\0\0\0\0\0\0\0\0\0\0\0\0\0\0\0\0\0\0\0\0\0\0\0\0\0\0\0\0\0\0\0\0\0\0\0\0\0\0\0\0\0\0\0\0\0\0\0\0\0\0\0\0\0\0\0\0\0\0\0\0\0\0\0\0\0\0\0\0\0\0\0\0\0\0\0\0\0\0\0\0\0\0\0\0\0\0\0\0\0\0\0\0\0\0\0\0\0\0\0\0\0\0\0\0\0\0\0\0\0\0\0\0\0\0\0\0\0\0\0\0\0\0\0\0\0\0\0\0\0\0\0\0\0\0\0\0\0\0\0\0\0\0\0\0\0\0\0\0\0\0\0\0\0\0\0\0QK0C{tMJL|m\r6iH}{vKr.UG{N6@iBP7B]e\"n4-MM1`v77WKB6	!33<06#He 8\ZhpG*gAP*&t{|Hm6^8 q7t9W3Wa[	HX+%gt5{(:c\rADm6vlO	I1Lg<#vU.g\0_\r\0\0\0PK-\0\0\0\0\0\0!\0I\0\0\0\0\0\0\0\0\0\0\0\0\0\0\0\0\0\0\0\0\0[Content_Types].xmlPK-\0\0\0\0\0\0!\0\Z\0\0\0N\0\0\0\0\0\0\0\0\0\0\0\0\0\0\0\0\0_rels/.relsPK-\0\0\0\0\0\0!\0*BC\0\0\0\0\0\0\0\0\0\0\0\0\0\0\0\0\0\0\0word/_rels/document.xml.relsPK-\0\0\0\0\0\0!\0C\"(\0\02I\0\0\0\0\0\0\0\0\0\0\0\0\0\0	\0\0word/document.xmlPK-\0\0\0\0\0\0!\0\0\0P\0\0\0\0\0\0\0\0\0\0\0\0\0\0\01\0\0word/theme/theme1.xmlPK-\0\0\0\0\0\0!\0\n9\0\0s\0\0\0\0\0\0\0\0\0\0\0\0\0\0\08\0\0word/settings.xmlPK-\0\0\0\0\0\0!\0Da	\0\0I\0\0\0\0\0\0\0\0\0\0\0\0\0\0\0D<\0\0word/styles.xmlPK-\0\0\0\0\0\0!\0&en\0\0\0\0\0\0\0\0\0\0\0\0\0\0\0\0\0E\0\0word/numbering.xmlPK-\0\0\0\0\0\0!\0/\0\0\0U\0\0\0\0\0\0\0\0\0\0\0\0\0\0\0I\0\0customXml/itemProps1.xmlPK-\0\0\0\0\0\0!\0t?9z\0\0\0(\0\0\0\0\0\0\0\0\0\0\0\0\0\0\0J\0\0customXml/_rels/item1.xml.relsPK-\0\0\0\0\0\0!\0~*\0\0\0\0\0\0\0\0\0\0\0\0\0\0\0\0\0L\0\0docProps/app.xmlPK-\0\0\0\0\0\0!\0~\0\0\0\0\0\0\0\0\0\0\0\0\0\0\0\0\0\0\0O\0\0customXml/item1.xmlPK-\0\0\0\0\0\0!\0h?\0\0\0\0\0\0\0\0\0\0\0\0\0\0\0\0\0P\0\0word/fontTable.xmlPK-\0\0\0\0\0\0!\0UIv\0\0?\0\0\0\0\0\0\0\0\0\0\0\0\0\0\0WS\0\0word/webSettings.xmlPK-\0\0\0\0\0\0!\0O\0\0a=\0\0\Z\0\0\0\0\0\0\0\0\0\0\0\0\0T\0\0word/stylesWithEffects.xmlPK-\0\0\0\0\0\0!\0?jLO\0\0~\0\0\0\0\0\0\0\0\0\0\0\0\0\0\0\\\0\0docProps/core.xmlPK\0\0\0\0\0\0\0\0~_\0\0\0\0',1,6,NULL,NULL),(2,'Enlace agenda 7-29.docx','15803','application/vnd.openxmlformats-officedocument','PK\0\0\0\0\0!\0!}\0\0\0\0\0[Content_Types].xml (\0\0\0\0\0\0\0\0\0\0\0\0\0\0\0\0\0\0\0\0\0\0\0\0\0\0\0\0\0\0\0\0\0\0\0\0\0\0\0\0\0\0\0\0\0\0\0\0\0\0\0\0\0\0\0\0\0\0\0\0\0\0\0\0\0\0\0\0\0\0\0\0\0\0\0\0\0\0\0\0\0\0\0\0\0\0\0\0\0\0\0\0\0\0\0\0\0\0\0\0\0\0\0\0\0\0\0\0\0\0\0\0\0\0\0\0\0\0\0\0\0\0\0\0\0\0\0\0\0\0\0\0\0\0\0\0\0\0\0\0\0\0\0\0\0\0\0\0\0\0\0\0\0\0\0\0\0\0\0\0\0\0\0\0\0\0\0\0\0\0\0\0\0\0\0\0\0\0\0\0\0\0\0\0\0\0\0\0\0\0\0\0\0\0\0\0\0\0\0\0\0\0\0\0\0\0\0\0\0\0\0\0\0\0\0\0\0\0\0\0\0\0\0\0\0\0\0\0\0\0\0\0\0\0\0\0\0\0\0\0\0\0\0\0\0\0\0\0\0\0\0\0\0\0\0\0\0\0\0\0\0\0\0\0\0\0\0\0\0\0\0\0\0\0\0\0\0\0\0\0\0\0\0\0\0\0\0\0\0\0\0\0\0\0\0\0\0\0\0\0\0\0\0\0\0\0\0\0\0\0\0\0\0\0\0\0\0\0\0\0\0\0\0\0\0\0\0\0\0\0\0\0\0\0\0\0\0\0\0\0\0\0\0\0\0\0\0\0\0\0\0\0\0\0\0\0\0\0\0\0\0\0\0\0\0\0\0\0\0\0\0\0\0\0\0\0\0\0\0\0\0\0\0\0\0\0\0\0\0\0\0\0\0\0\0\0\0\0\0\0\0\0\0\0\0\0\0\0\0\0\0\0\0\0\0\0\0\0\0\0\0\0\0\0\0\0\0\0\0\0\0\0\0\0\0\0\0\0\0\0\0\0\0\0\0\0\0\0\0\0\0\0\0\0\0\0\0\0\0\0\0\0\0\0\0\0\0\0\0\0\0\0\0\0\0\0\0\0\0\0\0\0\0\0\0\0\0\0\0\0\0\0\0\0\0\0\0\0\0\0\0\0\0\0\0\0\0\0\0\0\0\0\0MO@&f]`pP<*v\nY\Z4@Q}+]DIY72{a&55 zHm0e(g&z-)wB~)NKk{Oy>$\ndcJpPR\"H7		)=8So	JUH\"4ak:Crfs%n[	Ts]$lr\'A\ZV*yKOm{\Z@>%{m7V%Lb$I\'Th[!\r{6Ges,sC\ZbNRS;AA3yHA9b3dj\0\0\0\0PK\0\0\0\0\0!\0\Z\0\0\0N\0\0\0_rels/.rels (\0\0\0\0\0\0\0\0\0\0\0\0\0\0\0\0\0\0\0\0\0\0\0\0\0\0\0\0\0\0\0\0\0\0\0\0\0\0\0\0\0\0\0\0\0\0\0\0\0\0\0\0\0\0\0\0\0\0\0\0\0\0\0\0\0\0\0\0\0\0\0\0\0\0\0\0\0\0\0\0\0\0\0\0\0\0\0\0\0\0\0\0\0\0\0\0\0\0\0\0\0\0\0\0\0\0\0\0\0\0\0\0\0\0\0\0\0\0\0\0\0\0\0\0\0\0\0\0\0\0\0\0\0\0\0\0\0\0\0\0\0\0\0\0\0\0\0\0\0\0\0\0\0\0\0\0\0\0\0\0\0\0\0\0\0\0\0\0\0\0\0\0\0\0\0\0\0\0\0\0\0\0\0\0\0\0\0\0\0\0\0\0\0\0\0\0\0\0\0\0\0\0\0\0\0\0\0\0\0\0\0\0\0\0\0\0\0\0\0\0\0\0\0\0\0\0\0\0\0\0\0\0\0\0\0\0\0\0\0\0\0\0\0\0\0\0\0\0\0\0\0\0\0\0\0\0\0\0\0\0\0\0\0\0\0\0\0\0\0\0\0\0\0\0\0\0\0\0\0\0\0\0\0\0\0\0\0\0\0\0\0\0\0\0\0\0\0\0\0\0\0\0\0\0\0\0\0\0\0\0\0\0\0\0\0\0\0\0\0\0\0\0\0\0\0\0\0\0\0\0\0\0\0\0\0\0\0\0\0\0\0\0\0\0\0\0\0\0\0\0\0\0\0\0\0\0\0\0\0\0\0\0\0\0\0\0\0\0\0\0\0\0\0\0\0\0\0\0\0\0\0\0\0\0\0\0\0\0\0\0\0\0\0\0\0\0\0\0\0\0\0\0\0\0\0\0\0\0\0\0\0\0\0\0\0\0\0\0\0\0\0\0\0\0\0\0\0\0\0\0\0\0\0\0\0\0\0\0\0\0\0\0\0\0\0\0\0\0\0\0\0\0\0\0\0\0\0\0\0\0\0\0\0\0\0\0\0\0\0\0\0\0\0\0\0\0\0\0\0\0\0\0\0\0\0\0\0\0\0\0\0\0\0\0\0\0\0\0\0\0\0\0\0\0\0\0\0\0\0\0\0\0\0JAa}7\n\"Hw\"w P^O;<aY`GkxmPY[g\rGino/<<1A$>\"f3\\TI	SWY\rig@X6_]7\Z~\nfao.b*lIrj),\Zl0%b\n6iD_,		|uZ^ty;!Y,}{C/h>\0\0\0PK\0\0\0\0\0!\0D,\0\0>\0\0\0word/_rels/document.xml.rels (\0\0\0\0\0\0\0\0\0\0\0\0\0\0\0\0\0\0\0\0\0\0\0\0\0\0\0\0\0\0\0\0\0\0\0\0\0\0\0\0\0\0\0\0\0\0\0\0\0\0\0\0\0\0\0\0\0\0\0\0\0\0\0\0\0\0\0\0\0\0\0\0\0\0\0\0\0\0\0\0\0\0\0\0\0\0\0\0\0\0\0\0\0\0\0\0\0\0\0\0\0\0\0\0\0\0\0\0\0\0\0\0\0\0\0\0\0\0\0\0\0\0\0\0\0\0\0\0\0\0\0\0\0\0\0\0\0\0\0\0\0\0\0\0\0\0\0\0\0\0\0\0\0\0\0\0\0\0\0\0\0\0\0\0\0\0\0\0\0\0\0\0\0\0\0\0\0\0\0\0\0\0\0\0\0\0\0\0\0\0\0\0\0\0\0\0\0\0\0\0\0\0\0\0\0\0\0\0\0\0\0\0\0\0\0\0\0\0\0\0\0\0\0\0\0\0\0\0\0\0\0\0\0\0\0\0\0\0\0\0\0\0\0\0\0\0\0\0\0\0\0\0\0\0\0\0\0N0HC;M;`Ch.+qNSh*=-+=:5	`+S$}r$arQ[	;\0Mz}~Z/j0.V5,AmguZ]!?E|EK,x<an`wh|?UJUG#jg@z?\n]B8[\'+\Z:cbNvs7{g)\ZY7 fO/(N	~}\0\0\0PK\0\0\0\0\0!\0,\0\0[\0\0\0\0\0word/document.xmlYn6w8$O~+4$MSC@KaTI{\\dX:Ml:<=z	6\\\r\0eb.\0e2fBI<h?=-XEE&,0HND)fle<TQS*w^	3A.[rHYt&iC.^Fam \'V^bicG 4)oRmb4I&urpYIQnE0J(U\\~o:#NuLhX1.gj,4xH}kU3sr0mr<\Zu|f`uRc\0Y^$Ri6dQWPSC_no{)X!#R+;H&mT_#*49\\A=`_)b^ UkCM:W,UX/\n1-!7	\\eblS*$5%bQdhGYoKn%,,Oe(*.&)l\"n5Ajp9caQ.SU@$HU3FEY2$H$)6PlC0IC.JBK0+(.eI@ZK=?8U+6EXAYTz|M.16Hx?i`Kj\"GB9,^cCMgfB(\'\r Pj%gY@a[FLGy_sw\Z;0*[>~i<\\9qo\'DhB<gB<~}WKzH}oa5\nQAV+\ZR|!6}c;kgO1>2Nmafe~Ven#vnl=S	y6!,lMBDMB\\YmEzZF4TYf-g2O%||%cn`\\QDV8cRUbG&b5DV\Z\\#\"nG{iY,>WI$D?\r	cdSS6n\nY((Bw8BM`hB*}kUKQu@Ck[G%Ppvq=rjSf+.oR\\qrl!#M4Je*{YOH-\"?C*c\nQndj\'9	=kdKCS\"PZenwwlH2;#=9]TL|;Qo{)IAe8=\r+zaPSH8,#\\qqy7\'aek\'WH+~o(sV|zE$Pn~tt@{#(IazH	:5x+\\s/=JA\\cg\0\0\0PK\0\0\0\0\0!\00C)\0\0\0\0\0\0\0word/theme/theme1.xmlYOo6w toc\'v\Zu-MniP@I}ama[4:lGRX^6>$!)O^rC$y@/yH*)UDb`}\"qJX^)I`nEp)liV[]1M<\ZOP6r=zgbIguSebORDqu	gZo~lAplxpT0+[}`jzA\0V2Fi@qv5\\|NleXdsjcs7f\rW+7`gJ\Zj|h(KD-\0\rdXiJ(x$(:;!I_TS1?E??ZBmU/?~xY\'y5g&/>GMGeD3Vq%\'#q$8K)fw9:\nx}rxwr:\\TZaG*y8IjbRc|XI\nu3KGnD1NIBs\nRuK>V.EL+M2#\'fi~Vvl{u8zH\n*:(W\r~JTe\\O*tHGHY\0}KNP*T9/#A7qZ$*c?qUnwN%Oi4=3N)cbJ\ruV4(Tn\n7_?m-{UBw<w_$#[8{(/$0hF{L)#7i%=A:s$),Qg20ppf\r\\}DU4p\nM{DB%J+{lC]=5\n2FhsF+Y\\n:3E[69`&45Z!*5k8`Fmw-\"d>zn\"ZxJZp;\Z{/<P;,)\'\'KQk5qpN8KGbe\rSd\\17	pa>SR!\r\r3\0K4\'+rzQ\nTTIIvt]KcK#v5+|D\Z~O@%\\w_nN[L9KqgVhn\nR!y+Un;*&/HrT	>>\\\rt=.T\n\ZS; Z~!P9giC!#	B,;X=,I2UWV9$lk=Aj;{AP79|s*Y;[MChf]o{oY=1k\ZyV\0V5E8Vk+\\80X4D)!!?*|fv\ru\"xA@T_q64)kuV7t\'%;i9s9x,-45xd8?d/Y|t&LILJ`& -Gt/\0\0\0\0PK\0\0\0\0\0!\0^I\0\0\n\0\0\0\0\0word/settings.xmlVn8}_`sK$^!NMm:	(qlE )+wHq\\AEs\rh%I@V2%4K$%\\I%[0:os	irQu>j\rUDRiA,^j ~j~DM,+gv;iQ2L2jiJKVA5{kU5\Z8YDkZ$6G6Km/\Z	)ZU`6H L^J}g\nv~_YmF\0(D6\'J^+lq&\0Q-+i\'bjYXbuL\r{Vzh&6KpO$=&[(!hfNp^89{D$isFG|4ZqhOJ6j](P{ew[#c@{	[-r=wY\ZypQDhzS}Oh9j+P>[\"=h26,Zc>50+lV<Qu	a%0PCcP\\PW<LK)Q;;\\Jp\0H;\Z@leC|\'7]gDNL7llCfB-8|8=3N1Y]?\\ep1Oga`E8\'@\"n $E^pkN8\"PSfkXz|AjgGrcZ5u\n D,Hz`W6sX\0,(b}5)W,l~YQ@r5xCx,_H2C67wIMvH6_pl/9g)?Y\nW[a53:{B7Mo3ega IsUu<\'\\Q{X2q*h-gPJcE-T/~\0\0\0\0PK\0\0\0\0\0!\05\0\01\0\0\0\0\0word/styles.xmlZMS8odP\rUj\ZQYf ~[mc ac[j!\n{(!?z3=r)s}T%eg#Wa{+\0bu3@k1FnxW2X\n b]daXPpx\\DOdE<N~eb\nmLD\\)txq	3\'@*}\r4+\n}/\nncENeaerKsNe*o{T o+1m{J`Gj75.C=g>nb	,`8k#[5\r7YAs<37o.!`Juo#U,8[b^Feu)d3|0C7:]\"Bm)lGzk\\D{gPcfb+\'_\'wp.$8Wl*\"U)~\"\ryHDD5SV],k.y]=:v.7\02\\So9Zz-Q{?D,IocKoRdQ(cwX=-iO[(9iI|xx{:Se(Us[J6\nNm,wwi+t]6QlhQz&+~/k]QT%Km6&\r\'dS]9{{829PDSR7DiQl-sNIW[B	amkk[@EmQhdQ1J)(-\nB8B8B8B8	?KReuREKP)B[27R{[ P-\n\rB(@4PJRgRgRgRgRgR\'g	Y.T\nah	Q*U_\0{Ek\nX)TbD*Eq*p*p*p*p*p*1P)B6uR?[__ Tjo*E!RJ)T,T\n,T\n,T\n,T\n,T\n$Tb,R?KJ!l-!B6~\nh^ Tjo*E!RJ)T,T\n,T\n,T\n,T\n,T\n$Tb,R?KJ!l-!B6~{BG_=SW|a[n[l7Y;<i@\"?Q?>{H5/cx\Z\'SPx	,,6Pb	=U!gPaj1.\0[,O1qD&Ji_EI.A^lz?l=2q\ZaH]Y0(CJ1\r\\!X5,O*mL	cCp8L/7z=;7z/E^@`CMjfiB_\\eeE`ea?[A/fFi;Z	hZOPaGL*(=u*~2E>a&yCB;cx<u@1&(9ae\rQ/`N;\"Q 3a{AZKhK#-+[y])>N);f->_a\\&=!,30Oy,Y*B|`y\'7	2!_\r@!Vc52Mem`M\'\0L~8<1u@<zH5Dx\n}#LAhzio.	Y#A\0G\r[;Vr8Q5Q4Qf1|3w>lsz\niH4r#TJ\0I[?#\08f,4d ~+kX&_u~,l)VvRUaaL&U,~\0\0\0PK\0\0\0\0\0!\0-+\0\04\0\0\Z\0\0\0word/stylesWithEffects.xmlZMs6o}fT&|q&#O 1Ip	\ZAMa.$\0/?(x2Yo&\'a9~(P9K6,	_\ZyPsU\0\0Zp9yU1SobfRm&Xn\"6d:_i&Cv\'F.h2	YrFfeEz)ZD\"e#\"K36YEFFoiy-\"I=32Q;8\r\\zr\r)vtzAC2T#(8g8cfDCXpgIDbaM3Ss&nGi ]XGA.nu{Qe53\n}IP@xEr733Pu>}HTYkuK\0EO;b,;[}GPo$*[\rr*e2|U#^k&dZV[X|\rx]M}O(F($_fsHm>y\nKX=iT\"|^(D;oPucb+/_;:pz%\\X\Z~rWS&qR^(@^uggR/?)_#6<;:My;RPwx,XZ;M8z/-oQ4	z9zoDWR<n\Z{z4yRG-qq8+#J+d$mUsN+qgD])8weUa{qLk5y]oe0!\\~O?MF_Y2K*fB853I`;xsA~q9&g\0O`%,IKQ\\Sss-	.v]#ARi5E/\nNRoRoRoR/JQ\\iY$*phBtKGTj\n%*wEE1KT\nDxBxBxBxBxBxETO&Q)+E-DDbs8-Z+,Q)+-KTMT\nMT\nMT\nMT\nMT\nETb~Q)+?-DMRW~v(@Tj\n%*wEE1KT\nDxBxBxBxBxBxETO&Q)+E-DD#J]D((fJQ\\hXRoRoRoRoRoR/JQ\\iY$*phBSE<h5:5~e<-Nc;Jf}cXGB\'w3-/a*R1K)(4K<tA9:?tA*8L-6`)6C)\rWpfRui([A^hLX?AWP~U%\"H[OW;\'wuTm^@t2_i8zwz/nE^@*a.CMjf2/,>7\"o)~_|ebOK2,k(iQU<CE%t?eTA<TyW(c*_veP\'YQ<1y00y4pSg6 uxlbT=M:\'DD)Q\'dN\r0,wDI: Y!GSmg/5HnFm`3tJ}@eR f+>N]IM;#z/y:*%~$Z\\6?X	<QCe4[\04`5Vj-\\@XzNx3S\'wRIf@\rI BAhVzio/^`\ZzN:ddxGf\0=+r9Q7QhbzU;\Z>lT\n=!<5!-*54PF^{z[?p P.G9ak\"S([Y@$2Kde[O^M,xF1\r\0\0\0PK\0\0\0\0\0!\0c\0\0\0\0\0docProps/app.xml (\0\0\0\0\0\0\0\0\0\0\0\0\0\0\0\0\0\0\0\0\0\0\0\0\0\0\0\0\0\0\0\0\0\0\0\0\0\0\0\0\0\0\0\0\0\0\0\0\0\0\0\0\0\0\0\0\0\0\0\0\0\0\0\0\0\0\0\0\0\0\0\0\0\0\0\0\0\0\0\0\0\0\0\0\0\0\0\0\0\0\0\0\0\0\0\0\0\0\0\0\0\0\0\0\0\0\0\0\0\0\0\0\0\0\0\0\0\0\0\0\0\0\0\0\0\0\0\0\0\0\0\0\0\0\0\0\0\0\0\0\0\0\0\0\0\0\0\0\0\0\0\0\0\0\0\0\0\0\0\0\0\0\0\0\0\0\0\0\0\0\0\0\0\0\0\0\0\0\0\0\0\0\0\0\0\0\0\0\0\0\0\0\0\0\0\0\0\0\0\0\0\0\0\0\0\0\0\0\0\0\0\0\0\0\0\0\0\0\0\0\0\0\0\0\0\0\0\0\0\0\0\0\0\0\0\0\0\0\0\0\0\0\0\0\0\0\0\0\0\0\0\0\0\0\0\0\0Sn0?SIAmXN,R$An_drSu!|o\r;@U6L3VRz/7(m)G!hA<V	-u*Z:wU<9v:]`K(o07.KKR= \'8fR:ly>TyPB fwT25D1yWJx| G9J\"+i\\t|<(<d> dAAoNIkQILn&(tE!2hiKc}Ghh7cX4K`*q!>W1CugwuZ/Ql^[0`{G*nHIqu8rf\"dOF#7AI]\n|C.<w#9b6Lv&~\0\0\0PK\0\0\0\0\0!\0h\n\0\0\0\0\0docProps/core.xml (\0\0\0\0\0\0\0\0\0\0\0\0\0\0\0\0\0\0\0\0\0\0\0\0\0\0\0\0\0\0\0\0\0\0\0\0\0\0\0\0\0\0\0\0\0\0\0\0\0\0\0\0\0\0\0\0\0\0\0\0\0\0\0\0\0\0\0\0\0\0\0\0\0\0\0\0\0\0\0\0\0\0\0\0\0\0\0\0\0\0\0\0\0\0\0\0\0\0\0\0\0\0\0\0\0\0\0\0\0\0\0\0\0\0\0\0\0\0\0\0\0\0\0\0\0\0\0\0\0\0\0\0\0\0\0\0\0\0\0\0\0\0\0\0\0\0\0\0\0\0\0\0\0\0\0\0\0\0\0\0\0\0\0\0\0\0\0\0\0\0\0\0\0\0\0\0\0\0\0\0\0\0\0\0\0\0\0\0\0\0\0\0\0\0\0\0\0\0\0\0\0\0\0\0\0\0\0\0\0\0\0\0\0\0\0\0\0\0\0\0\0\0\0\0\0\0\0\0\0\0\0\0\0\0\0\0\0\0\0\0\0\0\0\0\0\0\0\0\0\0\0\0\0\0\0\0\0Mo0KZ6Um4Ic[H(	tK[(T[lylI:)Dpc\n@RfmQ`%!CX4R86$i3sN\'[WH_(SC=F#\ZNHF;>\0 \0,1hTw;f3;,A9jc\ZrY{E)N@k]\0qs 8	JJj{Je^,5\\;m^n_w=U7z-\ryCqoSz(C8I2\'QY_&$N8W\0\0\0PK\0\0\0\0\0!\0\Z\0\0	\0\0\0\0\0word/fontTable.xml]o0\'?D/q5T--.q\"#4&1I^{U+Q$U3.<X\"gPeh}tS\rs%`4CA3&iIW=UyE(S^pS&$sN+c\nYKUJJ(3,O.aA VFb\n\'?EdZ\0*\\T\r% Js\'VHeX/Nq\0);(vQhv\"rN/*iFJn+9+3~%Pwm.0_*~qd2qs@8U~q0g.q$JyGHH8F<B4w/#<re\0HdeU/DQF:0Gmxkc-8Y2pyk\'-&rYp}Qvi?%x80|@8h07?cxaaJjs$2&S3\'w34Kh.; .sn 	O6mH&$G$p5$9KbO~\0\0\0PK\0\0\0\0\0!\0N\0\0\0\0\0\0\0word/webSettings.xmlJ1;,\"t R\"\0ivvdLjOo ^z$@_f^\nS/$0O:QbgH(AZ[n)B(#1TJ4\Z~%&.U]_oQh;;l]-e!2Y)?yh\\e?e\Z,OUxB*sP}br>aM|XKd\0\0\0PK\0\0\0\0\0!\0B\0\0%\0\0\0\0\0word/numbering.xmlZn0Goq4+TCCM\";ic\nM6,\"?s?-gQJ1cuhut3)[>r9;C2G<MxN8Jj9Kc}9K~((A9:^&\"`TXkcu%G=)PFFQFL #2\n	Uqkg4W\rR9MVLq^7gEe)?d\r^+WXS`~U5hd+bT6<1K8T*JfIiNBRLd6EyU)9NZH\',Zaxw\nOtp~xgtt\nAK\rw==YvJHg(:`1MyU/c-\n_fD&\nP/rJAe$c+r[>el9\\04#1:Or\" uLoe(Qdi1tt#00)FXyU\0)F[C\0!xkx|\0JlkF\Z@\Zy\'6JC3h\Z4\'qZ4tj>{-ftY60\"{m6MSR%,:f9)PqQ2oFWTT)nm-(W[i:5(/5=w>IQv([qP/GyECyn8xGy9[]U!oW5{NN9M\\U^K5KsU_F8WE\\POV2?c! =gC2b;$+Ge\0\0\0\0PK-\0\0\0\0\0\0!\0!}\0\0\0\0\0\0\0\0\0\0\0\0\0\0\0\0\0\0\0\0\0[Content_Types].xmlPK-\0\0\0\0\0\0!\0\Z\0\0\0N\0\0\0\0\0\0\0\0\0\0\0\0\0\0\0\0\0_rels/.relsPK-\0\0\0\0\0\0!\0D,\0\0>\0\0\0\0\0\0\0\0\0\0\0\0\0\0\0\0\0word/_rels/document.xml.relsPK-\0\0\0\0\0\0!\0,\0\0[\0\0\0\0\0\0\0\0\0\0\0\0\0\0\0Y	\0\0word/document.xmlPK-\0\0\0\0\0\0!\00C)\0\0\0\0\0\0\0\0\0\0\0\0\0\0\0\0\0\0\0word/theme/theme1.xmlPK-\0\0\0\0\0\0!\0^I\0\0\n\0\0\0\0\0\0\0\0\0\0\0\0\0\0\0\0\0word/settings.xmlPK-\0\0\0\0\0\0!\05\0\01\0\0\0\0\0\0\0\0\0\0\0\0\0\0\0\0\0word/styles.xmlPK-\0\0\0\0\0\0!\0-+\0\04\0\0\Z\0\0\0\0\0\0\0\0\0\0\0\0\0i#\0\0word/stylesWithEffects.xmlPK-\0\0\0\0\0\0!\0c\0\0\0\0\0\0\0\0\0\0\0\0\0\0\0\0\0\\,\0\0docProps/app.xmlPK-\0\0\0\0\0\0!\0h\n\0\0\0\0\0\0\0\0\0\0\0\0\0\0\0\0\0/\0\0docProps/core.xmlPK-\0\0\0\0\0\0!\0\Z\0\0	\0\0\0\0\0\0\0\0\0\0\0\0\0\0\0D2\0\0word/fontTable.xmlPK-\0\0\0\0\0\0!\0N\0\0\0\0\0\0\0\0\0\0\0\0\0\0\0\0\04\0\0word/webSettings.xmlPK-\0\0\0\0\0\0!\0B\0\0%\0\0\0\0\0\0\0\0\0\0\0\0\0\0\006\0\0word/numbering.xmlPK\0\0\0\0\r\0\r\0I\0\0\\:\0\0\0\0',2,6,NULL,NULL),(3,'Slide notes.docx','13178','application/vnd.openxmlformats-officedocument','PK\0\0\0\0\0!\0	$\0\0\0\0\0[Content_Types].xml (\0\0\0\0\0\0\0\0\0\0\0\0\0\0\0\0\0\0\0\0\0\0\0\0\0\0\0\0\0\0\0\0\0\0\0\0\0\0\0\0\0\0\0\0\0\0\0\0\0\0\0\0\0\0\0\0\0\0\0\0\0\0\0\0\0\0\0\0\0\0\0\0\0\0\0\0\0\0\0\0\0\0\0\0\0\0\0\0\0\0\0\0\0\0\0\0\0\0\0\0\0\0\0\0\0\0\0\0\0\0\0\0\0\0\0\0\0\0\0\0\0\0\0\0\0\0\0\0\0\0\0\0\0\0\0\0\0\0\0\0\0\0\0\0\0\0\0\0\0\0\0\0\0\0\0\0\0\0\0\0\0\0\0\0\0\0\0\0\0\0\0\0\0\0\0\0\0\0\0\0\0\0\0\0\0\0\0\0\0\0\0\0\0\0\0\0\0\0\0\0\0\0\0\0\0\0\0\0\0\0\0\0\0\0\0\0\0\0\0\0\0\0\0\0\0\0\0\0\0\0\0\0\0\0\0\0\0\0\0\0\0\0\0\0\0\0\0\0\0\0\0\0\0\0\0\0\0\0\0\0\0\0\0\0\0\0\0\0\0\0\0\0\0\0\0\0\0\0\0\0\0\0\0\0\0\0\0\0\0\0\0\0\0\0\0\0\0\0\0\0\0\0\0\0\0\0\0\0\0\0\0\0\0\0\0\0\0\0\0\0\0\0\0\0\0\0\0\0\0\0\0\0\0\0\0\0\0\0\0\0\0\0\0\0\0\0\0\0\0\0\0\0\0\0\0\0\0\0\0\0\0\0\0\0\0\0\0\0\0\0\0\0\0\0\0\0\0\0\0\0\0\0\0\0\0\0\0\0\0\0\0\0\0\0\0\0\0\0\0\0\0\0\0\0\0\0\0\0\0\0\0\0\0\0\0\0\0\0\0\0\0\0\0\0\0\0\0\0\0\0\0\0\0\0\0\0\0\0\0\0\0\0\0\0\0\0\0\0\0\0\0\0\0\0\0\0\0\0\0\0\0\0\0\0\0\0\0\0\0\0\0\0\0\0\0\0\0\0\0\0\0\0\0\0\0\0\0\0\0\0\0\0\0\0\0\0\0\0\0\0\0\0\0\0\0\0\0\0\0\0\0\0\0MO@&Wz0M.C~dgJKZ23J<*kROz,#m,eEDi\rl\rFt\0#6\"w9:0t[E[?N1~piM\0Pir1/C4^C,_R&+Hd\\CBwPV*h\"|x0gV5iy$4V\"e9BA)jT(y>vw\Zv(SLqWUDXQw4\ZS^	0F\"\\gsldYdLuHc\Z9>(hVD5{A7t	\0\0\0PK\0\0\0\0\0!\0\Z\0\0\0N\0\0\0_rels/.rels (\0\0\0\0\0\0\0\0\0\0\0\0\0\0\0\0\0\0\0\0\0\0\0\0\0\0\0\0\0\0\0\0\0\0\0\0\0\0\0\0\0\0\0\0\0\0\0\0\0\0\0\0\0\0\0\0\0\0\0\0\0\0\0\0\0\0\0\0\0\0\0\0\0\0\0\0\0\0\0\0\0\0\0\0\0\0\0\0\0\0\0\0\0\0\0\0\0\0\0\0\0\0\0\0\0\0\0\0\0\0\0\0\0\0\0\0\0\0\0\0\0\0\0\0\0\0\0\0\0\0\0\0\0\0\0\0\0\0\0\0\0\0\0\0\0\0\0\0\0\0\0\0\0\0\0\0\0\0\0\0\0\0\0\0\0\0\0\0\0\0\0\0\0\0\0\0\0\0\0\0\0\0\0\0\0\0\0\0\0\0\0\0\0\0\0\0\0\0\0\0\0\0\0\0\0\0\0\0\0\0\0\0\0\0\0\0\0\0\0\0\0\0\0\0\0\0\0\0\0\0\0\0\0\0\0\0\0\0\0\0\0\0\0\0\0\0\0\0\0\0\0\0\0\0\0\0\0\0\0\0\0\0\0\0\0\0\0\0\0\0\0\0\0\0\0\0\0\0\0\0\0\0\0\0\0\0\0\0\0\0\0\0\0\0\0\0\0\0\0\0\0\0\0\0\0\0\0\0\0\0\0\0\0\0\0\0\0\0\0\0\0\0\0\0\0\0\0\0\0\0\0\0\0\0\0\0\0\0\0\0\0\0\0\0\0\0\0\0\0\0\0\0\0\0\0\0\0\0\0\0\0\0\0\0\0\0\0\0\0\0\0\0\0\0\0\0\0\0\0\0\0\0\0\0\0\0\0\0\0\0\0\0\0\0\0\0\0\0\0\0\0\0\0\0\0\0\0\0\0\0\0\0\0\0\0\0\0\0\0\0\0\0\0\0\0\0\0\0\0\0\0\0\0\0\0\0\0\0\0\0\0\0\0\0\0\0\0\0\0\0\0\0\0\0\0\0\0\0\0\0\0\0\0\0\0\0\0\0\0\0\0\0\0\0\0\0\0\0\0\0\0\0\0\0\0\0\0\0\0\0\0\0\0\0\0\0\0\0\0\0\0\0\0\0\0\0\0\0\0\0\0\0\0JAa}7\n\"Hw\"w P^O;<aY`GkxmPY[g\rGino/<<1A$>\"f3\\TI	SWY\rig@X6_]7\Z~\nfao.b*lIrj),\Zl0%b\n6iD_,		|uZ^ty;!Y,}{C/h>\0\0\0PK\0\0\0\0\0!\0|;9\"\0\0\0\0\0word/_rels/document.xml.rels (\0\0\0\0\0\0\0\0\0\0\0\0\0\0\0\0\0\0\0\0\0\0\0\0\0\0\0\0\0\0\0\0\0\0\0\0\0\0\0\0\0\0\0\0\0\0\0\0\0\0\0\0\0\0\0\0\0\0\0\0\0\0\0\0\0\0\0\0\0\0\0\0\0\0\0\0\0\0\0\0\0\0\0\0\0\0\0\0\0\0\0\0\0\0\0\0\0\0\0\0\0\0\0\0\0\0\0\0\0\0\0\0\0\0\0\0\0\0\0\0\0\0\0\0\0\0\0\0\0\0\0\0\0\0\0\0\0\0\0\0\0\0\0\0\0\0\0\0\0\0\0\0\0\0\0\0\0\0\0\0\0\0\0\0\0\0\0\0\0\0\0\0\0\0\0\0\0\0\0\0\0\0\0\0\0\0\0\0\0\0\0\0\0\0\0\0\0\0\0\0\0\0\0\0\0\0\0\0\0\0\0\0\0\0\0\0\0\0\0\0\0\0\0\0\0\0\0\0\0\0\0\0\0\0\0\0\0\0\0\0\0\0\0\0\0\0\0\0\0\0\0\0\0\0\0\0\0MO0&V]5-Sht\n.MfIZUq\"=loO.Y$m.+gAT!,MQH(XI\\qZb\ZaG;_K\n/x#,/d}?eh7)mg;kk4Df2/wBmw4A^#FkPHxAt~9\'ozWnMtVWkJlNWz^>\\\0\0\0PK\0\0\0\0\0!\0a@ \0\0\0\0\0\0\0word/document.xmlWn7}/+_ X\n81PcAv	Ii<+I.._QaVd$*T$7	9/T&Jxl%/wY3+V\06$)7~W*ZR]r)SfpSvj#\\Uh^Km+]O_	ZcBo=8`$Y[5n:\\M@Gax`@oDZB}\Z_.cIlpt.5Z<{YTMB]q8x,#bp.JH-.NcUV8OlpO\0\\i+%\"#\nLP=d?O`t=:=9OG7+W/\rn~:/egw;n\0Khc9[nmqZsPvb>@\"Nq3\"E?evQ?UhO3IlA(\n\nX7&_%\nSGnQQu!K{+du-|!<H2(VdJ0hl\\\nFVx18ch\\>yFYX}]C&J0I(zZ ^\\ 2pML$tHMCH\0\r@0WaamJeZ0F~@4~EHM%.Dioq;\"/+9}p5{2\nUIFJ\nvQBWyJD\r` T{[<[IF~nIDdO\Zx3UBAGkR3@B^I}rOhc(|o^~+Gy;D^WwV($\Z/5f2FR3_x	l!&F7V(LQpW1j.x\r\0\0\0PK\0\0\0\0\0!\00C)\0\0\0\0\0\0\0word/theme/theme1.xmlYOo6w toc\'v\Zu-MniP@I}ama[4:lGRX^6>$!)O^rC$y@/yH*)UDb`}\"qJX^)I`nEp)liV[]1M<\ZOP6r=zgbIguSebORDqu	gZo~lAplxpT0+[}`jzA\0V2Fi@qv5\\|NleXdsjcs7f\rW+7`gJ\Zj|h(KD-\0\rdXiJ(x$(:;!I_TS1?E??ZBmU/?~xY\'y5g&/>GMGeD3Vq%\'#q$8K)fw9:\nx}rxwr:\\TZaG*y8IjbRc|XI\nu3KGnD1NIBs\nRuK>V.EL+M2#\'fi~Vvl{u8zH\n*:(W\r~JTe\\O*tHGHY\0}KNP*T9/#A7qZ$*c?qUnwN%Oi4=3N)cbJ\ruV4(Tn\n7_?m-{UBw<w_$#[8{(/$0hF{L)#7i%=A:s$),Qg20ppf\r\\}DU4p\nM{DB%J+{lC]=5\n2FhsF+Y\\n:3E[69`&45Z!*5k8`Fmw-\"d>zn\"ZxJZp;\Z{/<P;,)\'\'KQk5qpN8KGbe\rSd\\17	pa>SR!\r\r3\0K4\'+rzQ\nTTIIvt]KcK#v5+|D\Z~O@%\\w_nN[L9KqgVhn\nR!y+Un;*&/HrT	>>\\\rt=.T\n\ZS; Z~!P9giC!#	B,;X=,I2UWV9$lk=Aj;{AP79|s*Y;[MChf]o{oY=1k\ZyV\0V5E8Vk+\\80X4D)!!?*|fv\ru\"xA@T_q64)kuV7t\'%;i9s9x,-45xd8?d/Y|t&LILJ`& -Gt/\0\0\0\0PK\0\0\0\0\0!\0-w\0\0S\n\0\0\0\0\0word/settings.xmlVn8}_`:/HxN*\0JDxH;$(h\'s93\rh%,er5Kd`,p%al$.\rXff%kk<MMAAr z\nzX)QJ,;I:5K\Z-b(XQK\\r\\\nO?7x^ jfjaeYvJI9ZU`6HP L{@/G}GBQW}v7VjCq\0\\oVRiRrv4M.p~(%m^I8$u\n%bk,x[Dq\Z7sQy}D9Fyhs#\rf@\rJi2\r\rYs\'72&\'4]U .Pq 9YUOh{[qg+|aD8,44b!cNZc=5+lV<Qui\r\\D c(.6MY:H!1jFM_~_q@6!>lk\r\n;1^0Kc];&.+eclz}zy93{Ok9\ZeC>gK|D^_k@\"K~dMaP44[j2S_x`9VMy1h:rETw\0x|(Db@gp?,H]eGr5%\0)WN7vCmqt~C*WZwgh-z$&`7eQvNB|7Ms&NsdO_YNU>%_ FfMj;r/X69<Y;8j9zG:G;)TPgP#[D<\0\0\0PK\0\0\0\0\0!\0\reh\0\0l\0\0\0\0\0word/webSettings.xmlUMO0#YJE4!$Q_1>7NulW;/N.._Vy	 I/&0*iyM2LQr|zr(E#d1> lN58.j,R*Cq@]K./0S\'2i;[s[LM~#;P6C\nIZZHfnR6IJ}\\7jrY$\r4N6^B+Bid:{A?g`N _XrA	&@2M6[P{,?Utw~\"Mwg9,d$zs\nJ~Fd;?qT |SpR]\0\0\0\0PK\0\0\0\0\0!\0C\0\0+\0\0\Z\0\0\0word/stylesWithEffects.xml]S:_s&miB?i)m`z\n`[>Bd[q\\AjciQ!p4xyx}uHE$<zIP\0 mRl0D,\\:x:`E<GC_.xDNIvGdXRL9`)QAJ&?\0zN[`\'fC!m2+*TeGf84x&,-4Xr4m1.	%qa&EvI\r])wD#}\\$%,\\s[l81/Mztk0HMY&vtAytFWd(?KQ~,??xd1K\\mvr;DHLE&mLHv;C\\/\',2fJrbTcP \\,	A<BJx}~)Pv4e_XS(v\\f1OD\"<Of\'hKLfPG*^(Dm}Fcm!kk1Mc!q\".^7#?Lb*SuR(\'cd\Z?_ma~\\&$kTW^ic\\.xId[_G\n>Zs-c-W&*!JhaY0xwz2vlVxo?n2x:J-sN{Z9_4w~m0u)OXmjO0ue5nH-,JpEH;54mZN<7UMqAwSzOzQK\" 9JGI\rWVW{g,i928u96w$u#zNs\"Mq%]cRE{B\'%~wEQyFv`+\rx/pVbP1[-T*2P1Veub+E-.TpgP#P+XP1\nSBobP1[%Td$b+?BWZD]V`_]QhH\nS\\hPP1[-T*Fx#^BEO*.TpElyb{W P+\n\rYb+\r*x#BobP1KIBW~ZP1B5g;*w*XbP1[-T*Fx#$TLqUY]JQ#\\\Z\nBfN+*wQnM}o{Y	5.l~\Z|)txshw~\n:Cy;t>3fsh([4\0[R^6+*g5Cw5p\\HTZ`uWvc\ZN;*0+aw8t+3RbSau^Iye?N=)&Oi|#f&toGC8@-R<x)>Et;K*#BTS{scF=Q|:Z=Pe7jIBRN\r+&gW~1},)BE\r9Wd,U@v.D\0\0\0\0PK\0\0\0\0\0!\0l_c}\0\0\0\0\0docProps/core.xml (\0\0\0\0\0\0\0\0\0\0\0\0\0\0\0\0\0\0\0\0\0\0\0\0\0\0\0\0\0\0\0\0\0\0\0\0\0\0\0\0\0\0\0\0\0\0\0\0\0\0\0\0\0\0\0\0\0\0\0\0\0\0\0\0\0\0\0\0\0\0\0\0\0\0\0\0\0\0\0\0\0\0\0\0\0\0\0\0\0\0\0\0\0\0\0\0\0\0\0\0\0\0\0\0\0\0\0\0\0\0\0\0\0\0\0\0\0\0\0\0\0\0\0\0\0\0\0\0\0\0\0\0\0\0\0\0\0\0\0\0\0\0\0\0\0\0\0\0\0\0\0\0\0\0\0\0\0\0\0\0\0\0\0\0\0\0\0\0\0\0\0\0\0\0\0\0\0\0\0\0\0\0\0\0\0\0\0\0\0\0\0\0\0\0\0\0\0\0\0\0\0\0\0\0\0\0\0\0\0\0\0\0\0\0\0\0\0\0\0\0\0\0\0\0\0\0\0\0\0\0\0\0\0\0\0\0\0\0\0\0\0\0\0\0\0\0\0\0\0\0\0\0\0\0\0\0\0Mo0KZ\"\riHi,1&Q(K[(T[lylI:9\"\\ b\\3cXG$#BIPM*Fi0\r<Im	n vW&tKQpGp\ruGDG$Rh\0bPtLa^h*J^m`y\',rP11\\5\\^Q@yh|\'t5@2(NbmRf=yK\r?fjA[]q`^5uK{^<nzv1XmJZSOt|0\Z2~LI}8w}	/\0\0\0\0PK\0\0\0\0\0!\0^3\0\0)\0\0\0\0\0word/styles.xmls8oJ~4!03P\nigV\rZ;U6jkWo$%d6GaH\"[G/@i,\\o^T\0\0,\\kOy3\\\"e\Z>A(iXDx8<\r+L\"KmRi<ZjGmeR4)y)N(Q!\\gA|4$hzd	o;:	_Cb]%$ZuQ}>2*N7\"`_mU|N9SL	,Sf3e`dv~81Yq4?p+$*G5\r7/es\r_BDx{y]Y@y*>8v\\1Hn2=D\"2W\06o;g;2\r_sf-BMc!\'<q<I|\'OZ$`0Ff/7gz)U#_k6b_^tE|-\r+sAAj:|kkMPzN]%41m&9Z9c->0>y,e=-[(9iI|*re<m0qLd$=mEuZW\"Y@*Y#MLk{tTQ7eMnK`_a~y|Ee_\nixOBS_6R]1{_fx9^jp]]7w%F.I^HuS\\5rL\\\'t\"\\m_W+~Q{W\ZgJqAE*T*Ex\"J^B%*.TpEJl*}$*w\n*XRP)[-T*Ex\"J%TJqUY]JQ\"\\*T|^?Q{W P+\n\rYR+\r*x\"JBoRP)KQBW~ZJP)BW!Tj\n*wE!1+TJqABoRP)[-T*Ex	?JOP)Q*EUxB@PR{W\ZBW \Z+TJ*Ex\"JBoRPJ)*\"\\)juR+?\\Y]#]q|hm]n]l7zV=oE\"$}1[a:n.Shw~\n$>BL&Y;\rclz6V*?t<?wUT?M\r\Zj,/Z fl8{[\r\n\0W00pT#7{g$RRvSIe5.-X9	|2.\rqZHem_!7z)?Et;^T\'q%M&\0xcFQae-Z0hlSd+)8 r_V/A!Jl*TU-Av~j@h?\0\0\0\0PK\0\0\0\0\0!\0O*\0\0\0\0\0\0\0word/fontTable.xmlMO0+|vB-)B,a?um_HW3NzP1RH+ZMKgsR@v%{	zt(0BcDKR4fn/;\rxjgRZ= ?u[#mHKB8~+{)WFF	ua\\V^3F4<_id75YLpncv\\U]sW	Nd8,w(?>A*s@mb+|V-TXT^8)|RH\\TgJu<Br!	dH$bU\0`uTB_&x2B$`T\0O-7o|&>%1\r,\0\0\0PK\0\0\0\0\0!\0(\0\0\0\0\0docProps/app.xml (\0\0\0\0\0\0\0\0\0\0\0\0\0\0\0\0\0\0\0\0\0\0\0\0\0\0\0\0\0\0\0\0\0\0\0\0\0\0\0\0\0\0\0\0\0\0\0\0\0\0\0\0\0\0\0\0\0\0\0\0\0\0\0\0\0\0\0\0\0\0\0\0\0\0\0\0\0\0\0\0\0\0\0\0\0\0\0\0\0\0\0\0\0\0\0\0\0\0\0\0\0\0\0\0\0\0\0\0\0\0\0\0\0\0\0\0\0\0\0\0\0\0\0\0\0\0\0\0\0\0\0\0\0\0\0\0\0\0\0\0\0\0\0\0\0\0\0\0\0\0\0\0\0\0\0\0\0\0\0\0\0\0\0\0\0\0\0\0\0\0\0\0\0\0\0\0\0\0\0\0\0\0\0\0\0\0\0\0\0\0\0\0\0\0\0\0\0\0\0\0\0\0\0\0\0\0\0\0\0\0\0\0\0\0\0\0\0\0\0\0\0\0\0\0\0\0\0\0\0\0\0\0\0\0\0\0\0\0\0\0\0\0\0\0\0\0\0\0\0\0\0\0\0\0\0\0\0RMo0|otY!>\niLdIt\"\'{lUY&P}RLb\\),f>o(IM+.{4!8MMc\r>\'y]7	}U	f!`iBsVuBHx-f9RIb\r-r\ZF[~XB\r_G8rlk42w\nXXm;3pF /\0BG$Cq\rh9M~Chopana7XEl#\\r<[=F/U\0\0\0PK-\0\0\0\0\0\0!\0	$\0\0\0\0\0\0\0\0\0\0\0\0\0\0\0\0\0\0\0\0\0[Content_Types].xmlPK-\0\0\0\0\0\0!\0\Z\0\0\0N\0\0\0\0\0\0\0\0\0\0\0\0\0\0\0\0\0_rels/.relsPK-\0\0\0\0\0\0!\0|;9\"\0\0\0\0\0\0\0\0\0\0\0\0\0\0\0\0\0\0\0word/_rels/document.xml.relsPK-\0\0\0\0\0\0!\0a@ \0\0\0\0\0\0\0\0\0\0\0\0\0\0\0\0\0B	\0\0word/document.xmlPK-\0\0\0\0\0\0!\00C)\0\0\0\0\0\0\0\0\0\0\0\0\0\0\0\0\0\r\0\0word/theme/theme1.xmlPK-\0\0\0\0\0\0!\0-w\0\0S\n\0\0\0\0\0\0\0\0\0\0\0\0\0\0\0l\0\0word/settings.xmlPK-\0\0\0\0\0\0!\0\reh\0\0l\0\0\0\0\0\0\0\0\0\0\0\0\0\0\0\0\0word/webSettings.xmlPK-\0\0\0\0\0\0!\0C\0\0+\0\0\Z\0\0\0\0\0\0\0\0\0\0\0\0\0\Z\0\0word/stylesWithEffects.xmlPK-\0\0\0\0\0\0!\0l_c}\0\0\0\0\0\0\0\0\0\0\0\0\0\0\0\0\0\"\0\0docProps/core.xmlPK-\0\0\0\0\0\0!\0^3\0\0)\0\0\0\0\0\0\0\0\0\0\0\0\0\0\0$\0\0word/styles.xmlPK-\0\0\0\0\0\0!\0O*\0\0\0\0\0\0\0\0\0\0\0\0\0\0\0\0\0+\0\0word/fontTable.xmlPK-\0\0\0\0\0\0!\0(\0\0\0\0\0\0\0\0\0\0\0\0\0\0\0\0\0-\0\0docProps/app.xmlPK\0\0\0\0\0\0	\0\0[0\0\0\0\0',1,6,NULL,NULL),(4,'Slide notes.docx','13178','application/vnd.openxmlformats-officedocument','PK\0\0\0\0\0!\0	$\0\0\0\0\0[Content_Types].xml (\0\0\0\0\0\0\0\0\0\0\0\0\0\0\0\0\0\0\0\0\0\0\0\0\0\0\0\0\0\0\0\0\0\0\0\0\0\0\0\0\0\0\0\0\0\0\0\0\0\0\0\0\0\0\0\0\0\0\0\0\0\0\0\0\0\0\0\0\0\0\0\0\0\0\0\0\0\0\0\0\0\0\0\0\0\0\0\0\0\0\0\0\0\0\0\0\0\0\0\0\0\0\0\0\0\0\0\0\0\0\0\0\0\0\0\0\0\0\0\0\0\0\0\0\0\0\0\0\0\0\0\0\0\0\0\0\0\0\0\0\0\0\0\0\0\0\0\0\0\0\0\0\0\0\0\0\0\0\0\0\0\0\0\0\0\0\0\0\0\0\0\0\0\0\0\0\0\0\0\0\0\0\0\0\0\0\0\0\0\0\0\0\0\0\0\0\0\0\0\0\0\0\0\0\0\0\0\0\0\0\0\0\0\0\0\0\0\0\0\0\0\0\0\0\0\0\0\0\0\0\0\0\0\0\0\0\0\0\0\0\0\0\0\0\0\0\0\0\0\0\0\0\0\0\0\0\0\0\0\0\0\0\0\0\0\0\0\0\0\0\0\0\0\0\0\0\0\0\0\0\0\0\0\0\0\0\0\0\0\0\0\0\0\0\0\0\0\0\0\0\0\0\0\0\0\0\0\0\0\0\0\0\0\0\0\0\0\0\0\0\0\0\0\0\0\0\0\0\0\0\0\0\0\0\0\0\0\0\0\0\0\0\0\0\0\0\0\0\0\0\0\0\0\0\0\0\0\0\0\0\0\0\0\0\0\0\0\0\0\0\0\0\0\0\0\0\0\0\0\0\0\0\0\0\0\0\0\0\0\0\0\0\0\0\0\0\0\0\0\0\0\0\0\0\0\0\0\0\0\0\0\0\0\0\0\0\0\0\0\0\0\0\0\0\0\0\0\0\0\0\0\0\0\0\0\0\0\0\0\0\0\0\0\0\0\0\0\0\0\0\0\0\0\0\0\0\0\0\0\0\0\0\0\0\0\0\0\0\0\0\0\0\0\0\0\0\0\0\0\0\0\0\0\0\0\0\0\0\0\0\0\0\0\0\0\0\0\0\0\0\0\0\0\0\0\0\0\0\0\0\0\0\0MO@&Wz0M.C~dgJKZ23J<*kROz,#m,eEDi\rl\rFt\0#6\"w9:0t[E[?N1~piM\0Pir1/C4^C,_R&+Hd\\CBwPV*h\"|x0gV5iy$4V\"e9BA)jT(y>vw\Zv(SLqWUDXQw4\ZS^	0F\"\\gsldYdLuHc\Z9>(hVD5{A7t	\0\0\0PK\0\0\0\0\0!\0\Z\0\0\0N\0\0\0_rels/.rels (\0\0\0\0\0\0\0\0\0\0\0\0\0\0\0\0\0\0\0\0\0\0\0\0\0\0\0\0\0\0\0\0\0\0\0\0\0\0\0\0\0\0\0\0\0\0\0\0\0\0\0\0\0\0\0\0\0\0\0\0\0\0\0\0\0\0\0\0\0\0\0\0\0\0\0\0\0\0\0\0\0\0\0\0\0\0\0\0\0\0\0\0\0\0\0\0\0\0\0\0\0\0\0\0\0\0\0\0\0\0\0\0\0\0\0\0\0\0\0\0\0\0\0\0\0\0\0\0\0\0\0\0\0\0\0\0\0\0\0\0\0\0\0\0\0\0\0\0\0\0\0\0\0\0\0\0\0\0\0\0\0\0\0\0\0\0\0\0\0\0\0\0\0\0\0\0\0\0\0\0\0\0\0\0\0\0\0\0\0\0\0\0\0\0\0\0\0\0\0\0\0\0\0\0\0\0\0\0\0\0\0\0\0\0\0\0\0\0\0\0\0\0\0\0\0\0\0\0\0\0\0\0\0\0\0\0\0\0\0\0\0\0\0\0\0\0\0\0\0\0\0\0\0\0\0\0\0\0\0\0\0\0\0\0\0\0\0\0\0\0\0\0\0\0\0\0\0\0\0\0\0\0\0\0\0\0\0\0\0\0\0\0\0\0\0\0\0\0\0\0\0\0\0\0\0\0\0\0\0\0\0\0\0\0\0\0\0\0\0\0\0\0\0\0\0\0\0\0\0\0\0\0\0\0\0\0\0\0\0\0\0\0\0\0\0\0\0\0\0\0\0\0\0\0\0\0\0\0\0\0\0\0\0\0\0\0\0\0\0\0\0\0\0\0\0\0\0\0\0\0\0\0\0\0\0\0\0\0\0\0\0\0\0\0\0\0\0\0\0\0\0\0\0\0\0\0\0\0\0\0\0\0\0\0\0\0\0\0\0\0\0\0\0\0\0\0\0\0\0\0\0\0\0\0\0\0\0\0\0\0\0\0\0\0\0\0\0\0\0\0\0\0\0\0\0\0\0\0\0\0\0\0\0\0\0\0\0\0\0\0\0\0\0\0\0\0\0\0\0\0\0\0\0\0\0\0\0\0\0\0\0\0\0\0\0\0\0\0\0\0\0\0\0\0\0\0\0\0\0\0\0\0\0JAa}7\n\"Hw\"w P^O;<aY`GkxmPY[g\rGino/<<1A$>\"f3\\TI	SWY\rig@X6_]7\Z~\nfao.b*lIrj),\Zl0%b\n6iD_,		|uZ^ty;!Y,}{C/h>\0\0\0PK\0\0\0\0\0!\0|;9\"\0\0\0\0\0word/_rels/document.xml.rels (\0\0\0\0\0\0\0\0\0\0\0\0\0\0\0\0\0\0\0\0\0\0\0\0\0\0\0\0\0\0\0\0\0\0\0\0\0\0\0\0\0\0\0\0\0\0\0\0\0\0\0\0\0\0\0\0\0\0\0\0\0\0\0\0\0\0\0\0\0\0\0\0\0\0\0\0\0\0\0\0\0\0\0\0\0\0\0\0\0\0\0\0\0\0\0\0\0\0\0\0\0\0\0\0\0\0\0\0\0\0\0\0\0\0\0\0\0\0\0\0\0\0\0\0\0\0\0\0\0\0\0\0\0\0\0\0\0\0\0\0\0\0\0\0\0\0\0\0\0\0\0\0\0\0\0\0\0\0\0\0\0\0\0\0\0\0\0\0\0\0\0\0\0\0\0\0\0\0\0\0\0\0\0\0\0\0\0\0\0\0\0\0\0\0\0\0\0\0\0\0\0\0\0\0\0\0\0\0\0\0\0\0\0\0\0\0\0\0\0\0\0\0\0\0\0\0\0\0\0\0\0\0\0\0\0\0\0\0\0\0\0\0\0\0\0\0\0\0\0\0\0\0\0\0\0\0\0MO0&V]5-Sht\n.MfIZUq\"=loO.Y$m.+gAT!,MQH(XI\\qZb\ZaG;_K\n/x#,/d}?eh7)mg;kk4Df2/wBmw4A^#FkPHxAt~9\'ozWnMtVWkJlNWz^>\\\0\0\0PK\0\0\0\0\0!\0a@ \0\0\0\0\0\0\0word/document.xmlWn7}/+_ X\n81PcAv	Ii<+I.._QaVd$*T$7	9/T&Jxl%/wY3+V\06$)7~W*ZR]r)SfpSvj#\\Uh^Km+]O_	ZcBo=8`$Y[5n:\\M@Gax`@oDZB}\Z_.cIlpt.5Z<{YTMB]q8x,#bp.JH-.NcUV8OlpO\0\\i+%\"#\nLP=d?O`t=:=9OG7+W/\rn~:/egw;n\0Khc9[nmqZsPvb>@\"Nq3\"E?evQ?UhO3IlA(\n\nX7&_%\nSGnQQu!K{+du-|!<H2(VdJ0hl\\\nFVx18ch\\>yFYX}]C&J0I(zZ ^\\ 2pML$tHMCH\0\r@0WaamJeZ0F~@4~EHM%.Dioq;\"/+9}p5{2\nUIFJ\nvQBWyJD\r` T{[<[IF~nIDdO\Zx3UBAGkR3@B^I}rOhc(|o^~+Gy;D^WwV($\Z/5f2FR3_x	l!&F7V(LQpW1j.x\r\0\0\0PK\0\0\0\0\0!\00C)\0\0\0\0\0\0\0word/theme/theme1.xmlYOo6w toc\'v\Zu-MniP@I}ama[4:lGRX^6>$!)O^rC$y@/yH*)UDb`}\"qJX^)I`nEp)liV[]1M<\ZOP6r=zgbIguSebORDqu	gZo~lAplxpT0+[}`jzA\0V2Fi@qv5\\|NleXdsjcs7f\rW+7`gJ\Zj|h(KD-\0\rdXiJ(x$(:;!I_TS1?E??ZBmU/?~xY\'y5g&/>GMGeD3Vq%\'#q$8K)fw9:\nx}rxwr:\\TZaG*y8IjbRc|XI\nu3KGnD1NIBs\nRuK>V.EL+M2#\'fi~Vvl{u8zH\n*:(W\r~JTe\\O*tHGHY\0}KNP*T9/#A7qZ$*c?qUnwN%Oi4=3N)cbJ\ruV4(Tn\n7_?m-{UBw<w_$#[8{(/$0hF{L)#7i%=A:s$),Qg20ppf\r\\}DU4p\nM{DB%J+{lC]=5\n2FhsF+Y\\n:3E[69`&45Z!*5k8`Fmw-\"d>zn\"ZxJZp;\Z{/<P;,)\'\'KQk5qpN8KGbe\rSd\\17	pa>SR!\r\r3\0K4\'+rzQ\nTTIIvt]KcK#v5+|D\Z~O@%\\w_nN[L9KqgVhn\nR!y+Un;*&/HrT	>>\\\rt=.T\n\ZS; Z~!P9giC!#	B,;X=,I2UWV9$lk=Aj;{AP79|s*Y;[MChf]o{oY=1k\ZyV\0V5E8Vk+\\80X4D)!!?*|fv\ru\"xA@T_q64)kuV7t\'%;i9s9x,-45xd8?d/Y|t&LILJ`& -Gt/\0\0\0\0PK\0\0\0\0\0!\0-w\0\0S\n\0\0\0\0\0word/settings.xmlVn8}_`:/HxN*\0JDxH;$(h\'s93\rh%,er5Kd`,p%al$.\rXff%kk<MMAAr z\nzX)QJ,;I:5K\Z-b(XQK\\r\\\nO?7x^ jfjaeYvJI9ZU`6HP L{@/G}GBQW}v7VjCq\0\\oVRiRrv4M.p~(%m^I8$u\n%bk,x[Dq\Z7sQy}D9Fyhs#\rf@\rJi2\r\rYs\'72&\'4]U .Pq 9YUOh{[qg+|aD8,44b!cNZc=5+lV<Qui\r\\D c(.6MY:H!1jFM_~_q@6!>lk\r\n;1^0Kc];&.+eclz}zy93{Ok9\ZeC>gK|D^_k@\"K~dMaP44[j2S_x`9VMy1h:rETw\0x|(Db@gp?,H]eGr5%\0)WN7vCmqt~C*WZwgh-z$&`7eQvNB|7Ms&NsdO_YNU>%_ FfMj;r/X69<Y;8j9zG:G;)TPgP#[D<\0\0\0PK\0\0\0\0\0!\0\reh\0\0l\0\0\0\0\0word/webSettings.xmlUMO0#YJE4!$Q_1>7NulW;/N.._Vy	 I/&0*iyM2LQr|zr(E#d1> lN58.j,R*Cq@]K./0S\'2i;[s[LM~#;P6C\nIZZHfnR6IJ}\\7jrY$\r4N6^B+Bid:{A?g`N _XrA	&@2M6[P{,?Utw~\"Mwg9,d$zs\nJ~Fd;?qT |SpR]\0\0\0\0PK\0\0\0\0\0!\0C\0\0+\0\0\Z\0\0\0word/stylesWithEffects.xml]S:_s&miB?i)m`z\n`[>Bd[q\\AjciQ!p4xyx}uHE$<zIP\0 mRl0D,\\:x:`E<GC_.xDNIvGdXRL9`)QAJ&?\0zN[`\'fC!m2+*TeGf84x&,-4Xr4m1.	%qa&EvI\r])wD#}\\$%,\\s[l81/Mztk0HMY&vtAytFWd(?KQ~,??xd1K\\mvr;DHLE&mLHv;C\\/\',2fJrbTcP \\,	A<BJx}~)Pv4e_XS(v\\f1OD\"<Of\'hKLfPG*^(Dm}Fcm!kk1Mc!q\".^7#?Lb*SuR(\'cd\Z?_ma~\\&$kTW^ic\\.xId[_G\n>Zs-c-W&*!JhaY0xwz2vlVxo?n2x:J-sN{Z9_4w~m0u)OXmjO0ue5nH-,JpEH;54mZN<7UMqAwSzOzQK\" 9JGI\rWVW{g,i928u96w$u#zNs\"Mq%]cRE{B\'%~wEQyFv`+\rx/pVbP1[-T*2P1Veub+E-.TpgP#P+XP1\nSBobP1[%Td$b+?BWZD]V`_]QhH\nS\\hPP1[-T*Fx#^BEO*.TpElyb{W P+\n\rYb+\r*x#BobP1KIBW~ZP1B5g;*w*XbP1[-T*Fx#$TLqUY]JQ#\\\Z\nBfN+*wQnM}o{Y	5.l~\Z|)txshw~\n:Cy;t>3fsh([4\0[R^6+*g5Cw5p\\HTZ`uWvc\ZN;*0+aw8t+3RbSau^Iye?N=)&Oi|#f&toGC8@-R<x)>Et;K*#BTS{scF=Q|:Z=Pe7jIBRN\r+&gW~1},)BE\r9Wd,U@v.D\0\0\0\0PK\0\0\0\0\0!\0l_c}\0\0\0\0\0docProps/core.xml (\0\0\0\0\0\0\0\0\0\0\0\0\0\0\0\0\0\0\0\0\0\0\0\0\0\0\0\0\0\0\0\0\0\0\0\0\0\0\0\0\0\0\0\0\0\0\0\0\0\0\0\0\0\0\0\0\0\0\0\0\0\0\0\0\0\0\0\0\0\0\0\0\0\0\0\0\0\0\0\0\0\0\0\0\0\0\0\0\0\0\0\0\0\0\0\0\0\0\0\0\0\0\0\0\0\0\0\0\0\0\0\0\0\0\0\0\0\0\0\0\0\0\0\0\0\0\0\0\0\0\0\0\0\0\0\0\0\0\0\0\0\0\0\0\0\0\0\0\0\0\0\0\0\0\0\0\0\0\0\0\0\0\0\0\0\0\0\0\0\0\0\0\0\0\0\0\0\0\0\0\0\0\0\0\0\0\0\0\0\0\0\0\0\0\0\0\0\0\0\0\0\0\0\0\0\0\0\0\0\0\0\0\0\0\0\0\0\0\0\0\0\0\0\0\0\0\0\0\0\0\0\0\0\0\0\0\0\0\0\0\0\0\0\0\0\0\0\0\0\0\0\0\0\0\0\0\0Mo0KZ\"\riHi,1&Q(K[(T[lylI:9\"\\ b\\3cXG$#BIPM*Fi0\r<Im	n vW&tKQpGp\ruGDG$Rh\0bPtLa^h*J^m`y\',rP11\\5\\^Q@yh|\'t5@2(NbmRf=yK\r?fjA[]q`^5uK{^<nzv1XmJZSOt|0\Z2~LI}8w}	/\0\0\0\0PK\0\0\0\0\0!\0^3\0\0)\0\0\0\0\0word/styles.xmls8oJ~4!03P\nigV\rZ;U6jkWo$%d6GaH\"[G/@i,\\o^T\0\0,\\kOy3\\\"e\Z>A(iXDx8<\r+L\"KmRi<ZjGmeR4)y)N(Q!\\gA|4$hzd	o;:	_Cb]%$ZuQ}>2*N7\"`_mU|N9SL	,Sf3e`dv~81Yq4?p+$*G5\r7/es\r_BDx{y]Y@y*>8v\\1Hn2=D\"2W\06o;g;2\r_sf-BMc!\'<q<I|\'OZ$`0Ff/7gz)U#_k6b_^tE|-\r+sAAj:|kkMPzN]%41m&9Z9c->0>y,e=-[(9iI|*re<m0qLd$=mEuZW\"Y@*Y#MLk{tTQ7eMnK`_a~y|Ee_\nixOBS_6R]1{_fx9^jp]]7w%F.I^HuS\\5rL\\\'t\"\\m_W+~Q{W\ZgJqAE*T*Ex\"J^B%*.TpEJl*}$*w\n*XRP)[-T*Ex\"J%TJqUY]JQ\"\\*T|^?Q{W P+\n\rYR+\r*x\"JBoRP)KQBW~ZJP)BW!Tj\n*wE!1+TJqABoRP)[-T*Ex	?JOP)Q*EUxB@PR{W\ZBW \Z+TJ*Ex\"JBoRPJ)*\"\\)juR+?\\Y]#]q|hm]n]l7zV=oE\"$}1[a:n.Shw~\n$>BL&Y;\rclz6V*?t<?wUT?M\r\Zj,/Z fl8{[\r\n\0W00pT#7{g$RRvSIe5.-X9	|2.\rqZHem_!7z)?Et;^T\'q%M&\0xcFQae-Z0hlSd+)8 r_V/A!Jl*TU-Av~j@h?\0\0\0\0PK\0\0\0\0\0!\0O*\0\0\0\0\0\0\0word/fontTable.xmlMO0+|vB-)B,a?um_HW3NzP1RH+ZMKgsR@v%{	zt(0BcDKR4fn/;\rxjgRZ= ?u[#mHKB8~+{)WFF	ua\\V^3F4<_id75YLpncv\\U]sW	Nd8,w(?>A*s@mb+|V-TXT^8)|RH\\TgJu<Br!	dH$bU\0`uTB_&x2B$`T\0O-7o|&>%1\r,\0\0\0PK\0\0\0\0\0!\0(\0\0\0\0\0docProps/app.xml (\0\0\0\0\0\0\0\0\0\0\0\0\0\0\0\0\0\0\0\0\0\0\0\0\0\0\0\0\0\0\0\0\0\0\0\0\0\0\0\0\0\0\0\0\0\0\0\0\0\0\0\0\0\0\0\0\0\0\0\0\0\0\0\0\0\0\0\0\0\0\0\0\0\0\0\0\0\0\0\0\0\0\0\0\0\0\0\0\0\0\0\0\0\0\0\0\0\0\0\0\0\0\0\0\0\0\0\0\0\0\0\0\0\0\0\0\0\0\0\0\0\0\0\0\0\0\0\0\0\0\0\0\0\0\0\0\0\0\0\0\0\0\0\0\0\0\0\0\0\0\0\0\0\0\0\0\0\0\0\0\0\0\0\0\0\0\0\0\0\0\0\0\0\0\0\0\0\0\0\0\0\0\0\0\0\0\0\0\0\0\0\0\0\0\0\0\0\0\0\0\0\0\0\0\0\0\0\0\0\0\0\0\0\0\0\0\0\0\0\0\0\0\0\0\0\0\0\0\0\0\0\0\0\0\0\0\0\0\0\0\0\0\0\0\0\0\0\0\0\0\0\0\0\0\0\0\0RMo0|otY!>\niLdIt\"\'{lUY&P}RLb\\),f>o(IM+.{4!8MMc\r>\'y]7	}U	f!`iBsVuBHx-f9RIb\r-r\ZF[~XB\r_G8rlk42w\nXXm;3pF /\0BG$Cq\rh9M~Chopana7XEl#\\r<[=F/U\0\0\0PK-\0\0\0\0\0\0!\0	$\0\0\0\0\0\0\0\0\0\0\0\0\0\0\0\0\0\0\0\0\0[Content_Types].xmlPK-\0\0\0\0\0\0!\0\Z\0\0\0N\0\0\0\0\0\0\0\0\0\0\0\0\0\0\0\0\0_rels/.relsPK-\0\0\0\0\0\0!\0|;9\"\0\0\0\0\0\0\0\0\0\0\0\0\0\0\0\0\0\0\0word/_rels/document.xml.relsPK-\0\0\0\0\0\0!\0a@ \0\0\0\0\0\0\0\0\0\0\0\0\0\0\0\0\0B	\0\0word/document.xmlPK-\0\0\0\0\0\0!\00C)\0\0\0\0\0\0\0\0\0\0\0\0\0\0\0\0\0\r\0\0word/theme/theme1.xmlPK-\0\0\0\0\0\0!\0-w\0\0S\n\0\0\0\0\0\0\0\0\0\0\0\0\0\0\0l\0\0word/settings.xmlPK-\0\0\0\0\0\0!\0\reh\0\0l\0\0\0\0\0\0\0\0\0\0\0\0\0\0\0\0\0word/webSettings.xmlPK-\0\0\0\0\0\0!\0C\0\0+\0\0\Z\0\0\0\0\0\0\0\0\0\0\0\0\0\Z\0\0word/stylesWithEffects.xmlPK-\0\0\0\0\0\0!\0l_c}\0\0\0\0\0\0\0\0\0\0\0\0\0\0\0\0\0\"\0\0docProps/core.xmlPK-\0\0\0\0\0\0!\0^3\0\0)\0\0\0\0\0\0\0\0\0\0\0\0\0\0\0$\0\0word/styles.xmlPK-\0\0\0\0\0\0!\0O*\0\0\0\0\0\0\0\0\0\0\0\0\0\0\0\0\0+\0\0word/fontTable.xmlPK-\0\0\0\0\0\0!\0(\0\0\0\0\0\0\0\0\0\0\0\0\0\0\0\0\0-\0\0docProps/app.xmlPK\0\0\0\0\0\0	\0\0[0\0\0\0\0',2,6,NULL,NULL),(5,'DAP Survey.pdf','696505','application/pdf','%PDF-1.4\n1 0 obj\n<</Type /XObject\n/Subtype /Image\n/Name /JI1a\n/Width 1700\n/Height 2200\n/BitsPerComponent 8\n/ColorSpace /DeviceRGB\n/Filter /DCTDecode\n/Length 2 0 R\n>>\nstream\r\n\0JFIF\0\0\0\0\0\0\0KMBT_C450 Q63\0C\0	\n	\n\n\n\r\r$\Z+&-,*&))/5D:/2@3));Q<@FILML.9TZSJYDKLI\0C\r\r\r##I1)1IIIIIIIIIIIIIIIIIIIIIIIIIIIIIIIIIIIIIIIIIIIIIIIIII\0\"\0\0\0\0\0\0\0\0\0\0\0\0	\n\0\0\0\0}\0!1AQa\"q2#BR$3br	\n\Z%&\'()*456789:CDEFGHIJSTUVWXYZcdefghijstuvwxyz\0\0\0\0\0\0\0\0	\n\0\0\0w\0!1AQaq\"2B	#3Rbr\n$4%\Z&\'()*56789:CDEFGHIJSTUVWXYZcdefghijstuvwxyz\0\0\0?\0Z(rQQl\0i:6S{Ag6bZ*-qv\0hbJ*=\Z6=XoF#GAbJ*=7GQQyc9bZ* w?(Lw?,IEGgGQQhbJ*=${{EG{sL=E3hyZ\\aS03;9c4{DE4}h>tE74QM>3O )>~4{DE7>fAaS\Z3GAaSsEQMi?\Z=KGAaSi0\raS)hR)QL \Z\\QE69G8Xu)sQM>p)G8Xu))QE6,>ahE6hE29GI|aS08E3->p)KG8Xuh4#/h~4Xum4{D$sF=LhchE3`{bp)EG,>fI{S0=6z=Xhh(iJG=M\0bJ*=tlAbJ*0t\'obJ*0#ASGQQ\0xGAbJ*=qhT`\Z\\{=&?4{D$ *2#t{@%P;t{@%FGQQ_zBGh$yvh$1vz=XhhbJ*=t{@%P{6=X*=OGQQ`2:^,IEDbS?RtX(1)bJ3QK)Q_C/Q\\c)}Gf~ZgG,KIQk@=GdzQk,IFGGZzQf})<,IFG0\',I3QtZQdT^Rz~R~{@&GH{Lc,IFj/%=\0:<bZZLL*{%}OGQPK:A\noh\'\\s~t?jF#M3QEXzEMV#(()(i)h\0(\0(\0(\0(`QE\0QE\0QE\0QE\0QE\0QE\0QE \n(ZJC\n(\n(QL(EPES\0ZbZJ\0Z(\n(\n(Q@Q@Q@Q@Q@Q@QH((\0(\0(\0(`QE\0QE\0QE\0QE\0QE \n(((C\n(\n(\n(\n((\0(\0)QE(\0(\0))h(ER\0)QE(\0J(\n(QE(\0(\0(\0((((EPIKE J\0(C\n(\n(\n(BRR\0(\0)QE\0QE\0QE\0QE\0QE\0QE\0QE\0QE\0QE\0QE\0QE\0QE(\0J(\n((zRSU?LZ(M=j*l4%-%-\0QKI@RRQ@EPQE-\0%PEPEPEPIKE\0QE\0QE\0QE\0QE\0PQE-\0%QHaEPEPER\0(\0(\0)QE\0RRRPIE\0-Q@Q@Q@Q@	KE\0QE\0Q@Q@Q@%-%\0-\0Q@ )h)h\n(\n(J\0Z(\nJZJ\0((\0(\0PEPEPEPEPESQKE\0PIKE\0%-PIKE\0%-PIE-\0%\0QE-\0%QHaEPEPEPEPEPEPKIE1PIKE\0QE\0\0QKE (aEPEPEPEJZ(EPEPEPIKE\0QE\0%PQKE\0QE\0%-PEPIKE\0PQKI@-PQEQE\0QE\0QE \nUIJ*BcSOZu4RQEbIE\0PIE\0-Q@	E\0QE\0-PE%\0-Q@\0QE\0QE\0QE\0QE\0QE%\0-Q@	ERQEjER(\0QE\ZQE\0QE\0QE\0QE\0QFQE\n(@(5\0QOP\n(QE0GbZ(z3ERaEQQF\n(QFQE\0QE\0QE\n(E%jQE-@(QQL(QF\n(jEbQ0)EQQ@Q@QFQP\nZN!%-))i(h)(h\0((((RQ@\0(C\n()(\0Z))h\0(\0(\0\n((()h\0\0)i(\n(\n(\n(\n(\n(\n))h\0(\0(\0(\0(\0()h)h(QE \n(\n(\n(*^T!1QEt):zO`AE\0ZJZJ\0Z(\nJZJ\0)h\nJZJ\0)h\n(\n(\n(\nJ)h\0(\0(\0(\0J\0ZJZ(\0(QE\0QE\0QE\0QE\0QE\0QE\0QE\0SQE\0RQ@-PEPEPEPEPEPE\0RREPE\0Q@EPE%\0QI@E\0RE\0%-%\0QE\0PEPIKI@E%-\0%Q@QE \n((ESRQ@-%-((JZ\0(\0(\0(\0(\0((h\n(\n)i(h\0JZ)(\0)(h\0(\0((\0)(hJ(h\0(\0(\0(\0(`QE \n(\n(\n(QH(()(\0)\0QE-0\n(\nJZJ\0(C\n(*^t!1QEt):zO`AEV#(\0(\0(\0(\0(\0()i)h\0(\0(\0(\0(\0(\0(\0(\0(\00\0J(\n(\n(\n((\0(\0)QE\0QE\0QE\0QE-(	KIK@	KIE\0QE E\\aEPEPE-%\0QE\0QE\0QE\0QE\0QE\0\0(;QE(\\aEP (QE\0QE-(aEPEPER@RU)i)h@QE\0QE\0%PEPEPRE\0QE\0PEPEPEPIKE\0%-\0QE\0%-PIKE\0QE\0QE\0QE\0QE\0PEPHii(h\0(\0(\0(\0(\0(`QE \n(Q@QH(((((\0((\0))i(\0)(\0)W%*	+AM=i{\n(QE(\0(\0(\0(\0(\0(G+OGsqG\"ysfmPJGzT\0gPNC59;G?S\0\"iR!N?$\Zx~mFImlqH^vW\"4Q\0n?<\0L_^\Z,f;P7\r?Tv4W\"4)p@~y\ZO>GhYErGc}t\0\n\0?ZX2jE)>urI9{h=\05 2((\0\0@:+\0o\0i	\0\00\0hIu[O\0B?j??\Z,+\0OM^\'\0\0cG!?5x\0]h[O\0\0\0\0hM[O\0\0\0\0hSEr\04\0SW\0a\0hoB?j?\04$N_$`A?&f(5G-ktkQL?\rv$I$<Vp;\nZ?\rTi.\':P>T9w\0\Z-vK533J0tcn%\0tbW)\0\n?\n?/\0G+\0$\0DUB:R_V\0OLK\0Q\0\n?\0vU\0?b_*W\0GLK\0S@r<!\0@\0?\0\0T{uX_W\0GLK\0Q\0\n?\04_W\0GLK\0Rb_*utbOV\0OLK\0Q\0\n?	\0W]S\"_*5\0cs\0~_z^)k?\r$s\0\0x\0)o%x}><>w\0\ZVeBr,_a;\0?tGaEq|+\0>\0\0\ZFeV;7 G%r\rD,H]?Jk4Jz?p;,Rba\Z06(.3^/+\n\0\0\0O\0h\0c\\\0~,Oe\0wo	(>QqErchz\"_*:Q\\+\0\'\0&%\0|%wkhi[Er2|4Nt\0vOhi??q\'4h]Er\'ap\0R\n\'%\0S\"_*V\0I\0WB:+\0o\0o#-_*f(riJ0tosq\'jKa\0@:+\r$8\0\0m.Vs\0\0T]Q\\{2WN\0M\0iv4W~Ta\0mh\0c_\0Dv4W\0\n?\0o\0cN??)+_^&V\0\0\nY\'1hz?[GG\0%\0\0o\0t#-r#\0@\0\0Tb_*Wi+\0q\0U#\0@\0_W\0GLK\0Q\0\n\0tW+\0\n\0?\\xC1/\0GUEr<!\0@\0?\0\0T:+\0qU<!\0@\0_W\0GLK\0Q\0\n\0zRW-\0\n\0?\\xC1/\0K@:+\0qU\'+\0\'\0&%\0?[G?1/\0K\0\n\04_W\0GLK\0Q\0\n?\0zQ\\+A?1/\0G+\0$\0DU+:+\0q\0\'\0&%\0?[G\'\0%\0C\'aD}.%\0\0o\0tWEr#\0@\0\0TK\0QtWEq\0)_\0G+/\nl#R\0WgaEry\0Q?/#\0@\0\0U7B:+?\r\"G\\K\0Q\0\n?\n?/\0N?[G\'\0%\0\\xC?1/\0BU\0?b_*W\0GLK\0S@+\0o\0U#\0@\0U\0?b_*W\0OLK\0QU\0b_*W\0GLK\0S[G?1/\0G+\0\'\0&%\0\\xG?1/\0I\0\n?	\0Z\\+o?g?[GG\0%\0]\\+\0$\0DU#\0@\0\0T]\\+\0$\0DU(o\0U=\0W\0\0T?b_*UEr<!\0@\0\0\0T{uTW+\0\n?\0?\\xC1/\0FuTW+\0\n?	\0?[G?1/\0FuTW+\0\n?\0?\\xG?1/\0FuTW+\0\n?\0?\\xG1/\0FuTW+\0\n\0?\\xG1/\0FuTW+\0\n?	\0?\\xG1/\0K@:+\0qU\'+\0\'\0&%\0v_W\0OLK\0Q\0\n?	\0zQ\\+\0$\0DUO\0W@utW ~S$N>~k&ROqq&Gh;e^)\048y;SO@L53*8DQE\0QI@E\0\0RQ@QHaER\0^&:(4SOZ(aER\0(\0(\0(\0(\0(\0(\0\n(J\0)i)h)h\n(\n()ZJZ)J((((QE\0RS\0:Rh (0(\0!(C\n(=(Q@Q@Q@Q@Pk_\Zhk>CZz7Vt}xshWG(|\rqp9Gvv%\r4d}|A+sD\0Tm-IY	`:In>\\G+Dg5-p:y7Ld9kxC]_63 \"[x>O\'m\0/WxoNg]=^.$p988gFyq9c6m]P1r8;X\ZPCzGm4^Oor2L\\!A=0_Y\0cdlH 4K<08\rOeU}Xaf!TdW!?ccE\n:]FGJ[e3N2\rym/$O;\Z-$QOx=	9S<1?|IoYk($A~J.zVq1 I|5W]6[~i][7wG2yG_n%qiel7?*\\tKH;T(3`c5x]fh\nNn8|U/D\'K<tq)rq+y/xb>P;Wg+VdV2l28\\)t2	Fg\\s4bb{=q\rui<7,W7J$aO0x?XU_z\0LO0\\lKqTapGP}[fc|P\'p+?o_YKsfo3~d8I;~WJ5e0p$i3.UkH\0rIVNirWH7\0(`rOo`*5\\?\0r\nXn=y<Lc_IB\0^S(iwnqh\'J\\BCY~PSAm*~UNry|l%r\Z|ca5\rVPiRW2^fw[i+^qU(T\\\"$V`	\no^lk`j\\\\<{rN\nB0y>msC[G1{tp9 :	m\"\0;RAR=:N/ya!ic\0 sCWE;F.p	C@t\0ki ~qE9. SOH=q^I7]_=KKpoH,7i#7>bzTR2]z #SWHn	+>#W-=F\\9%pG$vw\Z??_;O*zE+-sE.:JR=^1Un\02v]kf+&xF $p28<Ol7a^ki#^-,F-q^^C_u]	s[GZ#ze\\r-UNOwS[2,d#Z_7tdXB1:V;cxF@dhev}b>Tyi;m$5y<9\r&%C\' \0ZsZG;eq\\ 9X1;[sd^i8}go {\"s^@ @s\\]^Fa>R;2xGW#O4f]\"o;g#9tPFKtu8eiT}h,ng0[[*8V`=pNG^]\"_{d\\<b{$nN0FzoED:Ku\'1]4A\'qHIgJCZ	cAJ0 N+\0O\n\0-IR5gs]<~&QdI]cYM@5\0bB%_\0\ZF%^CbF\\sxvMUEG\0p][\\=R\rYV.eIJ>>*+=\0(Q@Q@Q@-SQE\0QE\0Q@%P0)\0QE-1Q@Q@Q@	KIE\0QE \n(Q@Q@R`)(\0J(QLZJ\0)i)h@%QHaEShQE\0QI@EPEPE%-\0\0QEQE \nUIJ*BcSOZu4(QE \n(\n(\n(\n(\n(\n(RPQK@Q@RPE%\0-Q@Q@QL(EPEPE\0RRQE\0RQ@-%-\0%-%\0QI@EPEPEPEPRE\0QE0\n(Q@Q@Q@K_4y50eYnAz^0%4-Ion.fP\\lN:qZ:6Z4:C%il0ZU	P*}=toP\"\'=_v[j?_MOJXb\r9pI]}cg6P0pk:O	xnFv\0\n96Z=P[vz~s\".4Qx&3j9R\'Dcbt*[DXH\0)\\NJRB	z#vi\rolKq.~E4\0`}x~r~s][]BC !\0\0t)s+st{9lFiV*yaoz<CynT`8HI,;M:\'eXTx`=O_ZQi?/yHp8sK^/doksi\'[NXvf7*nLsuWPyK#P?Vj^EW\Zr~n\0#Q|K%gUn*\\WhA(MMn/l-gy4Xh7scb>O#a\0\0j\0>$0KN\rzW=BKnP8@v\'aASp<Z[x~`{3)f?\nG;|l%Mz-M46I9aKHMt+)lm}r:>*X<\0w\"Cn>y|;4,wv$bmC$O@R:hZn\06X4&48O*]p97L=}G?\Z;\"1j74}U@$IyzVOFRO;GCm\0)|N>7V-T\0yj9\0}j\0?PzPQA\0\'|oo1EDQ\0~`<x=>3wHC1*$<Y6J,w1 W^AjPj\Zum{Xnb$;~OO\\wV0349]x]z?{/:UR-(#=*_xAI^DxE-:zWy\n}z\Z\Zn}n1F:dM(p\0AN.W%3$2[t?X\'ODTD\0=5NJtvmY\naG?p8\r[*[\0HIXG&7A<ULt.s8oq#9:}\Z,]bNI<s$(0U~t+Ov$[Wln?[@gmmdS\0>o{vIf9i\Z?],a>@>\ru?Mv\'AES\'+j}?U6NI6JD,nzU`I\r#`q\ZOR6\0@\ZabnId3c2OXo!X8I0:XtLgh#e>%uUlg<}*?xxtee~W\';Om\0&rn/4I?zGn\0<YZXAZms.}p*A+~;{)51*YOFXZn\Z}8!T-m\0Lq^R8g C%,OKyF6WsC5wDFTtaal@n-=	R{=sj/<c+p!O\0C\'1:9xE7R20Akm \"8W>suynmn\"$Lm\0$x>t<]Tkv)f*GH`8<]{fkE,&ZI-jZ[C1\'jW;W C#\nslWwaZl=km+hbT$zp*X4{no$J\0RMXp<?`.7\Z\Z6kJ$kqPgIymK3S!#5OL\0H\0e{_k\0S8*qzuX0EB%B3]:&Ac3%-,t\0P\03\0	SRH={{}F<jG=\0gmUK/N[S&7nLs@JZ@RQEZ(-\0QE\0QE\0QE%\0RPE%\0-Q@RPIE\0-RQpJZ.EPE\0QI@E%\0QEZ(\"\n(\0*\0(\0(\0(JZ.EPEPE\0QE\0RRE\0QE\0\0Q@QHaEPJ))WU?LuQ]\niNQE((((IKE\0%-PEPEPEPEPQKE\0QE\0\0QE\0QE\0QE\0%\0RQH(0)\0QE(\0(PEP0J))i(\0Z)(()h\0Z))h\0J\0Z)((0(\0(\09\0P8,Mhbvu^GFs[:>L[m$>;BnoC<FqD\\m?,[+]\'Xm s:Z6:\ruZ87{KrOO\\xYld\0<r;Uk_\'[,F.>q.u 6J!\0be%P]C\0U}Acq Ro}kF	),>qH \0}vjp3Z+V}6ntLU8>^/>y5Y:$=R\r+cZB>p!A8Gm|c>vOmm>6s[TW1imVyK-\"5ss2MG\\}e[_]	X\0\nq@:+U.MSE$H\\K;\rI\'U T4i#9N@Q\\V6um#\r2F_=&]MWT~4|I9yyXKU$Ki$GH?qzDjaf%1#d:<dXn(0\'$g>#$L51ccK]OM--PH=/8+\rx|GgTk~^Z\ZsNn\r\"W;D>m[]CY|E\ZZ\\D#R#9Z~\rsV7zm%2BYU=0A\'.P;zAxz);)%p$8O+Lgq~\"\\A:-QAaqB)E\\	xdU!?\n}rg]Epz=Z # {-VOq_Zi`-E89^A=}|s+]sTb\Ze\\TfPO,qz/OjfH(\0?wg8g9k+ZK g\0>[jo{d!\Z dr8\0KS,cN,OqWJxy4{5Df\'j@8J)0=X,iqy{U\0N+\ZL4#;ObFF{fK~+mhf`t4Q`) ;)\ZH g\rgL:Ph6iW:M;K,5gK)c|UMO\Zf|]^GtS0:+6i2N\\\02}L[Q.b6H:)] =y4]gOlp&qBpAVAyz%Mj14/c|{\ZdJ)hRE\0%REPQKE\0%-PQKE;KE)h\0Q@Q@Q@Q@%-\0QEJ)h\0(\0JZ((\n)h%Rb\n(\0QE6E -Q@QL@%-Q`\n(\n(\n(\n(\n(\nJZ(()h(C\n(*/JQEt):zO`AEVC\n(\n(\n(\n(\n(Q@QL(EQ`\nJZ(QNQE \n(\0QE\0QEX(EPERQ@\0RPE.(%-&)hQE(\0J(\0Z)7Rn_E&(@EPEPES\0)\0RR@Q@Q@QLV`%Q`Z(	E-Y\r\\IGg(a2v;ht>_YD7Krca\0r8ve.MgVm:O\'O.I{qO^=ijD~4kxzhbB-1qbEk#|&X-|?.-(HK[rp8>W\r.f%4803PPOnqw^^Muqy\ZInbrNct8\'o	D+\nNG|{_D#CiiDH\'3ih\':EPq1l0vm#>v9lnu>\rxp^\r=$kiK0!zcD0k|Q*G9H`v(^@c_y\r#|z!->meT\0Z)<ekMpq*RI?_j|-OHWPK\"Dl 01=}fj\Ze6%SC>fEF6u60yR(K\njg*\"8\0w\'U=^xGOUx&{\0\\KJr9IOq\r\'dF\ZiIXI,03]i\0`q3L-~wA;ixI	UBr9hx)# 2FZe1|Qj89i`!su<DM\',S3-/Q#Eb336\0qF2	?ApGlQJ&E=\ZEz2H]Y\'8>\Z>yEpoH+>\\w=lJX-m=^I #W5;i>.HVy#ppQuqDh0h`H0	YH+>sEMOx\r\\<qq;dAjo_KKT,tSRi[`F\Z\Z=22p5wFG\n|s?yz\'j\'{KcW$`s\\6-b11f\0+\'NcqO?:iS^o6\\o:E\0t,,l[Q\'y1Qc9]\ZfNR7GgSMo_MCLYgo z@ez/OP9oEwu-w^\nRo)<S|HXYSyYV>/P.-I\0+0%\0\0B\\[\0},\0=\0/OQfy\0D#_E3z(c\0vS<\0Ty\\z?:7/@qFiid:]z0)\0-<\0t\0)HY\0\0}\n\0}<??PfT\0+0KL2?I_E4I#>b@\0=d^})b}:<o_?\'_E3Akeu\0Jh3E?d:5S<\0Bz(2?D=$S)l_?GyL\0}\n<IS}\"D#!cHQM.dI\"E3z\'K!5ii>nS@?:\\\0(EP h(\0(\0JZ(\0(\n(()UO(4SOZ(aEPEPEPEPER\0(\0(\\Gy4G J4	EQNP6RA##\0sDUutR+\0$\0DU@(sq/?ut]\r\"O\0\"_*()\0\n?	?/\0K\0\n?	\0S\0\0T<#\0@\0+#\0&%\0\0o\0Uu4Q[G1/\0G+\0\'\0&%\093$\0?\0R7O	]pr@o]m]_\0`I?V\0Iv4Q\nsw\0\ZAYOn+3\0a_\0/\n\0v\\;oG+\n\0\0\ZJ9+\n\0\0V>\0CcE@2@a^{^%g]}s08>)7_~	`;\0QG3P|7\0(sq/\0K\0\n?	\0)]\0qU<#\0@\0f#\0qU/+\0#\0&%\0?\\xG?1/\0K\0\n?\0W?\0\0T?b_*(`r<#\0@\0\0\0UQG3\0qU<#\0@\0.\\xG?1/\0@o\0UuTQv+\0\n\0?[G1/\0]Us09_W\0GLK\0Q\0\n?\0W?\0\0T?b_*(`r#\0@\0\0\0URQ\\xG1/\0G+#\0&%\0f+\0\n?\0?\\xC1/\0]M-W\0\0T#\0@\0\0UE+\0#\0&%\0\0qUuTQ\\xC1/\0G+\0#\0&%\0\0?b_*W\0GLK\0WUIG3\0qU<#\0@\09+\0#\0&%\0\0qUu4Q\\xC1/\0G+\0\'\0&%\0\0?b_*W\0GLK\0WUEW\0\0T?b_*J9+#\0&%\0\0qUu4Q\\xC1/\0G+#\0&%\0f+\0\n\0?[C1/\0]M-W\0\0T?b_*Z9+\0\'\0&%\0\0qUuTQ[G1/\0G+#\0&%\0\0?b_*W\0GLK\0WUIG3\0qU\'+\0#\0&%\0Q\\xG1/\0G+#\0&%\0Q\\xC1/\0G+\0#\0&%\0f-\0\n?	\0z{\0+q)#]RnVsxn\0R3gy\\(?\\xC1/\0]4pCG#7,U@\'O9u`[G1/\0K\0\n\0hr<!\0@\0?\0\0U\\xC1/\0G+#\0&%\0?b_*W\0GLK\0WUIO?b_*W\0GLK\0WUEW?\02\0T?f_*Z9+#\0&%\0\0qUuTQ\\xC3/\0G+#\0&e\0f+\0\n\0?\\xC1/\0]Us09_W\0GLK\0Q\0\n\0\0?b_*W\0GLK\0WUEW?\0\0T?b_*)]\0?b_*W\0GLK\0WUE+#\0&%\0\0qUuTQ\\xC1/\0G+#\0&%\03\0qU<!\0@\09+#\0&e\0\0qUuTQ\\xC3/\0G+#\0&%\0i\0?b_*W\0GLK\0WUEW?\0\0T?f_*(`r<!\0@\0?\0\0URQ\\xC1/\0G+#\0&%\0f+\0\n?\0?\\xC1/\0]U+\0\n?\0?\\xC1/\0]U]\0?b_*W\0GLK\0WUE>f+\0\n\0?\\xC1/\0]U%[?\0\0T?b_*)s09_W\0GL\0Q\0\n\0\0?b_*W\0GL\0WUIO?b_*W\0GLK\0WUEW?\0\0T?b_*(`r<!\0@\0?\0\0UQJW\0\0T?b_*(\0qU<!\0@\0|S?\0\0T<!\0@\0W}[G1/\0G+\0#\0&%\09A#aDn%\0H\Zc!=L\Z8QuZ((\0(\0(\0(\0@QE\nrJ(M=j\' +!Q@Q@Q@Q@Q@QH(KI\'hN\Z1 ,>5YOLg]OO[sqd{cn. yfPeIEP$G4.2Fu*v*yKG}k0\0HEs^*7GWY7x\0eZzqR^iq#;fVW5Gc989!SITnMGB;+,2(%[i`;:JM:otm6+&IR+OOcs_O\rj$yt?.(\0J`?Z\\mTR][q\rO\'hp:]@&1\'1hV\0x\"i_q~tC2v\n2I8\0U[}SNEmk4gds+\Z@#+~[/Lj\0\'oo~I&M:f{X\\nGUyO[\'6?*?6OdAWiqzDZ!6;%z\'>VwW3+n!O*3;S8`AerP]RxE0R(EPE\0\0QKI@IKI@E%\0QE\0RRRQ@EPEPEPE\0QE\0QE\0QE\0RREPE\0QE\0QE\0QI@E K@Q@RPQE!E%-1\0QE\0QE\0QE\0QE\0QE\0QE\0QE\0\r(\0}Xj}&\0M\013\0\0\ZRl;\rF$cAt\n\0[HP|\\Rb=X	6:A:8#6CEyqA%#P>>*Pb&)n&$	od$it{{Qu\"PDI`#^2zn/j+4dJXn61o#xir6kI\\Kqw6k`~q%%\\ r: %4EGi8|99O7>`:\nJ;84sF$AWH.;vhM%Fuc!R2hUQi.bY9ERPdC$?*\nv>20\\#Yev$4\0 $\\WcM1#Bb	b Y59,0Gv: 20q\0Tv*n\\dTCbY*\\,O@\0=k,wnz\r^4\r/\\uMkXCd`~ j:]!n/4Ia(Ha7&Rbdt##`::Z7&7}_Z{cXK7px^:$\\#k9R(|X0=3G_ulEE1a&9n#6Gnr@h+j@xuD1Ftv@?aWt^\rwE)!\\r%H\r\n((PEo@L9XH]VS ;Ow	\0=?g{+u)y[\0\ruEUm\\]7I+U<u\"xn`Yhed+}d:R\0\\q\\G_1NOkl_83\0\nV\r+]%O1+w\\jyclRoX1F(ES\0(\0(\0)\0QE*W7uBG	Wku7|&)iqyk5a43+\'ZImye	,IVqGxC-kBMzi\ZEYI\'o^u|UioqiwS8l1 qb_bkf}6,Fstq\ZVtPG<-O7\nFX#HL}}j,oY/\'9X\r\Z(Q@Q@Q@Q@	A OAEE!5.jvs&8VaOM}wlC E\'2{*S	_knE.k6D:nzd;45\ZK2Vd`?=xWaso,r*eo%bx6k[P[DSN|O:\Zb&(y@NONsdfEVPXff]9cv4(@QE\0QE\0QE\0\0QE\0QE\0QE\0QE\0QE\0QI@IEQE\0M/JQEt):z`AEVC\n(4\0QE\0QE\0QE\0QE(\0+<up@{]bt-6TnF%v,?Ga@<O.tYq47@8_Rm+b\\$Vd2VYX/mdeU \0I^2IVxG {8O\ZY^h-x3.^/&N9.c9~jhPJ^h?4~uoRl[#i b@$tU\'>4C=r2rOPsRV\Zza>+r`;g+6]S(XP$P2w/4s<HG*.zgOZM^k%{  c5JB9o<qY6C\0FY~\"=%FI!>+8O\r]j)<Er\0:RixcFVMQm#dF8t,jm$f\'S\\2\ZR]|hv9.|3#r29im	(#D@M-y_g^\n9bJDY#dla>Et>;y9*Npyu[G@y`?\0>WQ/`KuHc-CZxwrO;s<~5bEEIo0p$qMh^MW-c3\\4hR\'q87IcY#utpYNAzuc}P$g;m>;H+xT\"\"j[ET_Ok*@1[(g	+\0m\01q\0\0\nF5xN?\Z|>$#:4kTkQ\0R5yO\0g\0QW=\0	L1g8\0Q?=Ik\ZbY5c\\\"?1&(O\Z1|J,Y/\n\0\0N_\0q7*|3#?jS<uj-I\\~ BxFbo`\0B\0nx\0:o0::+	\0|?I?\0Q\\w\0t\'\0/\0O\0\0\Zv\0?4<Nvx6B31D?G\0B|?\0?\\\0O\0\0\ZQxi.3mi\Z|\'wAMk\\	g]\0B4i\rJI7)zS);ANoRkzH_\n^.ys>o	]Awku$?w;8+}SZgP{\0\0oQX\'ZqoI{?_c[	\0]wvZJs\0Z^<-n-hr?V\0.5lKxuX_\'ZGXv90:-sj\0SRt?O_#vU#t<Ni7{J:\"w\0.32=f~)r07+Z -}|A\0u[~&xI7(Ock	\0?V\0.Ea\0l+_M\0Iv>~S	`99\0FEa>>j9=6K~x~)?/\0nw\0Z|pKX	\r;\0\0\0Rm@0?\\nXC\\+|~??\0i_\0Jn\r+udGAZ`|-~?K[IXrkZ$\'gy<E\0B}C4r ttH\\g<Bk .\n{$\0T3|kZW{q}nhZG	]7pQ_x+	\0t?N]o;o\\HNt4nx\0?C4Q\\<E\0B|\0uwwi^XMb\n1R(3u_(bxu2?Ez]ekC.Jy1G@X`s}ixe :E76I\"HV.[0\0jst-`hhMZKHC|i/m(h]!o\n0u8fwV6}(\"	pj:-gVD.8wV?<Ew$I,/gj&	dH\np7\03y|Mt6\0gFqHFz*-/K->n-s 9Z2JfGsynEr3gFgr92AxoZm?jj1{)bAm~iF\\mU~s+.l\\z7%ViG(8\"*:gxoFj/l1</#>T3R5j,6r[y~IZ,<;<DLo!bIAaZ6Y%))Q\0wTqG\0Vh/f1\Zz>7xD(W#XMOWlo9Z=\\7y*x;2Il{e-e}?|1a)KyWT(G`S,lbvk\n93^]k#/qo\"|{k?,w0n:n\Z}8!T=)n:;>yIeY#yv^ *<9`YrOA\Z|\0<;%l.gXn	qv?woZh.\Z92mGvTgx\'$gr;N5kH{=Z!vc#\0ci\0?avo9z[h,!1VZ((1%4\'\0dY^:wttmbJzA]nmC]{exQ]GA}R~l>2]7mYOEQ<l\Z`	pr\nl=WSI[Y\'oY[iN1fJrhRwC\"Qq;93\"\";u\"\r+202y$^z5Q*U=,rsA8E!p?\n\\/|11\nv$gSS`:J+	|Lms[od\'?(: z,MEr\0+\0\"Sc\0oxEXU\0oxEoxE8Q\\H\0_R.U>\re@q\0tRd`R\0C|$Xr@u}QUmq6\0*8=vos]GUB{*&4h?\rsVkBvkiS*e=wcecOOiY(9,Crc^Z[_Z\rO~<k$O\n\\q:p9\"e8syorf\"!9`OwEih4{gr\0O#\0d8\ZvOXi:\\H _d\'z_xNC^\\xH%m#p7$+$W-[^46PK4	94g`:t=}(#Go98P\0*-,L$8P3 O3{Eskh _G%6qN\0\n|uW2<!9>yy\0)8\0E(cw\\\08\0>{R>Ge[S9X=-r]V\rJ\\z\0H(U%`ZnP`w\\()h)kV]h\\0{NeUx2\0]5[\\C z\ZM,tQmEms5O<O;`9O=19|We<,qD.UG&z>Crw/}k[>KKiSh\rO	a9Iat\'PAVAE>/4(m|?D?r8>za$ITw	?T(]u\'/\0O\0\0\ZVx-x:#\'R.rO	Q\\\0O\0\0\ZV<DGp::+\Zs.\0kztk!E|rxk].IEskl~`IkkCH/oty\0)S,Loo~\rJ(RREPEPEPEPIEQE\0*BbE =iiLQEd0)\0QE\0QE\0QE\0QE\0QE\0QE\0QE(\0(JZ\0(JZ\0(\0(\0(\0(\0(J(h\0)(J(hJZ\0((((ER\0)QE(J(h\0(\0(`QE\0QE\0QE\0QE \n(\n(()i(J\0Z(\0Z(\n(\n(QH((J(hJ(h)(hJ(hJ(h((EPE%- \n(\n(\n(\n(\n(\n(RRh`QE \n(\n(\n(\n(QH((EPER\0)QE(\0(\0(`QE\0QE\0QE\0QE \n(QH(())N^t!1hAM=i{\n(QE\0QE(\0(`QE \n(\n(\n5oUtLif$@I3\0/Z+.5EmTAzDY`wuHH\r.[2hf.!z\\QxESNwa$1Wi \09xR$<AemN(o8#`y;U^qR}?*n:axF[A\0{\ZHl40_h#nsgHZg[~uxe/FP_.Gw)&w\Z1YL=)c?_t6`IDd-\'$?M3-5$<NXJZQIE 9^GiXOe%&X\\qCx\Z<x c)kUrv+y1vQ{xNGKq6y2M-Nz\"\0!\0\n4e(n^8NKOkkhl3Hu9dE!VgY<],7+ax_[<7P_I P--O~>lq,),J+GS]a u8\nxgMBr^GU.1k{SI|ac5:r%\0#-q@lpH\ZMiMlT/\0\'OS|1\"I!F{c=R:?|c.7]ddnB$SqG-yxBNx.9$mAdtgA}?l3MX	((\0=O>,5~$,5Ooj;_\0<\0#?%vrNq:\ry4=VBo0/s]l#*)a_j\0u==\'xzK.2h: ^t:;jWK32k`WKq| pH#ldx1C2jhw2@psHM:(W|C-i\ry/O=H1\\>)Qwo:K\n0\0u4t\r\"orWiifXBI$9~.oEe[8e\\##=\0q\\+OK|-dtfpX.>n8\\mmmPP-DjoJ~.8kw$/%R<p3)LzM4Uys\'M(!$$4[.@#8xoVZ}q[Hn$\\s@-%-Rh.\0,`,H3`j[BFn!YT+GX:Nq	R)K] X	5Co6/m#Ke*Ysi_Uj\ZhW1[^F\0gzafA\nhxW5G{(\\S(G{s-G]>\"j,g\"r$ud\Zt7ITXK~<zUI|e\r~%<$E+e|BY6GU\r.~;*[FAX*+(lTm#rJi&(k0zFX`#$HP}TRQESQI@IE\0Q\\Cik-8bR_w\0\n\0R#:\\Z)h\'nct1/%b;(#|s+-Z$ug)*!F0dY[7_c_?w>k#$cPz7hk^\"4jH(z &L	[	rGQBxl[;<UKC6~s4A\'#55`=xn&PcmAB=*~}}&D\0#\0skxwYLnR@szY.MZ(\n3d~\0Z}rmk;$v`rk?nqS>/cmv\0%X>4u\Z3\03n\rGtYa{(DHwu*Oz%96\Z&8]~[wj-x8CNl|L56>G:wy*`\n(QHaEPQE1IEf{O\r7vsy(\\ck\Z|K{Ao!F%>U{?)\07k?\'u70@+<g2?\":/1:u]WVyH%Y[8 rsz{l$51b7R8`=\\OO6\Z,:hP-kQmj`v<7y[_*@e(5.ITk8UIc;91|C\rBHbcq;dV]g|[[h8 $`t5	d$TM>8}8_6YPu8*3s14Ap&+!O|y~f>m3MDZNiF H=LQKxn%uQ!\'\0`xR<g;lnN\\8@CqsgIc{xZeiqP~3W/4f1F#q^9uc\0NSQlv|?@oNmuk6a\"!n+<\\3Pz**;\0cH./!i,cv=J\Z,I,NrJ	kayE7j[\0hx`i^|5\'!qk\ZnF-2Iml{[X.xKpHU$e\0U=P%VbhqFeT#Ey{;inUX[l`f8>T\ZC,}a hXc \01%fCJ\0>Et\'xTL}O|JE()\0QKIL?\ZW./>\novu/|A\0	\'x+c\rjE|g8\0/\n$z%gDG&KKN|8%`4<w;6o6J:} c:mk%<h},k,3W\":[D\0f\0xS>\Zi`[$w&Idr3;]dE-p64\roHgee2d9~L-K->C%K$E%-HQ@Q@	EJ)i)QE\0P n&\n\\]\\|E\'!^m%kk5\'c)548+u1 u##^T7?\'ex`;[-7[f*6qgVW_[/.bFv#(fFqik(?\\&h!/pp_;Znizddd>Pzu\0CVJ(aKIE((*@8>Pkk\Z_Gk)|#$q\0~^^6:~rWV0	w8}k^*\"u#==}cK1P\0F=I~`u,k4I@wq\'S68:Q8ZqV1n]\0I\'}:qJ@1ie\r#Eo\ZFOjQK@	KIK@QL((ES\0)\0QE))hEPE\0QE\0QEM^T!1QEt):z`AEVVQEEPEPEPIKE Z(\0i\'</e9.$G]=	=s]UsN|\'5v.K1Q`cYxRiK\\H Fz8.Q[d;k;i9f(0;p8J}xb]KIC\\n\\|gZ.-=^4[9vfLSw$~-2Ke NxGPs85-sLJ[Y&$61y<?I\0cERU> dhK	~k-FF*a[+siK+N9RX|^?m/<oi\'	\"!A1_q:JW4}r\0ZNzog&	08yu#Y6]\r/K7JZ.5\']uf{{bH+<p0\0<Ob<7{k&Vi$\'o\0 nQ1Z|7Moagl(!\0vFp1E&E%- Z(C-_P\'-BPn|W!~\"\"oXtMCkiD/pk:#yUI ~U%74-C,gi9pKC\Z(8V]rv6~8tQV`Mqn$73r*}OEnwX#Hc#=IE@&7lc6p>bS^/vsh-$n@7+:kf3MK-\\x>hZHOXz\Z>R\0g;AXt;m5?,6Sp}p{s[\Z&[bq[Rc\n(,S.<qi$$)n8(h?7F5/5,nIYyQ?\\_HtBmUIv3G%Z-M=!|\\ccH4OL]2\r*%$3,)><MN\0SK>P2t(8$jWhPEArgc*>$]-|_xSb5g4\rfA<y+PB\0$O-Ium\\#;Y?qT|;j/syY<:sT@7Ks\"\0\'\0_C5\0@;/)xohv8?EU[66Ds(UE\0}\0;_\0b\0O3w?,gv7[_C5\0@K/)^?-2x?.6Eq\0Ea\0;C`v_Q\0w	e\0~)$rcupSiTMg\r;neqUGso\r\"J\Z\0_k~G<TFHl9xCZ7lK4mQvpmG|w*rim`g8&GstW[{O9+S<%^*3))4\rk26lmEeG]~\rj!5[2I;2\0jz5uQo5kw`|~\\8y_zjGz>-6Vkfg3?x\0bpH9Us9?\Z6%q:O{R`-<Or#HtTQSP(BTA;j4puPGc2\0Y T<%&80)1M4z5yjxGeNa\nxp*9vjh 2o 8AK)3\\HD<5;\">i9R?\"(\0\04w-\0Sxui{[ ??:TZhd\ZW}N\0t\0\Z\0*!H ZnZ\0A+?V`Vh%IcnEf\0/r??YXilm F8OETfoo-;{[IpN><5MZO29$2f2q\0+J!^uFe+$\03>MF12Xs}<s{UE.f|m[HjD99`8!T/As;WcDsg#Oxz/4tTs/K8\nx}{W1`XN$}O5JLfFJ\Z\\jjo`ofbNG]Us03<Ii{^X:&t\'I8<W3?x:Si6WyIP@\n7t])4;O	CnoeR$p(9b(<Gn6^NtANG`OnRvimWNsIduATn8FwyjH3>`$r@[Q-BhV7h*F3ht.,z}M^v6wf2[Gin$^hwQkZ<%s7<A5C`%-R\0J\0(CkzevdLdk@\nE7\Z\0BE9R]=r2F	N@xD..G E-45VN~x.T)$h1dc5QG34xG]\'Um>$d73Z*HPG^~4a`nU;!8 qNq:PhmD8ei><SMR\'O<4.$1gvBXI\'g#\0\0\0\Z`:PnH{UO?\0(\0c??@\'\0-c\0	5zkzq\0\0\Zo#>\0\0\0x{:gG\0h?\0SiMI\0$G#>\0\0\0>\"]kND^!!ZF\nHY\0?\0t)W^V9ZG-&8-HrZKIdi- q)5wcV9-n/2AF(^;M\ZRgM@F`tWKE;{m%/tK8iryVzw0`A {jvxuY*M)Sv>=u_^`i1\'/BA=e>ye\\@)9y#yAZ\00*KkW9G\"Sp!\ZzjVggJu;!\0mj\"\0\01\0\nHXMN\'_gI\0\0O\0xwZgQ\0*0\'::#i\'?{:gR\01\0	QwF=5{Ok)C\0$K\0$FOiWm5;;HWo\ZYgrM&v+.FMhP(\0%li\\HQr$>h>K>C7%nFI]\rD5[F[nY%AARF4`Ph\"7=2JE;ZEj)zbcq}Jw$Z\nO/t}+PK}<+#&\01\0R?k1\0\'?{ZgQ\0s-7\0S(VU*;}Z\0tOL\0T\0\n\0\0R\05$\0R\0E=\0@3\0S(\0[\0gcJ\0\0_?%i\0j\"\0\0x?:q+eL,\\{yh0\0;_\0Bi>\Zu$\n[2itQH(EPEPEPEPQE(@8/JQEt):zO`AEVC\n(\n(EPER\0(\0(\0J\0ZJZO\Z^56;y\r4IEsM&P[-En\\\r%q]\r\r4IE \nZJ(\0\':(q<W24Qasi,{D.-=x\0\ZvvU-#T%m<E\\EPE%\0-PQE\0QE!Q@Twmo$HR-%C\rr\rEwQ>scGK?~Bqm88f#w4tV]4\0WI,T4iE$\rpx&4\ZJj\0a*sGP{`4(}HQy\"nnN3H+EAGi\\q\0F}4TKb,sBV6[M{CUg_)c\0@$zm|Eg3((V?Z,IMd6PhL3tW 1>QkE%-\0QH6pA\0-RPQE\0QU5mF-\'J\'i\"B#^--T}JH!w(vr-0Gk.iFcb>W=^\0\0)i(\0Z((\0\n(zfyyF_Bah\'.RWm]sfxfA\"8\\2~:?xEV/<D\'l|dcxuNKV\0:QTubLG-L+^\0QEQE\0QU5[:[]yx~dPJd2y7m0z(C\nZJ))k\"mi:ER9cAVIE!8vZ+H^[Z^g,<\"@\\89=ZTYY6H9GYE%-\0%-%ZJZJ`-%P1i*ieXi	F8;NOn^4(3QAs@hlywj\Zh)\'F2+/Y<p(w+R)RpNAsccv#:M\\<\n$Uf_9v:oP\\a#@-% e,TH=*zX^@-Y@h0#P(E%-0\n)((\0(\0J\0Z(\n(\n((\0K\ZOCp>1\ZH\0_TutW#cQSem=$7k(\\gU-#VXRGO|d{HQI@ITASeun-hCO({\Z@E%-\0QI@EPEPEPEPEPEPE%-\0QE\0QE\0QE\0QE\0QE\0QE0\n(Q@Q@Q@Q@	E\0QE!*/JQEt):zO`AEVC\n(\n(\n(\n(\n(\n(Q@	^iX3x}C1D\0$=I^^]]F|bCFz	~ /o-<=m`V\'${hQ31R1^{: 9.ulvn=zt?-cIA@$IL3|U;J\'uMl#{( =}?xkrF( ?;/N4-VsG\'LnU\Z5umFAr\"r	?]g\"-uUEyO8pN98*7sI&.Q+\0aq~_+NmI\0poS{Uj8%I,bd(w|q\ZP*wtz:%Kt<J0qz}on\\{<ki#,&WlNk-+Eln%w{;w8&AvXxLN;p)D\Zg#!An#W1Y{+$<3|a|qu^{y%UiF\'5<C%\rCWK\0\\!|2WLONu:M[B{.;\r6}23sJCffpKgsRAr!?5/5nXesot~^#8nLR\">:q\\sx\rsU\0o[a^ m3LD\'\01\Z]OPm_~\0{<j<MKp7Df,0\ZAP66A&xWwHL5g@?-57\"VVKK	w CGPG\\UO^[/a|O^GL7 \\-CF?x=`Ct_-w.aP\0]=X5rK.;\"~ t\nGysn{cEPj\0	4r<<^\nn[Ztj+k[)T%~cG\'t~\ZY*	-!9<_exthi.bYHUe_Auq]rP`\0\0R>juM`LcjO\r)MCOo}oR.G0ipN1D|9\Z8,/m$n\nQpHi<wu<* VI70#?P*mR)Zj\rHqOM>kLodq9}H!A]^knl[6W?,;\'@vW-8[BOO\0|=3Js,#RQIT9uk{*fX+iHnP[,Q\r\r,YV+mvCvHP\0W9G|<og[K@\0TgtQ$]uh}:An.bD~\'}\0#z|(uIa*1%@<nW|ecs_$1!crFJ z76F<BOb\\}7:KCluXK$-\0\'P_k=Rrr3tN%]FK8\'b?u\ZO<96OMo\\T\0;qUdXoMVK{y:dd\rVWiOii)RCTtz zOEsza(2`}wZ>\'yIMB.@\0<IJO^jPh>magF\"(`:G\0dP3gzMV}V)	^8C^>W\\Cwn8)M2\rUL]kn-~%13}9O\nkW:mKI<,Skqoih	\'o-`oK`\Z5W@O,1o\'?p_cp3Hy=~n[ou\Z],6g}@	/ 0#GYub4n.m|Km*Jovzd7_\0]uWubd?o;Q\"~Ok])!:\0==V\rs\Ziqeews++u<ch^\Z$iVv@@XF2~5|PI&kJ)KFGOQVuGQO~tk/h$qUO\rV^X\\h|nGFr:3;wo%=[x<sj<C[k9n(t?w$~_??-\ZO>#^\\	3D|EZGGK{x\nmcV>_e,ZKH7#FA\'#c[S]3/fUbRy8<{sX\ZxJ|F.]B,A\'zR`n=U[}[VXJ+2.@\09h>!uW/>6d2229#b.\0>pz`OVtmfA5-<b0v@G\Zy-oB=Y@;^</\Zh!cc9xTM0L^*OH5yG%4x\r?Q>jVs%H\0|q\0:7^!e2Fo{`l}i.eX2)F\n=Z}z7iz%\"\'--7L6y(`t^/7^>O,~IPoN3qLGi\r!Y)l$!(a#cg)?!/wz7y$r?)\'d\r+TEm[p3|TGqocC 28<J(IKI@-%\0\0`9GVdx+x7X	c]c)\0\"\0^0\0Jt\Zi=h-b@!cU\0\n?U8ofH@q\0\'&L|]{@y.d[/&8>I{s^,%Zy>..Z29$_V=s@eFgoiEQRXI\'ZM}cmw\\,\';-qNkU`6\"w]_Dm<FId`n%Npx[[RFiJ/+X;P|[kqI$Q*l(zd57o.~\"x`*\0S;jjk64:m\\sx{\r>VqKe63\\\0\rdH8Fk+FR@xw&c?2q@kGKg%V\'/<\0Hy;$<Iui6zxS9D	*I=pN#-F}l(C`z1JN\'QF`@\'o*g&|T(|\"L$`|lI)vOW\'NIu=ImUvfQgkif\r=cGm}?](\Zm:s\"|c3w#V\ZhD-=0\'\ZVQ:zH-IcO=1OMu,dIVIvo9O]:\ZfqU=Sx[	+yC)F2m<K\rsL4}_/,nwwA\'ki]5K{v_vyLk\0\0zxR^9\\$`v<9Ci|Y]\0GXX(czvkcx.qz54]sS:go\r@.Fiy+wiie@R\0rs/\'$q\\F``]~\07fel\\pG(\r-#-b{P?*xiqxV;HP`rqOk3zge5;6\\#szT4}NM/4@w(P<zlXZ4oF$z4l`6\0712q~FgYLhnVI.Y6w7{m\0=qxU&oss\rVRrI\0s\n}J>2^\079\rzVi{B]s}q{`\0g=?5;Z#!c31]66\"8,T\r+&1Bs[]=<n88~KxkMI$Q\"	,\'8wc08\r2s)Wn;=;_/}q,d;?8w<.igjo)}FNrCp3\":I\Z+)#W9\0xfuKlts8gUj)i}&%J1|~`>+[	s23+\Z5oy%$Wd\05UR^4ky18Ow\0C\'R \Z~Eck:l,q#e=#{/j6w<Lm#eH62[5e8?	x-N[5\"ePL\0PRys\Zv`u\"]C9y`	B\'{KZ:QY| 0;xff!V9#POl6P]V1K;Tp;|3.	dAlN78s+5=OJ/571\\g>56]Iy!]F;H<R1]o]\r\"4kQs<(|dtue;GH5<$WEOQk=uM)oS3RxHL@2FXkr125T>hCi}fJsxgjGo][\Z\'0{pH*\0u+\Zm\"@Fc\n=dCh!\r+:><rK6u\Zv>|r$)1@%\'<UrO_\Zi!n!JB@!\';?\rjZ*]OqmK+Ury\0H\rF41(&-dqqM-K|9i$B\01]m\\uzmO1n_pu\'%pA/w\rXnn^7IA/^g{Mkpi^\n17H\r?\nc[A0FXKAy?<O$Zj	YKK	_bn?^mGIF<a9 G8!9\0gD>I>h\\e(cX$)V7U=:E;IKK\0 |<zs!I#QB5Y\\vgLER\0(\0(\0(\0J\0Z((0(^KH;w5k6{7[o `\Z_6	}?WqN;5k$\\?w7ju,\0)p6<m>:\0W\0$7 $^j-L`~;ao\Zj>O0X]F^c\08 [<hZ2HczPiguYuYv>K.X#B[lvkUl$e\\kk{m%*W2\0RN89Nq\r_5HV9r=F\nNzV_i\Z>6JdPq(K@6|9KVa<4o0NA3Y~*\0xN8`&!X,@9\'S~a;8q<W1SPJjvPSK+`#16v*;--`[vs.Vcq8MwY]iqECVO2OFX]m\rAv<d*H.wSFZ}=r).vQ\0Z))i(\0(\0(\0(\0))i(\0Z@RR@QE\0QE\0QE\0QE\0QE\0QE\0QE\0QE\0QE\0%QH(aN^r	EW@zDQEd0(\0(\0(\0(\0(\0)\0QE\0RRPAFh\0p8P\"A#89\0K@hNv.qm]q)\0`g8?Ju\0``Qg8B F1JZ(hh2)CHS`c\08\0\n(dS[x_I0jEUE\nG@--\0:\0>T:C.CW|TN;CCgGW>k;YI528P`c\"vcu%!\0P\0\0J(P:P@#\0B(E-%\0 U@\nP\0\0E\0P@=@4Q@i)QE\0Jb9KK\rPOe;,sc;el\rRF[\0O:m)7QSWt$ WUn:bM3+W\Zh\Z|7>hVG`G9\0~4h\Zu_$9UUQ 5E;a\Z&Qt1d\\9		\'\Z)B0T1KE+QH(b\n()h(Q(#**@:1IIQ\\R@\rlPOSTBOR-j\06F\\sKE\Z%A#\"UnAIC\0P8\n(Pp:V*QUOU(08QrZ(\083G|(P\n\0qJ(P\nh>QE\0!U\'%A>z~PA\0\0ih!)~JC\0\0$2zE\0C0{T\nZ)`cQH)i@\0$2zQK@(P\08K@@8((1hb\n(\n(\n(\n(\0ZJ(0bZ(I\0PJ2=TDU:,1\0\n0\0P!T\0ETb#:QH()(\0(`QE \n(\nJZ((@QL((ES\0(\0)\0QE\0QE\0QE\0RRPERRJJr	EW@OZ(aER\0(\0(\0(\0(QE(.YZgpz&7G-+.FFA9E_MtGg\"[c8wL\0\0z#?x{:gG|cO;0p8;I0;)`<&C$UWbB~n*SL$Xv\'\\\n&(vX	Y6$x?uXb,7{\nP;+*zNs5`Pq<P# v=e{ms`8\\wzcjmT&8|Qw\rd%tIL+`xN0R\ZM=8\r\'1)Y\Z}uamr$8~\0U^j0Dy\Z$l@G>zi__Ed3h-x\Z4VfT&aCw\rFpN;\r5 u4|A},oB;V l\\~mxb2	FR2EfU}M\"e9V}},dgs M[no_n3*`#}laC:!PX\\d\\pWS^A;/>++zc73\\$jfv\0rO@ZkMZll&FVGCN@8m@2aILv8\r+7T\"x!um|Sj}(	(c&06(K-yrmj	\\,}r)km}3h\r3[89@Nej$olD$=z\Zx|SO	Cx1c@I4\0:gE-@`X7~>06hG\\73F|yXR\'y4\'3ys8yYQ430b8=+*Z6VO4>z y88i	?Oyb\\U0nzqNnQXB+I}&D\',N?cn={i7$C\Z;>9<(<{V`^sL\r\r2]Yey!\0EfxYl0DN[v3`ttT77(tq@Z(\n(QE(@RQ@.\Zk&Ln[V\\s{L\0\07M~\'/-n#+i@}L\0H\0kMoHAgLA\"8n\Z\\\r|ZV o_zH# Ep-c>+#<H\0)~\"Y\"w|=dj8}>/$2:jcaq9UgHrqI/QXxAIS]J1iwVRn*;xj+Y5_2P\nm3,2G+vj\Z[@7}}A\'i\Z5[|g\"4m0B$Rk>	%mjr.bP2{GFM$<FHcxN\r(%dee9\Zudhw\Z-\"$fG%wMVsyoiYFaY!xB8lIY!n{f\"Ecdny$Cj[UuUo-muXfiNp|iKL$E)VA~4$g\'*H\"sI+MwHi$p3\0Rk\ZS_.K	HqMgEeV`(\'gs(:<JLe 61a3>\0JkplTHdU(EexEN}@\'4?,D:d `3{z`kYw!$ v8Y5+-Z/4:zc+0-n]w\r3)km<E-=v##n(\'5e`}\0\\rp;)	\0N\0X\'+jaS\nNH\"fo+$~h(%sxM}&8c7zK7Zep7\rp8~_Z,}]Mou8-]wzw#4\Z4w<(fB2(`lQX>(=?.\Z(db>UHciOW08xfA\"8FAjRQJ-SE%\\.IE\0\'(gu>9bbrUPA5\\;QRo+&vf8:@\0\'jjlu;;UwurL\03\0	W?ggc\\YZCm>JB(-W,eQF^ofZ/G.\0}\'4 fXvh#iR\0jg yr0G_+&?/#y`J=\0$\"eqeo!1wpGNsT<7&eu$d\\\09#]@MV{L7:	Z,dp6}zGY~?s1LU	u>-.\rFK--M*$Ig-H$hf}pW\0@eWR=;\0FV\0q~4_ir|F\0;$`HpxZ/:yp{>Efes.&c;bt60Fiq+1\ZVp4>px<qI6@/%\0l(!@B;w\r*)!9lQ0;Xu8zVk\"K1.e*U\0}y5GfG.49mEbI~NIo#j9hcPqJ|1?\0n\'-\rr\0cOOhlX$T+\r+/SAgj[M8,LRz(LMkX^0BgE\ZRVMtyg,*eR4?Cy\'x\\[Q`t#Dr1N0<Jv`m$8t\n>O\0v.N#g9}>B\Zw\n,jYwN31tAyRq*G]yZF\Zd0<2eq\'XA$nEe1.?qOy>bywl7cqO!O>-\\g@$]u=s].izs>v-E}>44w\n^HcHg.TsZkF0|FX22yf%g:5g.y^+m91E ?mI\\4K/nmkF}>C;4n8ay8t/J]\Zhc4ggbA8qM.kM\rm\'2edou`=8>^B3-tH5:qq&k% *B@\'EoM%\Z6qT%jMM,M8XdBF\rp\\JtkX](rFxaY]V+4i+jzzCkh1#E,\r\0\0:z\0[,piq@6\'#$Z\ZTV\\ \'J*\nKo$~`QJ\r\Z],1h0,fM&Bh$w)*?NzU8EfIH`v\0O>oTl|x?KW-_5FwvUsKCOJ{-gc5x\'L\0N-Y.Hc\0[>q=b::kQFYje}\\%eLsr>44-c\Zxb9~/v 4+vHe# E-ahww4iK1`\09\'U3ZV=tI=p5\ZW=/<1jdbI\'(8[MsCEJ(IK@Q@RPIE\0-Q@PIK@PERQE\0S6zUSQE iQ=QY(\0(@QE0\n(\n(Q@Q@r\0-X_z7r_dW\0:Etj?Z+EnXM}x-#\Z>[<gN10M7\\FSHE/*! Es6>\nO_duO6VFK1O)R3mg+M#G%2$rskU<1UcL\r@vL3=\0hu/o%d \\B]x_MX#-a#!\0Lr?g\Z?_!{\Zh h\'M;IhTQ-3K`t\0s@[lt}WO!KIm)FCr&\Ze.Iq+,8<|\riEJK02\0g>xv	SooE1k[prsqG2Lx:\0Oe~L11<y#s3OoN{fe+Y^6Q!#R|-gkZ5[yI=xnu)]\\kONdHYdV^	,r+oz\r(Ow\\?	YgDy=q%sG*MSz~CZ|X*YI<y9peHde\nX(gf;Id0#I#`I?&8.9fOsY$7:p[3Tf6kRi7SlO-aN0^=sMm5\0HfW$4oR	]x$=.9f}*yzn#.\"0\0\n	=-n\"\0zw\Z{&*X2AC\'/:ya?g~zO@wkuo^r>dg-?\r$0\Z&nQ@\0a\0gV	_}?xv\rz[GZH&-ToI^\ZCkiqn$1vS&DK}m4J0;~ki[f23Ff$,5ZZ\\C\'.=$![1Yq|?ceTB\n.sG9<M5k3B\0b9\nO#p?!R4<\'(E2lr@AVRLi/\Zc+*.!r-Yk^^	aDc=x{]lW-\rORGReK3\0!\nnR##k+:\n],W&_:Fuc\\1+\rna\n\\-9CtV\0M3GDWGVVa5oZkcQ*I`%OL[}cIGeTd_5,T2zbh+[y_$lYA[;gGl~kvxnnk	no62	cX]UY06?Z~mSZ9n]=D8T$\0yG2WK<08\"6^f}@g!3[,|\0s^f	;\\(v#:gqY\0j|?sCu2L3}f9=M1/\"z+ 69\0\n7?g\02ch>]/NK`vFvMn.c(q&X7asStMK)Z/4	6PrFe99W!7AG\rq038m>8m@Y;om<^u\'^/a6^Aun^i[$$sOB?JL$3uL e@.0	Fj?$5XE\0iLQv6\0z}{V;L/:+$ 5{-F4r$\0vq~\0<?zk7%m%HQd\0\0}iTIRQ@EPE%\0RRQE3?x[]s:4-gRs=I\0~UKg1l}+Gf|^co0\0\0]s\ZGYTt`\\y8$u5tXz)\'MC[z,6\\@w#<i=&O\"mjHyTe\08<zm|?ywuo};6sy^musWE66|W8\Z9/xL<?=Z\'ly,BXI*9kG[Z/s_G)h,\ZA<]M>A[u5x+K@VM\ZJVhu_ M!lRv`%F2@#7[[_+jts&\n@\'Z=ZrgYnFe\'\0`Z:t/[!o6E.\0#%WqU}\0fK^{bJ|a)|6%O)YK2Z*A8$>^Z[9|z^im<-Ymn	.yLZvqy\'23?$Ik7~Q`}9<{mr6?4cnhEQ$s$ydRr99)/6m{|bn\0<h5RLJW>\ZKcs},6H0yaU</`~O6me@=j;J	\rz-NmeT\07$G\\wI&\n._VQ\Z\Z=f)VR3}Na49Fm 52cF@?LVh\0	%\0tsQ7zLO4qo3dgId3@!yg*Xs85Nw@h)bh.oeF#	G\\=>hP3JQj`tZ	_G~C-dy;N8/qA3KE)@~`I6V$@m13NO&m*Tux[\0c#>i>X|A?-wjJ;Tn1)b\r`eFy<~Bv1MwX$Xf\"@@$=r:k49r)3nRX:_SG2F1d$~Fb#(.	V<Mi{zlQ#Arsx?5E14s+qK\"i\0~)YM~7Hv+!(>}+v*\0eB+K]>3:DnVR@r@1c9-Zsi^#q27==!fiL]m1@u>Y|:0lAvI&>qcwy%L8+2>vXb\'5fE 9#]F;%EI/2?PT.TIru~Uh\'=iP9[s\0}V?Qm4!$D\nMo6^_,\\I7VI<W@fxTIUOu$%>1F{\0kA}+-jKH#\npyoZ-svn/)bcrqg|X<eb-bYncyd}m:c+s\r9\n!px/Juf,v3ORqV[O1o3Bf>&\r\Z(whIKE0\n)\rQEWk~-||HbZ/>nvVnc{-[QerW\0g0N\0ZZMPk6[22	<@7ko.uHNh~]]Bn-%XKqD@a5Gt\'fe1\\@\0H}/LCSY{+\\,.\'<{I|m NyDU9Hl\\iw:\nn[Y>n<Fu2O.AFnqp2\rW2lG;Wmd=89k|<~n>Sht;K[(d]dIYO{N|9ciR$R#&p99v\'49&mcekp\'ES#2=b73#7Om;|@w)(=2+o%tI%Ly `&G]Y\0/gay=T\0\"`96gdl\0 G\Z_YX5\0+3F8\0jk-5	;\n0<i>Kh\'p\\8)]X\r\'Xj})v8;&t\\c;HuJHe7&2>xj]5-}sg\"7\\-#9P@Xuq=u&/3]~;KZT-uiESCN|/aVyou\nyeg1yb9^~w]Fe6VB,NRbU=?}A\r_qeIi,Up\0oOoN[BU,HU,]Yh{\\c|#M8b\rg9	\08U\0h[xss\'0pO \ZG\\#1R>zU=_\ZmI5Zc.\'a#rz`3<0+-j*q{~~\\\"xf={;:fMs:}3N}i4?\rZsj[]]-l3a9(hVgo\0eScN&Hr*2 )fHo(2M+~jk}A[7Xa@\'9T_.s6un+tf2\0P0`NTi\'9?[-O2uo>e\nXyMG:y$hn>/I38n=kw;MnY=\0j&5-\'S!cv/Nq{iwa%:OeoA5FWB]gQGtf0{&,$%Ak(!HveI9r	\ZF\0_sc9}mh/)/	Glg#ot\Z4`li5,neJcHlQ]WV1Ox^V	\ZB	=+^tI2%3\\0=ZnDs2P`#\'ZT	\Z&F{~t~\01qF\0,\07j/cqyiC}Gsw%$cp)!gQKy9O+(vVZ\'m{hhI9e28#U\0jK{9&k{kR9prxLUW:ko.0T\0$p&mn#i#D,QK@\'|X\0G\0\nOZ/-Kf[cePgzO[:V;c$w2:nQ*[G?jxr:\\\'nYnn&1lo\0duVYm5)n/-AUo-Obqrz;\'G7QxYnB[4Cn>S{+;\0YHM\r+`|[:g3\\\\F#q$\'5}< 1\'$887%`)+b%!\0J=_?HjVgCHy.-lX&B O),\"2{ovIqxU\0\0LyW\'MLXYFIh\'HxYB<`Gbrii; Y\\jB%ll//Wsc\0w<gjFnG<AB3@2)08mX|igFVjZ4:EOT#?>L~,+cg9u{Y\n##XuFo0IPU 0|aASE	XTq$PTp8#lx<Y[63Xg`{G{\ZtO@d{lmH\\)`\01 yKx^Vklx	H90y<Sz$/\rtuHP$c\nO\0*|N	}k^\Z]+p/\Z!3\\;\0d=&Mpys`=.c|UP&MrMw0X[>cTG+&fi\' \0A5\0\nL6X65	nom\\cOn=\\|;&xSgPA$>/,Ue\ZVSVXB V<-^z$+tYcT:x!{S1\0ib2Y-\0*P`<{>V&mU\" `H9GL=nRQEHQ@%-\0QE%\0Q@Q@Q@Q@Q@%\0QE!9zSi&-Q]\niNQE((EPEPIKE\0QI@E\0QEQE\0QE\0QE\0QE\0QE\0QE\0QE\0`dQE \n;E\0QE6ER\0)P(\n(QE(`QE(((((((	(0(\0(\0)Q)^Q6BNvJ}yR[k[C0\ZURQN@QE(EPER\0)QE(\0;QA\n(\n(\n(\n(\n(\n(\n(\n(\n(E%QE&0(\0Z\0J(\n()iJ((0(hJ\0)i)h\0(\0C(hb\n((\0(\0J\0((0(\0Zb\n(\n(\n))h\0J\0(EQqQBh \n(\n(\0Z)(\nJ(\0(C\n(\nrU?LZ(M=j\' +!QH(ER\0(\0(\0\n(gW,t\Z=A{&	\0NOs\0b@.K1UtAavOM~p>CK^\0`rU-@d.#c\Zp>U\'\0L	_~%MSy/?rHbx+i[UV0NNO{wwV\Z$i:cO`WxiC1V5bznn]q&*#w+kQku^\nmE\'|{gM\0ej#\r+n<_]q[&]hJ\"I~pFF8 \0j?3a&t!jzsynaD\0F9lh\Z7\rX;,J[#N[xn&O-o8Gs5-NXMJ^{mFkU(Ug\'5xU{|nIO^w~4o%j77RX\r!,;\0ws:ws(.\Z!icW1H0l)h(0(i(-%-P!i(JZ\0JZJ(Z(\0ZJZJ\0Z)(J\0(C8o/4}\Z= Eb6.\0c\0&*~\0-vUvk\'k1;Y\0J?xs\0$)\r`huj\Z\n@p8[:AI[Y3kk9b$oA<k+.?jK{F# |>|2\'$odX\nvI\r9K	HdwV<Mq>\r7(ny$W\'yuwurh6\Z>N&\'x3OCupO0\01\n1Q14(\\{\rzU7\Ze51\':t%mwulQ#%\\9w(X9KExCS/o[%8t#t5G+jqc[`^h9\0\0OJ\\veN=Z1Y\'vu-HI*3*?gd.XK\0[KAZ-g\ZZ)!.|	6aFqOBXKmX	<9_jkqg0J!E13szc8_\'K[e;dl>uk\\+5ZMU%\0c5]jtM.834.v[8qjw->$#B$zK5{Rik>ucS9<*\r{bcay.\'%!L2O<d`swXGjrp?9jwi\r*-qJ#8&2P]~R@\0)F9&uk\ZD?dU+8\0L(O~Z{_ml^H /8\'d5E|*k\rcneS[#!GG.wQI&+Hut>UnZ\0mE6vYV}(9qK#E[{<0	VN\0\r95kZA^\\F1\'	c}\0Kk\rJ<lqdzkm{+wk|T=IIsjw\ZL2^FOQWZ\r4}sV6;KawWLx{J_w|3[_k1H;c4P:+gu{P$Fp\0q=ZMX(E-\0QE!IE-%PE%\0-%PERQE\0RRRPQE\0-Q@	KE\0QE\0-%\0RPIK@PKIE\0-\0QIE\0-Q@RPE\0QE%\0-Q@RPE\0RRPE-%\0-RPE\0QE\0QE\0QE\0QE\0QE\0QE\0-Q@Q@Q@Q@Q@	KE\0QE\0RPE%\0-%-%\0QE!Q@9zSi&-Q]\niNQE(EPEPEPEPEPEPW5x^\rB\".Uc8<r*5M:/omUfP2jxC|\\\\Q\0\"^\0\0U}4^Bs0?7Cy|\\u\0/,?%?\r:dr_tkKKw.gr\\`2T{)I\0	::@>6z|rq~S1z,L-ngb}o$Z_;*pG#o\0%?@9L>)k2X_GhN1EP18=>\0\n<m>)##q<C?cO\0\0\Z}~\0aykN[Gk3:]?Xsc3yQo\0toB\'\0A?\0Si9}_&-xdG\nRd\'t^gn<v:gQ_ou8xCn~)4w\r*J> ]gO[\0\Zj@oiQ\0+04k5|A>v:{c1a\0)4YIT\0\0\ZCh`>)4YEP\0-c\0	4n\0\0\Z,Eg7?E\ZV\0A?\0Si41YF1\0J\'$\Z\'t\0	O\r\Z+7Zw!Zsc\r**\0A{O~`>	4YIYh\0%?\r!sWJ`~YEe|ut\0oq\0{g4YKY_x{g4MiV\0?.?o{L\0\005hI=\0A3\0\0\Z?&hR&h\0?.?\rJ+/o{L\0\0I=\0A3\0\0\Z9X\ZVW$\0\0q\0x{g4YEeOi\0	7=\\E\Z\0	7=\\G$\0\0q\0`jRQ/]wL\0\0#WNYuZxzP(B:0@J:9q/1%Lq?It\0CkN\0\0\ZD9?wio(9^U\0X{0++4xCn~)47%>I4@9N	4Wk-c$nrw1$8mwRLKhc62`[h\0%?Au8;bxC/3d;H>RNRpOMfIZMUf{aHA g\0\0\Z_?Bo\0fy>}QGG\Zwq{z5bLQ#Y7K)`NOQkZKt,t\0\Zo1a\0	4@+izsgj}L J\0?\Z\\KI--NAq}+/a\0	4O[lYo=H\rF	#1c=~_4E>)5xk+-\Z[\nZ]K)}sM\'>\niZ;z9F|3Y#9C\r-Wt;vGn	<)ZtOy{m*k[+^[8N_Ue*0rNj-xZl@~,G4sM8i_]gOFh6?/7D\\Hr@W#>][GK!VcS|u\ZiAu<}nSi.i#[6sx]<9Kk_=pt#u\rY=.Si?\"7R%p%K-i,qxS	u]VX:uH&(ZO)6(<53xC_>(?',1,6,7,1213),(6,'ETO Parent Engagement Pre-Assessment.pdf','48350','application/pdf','%PDF-1.7\r%\r\n7 0 obj\r<</Linearized 1/L 48350/O 9/E 44301/N 1/T 48061/H [ 486 156]>>\rendobj\r                    \r\n22 0 obj\r<</DecodeParms<</Columns 4/Predictor 12>>/Filter/FlateDecode/ID[<460C054866AA094EA09A7E70BDA65C06><460C054866AA094EA09A7E70BDA65C06>]/Index[7 38]/Info 6 0 R/Length 83/Prev 48062/Root 8 0 R/Size 45/Type/XRef/W[1 2 1]>>stream\r\nhbbd``b`*C)Z@y.KfbW !/DX\0	1 d\n#\0\0+\n5\r\nendstream\rendobj\rstartxref\r\n0\r\n%%EOF\r\n           \r\n44 0 obj\r<</Filter/FlateDecode/I 87/Length 77/S 38>>stream\r\nhb``e``a\0OP#0p4 B1C)C&=/u=08,+\nj	\0\0>\r\nendstream\rendobj\r8 0 obj\r<</Metadata 1 0 R/PageMode/UseNone/Pages 5 0 R/Type/Catalog/ViewerPreferences<</FitWindow true/NonFullScreenPageMode/UseNone/PageLayout/SinglePage>>>>\rendobj\r9 0 obj\r<</Contents[10 0 R]/CropBox 42 0 R/MediaBox 43 0 R/Parent 5 0 R/Resources 23 0 R/Rotate 0/Type/Page>>\rendobj\r10 0 obj\r<</Filter[/FlateDecode]/Length 2250>>stream\r\nxXn6}We2/lE2xaNKr8*xo@*:,V\"G0?~+%*g.1/\'f+-dS$C\"?a8-Jf(Y8K\"`>2P`}i2U[9`j\"zL&Z)uAGftQ6 2^bOLyA3\0\Z3J\0	VgTBQdrrwm\nf[*@R@j$H>#;2OZ# WhV<-\\+	>Fi0@ee(	M7*Qa&jLydbs9/}&bA*+kb$2  s!B	|&31\\(Fv#>.crP6JxlErlMVc#\'4}&E3RD#E4V!q&p7<$\"t\r_Te\ryrG62ujtHRDHC!LC*xHF!BumtBE(jwjX<*as_<CljBxl^@e$\naxTd<2a~:fU\\gYYV:3\")Uv7wZw53^EuFiufd[gg*l**j**3nv:ivuF3R:jjURUSUTUTgN}2:#\0vvuF@E{U)T7HA2Xgog*3y^_{xi/ZR????Sl^>LrGo!P\'`UOy<i*4 EHVexU/B\"dd~#\"DNh:&<8KO@	^W	:SGpa	RnRUI.[kyKABNbQC\'I\"Ti88U(\Z-c]=`^\"0Ah9y)uO`KR6Lpd]k{?O<6|T&&1npi>uafc7zAdiC\\fl=w\r;vl;N=nXN[vgMcZwl.}j!e\ZX!1s7uu	]w;{06=\0>^!j}\0,k{or%Bz@p+:|dF[L\'VL\0K=E}ei2\'!:cq75[xbQE`k,~j?I57K]l\'>hVC@pnv?	z\'0+!\rvi4u+\rB3Nlc6^:o`C78l0q(Yb (1}[8oX08dY\ZmAkIn8)|d%3c_*+u1`:9k:;\0]/e&lVhi\n\np_b=1?qXo`RwQq:/\'@\Z1@%~Ezn8qYin4.XRHw;5CxN<fn#\"rk%[:Lw>ywhM8HL:}Sw4\"m\03|u=,CL_h>\Z5jf?s@x`+v%]_8Gvp/o\"66w0Mb3\0p\\w@+Dg\r%v<o/1o\')ZOx~c7xl[G|0N8+p!_w\ZL7gZ?,p82!CiSny(?#2_+D$9)8#?>g1W?#y\r\nendstream\rendobj\r11 0 obj\r<</Filter[/FlateDecode]/Length 10735/Length1 14628>>stream\r\nxz	|TEoUNN	}>d b 0&KpEG{F3^GeC4s\'~u:Atw}t_jBF\r1~@n]1;cU{he!t\\=4CU!]e+7.rN#BtkI{gF/ R+uZw}v_=c!DNAzC8oC}m%GoDi\\Ynz\ZB5KBl~,_g$0.z>u\"4N.O9\\?<gxFG\ZiZ?>btk_7b>f~<`>I#Z\n4IhevE(eBY6CND@YAV$C]HBrQ!`|FXPqg&4QweD~r\ZVjD\r/D9G (-~VO&wG\'0q}h3-e9.f<b+@=x(}$m@y(Qxe_wmq({C5][ b_@*:21[av{rKyQ\np\"\"\r:n	wzYCaExd7=kn0d~Qb<nvGmU~S_Wxo{~~+]^!?_>\ZEX\'9n@,`q6D=~,.Q6>(VWSC	 HAsagq0y`qgUck?W;Gi8v\\,Imwmoz+7CR=131b%pf EZx6[h/y4TlBg|Qj8ix;14\0u^gEa,: F2,z\\C@xy})\nz	>dqt=^Xad29KDH)m,.*,Lg$I+1!Gl2\Z:IxeF8l:+9k,tIFUr~NFoe}140\nc[Vphinopleg[<Q)h>Uz+21zA1<e\"dJu1DcVfjzwmV$S7]]XT$|eXu/+a},sS2Z7tz;C!&c5a^NqWwt: VS4]Ag\na?<jLtW;i;|K=4lnnv@BxYuwil:iKAZ_l24j?qA6@\nPj%mUd54Uye6n\ZxA&/T-bQ\ns5\n6FxO\ZCmj}<ujr[.tz,$Hp`[3\Z<nMN&\Zox	[k<6mt_CC\"mvS$F#%h%%si+y\'4S|=4%pTe$q24N/!ExaiY- ^HH)\0DA}L,h\Zunlz`RV|eMnZ.KSnBuQ+r(mJY-CKwH08E\"y\r6r\\~bq*o\ZBO}_e_p?#}{>tp>]uu0u`N+AnO|X}~<.Lib1=~Go*2_c\"qQ	\\^u~#9xWxx[8}|y@hCO@\\g~^kg<>k+k,?~pssv>kG_^sGY~,/r/R1_:\\7\rV{zCl.b.,snNI5I^cNt	FGl1cFfb0MI7h`X01mfx0bFA4\"2 Rz 4Dg2.DtbU:TX;\";%p.,/l:-&ay\Zn@Y#NXZ3M]@ov^57usp.p]vZ:&;*}Re[u4[^IEW]^_iEbqxXX\nU9)#qLu,@8cq?ok3+zVv>~4-AkP\'jG	MZ	_C{S%paJwg \'cX!PmDD\"n/2XS9Rz\'c,[KQ-;\"<\nnHn%/oB$0m`~-{r1OI@3r&an>\\-hUVeivq?\\|nr);\\hupjny_Ree:jf9~\"5,#*FsQj!l|nvS\\lNs4/@KHn.Lp$7aL6:E&\nSIl4,,18by)k{%8h~)S8[8s>d\\2m\'++E[-lNV)G]$6`t}btr{7K`6l(:$J(st<	v.Q$=y4iuUA!\\mehslK+	ssQ<V#~])U]i[\\lm1Fiio}*#QZE.I>t:1q!_\"?M}Qf,2@{kc08[M=tv\Zs2q6v\\M<w\"sY/.Y,;dSlG>@LP@<<%FsVbQNm\']$ycK]A3sG*:>\'z(<`NQ=-yyV-y77TRh^%G`jiX1\\\\_?g&fDrxOV)kz5oB /@^AZIg\n@\'y0w;atc,G, KI2aC%lH\rfr;~}:s`o~k\\x}f{Kr{wVqawS>S9:.>^hX	;OQks}_dMr|Z\"s4	O4Yin\"hi\0U/m?Yl]V+~/S+_Ft-r\r]7m86\0]0	)3)G_nK\Z04t23irp)waM6l6%>b1\"pePBY^*8,\Z|A,haUEhTtQ<]s4{+O<yL$a;44t-zH2]\'%<z>^[DFm3G,\0n~bpj8 $C)\r<$H!v;E|PW	FaX_-xfHuH\'aVM<\'$N8*?+Vd6`dp0G7YKoy?&Efp[Vmi-A-4C\":>\'|v$??ygqg/\"QJ.O9v6\ZzQ+!1AY	L=\\\"\'Y{1\n`Ig4LsCTPE`(0~-\0$1cc/|}T[jRnR_T~b9ur-7){>?|^7pZTV\\\'0!=\"Eo%32r/`^=	oylY0LrX,QJ{p\rir[y)Mb*X,M5}m?SSpsrgPQ(H`nZb(K1,xo;m;$S3x4A5l`p/&uGEfni\'vNngy+s|\riD&=_;>=YFW4Jy$>D&`uV[-3\\\ZY.pvLrC\Z)&P=3V%7V.`J[sp969~RIM}dXUsK Om	z(nKLtRg5u[\"]\'>fC\'0ZK@\'y,D[,[q\Z%\r|\nt_~RTXWX7[\r-tc?ii1|mhMt yrYK|tq$eK:t}Y28y?v-O_^Z`k]}\0:49/i]j0YrFgv<1,gq?5\Zpv+l&(8.NV9\\]+\\[A.\Z}8,h`,e>SL/.dO_ q4&7);d6~\n)Dy)8jW/f1/xmj/)7w qJMw{njEnzcO8y/vE23iurxfQ</n1c^	@tEOnFd\0?#/(9 \00>}[?\"\"LS\n\r~L>gp5NQ4Yz}n$$\0}q4wWtLKOHlTQr	W[q206N*Y*7*P\\#8yobMS?dz@\n$Ci\rg)(e{.\'Ri},2Q_Yc/PY=VNal0#\Zb!\r5L\0aQl]~Scm=,4%bx2q_ :0}z\nr^{l7/&j!i_%^h1h1\ZYOb@FRd\0d*=1\r)4#cFNDb\\+,s}8\rq-=<*5^`W\":WY3	6~~OXaN$lIJG-Z+lH4\'-wrvi)%4cZ\r~BkYo%6wurrRX#v/~ifQr+&T\\_/\'	6`0zXH<\'!lc-~RR38.\'|\0$@#b&JRLv^KC]3@zM:0/V/nc\\\0M%(f\'`hkR3\"4~|/M{.Kw(F`^%J,6l7[ZYG\nl6%?P[|x\nig7dy|S@?%Tvk;\ZJgi&z8w9j\nGoQ#0\"Zjfi	RNlq^bNR3kcsL/uI{fuWH}YV*I@)ldkI!Z$f:9\ZgL*^<Nw.f`#ot98*0JTj#mL[T-DBL(*d3Y~G&BkA>c2]&H;0uplNe&G\'(>^4=d1u q8\"E\n\"mY`.)2*/Jh1#oA\\ X.^D1sEj-e8x}Ee@<s0+fd=[	5@@WW7s) 4)A@KEM5*QePD\"<QCf6ujo&o~v?dxk(GA>LP2\n8JUhc[c(P\r#PBl@grzk_?AN-\'OO87g6wm/o+vNxO3vIh[M/juWNWD0\r\Z@C\ZM&4)8zRcq&G42},:rJksR}Q;Y_0w),~\rn[C,?19XYSGcVNjYdaD\\s5[i2!=Q\"p|LDVAX//oI#re&\rb*p\0BsF)1T/!#,:\nN\0f9AB	sn#~W\"P5=#d\0\n6^Z:dDkvc@FJaq7!#cKxx<1<3K#:A2{u]|@s+iCv\\j;\0Y\\#2w<:W]>@F>S&nJFus	6^G6\Zy>\'&zTrWLED\0jE&\'Ggo_^~|+SXWyK{m/&lN,F}g//8*\0 xR9ld*\0`9~!L\'^ALT14@adZOg12l \"N&`Yjt/q2g,GoZ\"<Kl:IaKpdeRbJB2]$$J]\Z]<-Ml(`MTpKp7\Z	@2AbSaY6MG0C{p^9 I#uCx0|=8z#7,cu6dqI r3\\ET2\"cd;uNGHzGq!JoC.^HRvbq)<U9!@15e)c{\njU6XVyiO)X[+%KJ$+;N9wQf93~Rf5q/:,1e<dFlid,7rbbC)Lw.Eo)r]:,:mC?3=09]GH\r@/\'b.cE_}ONZL;2Kw}\Z\\k\n%OLS?\n6IFt6H;(Q$v?X~`1\Z\\lm)+\\H?,^K/2]/byw[;a~qC(MDJ]6bz\\_guuZE>pn;B=|lBnHy,QC:f-A]TX\0u|kQDZNg_=6%7q7nm.%o<aMG;TK\\mi$\'=~z_ZRuyX~8{}hS5zN?<$-MI-5-6nw/2\\	[Z[\n-*baEN\'0J0\"#U7ri\"kPqWmFB?7C<d33:$H+!)+hrFDwnD\ZTAkFrzaoe4}\'hgT):7g;j;\'Nkz4U$S~p^~_+:F?fp_\\\0pPs&;f4V]yMNcIc[/,pbZ.vS\'L%sNfk5b!.eD~u(f\"e,$,ED$;H&F[[t6=\rn912[\'GVO;^1f7i@lo=:WBJ	ii!\r~|.W|a_\'\'?3v/{M_`Xe^8oiL9ks-fRGG?&M+j\\0&YB]@]|u$F#qn\n+\']?I}knQ/7/2\'uJ=@PUOK)[t%b=<f4@ED/e$(uRn^U<|wf%<S$&z`\Z}[qBulA :3:\nD\\#zAP&q8S((\0;f[cJXckP[-\0vVGG|RYT+OM/X[[8)]Ql7m)dPX[$%I>.)7s\\kGGEq?v`B[F5_e-V_8[/\nxwpNM{pzc =azFT+5#Z0O^aU&wjFtY ovmwz];1}:^s>H:\n\0w?uDz	!HR\'aoVwx=)ShH1[GT(\Z=@$rfJxz1>T2!\0HxNK@\Z}U@C\ZA?oEei56Bp@[ S1w\r#aSLny)sh?NG.{:\\IUOPnf8A^TTj]m6mZ+\nIC1\rPe@^D@N\"kgJ}BMmEUm#BysWNowt.^;/^X=w\Z>XVsZK:ASX&VlX$L< > \'!~,J?L\'B7Y\"l\"A`]aE0YpkG~{q@\nk-wmS@z4k/##/2GHd=>\Z	Xw%II@@5&0x|1247lZ\"\rxR4C\nX=F]:qNJLBhfl8CMzI\\$5zH;\\7RHw~/cJ}t\"@l\\Dfa\'H[\"NruzKw[DSMi(vT&F\'I\ref&dIzaX8KY\\.*tnnU\Z1ho4k^8%NQ_!dj;}yr!w(\r\0w\r\nendstream\rendobj\r12 0 obj\r<</Filter[/FlateDecode]/Length 597>>stream\r\nxmTM0W;zHC?h!6s_BRy:=Of]fqtkLdvc=z<\r_<}|2Lc:NWt[6Si(f)C%7sK>MISk_Z*_:U/E-+<*<+< HhqhqlqTPqhwp:d{Kp0SPV2!a!Gd\0@P\0@\0`\00QXaEeE0#;9:%m@5.`*{uZh@Yd#H4u{rxp,p\0\",DC?a ,ab\rNe\'$:Lq.sUDS\ZE.TB	-G!\r-@X21\"\"I),%6/\\-4_nalrCEX|YqJ2/8\Z/\0T.\r\nendstream\rendobj\r13 0 obj\r<</Filter[/FlateDecode]/Length 7693/Length1 10688>>stream\r\nxz	XW9hl\ZZIPYqi;\r.$.cV$ILrdl81&/{HT})@!C]B53]y\"!:IK0?W&VN3!DU /-.Zr{b}h3B.h	<58o\r/lh0DKVyV[8qo_l~`}+	~al[d)A3;l2gkbojq1)\ni\\l#CqC%C|C5CC\rCmC; koXSiZ<\"FJ.7\'@i>$<.aE\"}bGVx*\n	0\"8H+MH1spu3\"*&yvFOP9*ayJC]A\Z+#`][G_AuCM=:\"_+\n;IF@7Pgtq- j\Zig.kJ*{/-kj:Q[jn<n]3K\nGVNao_*?WVm\rd((i#h\ryCDCks2fCM7?g\r\\JfR@K8k1kY!,_?{80?A_|Ng{tC\00qt{oAZ	Bit\rP=ZVh\'=nXEh-jC#<2dn<G_c\ZFH< \"wS+g\0\\xv=V	;J\'!2x,N-rs\\i)$MJLX&A:Fs*)AUC1GbUNno8Q)Cx\"6lq!dU:+K!d\naso[M|v-[hnr}D.w/Pgg#j\rt5#rV:Wr N2:C$\'wG3tp~\n)!<Rkky[BhH@~kvj@\\xQ)Z>5B4\0Zmf;*`\n0_>`\r`M.Z^_LMnx]755\0>WvVQwxm;(TpPZA0-Uh	EN/ykh\Z.ZihG]5\\FRa*y\0M`\nF,-oQbEyMv\\bRD{7BZF!l=Jk&:zTU}F?krgSHln%{Y*g4ZaJbir;e\\Fv0\n|j<eE-M)vy0uMomhu9ALT<56su{B\\_A6ZKB81 227RV+%N	!^GHt&h\0 KojFD z\0hi5%YA=0[~&16P:\\L\nQ`F>o9g&eMGa\r%W&PN\"\n@Hqc0LT`pe+)6M/_}+]2NEn}[oRdIE<m~49I\'M8X$0O{rnB-{UJRI{!.3g}&~PX(>XGmG?.~a`` U=Ws.xQy=,,OOI0}>Z,|\'	tuzD4\0U\'$DGJJ#]Q.mGMqqL; ]#m06>(m6wVI]FtnIMiryaF`|*h\n`2%kbc2%K&c-d:Bj>9EHrmv!Q[t1qhh2Z^*NKa.x.x.U#oj\'2^BYsPIP1\'qXjB&e!C3By_3\0\Z\"AkCvZ2f7Xy[	:]vY	@P0)\'wIhBNVZr\\GxeGQq/_+)Gp+V6ZCzQ^\nmZqU1\'jB/S@H&;\'HF?4gd*s/XhY5eU:2$tZ-@J*[:`k}?V\"\"O,\0^(U\\oraX.$?t\0u||\\w75NN#U91sSt\Z:-St>NNNCdT\"6#n#u4]nv9F%F>%\Zrs\rEh1$V(s;h.rX)EU+q/EK}m>Y95EjSz]HTP\'\\zjXhTobG>uEQ6}k:`L0g8fiA&$=`0#~lqcY3:!\ZWb8k1 t0*6msMd`NfVE9LpA~$|f.vq_w-f4$\njjK`oWnsO=	5Qg;XxD|\',\"BT\\ Z !n\\r9qLO~C1,^7|IWw5y<EXY[Y;)N?rkEhAdAV/#_23ftfPq[d-jd9N?\n\ZT*u>1o?<qwyBFF{zJ7e4\r/? :\nS4DE\'u 9{;w69=^\06!*1DUj3f#  1\'7_/-,*,}\Z5Ex*>>T32Rg^S47ie!8KDq	h6	+ ?c up2p$[\Z6GXQQvyf8#qoq[,p>Px/8sg~:7Oy@e}f3s&\"q!u.D\ZnO~&nTbv Tu:c\rN==dd$\Z>cq1Fqe\Z*ReoUI\"rFsvJ\\W	mUekx\0SA86x{,Er>T,,9?n-%myJ&.cWq/\\WQs{},G){JS7W @\0=7WQZ=: urAF	$f Q[`0@~LT7R1r-sj.xg~{w\n==Zo~/|ya~c;?W[{U\0YoJ\'RmEIE$_/mH$C4mhKe7LXY~mEe`5Gp$IIcm6;mssc/K|z[r\\%c.,7UXvK1-?3*&]U^j <@&~7.->j}jgM8>;\\@6L]>quu}cqx!8an_O*/#_\ZG1yqQQyrfz#[ClZHH6tY>~ A5P~+mTs%B#b6^//94z<AJ7rFB,8S%:kXEY({X={7Z*wzd-iK;^/MW+\'m|`uR)cncYn,y&m6a[-xytc9^~T\Z]O/)a#x\nQu(-ZR:*\nC7z{#26b2f*CQ}A5VjD1,@b\0N@\\60q`;(;0=x*oxwgk9{e5jJDsxcqVSiIHh:\ZcIKb<!hY$TRm~\rr\\kAfl3S`<\'1N7D+=VPwu\\_\r	*hr`P}-En6%7QSjGqgn/hUp)7skJI<9e,=]8(2+VjZ4P>\ZH(Smm!P\"!?z!MW+0a,SZ*Y9ME(>rcn_npY\'O<NnV>9S}\'}aA\"KJ!l	S4^XQ+Z~O&oMJE&SFVcQh&r{pRr~\Z`aw\r+X7-ZW3iR3y<!=5{\'}v/>>8f7 }&S\n$J49LHZsA]>~U^bZS{4Z=k*4hPX\ZDXJLP~\'d%C\Z({eYe}5\Zuc\rg8n9n?-}W.U\\uiL3O|Iw:.5mPWQh7\r7BC#0Pt%e:I\'C\nUz}A/DgW@{MD1h~5YN1u8k O	`l19BN1!&NBP+Mu:F	bNppA\'(O`%~!M\0k<C6QONhN]^>>qgr\'3j-xpk(h7.VWihJp\Z\rn^myQ\04cG]>d6L@^A<PRPq5\\r5\\\'\\#Ac\nuBX\'FNv	W$:C?cc\'qj\nIuV[qM!k	\rCb\nz}NkMu$VCD$zT:\']&$re@<tF!,$R(k(U<9QG*-Q{6j 3-P___L|dv5%nJR;-gp~6d\rZ$X|T(f	IQq<IuDbsT.WU\"t}cYdMY;@}W[MWyJO0aiSS.=PYyr\r!fal:;K)Z1]}	p^sXihte8T\\Wnqw8@\0B4H6//4wfiTPP6kprXbh!9fT7xV:7-pGqVum8>\nh	1\nEca2LM%5oZ+.7MHe6bQe@2v`l\nIZ;HZ}`K5uP/O6:WhzOX\ZnO)<?G>YceD\0 J#\"rTZcN3K01UYVeccdq9[l_P>%)\ZLqH2N,\'yRhF6xOjoOJvvvl3k.(\'N\Z~9yOoO>.w\0}5)&K}2jV\rZ!hZA!X\'&u=Z6-Kh|zMDcZXcw$Lpa#\rXu#$5nbl/:f,.Vb$W?l[VA\0j%oNJ!TAOA/C3f]96Q\nYxR<d\nfN((lz0=x|;@G>\0J1*BqPv#\\2J\ry\"$b.>~;WNR\0+Jlh3E*GU4hQ^MaDT*UHUR\rjJE*)e|\'E@dCsBY !/R,,zxCw_?8D}xEyp.!V\0^GqAjMC>26.rA8;L@jbbVp@G]uN=)e&f%0L+	z*)YW)lT\"_Jwc>1c(v?U9xp	^%9jC#T)#zf%F6y\"Dj\rDpsHnq)KU+\rjFiKi=gE5SdRQ+Ark1iBiWmoN}\"<`39keodT&M2x|C5Wa%\Z?>`lINkg<L@XSF?z36U(a)lF-{lq/6ez1XkS,_}/cw5o%w:}s(+W\'dkpi|=1??]\r\nendstream\rendobj\r14 0 obj\r<</Filter[/FlateDecode]/Length 454>>stream\r\nxmSM0We,+C{q0ld8;O.j<Opve\'4TJ$B946^U|znt9iQu+o1Om|\'>Degpt){hjq1^H-S;%u#1I\rv!{E9$e`w[u5Zc@_S:\0\0\0 \0Q5Ljf	I\"\0@\rhkJ[\"Jep(C\n(*(H1H1b\0^E=(xc7\ZH.Q@unF0R\'/|%\0Pb	\"P@rY5<Rg;1V\nq(u~1s.+fo\r\nendstream\rendobj\r15 0 obj\r<</Filter[/FlateDecode]/Length 10331/Length1 15900>>stream\r\nxz\r|r].prH%/p`KBI AU^>5DRjKRViESBrK~goY\0\0pa?P|* 7lCwMsHX\\j\n@@L<NKi7)s4|#^akI_Ce0\0i/^7iX\0&{0\06]+~\0 R\0=UL8.\Z..n^0huxp[\0`3<w_9_NY@|8N # \\3A(d`*aTFrA>pl d|H:\r-\rW-@d0,I.LM~=`jUs\rG	^\'P\0<EH{@%i{\nszy=\0>Bir>%\0I_vh\'|Oc\n8_#~3n8M\\)\nno\nOk6fU:n1T/?Zj,&MOzf{78\ZS0[iC5\riMHnM>=q.UwMn%pn_>=\"0c01w\r-BF q|B[xB[\rLA3A \'6@j>muZG 8^u<~7px~ovXC\'x<GvIn\rnwk0=^Bu\0=:	W`\'	8UFRpR:p$\nzU iU2XV2y1y#tCIUec\0ARt=n&(el5b6y\n\\v]i)*oIxZ\n37u;_?gOvBxk<IXst\r+~c{n8jK}Nog-\\yA@~LfTR\"n\'Wo\ryITs,B~kYr{j+v]Lkkk6lg=sOcz&vw?hl\r)yNI/*`)>Ew@ZQ;95-\\*\"Gx#k/DwP,n$e\0AT^z0PX)\r@$\n\0Y-f~QX(`QeaLae A[&t n	P{c,;dJMeqw`}?=60<\Z(7QCS[Zhd</oexV}\0>T+\\\\NUx9rC(% `(|?8}zpv]6y$vMv\"\Z>t8JYpHr=TZLSKwHr;M>u{knYd*!e/WC	58rJK!XjZ:|9,q56f`\Z7ZLSi\r`iDk:VXgTKl=qI\".<q\'\"-p{yzrzs9K/>GCH>##\rG`k;\"j27 8 @<<\n`%\" ]PuP\n\"vxczm[\r~_,G}f=1#&~VB}>^]oz\'r%Z; NcB4a[)_1{@fwfUt[	:-\0\n\"[G:e\r6XCOKx]&{s6@v\\qXgM2|\ZwM#0&&WetD\"%	5^O$	&Wg@Z&:;}Vb]b(``j\n@l])w2{4;{L=UL_dMZ=)u<!.]bLW\\N\Z\'{^t{0}!N):\ZkL	a.JBSvAG(:\\&{sy8C/(WT<:8999LAcn	]b+--	I25hJkPcnmu;|\r!m<oqt[?2Z%+i)hfkL5]9^<j\"Y1B|(g)0\"!WW8os*q^\\RWJ8eM\n`*[I[CK`]Z#Ftc1%.hipM}[>>3F	x3JR@)^_>g\n>z?ytm?EbL*c>{z7|N;F (UzxNgL7|jjr\Z.\ZL&6Uff69F142S4	j(^4\r]]M2efwTM\\	2{C%1[v4\Z\rbD}nNVk}?\0g9ZS\"7\n8K$fmq&X\ZDDDB	%GPDe )/.N+A<er;I51cks\Z Mi`\r	}aH,!N g>	@t(p+jp$2T=46wWNA>q:R_FSD_\'3ij1D2\Z=FXri6;:%q@	^Q=LS60	q>UjKo\'\\ji70f11fkakaf,,;	n2U9R\'rZQF\"&mnUr-8pooj^cc\'xz(u//|)A_TrHjCLK2ArV%L3Z<7`UVK\'F`qJ	(IPXc) i\\,# \nb8v\'}Gf jTfi\ZJ=\ZiBnV[9g^7[_++\nS<u63NA\"!I@D	ruNTF#sIMq+l~U/)3UF \'*-LYi4>R\nh]9[VCC}}\nwK+o902{@DLA(+V{S6/Y\n][2(\\ilO_Stv7B-*n!\r9n<y!e\\\r~UUq==:KYEdPTf7gSBr\nIbI>2ILJQYFwDN.4v[n]u;H5..\"7(?>R	FH>TLw3VqTJS_]f<TT[9HM)?e]m$NwOQ[LW:MYI21``UW]U&M/N-\"Is\n\n#(W=m|[<<%{|qJ*3\Z&id\n\04K\0\0(Z	yc	;V^][@8|LdR&ZlN{r0v\'kIir1y=CWoYP>0OfNnDU]Vd3LcN:]7\':o\'^?ruwGs),IW,wrW=N#d\r0G\'#\"[;~ *yL\Z/!LT%n3=wLn/\ZoQ!I\r],NnpV[n$Y 2F*^k~4T$KC+3RSM&5UdnHG{Yo\"s[DRdnFiO%Q%eAa\\RBh^\n;Zvc=gok|h`w\\1L/wz0|S^g*TnQlYa-Mk*3 	q!J=D(JB	<t|5SlL:MN}P}^4%\"Mq@=%@}\ZUGr|yaA}$k\Z3Txeu.~h(T<yE\Z*vpy9yB_MuBX4!h\Z5W)b\'6b#>g1`0eKbp9@%C+&cQcIB<$UP\Z>T&MQmI\ne:CaD!$<%Sg~\Z]6sL7T($PJjT*9YK}0_eoww|y{K+T0:q=433gj_:<F:;y>\\>i~j0&-$@	Y\n<\rqW7L	QRe7mB%34i8Y3NuxD.UJf\0^`.U?4^lqL%z}gfj[vCNn|]Re+\nv,XuU746Wef:$1j&{odO\0O!OQ\Z&thj4(C$M\n5J.^AX@a(@I4%!y4IX	fXS9LI\Z07\nl:Ek<s\\Q6HMdmU%a1.Ev:!N\'S64J9QuYm`\n[%RY@s	?a	n-|\'$Pg	CE  Ypl:01!>a\\0~(TD+G|uZ{<,MN|{cLOdM2\0WQrb[=!L80C>eG:)/S\Z\"C{;,k3!NyO-+dl\r3U\r*1l~|<{OO6^M\\	cwj>RL%$+GpxsqWGn4ef2( q\Z>Kgz,[8	i9\\fb8Du#+S2A\Z\rzVI9kqy}XL	kb&F1NxWbb=\nq0UV\rx?ov}c_Q[9H	SJ&WVJ;UH]Yb\'?\"JJ|/a{xzbZ\\\r|eC&gjEE\Z|1z]_ai\\!QR\\.\n?oy;9\\n\n(fYFG9HDcEYuq9Q}_C\ZK^_!AqtdaL\"L0:K2HR)Ep@k1$lUeWS-6\Z!OPC?q	]C..]Cvgslo!&Be?dV#wgwN9N1e>b\"rfPRVElt>eW\\W@fF>Sl5|NgGcZltKWvL8-{wbe n;6G\04`42q$otRKH3QBL_Ht?dMe^E[ll,4~!d3]PklHowqQ/m)KRimm=\\e^j[6}i}zFAI.i\"2s_urN$)+KY\ZnwI\\ FuGjO<WB7Vvw\\]Yg| weq>NkWS[o_D6\'z&3x.%ii`F-#&Co$/HURnxO\nCs4,0G[bL\\eIE	ylxOMb_<ySR[\\bl\\\r}[n{Xs4S+|h@%(G<4g!FpX	*{u:~E.dZ3o5{t=uBT8SkiS	>avIlp1^OdK1W,cMZf`rF;NXV\0wvx;!oglv;6O]yqr+{\'mx\'No}f?vu6+?\ZY={ry+3\\m-tZkN+,}AQ,eG`7gL.)\\]\rFOgdOOJJ(D@,[`X5Y>yM\\.w#GPg,GVfN5Eg#G~V@8A)\'ILH~$[Wm6E[}pZc6m7mW<[\"4|S0p>95%!o[{&<Ax]N\'V!s=\"{>=YOW=DH5LwC:LDnK7RX`BU|*\ZYLT]\"\ZQu~;iF	^s~}/3g`aQ-N-l92y=Cm8?Xsh!i3Q8`qsy<>g%PbP.+(9|4FEtR)H+u[w:AFZSIxH&	Il\\u\'qd%8Lsk45F4hh>ap^kPi!7af>$?,/`#\'}$61y&?I(.\\\"78yn%\nqIarZZ^!1jR1c50\r3Qhq5&}0i<:\ZN~4?y#Jdpc\"	O[Z\'}S\r!O6~ XG?:A+h\'d[	3A:(f%CY\\JpTyVIghoLtJFT/6%~{HbVFaiI!|,mqY,3\ZxE>i,g9q=\r\Zc}6W.Vd2Yz8${:OBH}Lbd\'JlP/ 	nuc{GfbT2d.V\\p_,Ia?jXto3Zuo[|f\nHtFytqC#d91EiX!h\"sjmD&_i]uG^^&nMJ	Gb**\Z\'5VQ:h6c+OHi/U,\0X_sc;:M/r$A,#^~?y\0B%{/ocQ($OkP)E>4}b?f(V\'\'l:O\0l\"wFmx?=h|uz\ZnwDe7?(\'(XG_ J2=+%PZXZ8MKkP;o(^Ij.qnZI3K}	\ZA(iu$gv2YAx^{]Ecn?`G.jnQ&`l4rqVg1a!&XjKO~HNf&Q2G[qFVBtbmer]<^3\'[?w<tSk\ZI&Jb#>]v\rzP\nx5	8?:4\0a?3]$:C\Zkk;s?B\"MIDk51\Z_ogy.ouS7db\rY|5a{eFt~:\Z3.EH,Z$L01?|5=9?LUZ+#Hzq%kR@c Fr$o@\0Od=s/i\Z	{P*f!/>M|EJtG7UKW3a\0ZK!81 aV;}?e,yX^s,*.tuY=S0x%8-aV-Z/!x=	Q_%_a5>0s>F4JF=shsg<{5E}-r0\']mlV-H\\*Z]b#/KMSBb>5;56LYZk_cu7l(iJT&QfgN<`:\rgs2I&<N	$s.3Tm\0z&\'x\\I7Rl-Eyy[7|G6C	$lI\rxH(9lyovllq-:E[zX=P26zlm??Y4bKYlSUk;f{UYe@Nr.}1l[kJw7\"M\Zg1KCBBT\"A*l\r@4}~KaQ`r0)eB 	[ot\ZW^>BOcQ1q1KEc:\\7v}\Z?9E>8uoe/{\nVc<4v\r\nendstream\rendobj\r16 0 obj\r<</Filter[/FlateDecode]/Length 509>>stream\r\nxUS0+ta-)&d.9\rw?`qRL *wwUz?<l<>.^S)v<i><}OvnMc6WtIc][wSq,v)?;2qkk4G[nCKU-#H[8 \0pH,S,\"<\"<#<\Z@M\0@	D\0CGRJKTUR B!	PSUUVJWH=Xz\0PGQFKZZtKbX4~y\0*hQItOBABZY	\n\n\nZ&0n;;^\'Cc\rk@t\nJ\n-lIO[*hG.\0#mrc9CG4ce_{\r\nendstream\rendobj\r17 0 obj\r<</Filter[/FlateDecode]/Length 7616/Length1 10452>>stream\r\nxyyxTE[/I%$!v:ib:!		@7d;@$!$$B@@\0#hQDN|>AQ1wv2}?SuN:{u\0@2lf(X L8Z{k:IgrJVbu1NoWR\0-M\r~40]Wa?eu\\)O[96qAH}M!Meu	7Mgn0aW<s\'	x6d1CyCCf-Z1f}hX@M\Z.\n`~+s7D[h]pkZcq:Xe<_G/G+uPA\nlp?a\0&1B+c{/$YH_ugonu.5}soks^a8-}I@\0P$Mkqfj	(R=?3U MF\"dI#5Pnxk8\r.hwPpeL/[+!1N>kGZc0M\"]6_v<{X\0/ha8p\n]FpC9Cb*r-<\r*`.O\'	.a],_)z%)P<8y&[.D1\\|PHWghGCLJXy\r3Y@x_sGAw&nv6O8]-D@>Xdd\ZGZh)\0\'\'p9siFhc-}O\n%p54za< \n})?Ii&F9JwimS[k@g]##b=\r#7y6r4+6v?x!N$\\FIdYDVL$]~^u\'\"!gHT41;h}/#~D?,LMfpK5Fnw#w6	|??[0\nw\n{_\n	 $q\"#F%N#5K7J[c:yu@ZG7g]rd6}KL$vZF#d&up H\"g,<\'\"Z.z\rUS0st\0o:Wb5\nX\rP;MwNd:\rB D;&}A`!B42Dzi\r6SEjd89CLzW$&~R#0M9u-\\Kh50!7+F[^n\Zop;/CdorqB1{kcy/O%#+CvcBhwoW&\\*&9PC3\Z:ERE;tYpChPp\'N(_TX0nl`L~?,oGU2F]NGffSrIR%WW#Nh@}DKi\"jF^JB)C(AY~ZU#*j,FxwVjL\r}Z\';P+]-j\r-n[dnA#B8\'\rtH2V-DsiOm~^7zE;5bk$P-#wy\';wEeXVOZ]$\Zj\Z?[qnp]?qVu;;wGsivU}g.qd#+;<=\'Zv{=`\"s7CRL~^lsdN\0I?.4H#gP$lGQx	|qSKpVd95/\'q6?\"d^{@{t!1\"fr\\P0#~$7T=N6DiMVA0N@{<LwDC;ms\nz Fh=<IY0c.LRw,;l-#@7so_\'\\%<D8\r1\"|6&/J:TEmU~Z5x<hlL_%KpV_iW~Vuw6DcyUGOtUh4GZjW-LDm0KvfOB\\Oi(54TZ_`%hRxbI=x zJCQzWN)`mO&YN<XXgaY{b{jMomrfMxo2Y@ox?w\\	\\fXXbq)v6mojZq~mCD[g$~mVoZV/Z}BVzVj5_%2d<\n1T)$GB\nDScH+X\n+<l,NSxr+=N\'j#;w$>J=W*Sd\"lb,`{rquQ+\\~,Q~T:[R)R*/(+37s+}H@U<R=Cfe.nn@RU5*6!.Rp\ZU[\n?sLDdEncJH])qJ2F/wY|o992U*d}IR!u5E\\*K]cQ]g:.IgtQ|\'!?1KFYkLYMWJt/FWMM%PL0%-w*XzTWd:*FJip7!whD7->iuR\'jIvauX5*ropQFVGSLeEy5>.<W9sy(\Z9FkN>ukt<y5:T8CFueg].k	dhtO~Fz_+R(\nxMEHB5$	1Hh+q\"IV$4le2;!MDZ?\n\r\ZS!t2\"\"IXi<C\Zu\'\'PS0j/CX@nO%P2[pc=>l.OPW	bPJ*jql12\Z;el.^c,jp+9NZAs)lqd?!lK\"B>xJ0,MN<{pT6)\nc\0 CB#&XU8_I.%Mh\0\"H>J 1(NG{_FlF>[6s?a5ndc~R?8*0yfHCOhmmv+oS6$%l\0Sb=&S=9<s@\Z%\'B)1(6q(\n fRU._VGjfm?e\0U1E~\r,RR*HO&*^g/0)kc=7#/FVNh3S}7O6{snb0\Z+9I!MHf1+]Yr| !;l?l7Y8Tg(P83lvG*PE_YmRo,#dA&xn+kF>SC<91~S-0XR3.[E%Y%>o(...,`Hbwz}6QL4(Dq5=2g{$`F=tq$U<a[T?y$YMu#j[6g\\]Deu>x<~*Vq&Q}}+[EmAgGyW~m;f[SP(<`p$n\\w,\0;C.rblQfKvHw8N8mwR\'WfP:U/h ` lp\Z2/[K\\>[Nx3okID7) j&Dga_6n,uuHND%ie+)L&5+*7D\'jLXw{_o{m[S2TFVf\r[&O8Xx$_?w.K-SuyKfBny=o1DrsNG)*V&0JM/dWR	_ws>.x]T-g%(Nd61iy.Vj$9hCivUR!Zff>m|vf!9[;9\r7.2Yh*,`@<\Z3Env7K^_{^dd5\'HWws}_S3Wqf9=iG13~_8	F[%0L7a`0\Z3c$zD?E(=\'28j-$X;wjam&\n+()e S\rW(~nJN!k){9{.*lJxJ8MjgeRQHKgpE)3*kR\\ 3pBKVh4VA6edd,`-ASBAbM>TW	dZRWh*S=.v<KJ94|uqq9:OpC+!KvE|b+2O)aIQo8^Pr,1zby\r5DGlvC hHIA_=%i?%Y~&@@` e2QwRMI$9\n`hL\"$K{Q+uxL_bw5WvvQ7:Ny\"Lb(|+=\'NhDN\'I%-1KQW%^\\</G.\\k0QZ\n0s;5ui\0$J)4|H+&T>?Sg^iyg/W,LiN7{gd08Z,NTlzs(dCQZY,J=6=%f[?,Ls1_YV]#1ho)S\n9nb:x]-qjx\0\'%\'W\n	4nU&jd(77xGsWki%	ggMwoi`MH;o#m}G=@ZgC=z^Lv$#\'h?idH&3l5KFd-2YT@lC$iN*W\Z\r!de,5G.4+N=AMHor!zNKMmqEyv[5}\\[h+$KCs[<kF`7J0PGG2_\rus:ZI|:{{DhCk%\\jnS.p!t+>)+ritn^YF 8:Av13]Y5n[zPQr<{\'@Sp\n	$\Zgbg3$4?XVVTSA@Xg+\'ZSb+sWro\\_wZ_qVcT<yip@Yty9~:\ZCI!O2&cg5NHu:=^Z$ )`#:,.IdAddx,jC\rML!p k<9\\6|ckm$q6\'/+3e!4x/#On:73E]?v7,Jg	\\lac{Ce\\-zp;\n<WNjC%RU8WjOvttzR\\LZ\Z4oZ~<?XZViYDX%@b$B\"gwhwo+-7/<7<iSv_qn[%{mkkh8g#~sw[?c0LjjKo17iSjB,iwI=R.JY)%`yiX}3AA`$@aI7+\Zo3j\\;Y(rk5)\Z{\'4E%YR\\j\rQKW[lie\\O:i\'7	19FYdSEWU*G@WG4]LKlh)SY\0 [<Gx;3wxz-o7F~vyow=O[^\\~\\ [}oG^X B)Wch!.W*o4E/*\0zIpAW^2TQpdkiA}fj<b:bVl+IK[x({{C,9pcOI[eS-s\nd\'?9\Zp]3m\0B#(6<z<g.2F;N=6a1p\"P,]I|.YrfU!\'EMx5\'BR0a%&.&h7y5:x98 h$Dm+q\\BA&ld\"lTO\'GNop~=x7wmSO:--{}iQd@\r\nendstream\rendobj\r18 0 obj\r<</Filter[/FlateDecode]/Length 347>>stream\r\nxm0}lbKFo3\nN/3?3fM+\rN/)Mg}1z)X5v3>/;LTUQ/iswz98]_\Z{6W=jRBuM)\'IpI*^/sES%DMm.JK9|$~\"`/H\0@\09C \\pr8d\0(\0\n;wv\0E=2$\0$x:JQBRJ<OpReEZ`<u{<9(us00>LX|H4c(w\r\nendstream\rendobj\r19 0 obj\r<</Filter[/FlateDecode]/Length 240>>stream\r\nxQWUIPVTP5.40(.\nk2-9sfv5+W1,b]ac=\n+\rvK*oP#eIEzW6o}=KV^r9.9lkZwh3[up\\[~zOo?}~a\0\'\r\nendstream\rendobj\r20 0 obj\r<</BitsPerComponent 8/ColorSpace 41 0 R/Filter[/FlateDecode]/Height 29/Length 625/Name/img0/Subtype/Image/Type/XObject/Width 54>>stream\r\nx]s +ac%$B\0	iIN/txx_a\'}I1\"b3|Sy0I\ng8M9T	${\Z	De:4a&k(68c8It1lfl\r(b,x[+njx\"X8Z GS41|d~jc(\Zgq|I:.]\',)fkim|f;\"Q\r;u\'8WC(-R H8Y^#(5Yp8wLbOO%8V5{=]K$2	.+WD_[]UK^8=ySQ\nR`\027`-	\0<>JOO.\nq`4U|~r?|WdfWQ$;h^UHI7Au\n_:(\'=(<L\0^[QM#E!=0W,WaiJsNH}sZ)&Q}o\0N?\r\nendstream\rendobj\r21 0 obj\r<</Filter/FlateDecode/First 158/Length 934/N 21/Type/ObjStm>>stream\r\nhmO8V~~VH-{ABUr*-j+\riZ{Q	)L9c35SyG\ndRY+&D_:	0UTh<z=-3SHh%\r{(E!nxAHV2P9;_Vmh^iBLZ~``-j$-*\nfixLbV~jlLvt4Znqz-?h9b6OLTLkRz_Uz\Zowl\\\\/rl<X7^SvPKrx~J1b7\']~ =@/kV7k^6IsI	wu.0#5*=t^6f|b\"\0>=Mb%<0*v7\\r@gQT|(4w)nuQNzov9k:zA`&yUqfk{`mW_s}(MX/]`5om(HvZ[kXc	d162RP#N_[\'mt\Z{NGQ\0.(@-\Z\0k1?\0,g{;oBu_]Dvi5F:.Z  CH1-mT\'H\rj],1t4[q4}hq C&y@\"{0\\?|Dr$*pEp(e_GmkEoUgW8\0W\\]zs1KZ_-5MArnO\\\Zp_oz[\0\r\nendstream\rendobj\r1 0 obj\r<</Length 3344/Subtype/XML/Type/Metadata>>stream\r\n<?xpacket begin=\"\" id=\"W5M0MpCehiHzreSzNTczkc9d\"?>\n<x:xmpmeta xmlns:x=\"adobe:ns:meta/\" x:xmptk=\"Adobe XMP Core 5.2-c001 63.139439, 2010/09/27-13:37:26        \">\n   <rdf:RDF xmlns:rdf=\"http://www.w3.org/1999/02/22-rdf-syntax-ns#\">\n      <rdf:Description rdf:about=\"\"\n            xmlns:xmp=\"http://ns.adobe.com/xap/1.0/\">\n         <xmp:CreatorTool>Crystal Reports</xmp:CreatorTool>\n         <xmp:ModifyDate>2013-02-18T11:48:32-06:00</xmp:ModifyDate>\n         <xmp:CreateDate>2013-02-18T11:48:32-06:00</xmp:CreateDate>\n         <xmp:MetadataDate>2013-02-18T11:48:32-06:00</xmp:MetadataDate>\n      </rdf:Description>\n      <rdf:Description rdf:about=\"\"\n            xmlns:pdf=\"http://ns.adobe.com/pdf/1.3/\">\n         <pdf:Producer>Powered By Crystal</pdf:Producer>\n      </rdf:Description>\n      <rdf:Description rdf:about=\"\"\n            xmlns:xmpMM=\"http://ns.adobe.com/xap/1.0/mm/\">\n         <xmpMM:DocumentID>uuid:8fdfa484-6eb5-4f1a-857a-8635ff993a08</xmpMM:DocumentID>\n         <xmpMM:InstanceID>uuid:cc023c2f-c7f2-4f42-90f8-ba215e45851c</xmpMM:InstanceID>\n      </rdf:Description>\n      <rdf:Description rdf:about=\"\"\n            xmlns:dc=\"http://purl.org/dc/elements/1.1/\">\n         <dc:format>application/pdf</dc:format>\n      </rdf:Description>\n   </rdf:RDF>\n</x:xmpmeta>\n                                                                                                    \n                                                                                                    \n                                                                                                    \n                                                                                                    \n                                                                                                    \n                                                                                                    \n                                                                                                    \n                                                                                                    \n                                                                                                    \n                                                                                                    \n                                                                                                    \n                                                                                                    \n                                                                                                    \n                                                                                                    \n                                                                                                    \n                                                                                                    \n                                                                                                    \n                                                                                                    \n                                                                                                    \n                                                                                                    \n                           \n<?xpacket end=\"w\"?>\r\nendstream\rendobj\r2 0 obj\r<</Filter/FlateDecode/First 4/Length 48/N 1/Type/ObjStm>>stream\r\nh2U0Pw/+Q0L)T$\0w\r\nendstream\rendobj\r3 0 obj\r<</Filter/FlateDecode/First 4/Length 107/N 1/Type/ObjStm>>stream\r\nh2S0Pw.JM,sI,Ip22046020440650S70P/p.,.IQJ-/*)O3(?49H# <(5ERj@\0\n&\r\nendstream\rendobj\r4 0 obj\r<</DecodeParms<</Columns 3/Predictor 12>>/Filter/FlateDecode/ID[<460C054866AA094EA09A7E70BDA65C06><460C054866AA094EA09A7E70BDA65C06>]/Info 6 0 R/Length 37/Root 8 0 R/Size 7/Type/XRef/W[1 2 0]>>stream\r\nhbb```b\\xf0\0)A\r\nendstream\rendobj\rstartxref\r\n116\r\n%%EOF\r\n',1,6,7,1314),(7,'FY13 NHZ Parent Survey.doc','71168','application/msword','\Z\0\0\0\0\0\0\0\0\0\0\0\0\0\0\0\0>\0\0	\0\0\0\0\0\0\0\0\0\0\0\0\0\0\0\0\0\0\0\0\0\0\0\0\0\0\0\0\0\0\0\0\0\0\0\0\0\0\0\0\0\0{	\0\0\0\0\0\0\0\0\0\0\0\0\0\0\0\0\0\0bjbjBrBr\0\0\0\0\0\0\0\0\0\0\0\0\0\0\0\0\0\0	\0\rr\0\0 \0 \0D\0\0\0\0\0\0p\0\0\0\0\0\0\0\0\0\0\0\0\0\0\0\0\0\0\0\0\0\0\0\0\0\0\0\0\0\0\0\0\0\0\0\0\0\0\0\0\0\0\0\0\0\0\0\0\0\0\0\0\0\0\0\0\0\0\0\0\0\0\0\0\0\0\0\0\0\0\0T\0\0\0\0\0\0T\0\0\0\0\0\0T\0\0\0\0\0\0T\0\0\0\0\0\0T\0\0\0\0\0\0\0\0\0\0\0\0\0\0\0\0\0h\0\0\0\0\0\0h\0\0\0\0\0\0h\0\08\0\0\0\0\0$\0\0\0\0\0\0\0h\0\0\0\0\0\0j\0\00\0\0\0\0\0\0\0\0\0\0\0\0\0\0\0\0\0\0\0\0\0\0\0\0\0\0\0\0\0\0\0\0x\0\0\0\0\0\0x\0\0\0\0\0\0x\0\0\0\0\0\0\0\0\0\0\0\0\0\0\0\0\0\0\0\0\0\0\0\0\0\0\0\0\0\0\0\0\0\0\0\0\0\0\0\0\0\0\0$\0\0\0\0\0\0\0L \0\0R\0\0\0\0\0\0\0\0\0\0\0\0\0\0\0\0\0\0\0\0\0\0\0\0T\0\0\0\0\0\0x\0\0\0\0\0\0\0\0\0\0\0\0\0\0\0\0\0\0\0\0\0\0V\0\0\0\0\0\0V\0\0\"\0\0\0x\0\0\0\0\0\0x\0\0\0\0\0\0\0\0\0\0\0\0\0\0\0\0\0\0\0\0T\0\0\0\0\0\0T\0\0\0\0\0\0\0\0\0\0\0\0\0\0\0\0\0\0\0\0\0\0v\0\0$\0\0\0\0\0\Z\0\0\0\0\0\0\Z\0\0\0\0\0\0\Z\0\0\0\0\0\0x\0\0^\0\0\0T\0\0\0\0\0\0\0\0\0\0\0\0T\0\0\0\0\0\0\0\0\0\0\0\0\0\0\0\0\0\0\0\0\0\0\0\0\0\0\Z\0\0\0\0\0\0\0\0\0\0\0\0\0\0\0\0\0\0\0\0\0\0\0\0\0\0\0\0\0\0\0\0\0\0\0\0\0\0\0\0\0\0\0\0\0\0\0\0\0\0\0\0\0\0x\0\0\0\0\0\0\0\0\0\0\0\0\0\0\0\0\0\0\0\0\Z\0\0\0\0\0\0\Z\0\0\0\0\0=\0\0\0\0\0\0\0\0\0\0\0\0\0\0\0\0\0\0\0\0\0\0\0\0\0\0\0\0\0\0\0\0\0\0\0\0\0\0\0\0\0\0\0\0\0\0\0\0\0\0\0\0\0\0\0\0\0\0\0\0\0\0\0\0\0\0\0\0\0\0\0\0\0\0\0\0\0e\0\0\0\0\0\0\0\0\0\0\0\0\0\0\0\0`3b\0\0\0\0\0\0\0\0\0\0\0\0\0\0^\0\0\0U\0\0\0\0\0\0\0\0\0\0\0\0\0\0\0\0\0\0:\0\00\0\0\0j\0\0\0\0\0\0]\0\0\0\0\0 \0\0\0\0\0\04\0\0\0\0 \0\0\0\0\0e\0\0\0\0\0\0\0\0\0\0\0\0\0\0\0\0\0\0\0\0\0\0\0\0\0\0\0\0\0\0\0\0\0\0\0\0\0\0\0\0\0\0\0\0\0\0\0\0\0\0\0\0\0\0\0\0\0\0\0\0\0\0\0\0\0\0\0\0\0\0e\0\0\0\0\0 \0\0\0\0\0\0\0\0\0\0\0\0\0\0T\0\0\0\0\0\0y\0\0\\\0\0\0x\0\0\0\0\0\0x\0\0\0\0\0\0\Z\0\0\0\0\0\0x\0\0\0\0\0\0x\0\0\0\0\0\0\0\0\0\0\0\0\0\0\0\0\0\0\0\0\0\0\0\0\0\0\0\0\0\0\0\0\0\0\0\0\0\0x\0\0\0\0\0\0x\0\0\0\0\0\0x\0\0\0\0\0\0\0\0\0\0\0\0\0\0\0\0\0\0\0\0\0\0\0\0\0\0\0\0\0\0\0\0\0\0\0\0\0\0\0\0\0\0\0\0\0\0\0\0\0\0\Z\0\0\0\0\0\0\0\0\0\0\0\0\0\0\0\0\0\0\0\0\0\0\0\0\0\0\0\0\0\0\0\0\0\0\0\0\0\0x\0\0\0\0\0\0x\0\0\0\0\0\0x\0\0\0\0\0\0j\0\0\0\0\0\0x\0\0\0\0\0\0x\0\0\0\0\0\0x\0\0\0\0\0\0x\0\0\0\0\0\0\0\0\0\0\0\0\0\0\0\0\0\0\0\0\0\0\0\0\0\0\0\0\0\0\0\0\0\0\0\0\0\0\0\0\0\0\0\0\0\0\0\0\0\0\0\0\0\0\0\0\0\0\0\0\0\0\0\0\0\0\0\0\0\0\0\0\0\0\0\0\0\0\0\0\0\0\0\0\0\0\0\0\0\0 \0\0\0\0\0\0x\0\0\0\0\0\0x\0\0\0\0\0\0x\0\0\0\0\0\0x\0\0\0\0\0\0x\0\0\0\0\0\0x\0\0\0\0\0\0\0\0\0\0\0\0\0\0\0\0\0\0\0\0\0\0\0\0\0\0\0\0\0\0\0\0\0\0\0\0\0\0\0\0\0\0\0\0\0\0\0\0\0\0\0\0\0\0\0\0\0\0\0\0\0\0x\0\0\0\0\0\0x\0\0\0\0\0\0x\0\0\0\0\0\0\0\0 \0\0\Z\0\0:\0\0\0\0\0	\0\0\0\0\0\0\0\0\0\0\0\0\0\0\0\0\0\0\0\0\0\0\0\0\0\0\0\0\0\0\0\0\0\0\0\0\0\0\0\0\0\0\0\0\0\0\0\0\0\0\0\0\0\0\0\0\0\0\0\0\0\0\0\0\0\0\0\0\0\0\0\0\0\0\0\0\0\0\0\0\0\0\0\0\0\0\0\0\0\0\0\0\0\0\0\0\0\0\0\0\0\0\0\0\0\0\0\0\0\0\0\0\0\0\0\0\0\0\0\0\0\0\0\0\0\0\0\0\0\0\0\0\0\0\0\0\0\0\0\0\0\0\0\0\0\0\0\0\0\0\0\0\0\0\0\0\0\0\0\0\0\0\0\0\0\0\0\0\0\0\0\0\0\0\0\0\0\0\0\0\0\0\0\0\0\0\0\0\0\0\0\0\0\0\0\0\0\0\0\0\0\0\0\0\0\0\0\0\0\0\0\0\0\0\0\0\0\0\0\0\0\0\0\0\0\0\0\0\0\0\0\0\0\0\0\0\0\0\0\0\0\0\0\0\0\0\0\0\0\0\0\0\0\0\0\0\0\0\0\0\0\0\0\0\0\0\0\0\0\0\0\0\0\0\0\0\0\0\0\0\0\0\0\0\0\0\0\0\0\0\0\0\0\0\0\0\0\0\0\0\0\0\0\0\0\0\0\0\0\0\0\0\0\0\0\0\0\0\0\0\0\0\0\0\0\0\0\0\0\0\0\0\0\0\0\0\0\0\0\0\0\0\0\0\0\0\0\0\0\0\0\0\0\0\0\0\0\0\0\0\0\0\0\0\0\0\0\0\0\0\0\0\0\0\0\0\0\0\0\0\0\0\0\0\0\0\0\0\0\0\0\0\0\0\0\0\0\0\0\0\0\0\0\0\0\0\0\0\0\0\0\0\0\0\0\0\0\0\0\0\0\0Nombre del nio:Fecha:			\rEn el mes pasado, cuantas veces ha realizado las siguientes actividades con su hijo/a?NuncaUna o dos vecesUna vez por semana2 a 3 veces por semana4 o ms veces por semana1.Hablar con mi hijo/a acerca de la escuela012342.Ayudar a mi hijo/a con la tarea012343.Ayudar a mi hijo/a a encontrar un tutor u otro tipo de apoyo para su trabajo en la escuela012344.Hablar a mi hijo acerca de la importancia de graduarse de la escuela012345.Hablar con mi hijo/a acerca de un libro que est leyendo.012346.Animar a mi hijo/a a que vaya a la biblioteca y sacar libros012347.Ir a con mi hijo/a a un museo012348.Ir con mi hijo/a a un evento comunitario ( un paseo a granja o una fiesta de la comunidad)012349.Hablar con el maestro de mi hijo/a para ver cmo va en la escuela.0123410.Participo en actividades que ofrecen en la escuela de mi hijo/a (por ejemplo: junta de padres, talleres, comits).01234\rSeale el numero que mas identifique lo que piensa de las siguientes afirmaciones:Totalmente en desacuerdoEn desacuerdoNeutroDe acuerdoTotalmente de acuerdo1.Creo que es importante hablar con mi hijo/a acerca de su trabajo en la escuela012342.Me siento capaz de apoyar el desarrollo acadmico de mi hijo/a.012343.Creo que es importante hablar con mi hijo/a acerca de sus planes futuros012344.Me siento capaz de ayudar a mi hijo/a a preparase para el futuro.01234\rComentarios:\r\r\r\r\r\rGracias por su participacin!\r\rChilds Name:Date:\rIn the past month, how often have you done the following activities with your child?\rNot at allOnce or twiceAbout once a week2 to 3 days a week4 or more days a week1.Talked to my child about his/her school work.012342.Helped my child with his/her homework.012343.Helped my child find a tutor or other support for his /her school work.012344.Talked to my child about the importance of graduating from high school.012345.Talked with my child about a book he/she is reading.012346.Encouraged my child to go to the library to check out books.012347.Gone with my child to a museum.012348.Gone with my child to a community event (like a farmers market or community celebration).012349.Met with my childs teacher or teachers to talk about his/her progress at school.0123410.Participated in activities at my childs school (like committees, the parent teacher association or other groups). 			\rCircle the number that best describes how much you agree or disagree with the following statements.Strongly disagreeDisagreeNeither disagree nor agreeAgreeStrongly agree1.I think it is important to talk to my child about his/her school work.012342.I feel confident in my ability to support my childs academic development.012343.I think it is important to talk to my child about his/her plans for the future.012344.I feel confident in my ability to help my child prepare for his/her future.01234\rComments:\r\rThank you for your participation!\r\r\r\r\r\r\r\r\r\r\r                         New Horizons\r                         Parent Survey: FY13 Pre-Test\r\r\r\r\r\r\r\r\0\0\0\0\0\0\0\0\0\0\0\0\0\0\0\0\0\0\0\0\0\0\0\0\0\0\0\0\0\0\0\0\0\0\0\0\0\0\0\0\0\0\0\0\0\0\0\0\0\0\0\0\0\0\0\0\0\0\0\0\0\0\0\0\0\0\0\0\0\0\0\0\0\0\0\0\0\0\0\0\0\0\0\0\0\0\0\0\0\0\0\0\0\0\0\0\0\0\0\0\0\0\0\0\0\0\0\0\0\0\0\0\0\0\0\0\0\0\0\0\0\0\0\0\0\0\0\0\0\0\0\0\0\0\0\0\0\0\0\0\0\0\0\0\0\0\0\0\0\0\0\0\0\0\0\0\0\0\0\0\0\0\0\0\0\0\0\0\0\0\0\0\0\0\0\0\0\0\0\0\0\0\0\0\0\0\0\0\0\0\0\0\0\0\0\0\0\0\0\0\0\0\0\0\0\0\0\0\0\0\0\0\0\0\0\0\0\0\0\0\0\0\0\0\0\0\0\0\0\0\0\0\0\0\0\0\0\0\0\0\0\0\0\0\0\0\0\0\0\0\0\0\0\0\0\0\0\0\0\0\0\0\0\0\0\0\0\0\0\0\0\0\0\0\0\0\0\0\0\0\0\0\0\0\0\0\0\0\0\0\0\0\0\0\0\0\0\0\0\0\0\0\0\0\0\0\0\0\0\0\0\0\0\0\0\0\0\0\0\0\0\0\0\0\0\0\0\0\0\0\0\0\0\0\0\0\0\0\0\0.\0\0\0\0\0\0\0\08	\0\0	\0\0	\0\0	\0\08\n\0\09\n\0\0j\n\0\0x\n\0\0\n\0\0\n\0\0\n\0\0\n\0\0\n\0\0\n\0\0\0\0\0\0i\0\0j\0\0m\0\0n\0\0\0\0\0\0\0\0\0\0\0\0\0\0\0\0\0\0\0\0\0\0\0\0\0\0\0\0@\0\0r\0\0\0\0\0\0\0\0\0\0\0\0\0\0\0\0\0\0\0h/\0hsF\0CJ\0aJ\0mH\nsH\n\0hsF\0hsF\0mH\nsH\n\0h/\0hsF\0mH\nsH\n\0hsF\0mH\nsH\n\0hI9\0mH\nsH\n\0h/\0hGJ\0CJ\0aJ\0mH\nsH\n\0hGJ\0mH\nsH\n\0h/\0hl\0\05mH\nsH\nh/\0hGJ\05mH\nsH\nhx\05mH\nsH\nh/\0hGJ\0mH\nsH\n\0hGJ\0hGJ\05mH\nsH\nhI9\05mH\nsH\n\0)\0\0\0\0\0\0\0\0\0\Z\0\0\0\0\0\0\0\0\0\0\0\0\0\0\0\0\0\0\0\0\0\0\0\0\0\0\0\0\0\0\0\0\0\0\0\0\0\0\0\0?\0\0\0\0\0\0\0\0\0\0\0\03\0\0\0\0\0\0\0\0\0\0\0\0\0\0\0\0\0\0\0\0\0\0\0\0\0\0\n&\0F\0\0h^hgdGJ\0\0\0kd\0\0\0\0$$If\0\0\0\0T\0l\0\0\0\0\0\0\0\0\0\0\0\0\0F\0QSA\'\0\0\0\0\0\0\0\0\0\0\0\0\0\0\0\0\0\0\0\0\0\0\0\0\0\0\0\0\0\0\0\0\0\0\0\0\0\0\0\0\0\0\0\0\0\0\0\0\0\0\0\nt\0\00\0\0\0\0\0\0\0\0\0\0\0\0\0\0\0\0\0\0\0\0\0\0\0\0\0\0\0\0\0\0\0\06\0\0\0\0\Z\0\0\0\0\0\0\0\0\0\0\0\0\0\0\0\0\0\0\0\0\0\0\0\0\0\0\0\0\0\0\0\0\0\0\0\04\0\0\04\0\nl\0ap\0\0\0\0\0\0\0\0\0\0\0\0\0\0\0\0\0\0\0\0\0\0\0\0ytI9\0T\0	\0\0$If\0\0\0gdQ\0	\0\0$If\0\0\0gdg\0	\0\0$If\0\0\0gdGJ\0\0\0\0u\0\0{\0\0\0\0\0\0\0\0\0\0\0\0\0\0\0\0\0\0\0	\0\0	\0\0	\0\0	\0\0\0\0\0\0\0\0\0\0\0\0\0\0\0\0\0\0\0\0\0\0\0\0\0\0\0\0\0\0\0\0\0\0\0\0\0\0\0\0\0\0\0\0\0\0\0\0\0\0\0\0\0\0\0\0\0\0\0\0\0\0\0\0\0\0\0\0\0\0\0\0\0\0\0\0\0\0\0\0\0\0\0\0\0\0\0\0\0\0\0\0\0\0\0\0\0\0\0\0\0\0\0\0\0\0\0\0\0\0\0\0\0\0\0\0\0\0\0\0\0\0\0\0\0\0\0\0\0\0\0\0\0\0\0\0\0\0\0\0\0\0\0\0\0\0\0\0\0\0\0\0\0\0\0\0\0\0\0\0\0\0\0\0\0\0\0\0\0\0\0\0\0\0\0\0\0\0\0\0\0\0\0\0\0\0\0\0\0\0\0\0\0\0\0\0\0\0\0\0\0\0\0\0\0\0\0\0\0\0\0\0\0\0\0\0\0\0\0\0\0\0\0\0\0\0\0\0\0\0\0\0\0\0\0\0\0\0\0\0\0\0\0\0\0\0\0\0\0\0\0\0\0\0\0\0\0\0\0\0\0\0\0\0\0\0\0\0\0\0\0\0\0\0\0\0\0\0\0\0\0\0\0\0\0\0\0\0\0\0\0\0\0\0\0\0\0\0\0\0\0\0\0\0\0\0\0\0\0\0\0\0\0\0$x\0x\0$If\0\0\0a$gdQ\0	\0\0$If\0\0\0gdQ\0\0\0$$If\0\0\0a$gdQ\0\0\0\0Ff\0\0\0\0$$If\0\0\0a$gdQ\0	\0\0$If\0\0\0gdGJ\0\0	\0\0	\0\0\n	\0\0$\0\0\0\0\0\0\0\0\0\0\0\0\0\0\0\0\0\0\0\0\0\0\0\0\0\0\0\0\0\0\0\0\0\0\0\0$$If\0\0\0a$gdQ\0\0\0kd,\0\0$$If\0\0\0l\0\0\0\0\0\0\0\0\0\0\0\0\0\0l\"&*.\0\0\0\0\0\0\0\0\0\0\0\0\0\0\0\0&\0\0\0\0\0\0\0\0\0\0\0\0\0\0\0\0\0\0\0\0\0\0\0\0\0\0\0\0\0\0\0\0*\0\0\0\0\0\0\0\0\0\0\0\0\0\0\0\0\0\0\0\0\0\0\0\0\0\0\0\0\0\0\0\0	\0\0\0\0\0\0\0\0\0\0\0\0\0\0\0\0\0\0\0\0\0\0\0\0\0\0\0\0\0\0\0\0\nt\0\00\0\0\0\0\0\0\0\0\0\0\0\0\0\0\0\0\0\0\0\0\0\0\0\0\0\0\0\0\0\0\0\0\0\0\0\0\Z\0\0\0\0\0\0\0\0\0\0\0\0\0\0\0\0\0\0\0\0\0\0\0\0\0\0\0\0\0\0\0\0\0\0\0\0\0\0\0\0\0\0\0\0\0\0\0\0\0\0\0\0\0\0\0\0\0\0\0\0\0\0\0\0\0\0\0\0\0\0\0\0\0\0\0\0\0\0\0\0\0\0\0\04\0\0\04\0\nl\0a\0\0ytsF\0\0\n	\0\0*	\0\0,	\0\0.	\0\00	\0\02	\0\04	\0\05	\0\08	\0\0	\0\0	\0\0	\0\0	\0\0	\0\0	\0\0\0\0\0\0\0\0\0\0\0\0\0\0\0\0\0\0\0\0\0\0\0\0\0\0\0\0\0\0\0\0\0\0\0\0\0\0\0\0\0\0\0\0\0\0\0\0\0\0\0\0\0\0\0\0\0\0\0\0\0\0\0\0\0\0\0\0\0\0\0\0\0\0\0\0\0\0\0\0\0\0\0\0\0\0\0\0\0\0\0\0\0\0\0\0\0\0\0\0\0\0\0\0\0\0\0\0\0\0\0\0\0\0\0\0\0\0\0\0\0\0\0\0\0\0\0\0\0\0\0\0\0\0\0\0\0\0\0\0\0\0\0\0\0\0\0\0\0\0\0\0\0\0\0\0\0\0\0\0\0\0\0\0\0\0\0\0\0\0\0\0\0\0\0\0\0\0\0\0\0\0\0\0\0\0\0\0\0\0\0\0\0\0\0\0\0\0\0\0\0\0\0\0\0\0\0\0\0\0\0\0\0\0\0\0\0\0\0\0\0\0\0\0\0\0\0\0\0\0\0\0\0\0\0\0\0\0\0\0\0\0\0\0\0\0\0\0\0\0\0\0\0\0\0\0\0\0\0\0\0\0\0\0\0\0\0\0\0\0\0\0\0\0\0\0\0\0\0\0\0\0\0\0\0\0\0\0\0\0\0\0\0\0\0\0\0\0\0\0\0\0\0\0\0\0\0\0\0\0\0\0\0\0\0\0\0\0\0\0\0\0\0\0\0\0\0\0\0\0\0\0\0\0\0\0\0\0\0\0\0\0\0\0\0\0\0\0\0\0\0\0\0\0\0\0$$If\0\0\0a$gdQ\0\0\0\0Ffq\0\0\0\0$x\0x\0$If\0\0\0a$gdQ\0	\0\0$If\0\0\0gdQ\0\0	\0\0	\0\0	\0\0$\0\0\0\0\0\0\0\0\0\0\0\0\0\0\0\0\0\0\0\0\0\0\0\0\0\0\0\0\0\0\0\0\0\0\0\0$$If\0\0\0a$gdQ\0\0\0kd\0\0$$If\0\0\0l\0\0\0\0\0\0\0\0\0\0\0\0\0\0l\"&*.\0\0\0\0\0\0\0\0\0\0\0\0\0\0\0\0&\0\0\0\0\0\0\0\0\0\0\0\0\0\0\0\0\0\0\0\0\0\0\0\0\0\0\0\0\0\0\0\0*\0\0\0\0\0\0\0\0\0\0\0\0\0\0\0\0\0\0\0\0\0\0\0\0\0\0\0\0\0\0\0\0	\0\0\0\0\0\0\0\0\0\0\0\0\0\0\0\0\0\0\0\0\0\0\0\0\0\0\0\0\0\0\0\0\nt\0\00\0\0\0\0\0\0\0\0\0\0\0\0\0\0\0\0\0\0\0\0\0\0\0\0\0\0\0\0\0\0\0\0\0\0\0\0\Z\0\0\0\0\0\0\0\0\0\0\0\0\0\0\0\0\0\0\0\0\0\0\0\0\0\0\0\0\0\0\0\0\0\0\0\0\0\0\0\0\0\0\0\0\0\0\0\0\0\0\0\0\0\0\0\0\0\0\0\0\0\0\0\0\0\0\0\0\0\0\0\0\0\0\0\0\0\0\0\0\0\0\0\04\0\0\04\0\nl\0a\0\0ytsF\0\0	\0\0	\0\0	\0\0	\0\0	\0\0	\0\0	\0\0	\0\0	\0\0.\n\0\00\n\0\02\n\0\04\n\0\06\n\0\08\n\0\0\0\0\0\0\0\0\0\0\0\0\0\0\0\0\0\0\0\0\0\0\0\0\0\0\0\0\0\0\0\0\0\0\0\0\0\0\0\0\0\0\0\0\0\0\0\0\0\0\0\0\0\0\0\0\0\0\0\0\0\0\0\0\0\0\0\0\0\0\0\0\0\0\0\0\0\0\0\0\0\0\0\0\0\0\0\0\0\0\0\0\0\0\0\0\0\0\0\0\0\0\0\0\0\0\0\0\0\0\0\0\0\0\0\0\0\0\0\0\0\0\0\0\0\0\0\0\0\0\0\0\0\0\0\0\0\0\0\0\0\0\0\0\0\0\0\0\0\0\0\0\0\0\0\0\0\0\0\0\0\0\0\0\0\0\0\0\0\0\0\0\0\0\0\0\0\0\0\0\0\0\0\0\0\0\0\0\0\0\0\0\0\0\0\0\0\0\0\0\0\0\0\0\0\0\0\0\0\0\0\0\0\0\0\0\0\0\0\0\0\0\0\0\0\0\0\0\0\0\0\0\0\0\0\0\0\0\0\0\0\0\0\0\0\0\0\0\0\0\0\0\0\0\0\0\0\0\0\0\0\0\0\0\0\0\0\0\0\0\0\0\0\0\0\0\0\0\0\0\0\0\0\0\0\0\0\0\0\0\0\0\0\0\0\0\0\0\0\0\0\0\0\0\0\0\0\0\0\0\0\0\0\0\0\0\0\0\0\0\0\0\0\0\0\0\0\0\0\0\0\0\0\0\0\0\0\0\0\0\0\0\0\0\0\0\0\0\0\0\0\0\0\0\0\0$$If\0\0\0a$gdQ\0\0\0\0Ff\0\0\0\0$x\0x\0$If\0\0\0a$gdQ\0	\0\0$If\0\0\0gdQ\0\08\n\0\09\n\0\0<\n\0\0!\0\0\0\0\0\0\0\0\0\0\0\0\0\0\0\0\0\0\0\0\0\0\0\0\0\0\0\0\0\0$$If\0\0\0a$gdQ\0\0\0kdf\r\0\0$$If\0\0\0l\0\0\0\0\0\0\0\0\0\0\0\0\0\0l\"&*.\0\0\0\0\0\0\0\0F&\0\0\0\0\0\0\0\0\0\0\0\0\0\0\0\0*\0\0\0\0\0\0\0\0\0\0\0\0\0\0\0\0	\0\0\0\0\0\0\0\0\0\0\0\0\0\0\0\0\nt\0\00\0\0\0\0\0\0\0\0\0\0\0\0\0\0\0\0\0\0\0\0\0\0\0\0\0\0\0\0\0\0\0\0\0\0\0\0\Z\0\0\0\0\0\0\0\0\0\0\0\0\0\0\0\0\0\0\0\0\0\0\0\0\0\0\0\0\0\0\0\0\0\0\0\0\0\0\0\0\0\0\0\0\0\0\0\0\0\0\0\0\0\0\0\0\0\0\0\0\0\0\0\0\0\0\0\0\0\0\0\0\0\0\0\0\0\0\0\0\0\0\0\04\0\0\04\0\nl\0Ba\0\0ytsF\0\0<\n\0\0y\n\0\0{\n\0\0}\n\0\0\n\0\0\n\0\0\n\0\0\n\0\0\n\0\0\n\0\0\n\0\0\n\0\0\n\0\0\n\0\0\n\0\0\0\0\0\0\0\0\0\0\0\0\0\0\0\0\0\0\0\0\0\0\0\0\0\0\0\0\0\0\0\0\0\0\0\0\0\0\0\0\0\0\0\0\0\0\0\0\0\0\0\0\0\0\0\0\0\0\0\0\0\0\0\0\0\0\0\0\0\0\0\0\0\0\0\0\0\0\0\0\0\0\0\0\0\0\0\0\0\0\0\0\0\0\0\0\0\0\0\0\0\0\0\0\0\0\0\0\0\0\0\0\0\0\0\0\0\0\0\0\0\0\0\0\0\0\0\0\0\0\0\0\0\0\0\0\0\0\0\0\0\0\0\0\0\0\0\0\0\0\0\0\0\0\0\0\0\0\0\0\0\0\0\0\0\0\0\0\0\0\0\0\0\0\0\0\0\0\0\0\0\0\0\0\0\0\0\0\0\0\0\0\0\0\0\0\0\0\0\0\0\0\0\0\0\0\0\0\0\0\0\0\0\0\0\0\0\0\0\0\0\0\0\0\0\0\0\0\0\0\0\0\0\0\0\0\0\0\0\0\0\0\0\0\0\0\0\0\0\0\0\0\0\0\0\0\0\0\0\0\0\0\0\0\0\0\0\0\0\0\0\0\0\0\0\0\0\0\0\0\0\0\0\0\0\0\0\0\0\0\0\0\0\0\0\0\0\0\0\0\0\0\0\0\0\0\0\0\0\0\0\0\0\0\0\0\0\0\0\0\0\0\0\0\0\0\0\0\0\0\0\0\0\0\0\0\0\0\0\0\0\0\0\0\0\0\0\0\0\0\0\0\0\0\0\0$$If\0\0\0a$gdQ\0\0\0\0Ff\0\0\0\0$x\0x\0$If\0\0\0a$gdQ\0	\0\0$If\0\0\0gdQ\0\0\n\0\0\n\0\0\n\0\0!\0\0\0\0\0\0\0\0\0\0\0\0\0\0\0\0\0\0\0\0\0\0\0\0\0\0\0\0\0\0$$If\0\0\0a$gdQ\0\0\0kd1\0\0$$If\0\0\0l\0\0\0\0\0\0\0\0\0\0\0\0\0\0l\"&*.\0\0\0\0\0\0\0\0F&\0\0\0\0\0\0\0\0\0\0\0\0\0\0\0\0*\0\0\0\0\0\0\0\0\0\0\0\0\0\0\0\0	\0\0\0\0\0\0\0\0\0\0\0\0\0\0\0\0\nt\0\00\0\0\0\0\0\0\0\0\0\0\0\0\0\0\0\0\0\0\0\0\0\0\0\0\0\0\0\0\0\0\0\0\0\0\0\0\Z\0\0\0\0\0\0\0\0\0\0\0\0\0\0\0\0\0\0\0\0\0\0\0\0\0\0\0\0\0\0\0\0\0\0\0\0\0\0\0\0\0\0\0\0\0\0\0\0\0\0\0\0\0\0\0\0\0\0\0\0\0\0\0\0\0\0\0\0\0\0\0\0\0\0\0\0\0\0\0\0\0\0\0\04\0\0\04\0\nl\0Ba\0\0ytsF\0\0\n\0\0\0\0\0\0\0\0\0\0\0\0\0\0\0\0\0\0_\0\0a\0\0c\0\0e\0\0g\0\0i\0\0\0\0\0\0\0\0\0\0\0\0\0\0\0\0\0\0\0\0\0\0\0\0\0\0\0\0\0\0\0\0\0\0\0\0\0\0\0\0\0\0\0\0\0\0\0\0\0\0\0\0\0\0\0\0\0\0\0\0\0\0\0\0\0\0\0\0\0\0\0\0\0\0\0\0\0\0\0\0\0\0\0\0\0\0\0\0\0\0\0\0\0\0\0\0\0\0\0\0\0\0\0\0\0\0\0\0\0\0\0\0\0\0\0\0\0\0\0\0\0\0\0\0\0\0\0\0\0\0\0\0\0\0\0\0\0\0\0\0\0\0\0\0\0\0\0\0\0\0\0\0\0\0\0\0\0\0\0\0\0\0\0\0\0\0\0\0\0\0\0\0\0\0\0\0\0\0\0\0\0\0\0\0\0\0\0\0\0\0\0\0\0\0\0\0\0\0\0\0\0\0\0\0\0\0\0\0\0\0\0\0\0\0\0\0\0\0\0\0\0\0\0\0\0\0\0\0\0\0\0\0\0\0\0\0\0\0\0\0\0\0\0\0\0\0\0\0\0\0\0\0\0\0\0\0\0\0\0\0\0\0\0\0\0\0\0\0\0\0\0\0\0\0\0\0\0\0\0\0\0\0\0\0\0\0\0\0\0\0\0\0\0\0\0\0\0\0\0\0\0\0\0\0\0\0\0\0\0\0\0\0\0\0\0\0\0\0\0\0\0\0\0\0\0\0\0\0\0\0\0\0\0\0\0\0\0\0\0\0\0\0\0\0\0\0\0\0\0\0\0\0\0\0\0\0$$If\0\0\0a$gdQ\0\0\0\0Ff\0\0\0\0$x\0x\0$If\0\0\0a$gdQ\0	\0\0$If\0\0\0gdQ\0\0i\0\0j\0\0n\0\0!\0\0\0\0\0\0\0\0\0\0\0\0\0\0\0\0\0\0\0\0\0\0\0\0\0\0\0\0\0\0$$If\0\0\0a$gdQ\0\0\0kd\0\0$$If\0\0\0l\0\0\0\0\0\0\0\0\0\0\0\0\0\0l\"&*.\0\0\0\0\0\0\0\0F&\0\0\0\0\0\0\0\0\0\0\0\0\0\0\0\0*\0\0\0\0\0\0\0\0\0\0\0\0\0\0\0\0	\0\0\0\0\0\0\0\0\0\0\0\0\0\0\0\0\nt\0\00\0\0\0\0\0\0\0\0\0\0\0\0\0\0\0\0\0\0\0\0\0\0\0\0\0\0\0\0\0\0\0\0\0\0\0\0\Z\0\0\0\0\0\0\0\0\0\0\0\0\0\0\0\0\0\0\0\0\0\0\0\0\0\0\0\0\0\0\0\0\0\0\0\0\0\0\0\0\0\0\0\0\0\0\0\0\0\0\0\0\0\0\0\0\0\0\0\0\0\0\0\0\0\0\0\0\0\0\0\0\0\0\0\0\0\0\0\0\0\0\0\04\0\0\04\0\nl\0Ba\0\0ytsF\0\0n\0\0\0\0\0\0\0\0\0\0\0\0\0\0\0\0\0\0@\0\0Y\0\0g\0\0n\0\0y\0\0\0\0\0\0\0\0\0\0\0\0\0\0\0\0\0\0\0\0\0\0\0\0\0\0\0\0\0\0\0\0\0\0\0\0\0\0\0\0\0\0\0\0\0\0\0\0\0\0\0\0\0\0\0\0\0\0\0\0\0\0\0\0\0\0\0\0\0\0\0\0\0\0\0\0\0\0\0\0\0\0\0\0\0\0\0\0\0\0\0\0\0\0\0\0\0\0\0\0\0\0\0\0\0\0\0\0\0\0\0\0\0\0\0\0\0\0\0\0\0\0\0\0\0\0\0\0\0\0\0\0\0\0\0\0\0\0\0\0\0\0\0\0\0\0\0\0\0\0\0\0\0\0\0\0\0\0\0\0\0\0\0\0\0\0\0\0\0\0\0\0\0\0\0\0\0\0\0\0\0\0\0\0\0\0\0\0\0\0\0\0\0\0\0\0\0\0\0\0\0\0\0\0\0\0\0\0\0\0\0\0\0\0\0\0\0\0\0\0\0\0\0\0\0\0\0\0\0\0\0\0\0\0\0\0\0\0\0\0\0\0\0\0\0\0\0\0\0\0\0\0\0\0\0\0\0\0\0\0\0\0\0\0\0\0\0\0\0\0\0\0\0\0\0\0\0\0\0\0\0\0\0\0\0\0\0\0\0\0$$If\0\0\0a$gdQ\0\0\0\0Ff\0\0\0\0$$If\0\0\0a$gdQ\0\0\0\0gdGJ\0\0\0\0Ffc\0\0\0\0$x\0x\0$If\0\0\0a$gdQ\0	\0\0$If\0\0\0gdQ\0\0@\0\0\0\0\r\0\0$\r\0\0.\r\0\0/\r\0\0U\r\0\0\r\0\0\r\0\0\r\0\0\r\0\0\r\0\0\r\0\0\r\0\0\r\0\0\r\0\0\r\0\0\r\0\0\r\0\0\r\0\0\0\0\0\0\0\0\0\0$\0\0&\0\0*\0\0,\0\0-\0\0.\0\0?\0\0\0\0\0\0\0\0\n\0\0\0\0?\0\0xtogcgc\\ch7\0hx\0\0hx\0\0h9E1\0hx\05	hx\05hI9\0\0h/\0hI9\0mH\nsH\n\0hGJ\0hI9\05mH\nsH\nhI9\05mH\nsH\nhQ\0\0hGJ\05mH\nsH\nhM\05mH\nsH\nh/\0hGJ\0CJ\n\0aJ\n\0mH\nsH\n\0h/\0hx\0mH\nsH\n\0h/\0hGJ\05mH\nsH\nhGJ\0mH\nsH\n\0hI9\0mH\nsH\n\0h/\0hGJ\0mH\nsH\n\0h/\0hGJ\05CJ\0aJ\0mH\nsH\n\0$\0\0\0\0\0\0$\0\0\0\0\0\0\0\0\0\0\0\0\0\0\0\0\0\0\0\0\0\0\0\0\0\0\0\0\0\0\0\0\0\0\0\0$$If\0\0\0a$gdQ\0\0\0kd\0\0$$If\0\0\0l\0\0\0\0\0\0\0\0\0\0\0\0\0\0P\"&&*.\0\0\0\0\0\0\0\0\0\0\0\0\0\0\0\0\0\0\0\0\0\0\0\0\0\0\0\0\0\0\0\0\0\0\0\0\0\0\0\0\0\0\0\0\0\0\0\0\0\0\0\0\0\0\0\0\0\0\0\0\0\0\0\0\0\0\0\0\0\0\0\0\0\0\0\0\0\0\0\0X\0\0\0\0\0\0\0\0\0\0\0\0\0\0\0\0v\0\0\0\0\0\0\0\0\0\0\0\0\0\0\0\0\nt\0\00\0\0\0\0\0\0\0\0\0\0\0\0\0\0\0\0\0\0\0\0\0\0\0\0\0\0\0\0\0\0\0\0\0\0\0\0\Z\0\0\0\0\0\0\0\0\0\0\0\0\0\0\0\0\0\0\0\0\0\0\0\0\0\0\0\0\0\0\0\0\0\0\0\0\0\0\0\0\0\0\0\0\0\0\0\0\0\0\0\0\0\0\0\0\0\0\0\0\0\0\0\0\0\0\0\0\0\0\0\0\0\0\0\0\0\0\0\0\0\0\0\04\0\0\04\0\nl\0a\0\0ytQ\0\0\0\00\r\0\02\r\0\04\r\0\06\r\0\08\r\0\0:\r\0\0;\r\0\0>\r\0\0\r\0\0\r\0\0\r\0\0\r\0\0\r\0\0\r\0\0\0\0\0\0\0\0\0\0\0\0\0\0\0\0\0\0\0\0\0\0\0\0\0\0\0\0\0\0\0\0\0\0\0\0\0\0\0\0\0\0\0\0\0\0\0\0\0\0\0\0\0\0\0\0\0\0\0\0\0\0\0\0\0\0\0\0\0\0\0\0\0\0\0\0\0\0\0\0\0\0\0\0\0\0\0\0\0\0\0\0\0\0\0\0\0\0\0\0\0\0\0\0\0\0\0\0\0\0\0\0\0\0\0\0\0\0\0\0\0\0\0\0\0\0\0\0\0\0\0\0\0\0\0\0\0\0\0\0\0\0\0\0\0\0\0\0\0\0\0\0\0\0\0\0\0\0\0\0\0\0\0\0\0\0\0\0\0\0\0\0\0\0\0\0\0\0\0\0\0\0\0\0\0\0\0\0\0\0\0\0\0\0\0\0\0\0\0\0\0\0\0\0\0\0\0\0\0\0\0\0\0\0\0\0\0\0\0\0\0\0\0\0\0\0\0\0\0\0\0\0\0\0\0\0\0\0\0\0\0\0\0\0\0\0\0\0\0\0\0\0\0\0\0\0\0\0\0\0\0\0\0\0\0\0\0\0\0\0\0\0\0\0\0\0\0\0\0\0\0\0\0\0\0\0\0\0\0\0\0\0\0\0\0\0\0\0\0\0\0\0\0\0\0\0\0\0\0\0\0\0\0\0\0\0\0\0\0\0\0\0\0\0\0\0\0\0\0\0\0\0\0\0\0\0	\0\0$If\0\0\0gdGJ\0\0\0$$If\0\0\0a$gdQ\0\0\0\0FfB!\0\0\0\0$x\0x\0$If\0\0\0a$gdQ\0	\0\0$If\0\0\0gdI9\0\0\r\0\0\r\0\0\r\0\0\"\0\0\0\0\0\0\0\0\0\0\0\0\0\0\0\0\0\0\0\0\0\0\0\0\0\0\0\0\0\0\0\0$$If\0\0\0a$gdQ\0\0\0kd#\0\0$$If\0\0\0l\0\0\0\0\0\0\0\0\0\0\0\0\0F\0\0P\"&&*.\0\0\0\0\0\0\0\0\0\0\0\0\0\0\0\0\0\0\0\0\0\0\0\0\0\0\0\0\0\0\0\0\0\0\0\0\0\0\0\0\0\0\0\0\0\0\0\0\0\0\0\0\0\0\0\0\0\0\0\0\0\0\0\0\0\0\0\0\0\0\0\0\0\0\0\0\0\0\0\0X\0\0\0\0\0\0\0\0\0\0\0\0\0\0\0\0v\0\0\0\0\0\0\0\0\0\0\0\0\0\0\0\0\nt\0\00\0\0\0\0\0\0\0\0\0\0\0\0\0\0\0\0\0\0\0\0\0\0\0\0\0\0\0\0\0\0\0\0\0\0\0\0\Z\0\0\0\0\0\0\0\0\0\0\0\0\0\0\0\0\0\0\0\0\0\0\0\0\0\0\0\0\0\0\0\0\0\0\0\0\0\0\0\0\0\0\0\0\0\0\0\0\0\0\0\0\0\0\0\0\0\0\0\0\0\0\0\0\0\0\0\0\0\0\0\0\0\0\0\0\0\0\0\0\0\0\0\04\0\0\04\0\nl\0a\0\0ytQ\0\0\r\0\0\r\0\0\r\0\0\r\0\0\r\0\0\r\0\0\r\0\0\r\0\0\r\0\0\r\0\0\r\0\0\r\0\0\r\0\0\r\0\0\0\0\0\0\0\0\0\0\0\0\0\0\0\0\0\0\0\0\0\0\0\0\0\0\0\0\0\0\0\0\0\0\0\0\0\0\0\0\0\0\0\0\0\0\0\0\0\0\0\0\0\0\0\0\0\0\0\0\0\0\0\0\0\0\0\0\0\0\0\0\0\0\0\0\0\0\0\0\0\0\0\0\0\0\0\0\0\0\0\0\0\0\0\0\0\0\0\0\0\0\0\0\0\0\0\0\0\0\0\0\0\0\0\0\0\0\0\0\0\0\0\0\0\0\0\0\0\0\0\0\0\0\0\0\0\0\0\0\0\0\0\0\0\0\0\0\0\0\0\0\0\0\0\0\0\0\0\0\0\0\0\0\0\0\0\0\0\0\0\0\0\0\0\0\0\0\0\0\0\0\0\0\0\0\0\0\0\0\0\0\0\0\0\0\0\0\0\0\0\0\0\0\0\0\0\0\0\0\0\0\0\0\0\0\0\0\0\0\0\0\0\0\0\0\0\0\0\0\0\0\0\0\0\0\0\0\0\0\0\0\0\0\0\0\0\0\0\0\0\0\0\0\0\0\0\0\0\0\0\0\0\0\0\0\0\0\0\0\0\0\0\0\0\0\0\0\0\0\0\0\0\0\0\0\0\0\0\0\0\0\0\0\0\0\0\0\0\0\0\0\0\0\0\0\0\0\0\0\0\0\0\0\0\0\0\0\0\0\0\0\0\0\0\0\0\0\0\0\0\0\0\0\0\0\0\0\0\0\0\0\0\0\0\0\0\0\0\0\0\0\0\0\0\0\0\0\0\0\0\0\0\0\0\0\0\0\0\0\0\0\0\0\0\0gdGJ\0\0\0\0Ff%\0\0\0\0$x\0x\0$If\0\0\0a$gdQ\0	\0\0$If\0\0\0gdQ\0\0\r\r\0\0\r\0\0\r\0\0\r\0\0\0\0\0\0%\0\0&\0\0,\0\0\0\0\0\0\0\0\0\0\0\0\0\0\0\0\0\0\0\0\0\0\0\0\0\0\0\0\0\0\0\0\0\0\0\0\0\0\0\0\0\0\0\0\0\0\0\0\0\0\0\0\0\0\0\0\0\0\0\0\0\0x\0\0\0\0\0\0\0\0\0\0\0\0x\0\0\0\0\0\0\0\0\0\0\0\0x\0\0\0\0\0\0\0\0\0\0\0\0\0\0\0\0\0\0\0\0\0\0\0\0\0\0\0\0\0\0\0\0\0\0\0\0\0\0\0\0\0\0\0\0\0\0\0\0\0\0\0\0\0\0\0\0\0\0\0\0\0\0\0\0\0\0\0\0\0\0\0\0\0\0\0\0\0\0\0\0\0\0\0\0\0\0\0\0\0\0\0\0\0\0\0\0\0\0\0\0\0\0\0\0\0\0\0\0\0\0\0\0	\0\0$If\0\0\0gdI9\0\0\0\0\0\0\0$a$gdGJ\0\0\0\0gdGJ\0\0n\0\0kd(\0\0$$If\0\0\0l\0\0\0\0\0\0\0\0\0\0\0\0\0\Z\0*\0+\0\0\0\0\0\0\0\0\0\0\0\0\0\0\0\0\nt\0\00\0\0\0\0\0\0\0\0\0\0\0\0\0\0\0\0\0\0\0\0\0\0\0\0\0\0\0\0\0\0\0\06\0\0\Z\0\0\0\0\0\0\0\0\0\0\0\04\0\0\04\0\nl\0a\0\0p\n\0\0\0\0\0\0\0\0ytQ\0\0,\0\0-\0\0.\0\0\0\0\0\0\0\0\0\0Z\0\0\0\0\0\0\0\0\0\0\0\0X\0\0\0\0\0\0\0\0\0\0\0\0H\0\0\0\0\0\0\0\0\0\0\0\0H\0\0\0\0\0\0\0\0\0\0\0\05\0\0\0\0\0\0\0\0\0\0\0\05\0\0\0\0\0\0\0\0\0\0\0\0\0\0$$\0& #$/\0If\0\0\0a$gd\0\0\0$\0& #$/\0If\0\0\0gd\0\0\0\0\0\0kd(\0\0$$If\0\0\0\0T\0l\0\0\0\0\0\0\0\0\0\0\0\0\0F\0QSA\'\0\0\0\0\0\0\0\0\0\0\0\0\0\0\0\0\0\0\0\0\0\0\0\0\0\0\0\0\0\0\0\0\0\0\0\0\0\0\0\0\0\0\0\0\0\0\0\0\0\0\0\nt\0\00\0\0\0\0\0\0\0\0\0\0\0\0\0\0\0\0\0\0\0\0\0\0\0\0\0\0\0\0\0\0\0\06\0\0\0\0\Z\0\0\0\0\0\0\0\0\0\0\0\0\0\0\0\0\0\0\0\0\0\0\0\0\0\0\0\0\0\0\0\0\0\0\0\04\0\0\04\0\nl\0ap\0\0\0\0\0\0\0\0\0\0\0\0\0\0\0\0\0\0\0\0\0\0\0\0ytI9\0T\0\0\0\0\0\0\0\0\0\0\0\0\0\0\n\0\0\0\0\0\0\0\0\0\0\0\0\0\0\0\0\0\0\0\0\0\0\0\0\0\0\0\0\0\0\0\0\0\0\0\0\0\0\0\0\0\0\0\0\0\0\0\0\0\0\0\0\0\0\0\0\0\0\0\0\0\0\0\0\0\0\0\0\0\0\0\0\0\0\0\0\0\0\0\0\0\0\0\0\0\0\0\0\0\0\0\0\0\0\0\0\0\0\0\0\0\0\0\0\0\0\0\0\0\0\0\0\0\0\0\0\0\0\0\0\0\0\0\0\0\0\0\0\0\0\0\0\0\0\0\0\0\0\0\0\0\0\0\0\0\0\0\0\0\0\0\0\0\0\0\0\0\0\0\0\0\0\0\0\0\0\0\0\0\0\0\0\0\0\0\0\0\0\0\0\0\0\0\0\0\0\0\0\0\0\0\0\0\0\0\0\0\0\0\0\0\0\0\0\0\0\0\0\0\0\0\0\0\0\0\0\0\0\0\0\0\0\0\0\0\0\0\0\0\0\0\0\0\0\0\0\0\0\0\0\0\0\0\0\0\0\0\0\0\0\0\0\0\0\0\0\0\0\0\0\0\0\0\0\0\0\0\0\0\0\0\0\0\0\0\0\0\0\0\0\0\0\0\0\0\0\0\0\0\0\0\0\0\0\0\0\0\0\0\0\0$x\0x\0$\0& #$/\0If\0\0\0a$gd\0\0\0$\0& #$/\0If\0\0\0gd\0\0\0$$\0& #$/\0If\0\0\0a$gd\0\0\0\0Ff*\0\0\0\0$$\0& #$/\0If\0\0\0a$gd\0\0\0\0\0\0\0\0\0\0\0\0\0\0\0\0\0\0\0\0\0\0\0\0\0\0\0\0\0\0\0\0\0\0\0\0\0\0\0\0\0\0\0\0\0\0\0\0\0\0\0\0\0kd,\0\0$$If\0\0\0l\0\0\0\0\0\0\0\0\0\0\0\0\0\0l(#\'*\0\0\0\0\0\0\0\0\0\0\0\0\0\0\0\0\0\0\0\0\0\0\0\0\0\0\0\0\0\0\0\0\0\0\0\0\0\0\0\0\0\0\0\0\0\0\0\0\0\0\0\0\0\0\0\0\0\0\0\0\0\0\0\08\0\0\0\0\0\0\0\0\0\0\0\0\0\0\0\0\0\0\0\0\0\0\0\0\0\0\0\0\0\0\0\0\0\0\0\0\0\0\0\0\0\0\0\0\0\0\0\0\nt\0\0\r6 \0\00\0\0\0\0\0\0\0\0\0\0\0\0\0\0\0\0\0\0\0\0\0\0\0\0\0\0\0\0\0\0\0\06\0\0\0\0\Z\0\0\0\0\0\0\0\0\0\0\0\0\0\0\0\0\0\0\0\0\0\0\0\0\0\0\0\0\0\0\0\0\0\0\0\0\0\0\0\0\0\0\0\0\0\0\0\0\0\0\0\0\0\0\0\0\0\0\0\0\0\0\0\0\0\0\0\0\0\0\0\0\0\0\0\0\0\0\0\0\0\0\0\0\04\0\0\04\0\nl\0a\0\0yt\0\0\0\0\0\0?\0\0A\0\0C\0\0E\0\0G\0\0I\0\0J\0\0M\0\0\0\0\0\0\0\0\0\0\0\0\0\0\0\0\0\0\0\0\0\0\0\0\0\0\0\0\0\0\0\0\0\0\0\0\0\0\0\0\0\0\0\0\0\0\0\0\0\0\0\0\0\0\0\0\0\0\0\0\0\0\0\0\0\0\0\0\0\0\0\0\0\0\0\0\0\0\0\0\0\0\0\0\0\0\0\0\0\0\0\0\0\0\0\0\0\0\0\0\0\0\0\0\0\0\0\0\0\0\0\0\0\0\0\0\0\0\0\0\0\0\0\0\0\0\0\0\0\0\0\0\0\0\0\0\0\0\0\0\0\0\0\0\0\0\0\0\0\0\0\0\0\0\0\0\0\0\0\0\0\0\0\0\0\0\0\0\0\0\0\0\0\0\0\0\0\0\0\0\0\0\0\0\0\0\0\0\0\0\0\0\0\0\0\0\0\0\0\0\0\0\0\0\0\0\0\0\0\0\0\0\0\0\0\0\0\0\0\0\0\0\0\0\0\0\0\0\0\0\0\0\0\0\0\0\0\0\0\0\0\0\0\0\0\0\0\0\0\0\0\0\0\0\0\0\0\0\0\0\0\0\0\0\0\0\0\0\0\0\0\0\0\0\0\0\0\0\0\0\0\0\0\0\0\0\0\0\0\0\0\0\0\0\0\0\0\0\0\0\0\0\0\0\0\0\0\0\0\0\0\0\0\0\0\0\0\0\0\0\0\0FfZ/\0\0\0\0$x\0x\0$\0& #$/\0If\0\0\0a$gd\0\0\0$\0& #$/\0If\0\0\0gd\0\0\0$$\0& #$/\0If\0\0\0a$gd\0\0?\0\0I\0\0\0\0\0\0\0\0\0\0\0\0\0\0\0\0\0\0\0\0\0\0\0\0\0\0\0\0`\0\0a\0\0\0\0\0\0\0\0\0\0\0\0\0\0\0\0\0\0\0\0\0\0\0\0\0Q\0\0R\0\0S\0\0T\0\0U\0\0V\0\0W\0\0X\0\0Y\0\0Z\0\0\0\0\0\0\0\0\0\0\0\0\0\0\0\0\0\0\0\0\0\0	\0\0\n\0\0\0\0\0\0\r\0\0\0\0\0\0\0\0\0\0\0\0\0\0\0\0\0\0!\0\0B\0\0C\0\0D\0\0E\0\0G\0\0H\0\0J\0\0K\0\0M\0\0N\0\0P\0\0Q\0\0\0\0\0\0\0\0\0\0\0\0\0\Zj\0\0\0\0hI9\0UmH\0nH\0u\0h\0\0j\0\0\0\0h\0Uh2w\0hx\05	hx\05huO_\0hx\05h9E1\0hx\05hx\0\0h7\0hx\0I\0\0\0\0\0\0\0\0\0\0\0\0\0\0\0\0\0\0\0\0\0\0\0\0\0\0\0\0\0\0\0\0\0\0\0\0\0\0\0\0\0\0\0\0\0\0\0\0\0\0\0kd1\0\0$$If\0\0\0l\0\0\0\0\0\0\0\0\0\0\0\0\0\0l(#\'*\0\0\0\0\0\0\0\0\0\0\0\0\0\0\0\0\0\0\0\0\0\0\0\0\0\0\0\0\0\0\0\0\0\0\0\0\0\0\0\0\0\0\0\0\0\0\0\0\0\0\0\0\0\0\0\0\0\0\0\0\0\0\0\08\0\0\0\0\0\0\0\0\0\0\0\0\0\0\0\0\0\0\0\0\0\0\0\0\0\0\0\0\0\0\0\0\0\0\0\0\0\0\0\0\0\0\0\0\0\0\0\0\nt\0\0\r6 \0\00\0\0\0\0\0\0\0\0\0\0\0\0\0\0\0\0\0\0\0\0\0\0\0\0\0\0\0\0\0\0\0\06\0\0\0\0\Z\0\0\0\0\0\0\0\0\0\0\0\0\0\0\0\0\0\0\0\0\0\0\0\0\0\0\0\0\0\0\0\0\0\0\0\0\0\0\0\0\0\0\0\0\0\0\0\0\0\0\0\0\0\0\0\0\0\0\0\0\0\0\0\0\0\0\0\0\0\0\0\0\0\0\0\0\0\0\0\0\0\0\0\0\04\0\0\04\0\nl\0a\0\0yt\0\0\0\0\0\0\0\0\0\0\0\0\0\0\0\0\0\0\0\0\0\0.\0\00\0\02\0\04\0\06\0\08\0\0\0\0\0\0\0\0\0\0\0\0\0\0\0\0\0\0\0\0\0\0\0\0\0\0\0\0\0\0\0\0\0\0\0\0\0\0\0\0\0\0\0\0\0\0\0\0\0\0\0\0\0\0\0\0\0\0\0\0\0\0\0\0\0\0\0\0\0\0\0\0\0\0\0\0\0\0\0\0\0\0\0\0\0\0\0\0\0\0\0\0\0\0\0\0\0\0\0\0\0\0\0\0\0\0\0\0\0\0\0\0\0\0\0\0\0\0\0\0\0\0\0\0\0\0\0\0\0\0\0\0\0\0\0\0\0\0\0\0\0\0\0\0\0\0\0\0\0\0\0\0\0\0\0\0\0\0\0\0\0\0\0\0\0\0\0\0\0\0\0\0\0\0\0\0\0\0\0\0\0\0\0\0\0\0\0\0\0\0\0\0\0\0\0\0\0\0\0\0\0\0\0\0\0\0\0\0\0\0\0\0\0\0\0\0\0\0\0\0\0\0\0\0\0\0\0\0\0\0\0\0\0\0\0\0\0\0\0\0\0\0\0\0\0\0\0\0\0\0\0\0\0\0\0\0\0\0\0\0\0\0\0\0\0\0\0\0\0\0\0\0\0\0\0\0\0\0\0\0\0\0\0\0\0\0\0\0\0\0\0\0\0\0\0\0\0\0\0\0\0\0\0\0\0\0\0\0\0\0Ff-4\0\0\0\0$x\0x\0$\0& #$/\0If\0\0\0a$gd\0\0\0$\0& #$/\0If\0\0\0gd\0\0\0$$\0& #$/\0If\0\0\0a$gd\0\08\0\09\0\0\0\0\0\0\0\0\0\0\0\0\0\0\0\0\0\0\0\0\0\0\0\0\0\0\0\0\0\0\0\0\0\0\0\0\0\0\0\0\0\0\0\0\0\0\0\0\0kd6\0\0$$If\0\0\0l\0\0\0\0\0\0\0\0\0\0\0\0\0\0l(#\'*\0\0\0\0\0\0\0\0\0\0\0\0\0\0\0\0\0\0\0\0\0\0\0\0\0\0\0\0\0\0\0\0\0\0\0\0\0\0\0\0\0\0\0\0\0\0\0\0\0\0\0\0\0\0\0\0\0\0\0\0\0\0\0\08\0\0\0\0\0\0\0\0\0\0\0\0\0\0\0\0\0\0\0\0\0\0\0\0\0\0\0\0\0\0\0\0\0\0\0\0\0\0\0\0\0\0\0\0\0\0\0\0\nt\0\0\r6 \0\00\0\0\0\0\0\0\0\0\0\0\0\0\0\0\0\0\0\0\0\0\0\0\0\0\0\0\0\0\0\0\0\06\0\0\0\0\Z\0\0\0\0\0\0\0\0\0\0\0\0\0\0\0\0\0\0\0\0\0\0\0\0\0\0\0\0\0\0\0\0\0\0\0\0\0\0\0\0\0\0\0\0\0\0\0\0\0\0\0\0\0\0\0\0\0\0\0\0\0\0\0\0\0\0\0\0\0\0\0\0\0\0\0\0\0\0\0\0\0\0\0\0\04\0\0\04\0\nl\0a\0\0yt\0\09\0\0<\0\0y\0\0{\0\0}\0\0\0\0\0\0\0\0\0\0\0\0\0\0\0\0\0\0\0\0\0\0\0\0\0\0\0\0\0\0\0\0\0\0\0\0\0\0\0\0\0\0\0\0\0\0\0\0\0\0\0\0\0\0\0\0\0\0\0\0\0\0\0\0\0\0\0\0\0\0\0\0\0\0\0\0\0\0\0\0\0\0\0\0\0\0\0\0\0\0\0\0\0\0\0\0\0\0\0\0\0\0\0\0\0\0\0\0\0\0\0\0\0\0\0\0\0\0\0\0\0\0\0\0\0\0\0\0\0\0\0\0\0\0\0\0\0\0\0\0\0\0\0\0\0\0\0\0\0\0\0\0\0\0\0\0\0\0\0\0\0\0\0\0\0\0\0\0\0\0\0\0\0\0\0\0\0\0\0\0\0\0\0\0\0\0\0\0\0\0\0\0\0\0\0\0\0\0\0\0\0\0\0\0\0\0\0\0\0\0\0\0\0\0\0\0\0\0\0\0\0\0\0\0\0\0\0\0\0\0\0\0\0\0\0\0\0\0\0\0\0\0\0\0\0\0\0\0\0\0\0\0\0\0\0\0\0\0\0\0\0\0\0\0\0\0\0\0\0\0\0\0\0\0\0\0\0\0\0\0\0\0\0\0\0\0\0\0\0\0\0\0\0\0\0\0\0\0\0\0\0\0\0\0\0\0\0\0\0\0\0\0\0\0\0\0\0\0\0\0\0\0\0\0\0\0\0\0\0\0\0\0Ff\09\0\0\0\0$x\0x\0$\0& #$/\0If\0\0\0a$gd\0\0\0$\0& #$/\0If\0\0\0gd\0\0\0$$\0& #$/\0If\0\0\0a$gd\0\0\0\0\0\0\0\0\0\0\0\0\0\0\0\0\0\0\0\0\0\0\0\0\0\0\0\0\0\0\0\0\0\0\0\0\0\0\0\0\0\0\0\0\0\0\0\0\0\0\0\0\0kdj;\0\0$$If\0\0\0l\0\0\0\0\0\0\0\0\0\0\0\0\0\0l(#\'*\0\0\0\0\0\0\0\0\0\0\0\0\0\0\0\0\0\0\0\0\0\0\0\0\0\0\0\0\0\0\0\0\0\0\0\0\0\0\0\0\0\0\0\0\0\0\0\0\0\0\0\0\0\0\0\0\0\0\0\0\0\0\0\08\0\0\0\0\0\0\0\0\0\0\0\0\0\0\0\0\0\0\0\0\0\0\0\0\0\0\0\0\0\0\0\0\0\0\0\0\0\0\0\0\0\0\0\0\0\0\0\0\nt\0\0\r6 \0\00\0\0\0\0\0\0\0\0\0\0\0\0\0\0\0\0\0\0\0\0\0\0\0\0\0\0\0\0\0\0\0\06\0\0\0\0\Z\0\0\0\0\0\0\0\0\0\0\0\0\0\0\0\0\0\0\0\0\0\0\0\0\0\0\0\0\0\0\0\0\0\0\0\0\0\0\0\0\0\0\0\0\0\0\0\0\0\0\0\0\0\0\0\0\0\0\0\0\0\0\0\0\0\0\0\0\0\0\0\0\0\0\0\0\0\0\0\0\0\0\0\0\04\0\0\04\0\nl\0a\0\0yt\0\0\0\0\0\0\0\0\0\0\0\0\0\0\0\0\Z\0\0\0\0\0\0p\0\0r\0\0t\0\0v\0\0x\0\0z\0\0\0\0\0\0\0\0\0\0\0\0\0\0\0\0\0\0\0\0\0\0\0\0\0\0\0\0\0\0\0\0\0\0\0\0\0\0\0\0\0\0\0\0\0\0\0\0\0\0\0\0\0\0\0\0\0\0\0\0\0\0\0\0\0\0\0\0\0\0\0\0\0\0\0\0\0\0\0\0\0\0\0\0\0\0\0\0\0\0\0\0\0\0\0\0\0\0\0\0\0\0\0\0\0\0\0\0\0\0\0\0\0\0\0\0\0\0\0\0\0\0\0\0\0\0\0\0\0\0\0\0\0\0\0\0\0\0\0\0\0\0\0\0\0\0\0\0\0\0\0\0\0\0\0\0\0\0\0\0\0\0\0\0\0\0\0\0\0\0\0\0\0\0\0\0\0\0\0\0\0\0\0\0\0\0\0\0\0\0\0\0\0\0\0\0\0\0\0\0\0\0\0\0\0\0\0\0\0\0\0\0\0\0\0\0\0\0\0\0\0\0\0\0\0\0\0\0\0\0\0\0\0\0\0\0\0\0\0\0\0\0\0\0\0\0\0\0\0\0\0\0\0\0\0\0\0\0\0\0\0\0\0\0\0\0\0\0\0\0\0\0\0\0\0\0\0\0\0\0\0\0\0\0\0\0\0\0\0\0\0\0\0\0\0\0\0\0\0\0\0\0\0\0\0\0\0\0\0\0Ff=\0\0\0\0$x\0x\0$\0& #$/\0If\0\0\0a$gd\0\0\0$\0& #$/\0If\0\0\0gd\0\0\0$$\0& #$/\0If\0\0\0a$gd\0\0z\0\0{\0\0\0\0\0\0\0\0\0\0\0\0\0\0\0\0\0\0\0\0\0\0\0\0\0\0\0\0\0\0\0\0\0\0\0\0\0\0\0\0\0\0\0\0\0\0\0\0\0kd=@\0\0$$If\0\0\0l\0\0\0\0\0\0\0\0\0\0\0\0\0\0l(#\'*\0\0\0\0\0\0\0\0\0\0\0\0\0\0\0\0\0\0\0\0\0\0\0\0\0\0\0\0\0\0\0\0\0\0\0\0\0\0\0\0\0\0\0\0\0\0\0\0\0\0\0\0\0\0\0\0\0\0\0\0\0\0\0\08\0\0\0\0\0\0\0\0\0\0\0\0\0\0\0\0\0\0\0\0\0\0\0\0\0\0\0\0\0\0\0\0\0\0\0\0\0\0\0\0\0\0\0\0\0\0\0\0\nt\0\0\r6 \0\00\0\0\0\0\0\0\0\0\0\0\0\0\0\0\0\0\0\0\0\0\0\0\0\0\0\0\0\0\0\0\0\06\0\0\0\0\Z\0\0\0\0\0\0\0\0\0\0\0\0\0\0\0\0\0\0\0\0\0\0\0\0\0\0\0\0\0\0\0\0\0\0\0\0\0\0\0\0\0\0\0\0\0\0\0\0\0\0\0\0\0\0\0\0\0\0\0\0\0\0\0\0\0\0\0\0\0\0\0\0\0\0\0\0\0\0\0\0\0\0\0\0\04\0\0\04\0\nl\0a\0\0yt\0\0{\0\0\0\0\0\0\0\0\0\0\0\0\0\0\0\0\0\0\0\0a\0\0s\0\0|\0\0\0\0\0\0\0\0\0\0\0\0\0\0\0\0\0\0\0\0\0\0\0\0\0\0\0\0\0\0\0\0\0\0\0\0\0\0\0\0\0\0\0\0\0\0\0\0\0\0\0\0\0\0\0\0\0\0\0\0\0\0\0\0\0\0\0\0\0\0\0\0\0\0\0\0\0\0\0\0\0\0\0\0\0\0\0\0\0\0\0\0\0\0\0\0\0\0\0\0\0\0\0\0\0\0\0\0\0\0\0\0\0\0\0\0\0\0\0\0\0\0\0\0\0\0\0\0\0\0\0\0\0\0\0\0\0\0\0\0\0\0\0\0\0\0\0\0\0\0\0\0\0\0\0\0\0\0\0\0\0\0\0\0\0\0\0\0\0\0\0\0\0\0\0\0\0\0\0\0\0\0\0\0\0\0\0\0\0\0\0\0\0\0\0\0\0\0\0\0\0\0\0\0\0\0\0\0\0\0\0\0\0\0\0\0\0\0\0\0\0\0\0\0\0\0\0\0\0\0\0\0\0\0\0\0\0FfLF\0\0\0\0$$If\0\0\0a$gd\0	\0\0$If\0\0\0gd\0\0\n&\0F\0\0h^hgdx\0\0\0\0FfB\0\0\0\0$x\0x\0$\0& #$/\0If\0\0\0a$gd\0\0\0$\0& #$/\0If\0\0\0gd\0\0\0$$\0& #$/\0If\0\0\0a$gd\0\0\0\0\0\0\0\0\0\0\0\0\0\0\0\0\0\0\0\0\0\0\0\0\0\0\0\0\0\0\0\0\0\0\0\0\0\0\0\0\0\0\0\0\0\0\0\0\0\0\0\0\0\0\0\0\0\0\0\0\0\0\0\0\0\0\0\0\0\0\0\0\0\0\0\0\0\0\0\0\0\0\0\0\0\0\0\0\0\0\0\0\0\0\0\0\0\0\0\0\0\0\0\0\0\0\0\0\0\0\0\0\0\0\0\0\0\0\0\0\0\0\0\0\0\0\0\0\0\0\0\0\0\0\0\0\0\0\0\0\0\0\0\0\0\0\0\0\0\0\0\0\0\0\0\0\0\0\0\0\0\0\0\0\0\0\0\0\0\0\0\0\0\0\0\0\0\0\0\0\0\0\0\0\0\0\0\0\0\0\0\0\0\0\0\0\0\0\0\0\0\0\0\0\0\0\0\0\0\0\0\0\0\0\0\0\0\0\0\0\0\0\0\0\0\0\0\0\0\0\0\0\0\0\0\0\0\0\0\0\0\0\0\0\0\0\0\0\0\0\0\0\0\0\0\0\0\0\0\0\0\0\0\0\0\0\0\0\0\0\0\0\0\0\0\0\0\0\0\0\0\0\0\0\0\0\0\0\0\0\0\0\0\0\0\0\0\0\0\0\0\0\0\0\0\0\0\0\0\0\0\0\0\0\0\0\0\0\0\0\0\0\0\0\0\0\0\0\0\0\0\0\0\0\0\0\0\0\0\0\0\0\0\0\0\0\0\0\0\0\0\0\0\0\0\0\0\0\0\0\0\0\0\0\0\0\0\0\0\0\0\0\0\0\0\0\0\0\0\0\0\0\0\0\0\0\0\0\0\0\0\0\0\0\0\0\0\0\0\0\0\0\0\0\0\0\0\0\0\0\0\0\0\0\0\0\0$x\0x\0$If\0\0\0a$gd\0	\0\0$If\0\0\0gd\0\0\0$$If\0\0\0a$gd\0\0\0\0\0\0\0\0 \0\0\0\0\0\0\0\0\0\0\0\0\0\0\0\0\0\0\0\0\0\0\0\0\0\0\0\0$$If\0\0\0a$gd\0\0\0kdtH\0\0$$If\0\0\0\0T\0l\0\0\0\0\0\0\0\0\0\0\0\0\0\0h<\"R&*\0\0\0\0\0\0\0\0\0\0\0\0\0\0\0\0\0\0\0\0\0\0\0\0\0\0\0\0\0\0\0\0\0\0\0\0\0\0\0\0\0\0\0\0\0\0\0\0\0\0\0\0\0\0\0\0\0\0\0\0\0\0\0\0\0\0\0\0\0\0\0\0\0\0\0\0\0\0\0\0\0\0\0\0\0\0\0\0\0\0\0\0\0\0\0\0J\0\0\0\0\0\0\0\0\0\0\0\0\0\0\0\0\nt\0\00\0\0\0\0\0\0\0\0\0\0\0\0\0\0\0\0\0\0\0\0\0\0\0\0\0\0\0\0\0\0\0\0\0\0\0\0\Z\0\0\0\0\0\0\0\0\0\0\0\0\0\0\0\0\0\0\0\0\0\0\0\0\0\0\0\0\0\0\0\0\0\0\0\0\0\0\0\0\0\0\0\0\0\0\0\0\0\0\0\0\0\0\0\0\0\0\0\0\0\0\0\0\0\0\0\0\0\0\0\0\0\0\0\0\0\0\0\0\0\0\0\04\0\0\04\0\nl\0a\0\0yt\0T\0\0\0\0P\0\0R\0\0T\0\0V\0\0X\0\0Z\0\0[\0\0^\0\0\0\0\0\0\0\0\0\0\0\0\0\0\0\0\0\0\0\0\0\0\0\0\0\0\0\0\0\0\0\0\0\0\0\0\0\0\0\0\0\0\0\0\0\0\0\0\0\0\0\0\0\0\0\0\0\0\0\0\0\0\0\0\0\0\0\0\0\0\0\0\0\0\0\0\0\0\0\0\0\0\0\0\0\0\0\0\0\0\0\0\0\0\0\0\0\0\0\0\0\0\0\0\0\0\0\0\0\0\0\0\0\0\0\0\0\0\0\0\0\0\0\0\0\0\0\0\0\0\0\0\0\0\0\0\0\0\0\0\0\0\0\0\0\0\0\0\0\0\0\0\0\0\0\0\0\0\0\0\0\0\0\0\0\0\0\0\0\0\0\0\0\0\0\0\0\0\0\0\0\0\0\0\0\0\0\0\0\0\0\0\0\0\0\0\0\0\0\0\0\0\0\0\0\0\0\0\0\0\0\0\0\0\0\0\0\0\0\0\0\0\0\0\0\0\0\0\0\0\0\0\0\0\0\0\0\0\0\0\0\0\0\0\0\0\0\0\0\0\0\0\0\0\0\0\0\0\0\0\0\0\0\0\0\0\0\0\0\0\0\0\0\0\0\0\0\0\0\0\0\0\0\0\0\0\0\0\0\0\0\0\0\0\0\0\0\0\0\0\0\0\0\0\0\0\0\0\0\0\0\0\0\0\0\0\0\0\0\0\0\0\0\0\0\0\0\0\0\0\0\0\0\0\0\0\0\0\0\0\0\0\0\0\0\0\0\0	\0\0$If\0\0\0gd\0\0\0$$If\0\0\0a$gd\0\0\0\0FfJ\0\0\0\0$x\0x\0$If\0\0\0a$gd\0	\0\0$If\0\0\0gdx\0\0\0\0\0\0\0\0 \0\0\0\0\0\0\0\0\0\0\0\0\0\0\0\0\0\0\0\0\0\0\0\0\0\0\0\0$$If\0\0\0a$gd\0\0\0kdL\0\0$$If\0\0\0\0T\0l\0\0\0\0\0\0\0\0\0\0\0\0\0\0h<\"R&*\0\0\0\0\0\0\0\0\0\0\0\0\0\0\0\0\0\0\0\0\0\0\0\0\0\0\0\0\0\0\0\0\0\0\0\0\0\0\0\0\0\0\0\0\0\0\0\0\0\0\0\0\0\0\0\0\0\0\0\0\0\0\0\0\0\0\0\0\0\0\0\0\0\0\0\0\0\0\0\0\0\0\0\0\0\0\0\0\0\0\0\0\0\0\0\0J\0\0\0\0\0\0\0\0\0\0\0\0\0\0\0\0\nt\0\00\0\0\0\0\0\0\0\0\0\0\0\0\0\0\0\0\0\0\0\0\0\0\0\0\0\0\0\0\0\0\0\0\0\0\0\0\Z\0\0\0\0\0\0\0\0\0\0\0\0\0\0\0\0\0\0\0\0\0\0\0\0\0\0\0\0\0\0\0\0\0\0\0\0\0\0\0\0\0\0\0\0\0\0\0\0\0\0\0\0\0\0\0\0\0\0\0\0\0\0\0\0\0\0\0\0\0\0\0\0\0\0\0\0\0\0\0\0\0\0\0\04\0\0\04\0\nl\0a\0\0yt\0T\0\0\0\0\0\0\n\0\0\0\0\0\0\0\0\0\0\0\0\0\0\0\0\0\0 \0\0!\0\0\0\0\0\0\0\0\0\0\0\0\0\0\0\0\0\0\0\0\0\0\0\0\0\0\0\0\0\0\0\0\0\0\0\0\0\0\0\0\0\0\0\0\0\0\0\0\0\0\0\0\0\0\0\0\0\0\0\0\0\0\0\0\0\0\0\0\0\0\0\0\0\0\0\0\0\0\0\0\0\0\0\0\0\0\0\0\0\0\0\0\0\0\0\0\0\0\0\0\0\0\0\0\0\0\0\0\0\0\0\0\0\0\0\0\0\0\0\0\0\0m\0\0\0\0\0\0\0\0\0\0\0\0\0\0\0\0\0\0\0\0\0\0\0\0\0\0\0\0\0\0\0\0\0\0\0n\0\0kd^Q\0\0$$If\0\0\0l\0\0\0\0\0\0\0\0\0\0\0\0\0\Z\0*\0+\0\0\0\0\0\0\0\0\0\0\0\0\0\0\0\0\nt\0\00\0\0\0\0\0\0\0\0\0\0\0\0\0\0\0\0\0\0\0\0\0\0\0\0\0\0\0\0\0\0\0\06\0\0\Z\0\0\0\0\0\0\0\0\0\0\0\04\0\0\04\0\nl\0a\0\0p\n\0\0\0\0\0\0\0\0yt\0\0\0\0gdx\0\0\0\0FfN\0\0\0\0$x\0x\0$If\0\0\0a$gd\0	\0\0$If\0\0\0gd\0\0!\0\0C\0\0D\0\0F\0\0G\0\0I\0\0J\0\0L\0\0M\0\0O\0\0P\0\0R\0\0x\0\0\0\0\0\0\0\0\0\0\0\0\0\0\0\0\0\0\0\0\0\0\0\0\0\0\0\0\0\0\0\0\0\0\0\0\0\0\0\0\0\0\0\0\0\0\0\0\0\0\0\0\0\0\0\0\0\0\0\0\0\0\0\0\0\0\0\0\0\0\0\0\0\0\0\0\0\0\0\0\0\0\0\0\0\0\0\0\0\0\0\0\0\0\0\0\0\0\0\0\0\0\0\0\0\0\0\0\0\0\0\0\0\0\0\0\0\0\0\0\0\0\0\0\0\0\0\0\0\0\0\0\0\0\0\0\0\0\0\0\0\0\0\0\0\0\0\0\0\0\0\0\0\0\0\0\0\0\0\0\0\0\0\0\0\0\0\0\0\0\0\0\0\0\0\0\0\0\0\0\0\0\0\0\0\0\0\0\0\0\0\0\0\0\0\0\0\0\0\0\0\0\0\0\0\0\0\0\0\0\0\0\0\0\0\0\0\0\0\0\0\0\0\0\0\0\0\0\0\0\0\0\0\0\0\0\0\0\0\0\0\0\0\0\0\0\0\0\0\0\0\0\0\0\0\0\0\0\0\0\0\0\0\0\0\0\0\0\0\0\0\0\0\0\0\0\0\0\0\0\0\0\0\0\0\0\0\0\0\0\0\0\0\0\0\0\0\0\0\0\0\0\0\0\0\0\0\0\0\0\0\0\0\0\0\0\0\0\0\0\0\0\0\0\0\0\0\0\0\0\0\0\0\0\0\0\0\0\0\0\0\0\0\0\0\0$a$gdQ\0\n\0&d\0P\0\0\0\0\0\0\0\0gdQ\0\0\0\0gdGJ\0\0\0\0\0\0\0$a$gdx\0\0Q\0\0k\0\0w\0\0x\0\0\0\0\0\0\0\0\0\0\0\0\0\0\0\0\0\0\0\0\0\0\0\0\0\0\0\0\0\0\0\0\0\0\0\0\0\0\0\0\0\0\0\0\0\0\0\0\0\0\0\0\0\0\0\0\0\0\0\0\0\0\0\0\0\0\0\0\0\0\0\0\0\0\0\0\0\0\0\0\0\0\0\0\0\0\0\0\0\0\0\0\0\0\0\0\0\0\0\0\0\0\0\0\0\0\0\0\0\0\0\0\0\0\0\0\0\0\0\0\0\0\0\0\0\0\0\0\0\0\0\0\0\0\0\0\0\0\0\0\0\0\0\0\0\0\0\0\0\0\0\0\0\0\0\0\0\0\0\0\0\0\0\0\0\0\0\0\0\0\0\0\0\0\0\0\0\0\0\0\0\0\0\0\0\0\0\0\0\0\0\0\0\0\0\0\0\0\0\0\0\0\0\0\0\0\0\0\0\0\0\0\0\0\0\0\0\0\0\0\0\0\0\0\0\0\0\0\0\0\0\0\0\0\0\0\0\0\0\0\0\0\0\0\0\0\0\0\0\0\0\0\0\0\0\0\0\0\0\0\0\0\0\0\0\0\0\0\0\0\0\0\0\0\0\0\0\0\0\0\0\0\0\0\0\0\0\0\0\0\0\0\0\0\0\0\0\0\0\0\0\0\0\0\0\0\0\0\0\0\0\0\0\0\0\0\0\0\0\0\0\0\0\0\0\0\0\0\0\0\0\0\0\0\0\0\0\0\0\0\0\0\0\0\0\0\0\0\0\0\0\0\0\0\0\0\0\0\0\0\0\0\0\0\0\0\0\0\0\0\0\0\0\0\0\0\0\0\0\0\0\0\0\0hx\0\0h\0\0hr\0hI9\0CJ\0aJ\0\0hGJ\0hI9\0mH	sH	\0hI9\0mH	sH	\0hI9\02\01h:pQ\0/ =!\"#$%\0\0F\r\0\0z\\dzH\0JFIF\0\0`\0`\0\0\0C\0\n	\n		\n$ &%# #\"(-90(*6+\"#2D26;=@@@&0FKE>J9?@=\0C\r=)#)==================================================\0\0g\0m\"\0\0\0\0\0\0\0\0\0\0\0\0	\n\0\0\0\0}\0!1AQa\"q2#BR$3br	\n\Z%&\'()*456789:CDEFGHIJSTUVWXYZcdefghijstuvwxyz\0\0\0\0\0\0\0\0	\n\0\0\0w\0!1AQaq\"2B	#3Rbr\n$4%\Z&\'()*56789:CDEFGHIJSTUVWXYZcdefghijstuvwxyz\0\0\0?\0j(PtgyJf\0:m\Zxuopk	KVMQ=K.\Zdf6d;e|Sh%\"GO17B?~xwPbgVL`zdvkf\r\'\'Kvu7^cfa+5<~#a\0W_n>>al>y[W(+bxmR}&mSYH\"!)U\\Uxsi{ps%mG{OzY[oNb\Z#j\0ST-5 	c\'}{77>#[ uAR=>]\\\'7Twnd?\n/;((}^O;x>{rs,{{gcAFs\ruAH;\0xI4jv1!wpP0?l$77v\" :oqf8Y8.*sz^\"Cgm$xWR+Ak.km/XZ3Qh\Zn!3ei#O%W3vwNKF){R7CqA_cmR8~Kt@]x,|Y|Oeb\'M8D\Z\'[kWd\\G8MCh~M_[4F8=\n|H0=s\0\0\'8~yY_^E!t=_ZM43cqs?!im\'NQO?WR6zwBEQ@M<:=*H/}qWwY\Z^o\"kgc_P.W)*\\m<n]wpj0>yz\'!1~F|7Ef7Pnno$5g,OS4_\0kk7B A+GHTgrd:%-\\R^_$fdly\rgqV|}\0}NXIb, `j:9$K~^iXBNoZ`+<t12#mM1Is#ne(g|{3!o\"3D*~#2LFBS]V+Jo.i\0=\r]Pmh:tJ<c3A_HkM[H\\v/RN>4[P\Z*{7?WV*Z~EW)QEVY4+I~+cAuqLr@I+5uSA^CiW%g,-xg?*<OP[sX4]t&D!J.omxy\"ef\05A-ud;	7 c?0\n\"k:8*<CYz\'.jVJ:#9iYFi=\\F\0RHSse0<\n~l}miy\"cwWG*pxSSJ9w!H+le,}NH_zVS=\n<IZojFAg@`c}3eyZYi$cw9\'9Z9qN-]x|6fBp\0F~qtx^[?\0}\n:ft(7\n)(0iihF\0=-PsCsKaxoLSQU;14,~t\0303NQU3${-HId7\0Hq]%TnNw\ZIl-#9\rYV5{O9-mGp\'?t	%}Z/%G-<QTf-C$_1.1z|G-ln]1	J\'/;)~\Z9pzl.,Is++uOtMjmU%pUOJ|NFZWV>5HyM&S3ZG+Au.!>kZ`0F?m[]ItZE\nH2zaMK{.7IrFqyG4n\'[\"dR`obPsxK9t6Gom\ZJz\0*ZjaJ-)]\r;X+-l2\00O<o}wiY\\<.qpry+Vb]M<7bJ5]Y8U#q\"r0xdfu\"@8`y|q{{i;!$\r3ai ml`[hHy ^yMr[7\0iM\Z\\`Q[XYx20ZV]j\\As|-JHQ;SlYQPQeVh?+m%A=in4pbPP0{QZ%x6O9Bj@-0B|GvO-N<b$2>A+8bVyjiIH}0fO\'|r<QS[~C{\"\ZZi}o$8=\"M\Z!	\\)\nB)iui&Gm$Qb|e czQEw=+C\0\0\0\0\0\0\0\0\0\0\0\0\0\0\0\0\0\0\0\0\0\0\0\0\0\0\0\0\0\0\0\0\0\0\0\0\0\0\0\0\0\0\0\0\0\0\0\0\0\0\0\0\0\0\0\0\0\0\0\0\0\0\0\0\0\0\0\0\0\0\0\0\0\0\0\0\0\0\0\0\0\0\0\0\0\0\0\0\0\0\0\0\0\0\0\0\0\0\0\0\0\0\0\0\0\0\0\0\0\0\0\0\0\0\0\0\0\0\0\0\0\0\0\0\0\0\0\0\0\0\0\0\0\0\0\0\0\0\0\0\0\0\0\0\0\0\0\0\0\0\0\0\0\0\0\0\0\0\0\0\0\0\0\0\0\0\0\0\0\0\0\0\0\0\0\0\0\0\0\0\0\0\0\0\0\0\0\0\0\0\0\0\0\0\0\0\0\0\0\0\0\0\0\0\0\0\0\0\0\0\0\0\0\0\0\0\0\0\0\0\0\0\0\0\0\0\0\0\0\0\0\0\0\0\0\0\0\0\0\0\0\0\0\0\0\0\0\0\0\0\0\0\0\0\0\0\0\0\0\0\0\0\0\0\0\0\0\0\0\0\0\0\0\0\0\0\0\0\0\0\0\0\0\0\0\0\0\0\0\0\0\0\0\0\0\0\0\0\0\0\0\0\0\0\0\0\0\0\0\0\0\0\0\0\0\0\0\0\0\0\0\0\0\0\0\0\0\0\0\0\0\0\0\0\0\0\0\0\0\0\0\0\0\0\0\0\0\0\0\0\0\0\0\0\0\0\0\0\0\0\0\0\0\0\0\0\0\0\0\0\0\0\0\0\0\0\0\0\0\0\0\0\0\0\0\0\0\0\0\0\0\0\0\0\0\0\0\0\0\0\0\0\0\0\0\0\0\0\0\0\0\0\0\0\0\0\0\0\0\0\0\0\0\0\0\0\0\0\0\0\0\0\0\0\0\0\0\0\0\0\0\0\0\0\0\0\0\0\0\0\0\0\0\0\0\0\0\0\0\0\0\0\0\0\0\0\0\0\0\0\0\0\0\0\0\0\0\0\0\0\0\0\0\0\0\0\0\0\0\0\0\0\0\0\0\0\0\0\0\0$$If\0\0\0!v\0h#v\0#v#v:V\0l\0\nt\0\00\0\0\0\0\0\0\0\0\0\0\0\0\0\0\0\0\0\0\0\0\0\0\0\0\0\0\0\0\0\0\0\06\0\05\055ap\0\0\0\0\0\0\0\0\0\0\0\0\0\0\0\0\0\0\0\0\0\0\0\0ytI9\0T\0N$$If\0\0\0\0\0!v\0h#v\0T#v#v*#v#v	#v:V\0l\0	\0\0\0\0\0\0\nt\0\0<\0\0\0\0\0\0\0\0\0\0\0\0\0\0\0\0\0\0\0\0\0\0\0\0\0\0\0\0\0\0\0\0\0\0\0\00\0\0\0\0\0\0\0\0\0\0\0\0\0\0\0\0\0\0\0\0\0\0\0\0\0\0\0\0\0\0\0\0\0\0,\05\0T55*55	5p<\0\0\0\0\0\0\0\0\0\0\0\0\0\0\0\0\0\0\0\0\0\0\0\0\0\0\0\0\0\0\0\0\0\0\0\0ytsF\0\Zkd\0\0\0$$If\0\0\0l\0\0\0\0\0\0\0\0\0\0\0\0\0\0l\"&*T\0\0\0\0\0\0\0\0\0\0\0\0\0\0\0\0\0\0\0\0\0\0\0\0\0\0\0\0\0\0\0\0*\0\0\0\0\0\0\0\0\0\0\0\0\0\0\0\0\0\0\0\0\0\0\0\0\0\0\0\0\0\0\0\0	\0\0\0\0\0\0\0\0\0\0\0\0\0\0\0\0\0\0\0\0\0\0\0\0\0\0\0\0\0\0\0\0	\0\0\0\0\0\0\nt\0\0<\0\0\0\0\0\0\0\0\0\0\0\0\0\0\0\0\0\0\0\0\0\0\0\0\0\0\0\0\0\0\0\0\0\0\0\00\0\0\0\0\0\0\0\0\0\0\0\0\0\0\0\0\0\0\0\0\0\0\0\0\0\0\0\0\0\0\0\0\0\0\0\0\Z\0\0\0\0\0\0\0\0\0\0\0\0\0\0\0\0\0\0\0\0\0\0\0\0\0\0\0\0\0\0\0\0\0\0\0\0\0\0\0\0\0\0\0\0\0\0\0\0\0\0\0\0\0\0\0\0\0\0\0\0\0\0\0\0\0\0\0\0\0\0\0\04\0\0\04\0\nl\0a\0\0p<\0\0\0\0\0\0\0\0\0\0\0\0\0\0\0\0\0\0\0\0\0\0\0\0\0\0\0\0\0\0\0\0\0\0\0\0ytsF\0\0$$If\0\0\0\0\0!v\0h#v\0.#v&#v#v*#v#v	#v:V\0l\0\nt\0\00\0\0\0\0\0\0\0\0\0\0\0\0\0\0\0\0\0\0\0\0\0\0\0\0\0\0\0\0\0\0\0\0\0\0,\05\0.5&55*55	5ytsF\0r$$If\0\0\0\0\0!v\0h#v\0.#v&#v#v*#v#v	#v:V\0l\0	\0\0\0\0\0\0\0\nt\0\0F\0\0\0\0\0\0\0\0\0\0\0\0\0\0\0\0\0\0\0\0\0\0\0\0\0\0\0\0\0\0\0\0\0\0\0\0\0\0\0\0\0\00\0\0\0\0\0\0\0\0\0\0\0\0\0\0\0\0\0\0\0\0\0\0\0\0\0\0\0\0\0\0\0\0\0\0,\05\0.5&55*55	5pF\0\0\0\0\0\0\0\0\0\0\0\0\0\0\0\0\0\0\0\0\0\0\0\0\0\0\0\0\0\0\0\0\0\0\0\0\0\0\0\0\0\0ytsF\0Vkd\0\0$$If\0\0\0l\0\0\0\0\0\0\0\0\0\0\0\0\0\0l\"&*.\0\0\0\0\0\0\0\0\0\0\0\0\0\0\0\0&\0\0\0\0\0\0\0\0\0\0\0\0\0\0\0\0\0\0\0\0\0\0\0\0\0\0\0\0\0\0\0\0*\0\0\0\0\0\0\0\0\0\0\0\0\0\0\0\0\0\0\0\0\0\0\0\0\0\0\0\0\0\0\0\0	\0\0\0\0\0\0\0\0\0\0\0\0\0\0\0\0\0\0\0\0\0\0\0\0\0\0\0\0\0\0\0\0	\0\0\0\0\0\0\0\nt\0\0F\0\0\0\0\0\0\0\0\0\0\0\0\0\0\0\0\0\0\0\0\0\0\0\0\0\0\0\0\0\0\0\0\0\0\0\0\0\0\0\0\0\00\0\0\0\0\0\0\0\0\0\0\0\0\0\0\0\0\0\0\0\0\0\0\0\0\0\0\0\0\0\0\0\0\0\0\0\0\Z\0\0\0\0\0\0\0\0\0\0\0\0\0\0\0\0\0\0\0\0\0\0\0\0\0\0\0\0\0\0\0\0\0\0\0\0\0\0\0\0\0\0\0\0\0\0\0\0\0\0\0\0\0\0\0\0\0\0\0\0\0\0\0\0\0\0\0\0\0\0\0\0\0\0\0\0\0\0\0\0\0\0\0\04\0\0\04\0\nl\0a\0\0pF\0\0\0\0\0\0\0\0\0\0\0\0\0\0\0\0\0\0\0\0\0\0\0\0\0\0\0\0\0\0\0\0\0\0\0\0\0\0\0\0\0\0ytsF\0\0$$If\0\0\0\0\0!v\0h#v\0.#v&#v#v*#v#v	#v:V\0l\0\nt\0\00\0\0\0\0\0\0\0\0\0\0\0\0\0\0\0\0\0\0\0\0\0\0\0\0\0\0\0\0\0\0\0\0\0\0,\05\0.5&55*55	5ytsF\0r$$If\0\0\0\0\0!v\0h#v\0.#v&#v#v*#v#v	#v:V\0l\0	\0\0\0\0\0\0\0\nt\0\0F\0\0\0\0\0\0\0\0\0\0\0\0\0\0\0\0\0\0\0\0\0\0\0\0\0\0\0\0\0\0\0\0\0\0\0\0\0\0\0\0\0\00\0\0\0\0\0\0\0\0\0\0\0\0\0\0\0\0\0\0\0\0\0\0\0\0\0\0\0\0\0\0\0\0\0\0,\05\0.5&55*55	5pF\0\0\0\0\0\0\0\0\0\0\0\0\0\0\0\0\0\0\0\0\0\0\0\0\0\0\0\0\0\0\0\0\0\0\0\0\0\0\0\0\0\0ytsF\0Vkd	\0\0$$If\0\0\0l\0\0\0\0\0\0\0\0\0\0\0\0\0\0l\"&*.\0\0\0\0\0\0\0\0\0\0\0\0\0\0\0\0&\0\0\0\0\0\0\0\0\0\0\0\0\0\0\0\0\0\0\0\0\0\0\0\0\0\0\0\0\0\0\0\0*\0\0\0\0\0\0\0\0\0\0\0\0\0\0\0\0\0\0\0\0\0\0\0\0\0\0\0\0\0\0\0\0	\0\0\0\0\0\0\0\0\0\0\0\0\0\0\0\0\0\0\0\0\0\0\0\0\0\0\0\0\0\0\0\0	\0\0\0\0\0\0\0\nt\0\0F\0\0\0\0\0\0\0\0\0\0\0\0\0\0\0\0\0\0\0\0\0\0\0\0\0\0\0\0\0\0\0\0\0\0\0\0\0\0\0\0\0\00\0\0\0\0\0\0\0\0\0\0\0\0\0\0\0\0\0\0\0\0\0\0\0\0\0\0\0\0\0\0\0\0\0\0\0\0\Z\0\0\0\0\0\0\0\0\0\0\0\0\0\0\0\0\0\0\0\0\0\0\0\0\0\0\0\0\0\0\0\0\0\0\0\0\0\0\0\0\0\0\0\0\0\0\0\0\0\0\0\0\0\0\0\0\0\0\0\0\0\0\0\0\0\0\0\0\0\0\0\0\0\0\0\0\0\0\0\0\0\0\0\04\0\0\04\0\nl\0a\0\0pF\0\0\0\0\0\0\0\0\0\0\0\0\0\0\0\0\0\0\0\0\0\0\0\0\0\0\0\0\0\0\0\0\0\0\0\0\0\0\0\0\0\0ytsF\0\0$$If\0\0\0\0\0!v\0h#v\0.#v&#v#v*#v#v	#v:V\0l\0\nt\0\00\0\0\0\0\0\0\0\0\0\0\0\0\0\0\0\0\0\0\0\0\0\0\0\0\0\0\0\0\0\0\0\0\0\0,\05\0.5&55*55	5/\0\0\0\0\0\0BytsF\0$$If\0\0\0\0\0!v\0h#v\0.#v&#v#v*#v#v	#v:V\0l\0	\0\0\0\0\0\0\0\nt\0\0F\0\0\0\0\0\0\0\0\0\0\0\0\0\0\0\0\0\0\0\0\0\0\0\0\0\0\0\0\0\0\0\0\0\0\0\0\0\0\0\0\0\00\0\0\0\0\0\0\0\0\0\0\0\0\0\0\0\0\0\0\0\0\0\0\0\0\0\0\0\0\0\0\0\0\0\0,\05\0.5&55*55	5/\0\0\0\0\0\0BpF\0\0\0\0\0\0\0\0\0\0\0\0\0\0\0\0\0\0\0\0\0\0\0\0\0\0\0\0\0\0\0\0\0\0\0\0\0\0\0\0\0\0ytsF\0\\kdK\0\0$$If\0\0\0l\0\0\0\0\0\0\0\0\0\0\0\0\0\0l\"&*.\0\0\0\0\0\0\0\0F&\0\0\0\0\0\0\0\0\0\0\0\0\0\0\0\0*\0\0\0\0\0\0\0\0\0\0\0\0\0\0\0\0	\0\0\0\0\0\0\0\0\0\0\0\0\0\0\0\0	\0\0\0\0\0\0\0\nt\0\0F\0\0\0\0\0\0\0\0\0\0\0\0\0\0\0\0\0\0\0\0\0\0\0\0\0\0\0\0\0\0\0\0\0\0\0\0\0\0\0\0\0\00\0\0\0\0\0\0\0\0\0\0\0\0\0\0\0\0\0\0\0\0\0\0\0\0\0\0\0\0\0\0\0\0\0\0\0\0\Z\0\0\0\0\0\0\0\0\0\0\0\0\0\0\0\0\0\0\0\0\0\0\0\0\0\0\0\0\0\0\0\0\0\0\0\0\0\0\0\0\0\0\0\0\0\0\0\0\0\0\0\0\0\0\0\0\0\0\0\0\0\0\0\0\0\0\0\0\0\0\0\0\0\0\0\0\0\0\0\0\0\0\0\04\0\0\04\0\nl\0Ba\0\0pF\0\0\0\0\0\0\0\0\0\0\0\0\0\0\0\0\0\0\0\0\0\0\0\0\0\0\0\0\0\0\0\0\0\0\0\0\0\0\0\0\0\0ytsF\0\0$$If\0\0\0\0\0!v\0h#v\0.#v&#v#v*#v#v	#v:V\0l\0\nt\0\00\0\0\0\0\0\0\0\0\0\0\0\0\0\0\0\0\0\0\0\0\0\0\0\0\0\0\0\0\0\0\0\0\0\0,\05\0.5&55*55	5/\0\0\0\0\0\0BytsF\0$$If\0\0\0\0\0!v\0h#v\0.#v&#v#v*#v#v	#v:V\0l\0	\0\0\0\0\0\0\0\nt\0\0F\0\0\0\0\0\0\0\0\0\0\0\0\0\0\0\0\0\0\0\0\0\0\0\0\0\0\0\0\0\0\0\0\0\0\0\0\0\0\0\0\0\00\0\0\0\0\0\0\0\0\0\0\0\0\0\0\0\0\0\0\0\0\0\0\0\0\0\0\0\0\0\0\0\0\0\0,\05\0.5&55*55	5/\0\0\0\0\0\0BpF\0\0\0\0\0\0\0\0\0\0\0\0\0\0\0\0\0\0\0\0\0\0\0\0\0\0\0\0\0\0\0\0\0\0\0\0\0\0\0\0\0\0ytsF\0\\kd\0\0$$If\0\0\0l\0\0\0\0\0\0\0\0\0\0\0\0\0\0l\"&*.\0\0\0\0\0\0\0\0F&\0\0\0\0\0\0\0\0\0\0\0\0\0\0\0\0*\0\0\0\0\0\0\0\0\0\0\0\0\0\0\0\0	\0\0\0\0\0\0\0\0\0\0\0\0\0\0\0\0	\0\0\0\0\0\0\0\nt\0\0F\0\0\0\0\0\0\0\0\0\0\0\0\0\0\0\0\0\0\0\0\0\0\0\0\0\0\0\0\0\0\0\0\0\0\0\0\0\0\0\0\0\00\0\0\0\0\0\0\0\0\0\0\0\0\0\0\0\0\0\0\0\0\0\0\0\0\0\0\0\0\0\0\0\0\0\0\0\0\Z\0\0\0\0\0\0\0\0\0\0\0\0\0\0\0\0\0\0\0\0\0\0\0\0\0\0\0\0\0\0\0\0\0\0\0\0\0\0\0\0\0\0\0\0\0\0\0\0\0\0\0\0\0\0\0\0\0\0\0\0\0\0\0\0\0\0\0\0\0\0\0\0\0\0\0\0\0\0\0\0\0\0\0\04\0\0\04\0\nl\0Ba\0\0pF\0\0\0\0\0\0\0\0\0\0\0\0\0\0\0\0\0\0\0\0\0\0\0\0\0\0\0\0\0\0\0\0\0\0\0\0\0\0\0\0\0\0ytsF\0\0$$If\0\0\0\0\0!v\0h#v\0.#v&#v#v*#v#v	#v:V\0l\0\nt\0\00\0\0\0\0\0\0\0\0\0\0\0\0\0\0\0\0\0\0\0\0\0\0\0\0\0\0\0\0\0\0\0\0\0\0,\05\0.5&55*55	5/\0\0\0\0\0\0BytsF\0$$If\0\0\0\0\0!v\0h#v\0.#v&#v#v*#v#v	#v:V\0l\0	\0\0\0\0\0\0\0\nt\0\0F\0\0\0\0\0\0\0\0\0\0\0\0\0\0\0\0\0\0\0\0\0\0\0\0\0\0\0\0\0\0\0\0\0\0\0\0\0\0\0\0\0\00\0\0\0\0\0\0\0\0\0\0\0\0\0\0\0\0\0\0\0\0\0\0\0\0\0\0\0\0\0\0\0\0\0\0,\05\0.5&55*55	5/\0\0\0\0\0\0pF\0\0\0\0\0\0\0\0\0\0\0\0\0\0\0\0\0\0\0\0\0\0\0\0\0\0\0\0\0\0\0\0\0\0\0\0\0\0\0\0\0\0ytz=\0Vkd\0\0$$If\0\0\0l\0\0\0\0\0\0\0\0\0\0\0\0\0\0l\"&*.\0\0\0\0\0\0\0\0&\0\0\0\0\0\0\0\0\0\0\0\0\0\0\0\0*\0\0\0\0\0\0\0\0\0\0\0\0\0\0\0\0	\0\0\0\0\0\0\0\0\0\0\0\0\0\0\0\0	\0\0\0\0\0\0\0\nt\0\0F\0\0\0\0\0\0\0\0\0\0\0\0\0\0\0\0\0\0\0\0\0\0\0\0\0\0\0\0\0\0\0\0\0\0\0\0\0\0\0\0\0\00\0\0\0\0\0\0\0\0\0\0\0\0\0\0\0\0\0\0\0\0\0\0\0\0\0\0\0\0\0\0\0\0\0\0\0\0\Z\0\0\0\0\0\0\0\0\0\0\0\0\0\0\0\0\0\0\0\0\0\0\0\0\0\0\0\0\0\0\0\0\0\0\0\0\0\0\0\0\0\0\0\0\0\0\0\0\0\0\0\0\0\0\0\0\0\0\0\0\0\0\0\0\0\0\0\0\0\0\0\0\0\0\0\0\0\0\0\0\0\0\0\04\0\0\04\0\nl\0a\0\0pF\0\0\0\0\0\0\0\0\0\0\0\0\0\0\0\0\0\0\0\0\0\0\0\0\0\0\0\0\0\0\0\0\0\0\0\0\0\0\0\0\0\0ytz=\0@$$If\0\0\0\0\0!v\0h#v\0*#v#v#vX#vv:V\0l\0	\0\0\0\0\0\0\nt\0\0<\0\0\0\0\0\0\0\0\0\0\0\0\0\0\0\0\0\0\0\0\0\0\0\0\0\0\0\0\0\0\0\0\0\0\0\00\0\0\0\0\0\0\0\0\0\0\0\0\0\0\0\0\0\0\0\0\0\0\0\0\0\0\0\0\0\0\0\0\0\0,\05\0*555X5vp<\0\0\0\0\0\0\0\0\0\0\0\0\0\0\0\0\0\0\0\0\0\0\0\0\0\0\0\0\0\0\0\0\0\0\0\0ytQ\0\Zkd\0\0$$If\0\0\0l\0\0\0\0\0\0\0\0\0\0\0\0\0\0P\"&&**\0\0\0\0\0\0\0\0\0\0\0\0\0\0\0\0\0\0\0\0\0\0\0\0\0\0\0\0\0\0\0\0\0\0\0\0\0\0\0\0\0\0\0\0\0\0\0\0\0\0\0\0\0\0\0\0\0\0\0\0\0\0\0\0X\0\0\0\0\0\0\0\0\0\0\0\0\0\0\0\0v\0\0\0\0\0\0\0\0\0\0\0\0\0\0\0\0	\0\0\0\0\0\0\nt\0\0<\0\0\0\0\0\0\0\0\0\0\0\0\0\0\0\0\0\0\0\0\0\0\0\0\0\0\0\0\0\0\0\0\0\0\0\00\0\0\0\0\0\0\0\0\0\0\0\0\0\0\0\0\0\0\0\0\0\0\0\0\0\0\0\0\0\0\0\0\0\0\0\0\Z\0\0\0\0\0\0\0\0\0\0\0\0\0\0\0\0\0\0\0\0\0\0\0\0\0\0\0\0\0\0\0\0\0\0\0\0\0\0\0\0\0\0\0\0\0\0\0\0\0\0\0\0\0\0\0\0\0\0\0\0\0\0\0\0\0\0\0\0\0\0\0\04\0\0\04\0\nl\0a\0\0p<\0\0\0\0\0\0\0\0\0\0\0\0\0\0\0\0\0\0\0\0\0\0\0\0\0\0\0\0\0\0\0\0\0\0\0\0ytQ\0\0$$If\0\0\0\0\0!v\0h#v\0.#v#v#v#vX#vv:V\0l\0\nt\0\00\0\0\0\0\0\0\0\0\0\0\0\0\0\0\0\0\0\0\0\0\0\0\0\0\0\0\0\0\0\0\0\0\0\0,\05\0.5555X5vytQ\0d$$If\0\0\0\0\0!v\0h#v\0.#v#v#v#vX#vv:V\0l\0	\0\0\0\0\0\0\0\nt\0\0F\0\0\0\0\0\0\0\0\0\0\0\0\0\0\0\0\0\0\0\0\0\0\0\0\0\0\0\0\0\0\0\0\0\0\0\0\0\0\0\0\0\00\0\0\0\0\0\0\0\0\0\0\0\0\0\0\0\0\0\0\0\0\0\0\0\0\0\0\0\0\0\0\0\0\0\0,\05\0.5555X5vpF\0\0\0\0\0\0\0\0\0\0\0\0\0\0\0\0\0\0\0\0\0\0\0\0\0\0\0\0\0\0\0\0\0\0\0\0\0\0\0\0\0\0ytQ\0Vkd\0\0$$If\0\0\0l\0\0\0\0\0\0\0\0\0\0\0\0\0\0P\"&&*.\0\0\0\0\0\0\0\0\0\0\0\0\0\0\0\0\0\0\0\0\0\0\0\0\0\0\0\0\0\0\0\0\0\0\0\0\0\0\0\0\0\0\0\0\0\0\0\0\0\0\0\0\0\0\0\0\0\0\0\0\0\0\0\0\0\0\0\0\0\0\0\0\0\0\0\0\0\0\0\0X\0\0\0\0\0\0\0\0\0\0\0\0\0\0\0\0v\0\0\0\0\0\0\0\0\0\0\0\0\0\0\0\0	\0\0\0\0\0\0\0\nt\0\0F\0\0\0\0\0\0\0\0\0\0\0\0\0\0\0\0\0\0\0\0\0\0\0\0\0\0\0\0\0\0\0\0\0\0\0\0\0\0\0\0\0\00\0\0\0\0\0\0\0\0\0\0\0\0\0\0\0\0\0\0\0\0\0\0\0\0\0\0\0\0\0\0\0\0\0\0\0\0\Z\0\0\0\0\0\0\0\0\0\0\0\0\0\0\0\0\0\0\0\0\0\0\0\0\0\0\0\0\0\0\0\0\0\0\0\0\0\0\0\0\0\0\0\0\0\0\0\0\0\0\0\0\0\0\0\0\0\0\0\0\0\0\0\0\0\0\0\0\0\0\0\0\0\0\0\0\0\0\0\0\0\0\0\04\0\0\04\0\nl\0a\0\0pF\0\0\0\0\0\0\0\0\0\0\0\0\0\0\0\0\0\0\0\0\0\0\0\0\0\0\0\0\0\0\0\0\0\0\0\0\0\0\0\0\0\0ytQ\0\0$$If\0\0\0\0\0!v\0h#v\0.#v#v#v#vX#vv:V\0l\0F\0\nt\0\00\0\0\0\0\0\0\0\0\0\0\0\0\0\0\0\0\0\0\0\0\0\0\0\0\0\0\0\0\0\0\0\0\0\0,\05\0.5555X5vytQ\0d$$If\0\0\0\0\0!v\0h#v\0.#v#v#v#vX#vv:V\0l\0	\0\0\0\0\0\0\0\nt\0\0F\0\0\0\0\0\0\0\0\0\0\0\0\0\0\0\0\0\0\0\0\0\0\0\0\0\0\0\0\0\0\0\0\0\0\0\0\0\0\0\0\0\00\0\0\0\0\0\0\0\0\0\0\0\0\0\0\0\0\0\0\0\0\0\0\0\0\0\0\0\0\0\0\0\0\0\0,\05\0.5555X5vpF\0\0\0\0\0\0\0\0\0\0\0\0\0\0\0\0\0\0\0\0\0\0\0\0\0\0\0\0\0\0\0\0\0\0\0\0\0\0\0\0\0\0ytQ\0Vkda$\0\0$$If\0\0\0l\0\0\0\0\0\0\0\0\0\0\0\0\0\0P\"&&*.\0\0\0\0\0\0\0\0\0\0\0\0\0\0\0\0\0\0\0\0\0\0\0\0\0\0\0\0\0\0\0\0\0\0\0\0\0\0\0\0\0\0\0\0\0\0\0\0\0\0\0\0\0\0\0\0\0\0\0\0\0\0\0\0\0\0\0\0\0\0\0\0\0\0\0\0\0\0\0\0X\0\0\0\0\0\0\0\0\0\0\0\0\0\0\0\0v\0\0\0\0\0\0\0\0\0\0\0\0\0\0\0\0	\0\0\0\0\0\0\0\nt\0\0F\0\0\0\0\0\0\0\0\0\0\0\0\0\0\0\0\0\0\0\0\0\0\0\0\0\0\0\0\0\0\0\0\0\0\0\0\0\0\0\0\0\00\0\0\0\0\0\0\0\0\0\0\0\0\0\0\0\0\0\0\0\0\0\0\0\0\0\0\0\0\0\0\0\0\0\0\0\0\Z\0\0\0\0\0\0\0\0\0\0\0\0\0\0\0\0\0\0\0\0\0\0\0\0\0\0\0\0\0\0\0\0\0\0\0\0\0\0\0\0\0\0\0\0\0\0\0\0\0\0\0\0\0\0\0\0\0\0\0\0\0\0\0\0\0\0\0\0\0\0\0\0\0\0\0\0\0\0\0\0\0\0\0\04\0\0\04\0\nl\0a\0\0pF\0\0\0\0\0\0\0\0\0\0\0\0\0\0\0\0\0\0\0\0\0\0\0\0\0\0\0\0\0\0\0\0\0\0\0\0\0\0\0\0\0\0ytQ\0\0$$If\0\0\0\0\0!v\0h#v\0+:V\0l\0\nt\0\00\0\0\0\0\0\0\0\0\0\0\0\0\0\0\0\0\0\0\0\0\0\0\0\0\0\0\0\0\0\0\0\065\0+p\n\0\0\0\0\0\0\0\0ytQ\0\0$$If\0\0\0!v\0h#v\0#v#v:V\0l\0\nt\0\00\0\0\0\0\0\0\0\0\0\0\0\0\0\0\0\0\0\0\0\0\0\0\0\0\0\0\0\0\0\0\0\06\0\05\055ap\0\0\0\0\0\0\0\0\0\0\0\0\0\0\0\0\0\0\0\0\0\0\0\0ytI9\0T\0`$$If\0\0\0\0\0!v\0h#v\0#v#v#v8#v#v:V\0l\0	\0\0\0\0\0\0\nt\0\0\r6 \0\0<\0\0\0\0\0\0\0\0\0\0\0\0\0\0\0\0\0\0\0\0\0\0\0\0\0\0\0\0\0\0\0\0\0\0\0\00\0\0\0\0\0\0\0\0\0\0\0\0\0\0\0\0\0\0\0\0\0\0\0\0\0\0\0\0\0\0\0\06\0\0\0,\05\0555855p<\0\0\0\0\0\0\0\0\0\0\0\0\0\0\0\0\0\0\0\0\0\0\0\0\0\0\0\0\0\0\0\0\0\0\0\0yt\0,kda)\0\0$$If\0\0\0l\0\0\0\0\0\0\0\0\0\0\0\0\0\0l(#\'*\0\0\0\0\0\0\0\0\0\0\0\0\0\0\0\0\0\0\0\0\0\0\0\0\0\0\0\0\0\0\0\0\0\0\0\0\0\0\0\0\0\0\0\0\0\0\0\08\0\0\0\0\0\0\0\0\0\0\0\0\0\0\0\0\0\0\0\0\0\0\0\0\0\0\0\0\0\0\0\0\0\0\0\0\0\0\0\0\0\0\0\0\0\0\0\0	\0\0\0\0\0\0\nt\0\0\r6 \0\0<\0\0\0\0\0\0\0\0\0\0\0\0\0\0\0\0\0\0\0\0\0\0\0\0\0\0\0\0\0\0\0\0\0\0\0\00\0\0\0\0\0\0\0\0\0\0\0\0\0\0\0\0\0\0\0\0\0\0\0\0\0\0\0\0\0\0\0\06\0\0\0\0\Z\0\0\0\0\0\0\0\0\0\0\0\0\0\0\0\0\0\0\0\0\0\0\0\0\0\0\0\0\0\0\0\0\0\0\0\0\0\0\0\0\0\0\0\0\0\0\0\0\0\0\0\0\0\0\0\0\0\0\0\0\0\0\0\0\0\0\0\0\0\0\0\0\04\0\0\04\0\nl\0a\0\0p<\0\0\0\0\0\0\0\0\0\0\0\0\0\0\0\0\0\0\0\0\0\0\0\0\0\0\0\0\0\0\0\0\0\0\0\0yt\0\0$$If\0\0\0\0\0!v\0h#v\0#v#v#v#v8#v#v:V\0l\0\nt\0\0\r6 \0\00\0\0\0\0\0\0\0\0\0\0\0\0\0\0\0\0\0\0\0\0\0\0\0\0\0\0\0\0\0\0\0\06\0\0\0,\05\05555855yt\0$$If\0\0\0\0\0!v\0h#v\0#v#v#v#v8#v#v:V\0l\0	\0\0\0\0\0\0\0\nt\0\0\r6 \0\0F\0\0\0\0\0\0\0\0\0\0\0\0\0\0\0\0\0\0\0\0\0\0\0\0\0\0\0\0\0\0\0\0\0\0\0\0\0\0\0\0\0\00\0\0\0\0\0\0\0\0\0\0\0\0\0\0\0\0\0\0\0\0\0\0\0\0\0\0\0\0\0\0\0\06\0\0\0,\05\05555855pF\0\0\0\0\0\0\0\0\0\0\0\0\0\0\0\0\0\0\0\0\0\0\0\0\0\0\0\0\0\0\0\0\0\0\0\0\0\0\0\0\0\0yt\0hkd-\0\0$$If\0\0\0l\0\0\0\0\0\0\0\0\0\0\0\0\0\0l(#\'*\0\0\0\0\0\0\0\0\0\0\0\0\0\0\0\0\0\0\0\0\0\0\0\0\0\0\0\0\0\0\0\0\0\0\0\0\0\0\0\0\0\0\0\0\0\0\0\0\0\0\0\0\0\0\0\0\0\0\0\0\0\0\0\08\0\0\0\0\0\0\0\0\0\0\0\0\0\0\0\0\0\0\0\0\0\0\0\0\0\0\0\0\0\0\0\0\0\0\0\0\0\0\0\0\0\0\0\0\0\0\0\0	\0\0\0\0\0\0\0\nt\0\0\r6 \0\0F\0\0\0\0\0\0\0\0\0\0\0\0\0\0\0\0\0\0\0\0\0\0\0\0\0\0\0\0\0\0\0\0\0\0\0\0\0\0\0\0\0\00\0\0\0\0\0\0\0\0\0\0\0\0\0\0\0\0\0\0\0\0\0\0\0\0\0\0\0\0\0\0\0\06\0\0\0\0\Z\0\0\0\0\0\0\0\0\0\0\0\0\0\0\0\0\0\0\0\0\0\0\0\0\0\0\0\0\0\0\0\0\0\0\0\0\0\0\0\0\0\0\0\0\0\0\0\0\0\0\0\0\0\0\0\0\0\0\0\0\0\0\0\0\0\0\0\0\0\0\0\0\0\0\0\0\0\0\0\0\0\0\0\0\04\0\0\04\0\nl\0a\0\0pF\0\0\0\0\0\0\0\0\0\0\0\0\0\0\0\0\0\0\0\0\0\0\0\0\0\0\0\0\0\0\0\0\0\0\0\0\0\0\0\0\0\0yt\0\0$$If\0\0\0\0\0!v\0h#v\0#v#v#v#v8#v#v:V\0l\0\nt\0\0\r6 \0\00\0\0\0\0\0\0\0\0\0\0\0\0\0\0\0\0\0\0\0\0\0\0\0\0\0\0\0\0\0\0\0\06\0\0\0,\05\05555855yt\0$$If\0\0\0\0\0!v\0h#v\0#v#v#v#v8#v#v:V\0l\0	\0\0\0\0\0\0\0\nt\0\0\r6 \0\0F\0\0\0\0\0\0\0\0\0\0\0\0\0\0\0\0\0\0\0\0\0\0\0\0\0\0\0\0\0\0\0\0\0\0\0\0\0\0\0\0\0\00\0\0\0\0\0\0\0\0\0\0\0\0\0\0\0\0\0\0\0\0\0\0\0\0\0\0\0\0\0\0\0\06\0\0\0,\05\05555855pF\0\0\0\0\0\0\0\0\0\0\0\0\0\0\0\0\0\0\0\0\0\0\0\0\0\0\0\0\0\0\0\0\0\0\0\0\0\0\0\0\0\0yt\0hkd2\0\0$$If\0\0\0l\0\0\0\0\0\0\0\0\0\0\0\0\0\0l(#\'*\0\0\0\0\0\0\0\0\0\0\0\0\0\0\0\0\0\0\0\0\0\0\0\0\0\0\0\0\0\0\0\0\0\0\0\0\0\0\0\0\0\0\0\0\0\0\0\0\0\0\0\0\0\0\0\0\0\0\0\0\0\0\0\08\0\0\0\0\0\0\0\0\0\0\0\0\0\0\0\0\0\0\0\0\0\0\0\0\0\0\0\0\0\0\0\0\0\0\0\0\0\0\0\0\0\0\0\0\0\0\0\0	\0\0\0\0\0\0\0\nt\0\0\r6 \0\0F\0\0\0\0\0\0\0\0\0\0\0\0\0\0\0\0\0\0\0\0\0\0\0\0\0\0\0\0\0\0\0\0\0\0\0\0\0\0\0\0\0\00\0\0\0\0\0\0\0\0\0\0\0\0\0\0\0\0\0\0\0\0\0\0\0\0\0\0\0\0\0\0\0\06\0\0\0\0\Z\0\0\0\0\0\0\0\0\0\0\0\0\0\0\0\0\0\0\0\0\0\0\0\0\0\0\0\0\0\0\0\0\0\0\0\0\0\0\0\0\0\0\0\0\0\0\0\0\0\0\0\0\0\0\0\0\0\0\0\0\0\0\0\0\0\0\0\0\0\0\0\0\0\0\0\0\0\0\0\0\0\0\0\0\04\0\0\04\0\nl\0a\0\0pF\0\0\0\0\0\0\0\0\0\0\0\0\0\0\0\0\0\0\0\0\0\0\0\0\0\0\0\0\0\0\0\0\0\0\0\0\0\0\0\0\0\0yt\0\0$$If\0\0\0\0\0!v\0h#v\0#v#v#v#v8#v#v:V\0l\0\nt\0\0\r6 \0\00\0\0\0\0\0\0\0\0\0\0\0\0\0\0\0\0\0\0\0\0\0\0\0\0\0\0\0\0\0\0\0\06\0\0\0,\05\05555855yt\0$$If\0\0\0\0\0!v\0h#v\0#v#v#v#v8#v#v:V\0l\0	\0\0\0\0\0\0\0\nt\0\0\r6 \0\0F\0\0\0\0\0\0\0\0\0\0\0\0\0\0\0\0\0\0\0\0\0\0\0\0\0\0\0\0\0\0\0\0\0\0\0\0\0\0\0\0\0\00\0\0\0\0\0\0\0\0\0\0\0\0\0\0\0\0\0\0\0\0\0\0\0\0\0\0\0\0\0\0\0\06\0\0\0,\05\05555855pF\0\0\0\0\0\0\0\0\0\0\0\0\0\0\0\0\0\0\0\0\0\0\0\0\0\0\0\0\0\0\0\0\0\0\0\0\0\0\0\0\0\0yt\0hkdz7\0\0$$If\0\0\0l\0\0\0\0\0\0\0\0\0\0\0\0\0\0l(#\'*\0\0\0\0\0\0\0\0\0\0\0\0\0\0\0\0\0\0\0\0\0\0\0\0\0\0\0\0\0\0\0\0\0\0\0\0\0\0\0\0\0\0\0\0\0\0\0\0\0\0\0\0\0\0\0\0\0\0\0\0\0\0\0\08\0\0\0\0\0\0\0\0\0\0\0\0\0\0\0\0\0\0\0\0\0\0\0\0\0\0\0\0\0\0\0\0\0\0\0\0\0\0\0\0\0\0\0\0\0\0\0\0	\0\0\0\0\0\0\0\nt\0\0\r6 \0\0F\0\0\0\0\0\0\0\0\0\0\0\0\0\0\0\0\0\0\0\0\0\0\0\0\0\0\0\0\0\0\0\0\0\0\0\0\0\0\0\0\0\00\0\0\0\0\0\0\0\0\0\0\0\0\0\0\0\0\0\0\0\0\0\0\0\0\0\0\0\0\0\0\0\06\0\0\0\0\Z\0\0\0\0\0\0\0\0\0\0\0\0\0\0\0\0\0\0\0\0\0\0\0\0\0\0\0\0\0\0\0\0\0\0\0\0\0\0\0\0\0\0\0\0\0\0\0\0\0\0\0\0\0\0\0\0\0\0\0\0\0\0\0\0\0\0\0\0\0\0\0\0\0\0\0\0\0\0\0\0\0\0\0\0\04\0\0\04\0\nl\0a\0\0pF\0\0\0\0\0\0\0\0\0\0\0\0\0\0\0\0\0\0\0\0\0\0\0\0\0\0\0\0\0\0\0\0\0\0\0\0\0\0\0\0\0\0yt\0\0$$If\0\0\0\0\0!v\0h#v\0#v#v#v#v8#v#v:V\0l\0\nt\0\0\r6 \0\00\0\0\0\0\0\0\0\0\0\0\0\0\0\0\0\0\0\0\0\0\0\0\0\0\0\0\0\0\0\0\0\06\0\0\0,\05\05555855yt\0$$If\0\0\0\0\0!v\0h#v\0#v#v#v#v8#v#v:V\0l\0	\0\0\0\0\0\0\0\nt\0\0\r6 \0\0F\0\0\0\0\0\0\0\0\0\0\0\0\0\0\0\0\0\0\0\0\0\0\0\0\0\0\0\0\0\0\0\0\0\0\0\0\0\0\0\0\0\00\0\0\0\0\0\0\0\0\0\0\0\0\0\0\0\0\0\0\0\0\0\0\0\0\0\0\0\0\0\0\0\06\0\0\0,\05\05555855pF\0\0\0\0\0\0\0\0\0\0\0\0\0\0\0\0\0\0\0\0\0\0\0\0\0\0\0\0\0\0\0\0\0\0\0\0\0\0\0\0\0\0yt\0hkdM<\0\0$$If\0\0\0l\0\0\0\0\0\0\0\0\0\0\0\0\0\0l(#\'*\0\0\0\0\0\0\0\0\0\0\0\0\0\0\0\0\0\0\0\0\0\0\0\0\0\0\0\0\0\0\0\0\0\0\0\0\0\0\0\0\0\0\0\0\0\0\0\0\0\0\0\0\0\0\0\0\0\0\0\0\0\0\0\08\0\0\0\0\0\0\0\0\0\0\0\0\0\0\0\0\0\0\0\0\0\0\0\0\0\0\0\0\0\0\0\0\0\0\0\0\0\0\0\0\0\0\0\0\0\0\0\0	\0\0\0\0\0\0\0\nt\0\0\r6 \0\0F\0\0\0\0\0\0\0\0\0\0\0\0\0\0\0\0\0\0\0\0\0\0\0\0\0\0\0\0\0\0\0\0\0\0\0\0\0\0\0\0\0\00\0\0\0\0\0\0\0\0\0\0\0\0\0\0\0\0\0\0\0\0\0\0\0\0\0\0\0\0\0\0\0\06\0\0\0\0\Z\0\0\0\0\0\0\0\0\0\0\0\0\0\0\0\0\0\0\0\0\0\0\0\0\0\0\0\0\0\0\0\0\0\0\0\0\0\0\0\0\0\0\0\0\0\0\0\0\0\0\0\0\0\0\0\0\0\0\0\0\0\0\0\0\0\0\0\0\0\0\0\0\0\0\0\0\0\0\0\0\0\0\0\0\04\0\0\04\0\nl\0a\0\0pF\0\0\0\0\0\0\0\0\0\0\0\0\0\0\0\0\0\0\0\0\0\0\0\0\0\0\0\0\0\0\0\0\0\0\0\0\0\0\0\0\0\0yt\0\0$$If\0\0\0\0\0!v\0h#v\0#v#v#v#v8#v#v:V\0l\0\nt\0\0\r6 \0\00\0\0\0\0\0\0\0\0\0\0\0\0\0\0\0\0\0\0\0\0\0\0\0\0\0\0\0\0\0\0\0\06\0\0\0,\05\05555855yt\0$$If\0\0\0\0\0!v\0h#v\0#v#v#v#v8#v#v:V\0l\0	\0\0\0\0\0\0\0\nt\0\0\r6 \0\0F\0\0\0\0\0\0\0\0\0\0\0\0\0\0\0\0\0\0\0\0\0\0\0\0\0\0\0\0\0\0\0\0\0\0\0\0\0\0\0\0\0\00\0\0\0\0\0\0\0\0\0\0\0\0\0\0\0\0\0\0\0\0\0\0\0\0\0\0\0\0\0\0\0\06\0\0\0,\05\05555855pF\0\0\0\0\0\0\0\0\0\0\0\0\0\0\0\0\0\0\0\0\0\0\0\0\0\0\0\0\0\0\0\0\0\0\0\0\0\0\0\0\0\0yt\0hkd A\0\0$$If\0\0\0l\0\0\0\0\0\0\0\0\0\0\0\0\0\0l(#\'*\0\0\0\0\0\0\0\0\0\0\0\0\0\0\0\0\0\0\0\0\0\0\0\0\0\0\0\0\0\0\0\0\0\0\0\0\0\0\0\0\0\0\0\0\0\0\0\0\0\0\0\0\0\0\0\0\0\0\0\0\0\0\0\08\0\0\0\0\0\0\0\0\0\0\0\0\0\0\0\0\0\0\0\0\0\0\0\0\0\0\0\0\0\0\0\0\0\0\0\0\0\0\0\0\0\0\0\0\0\0\0\0	\0\0\0\0\0\0\0\nt\0\0\r6 \0\0F\0\0\0\0\0\0\0\0\0\0\0\0\0\0\0\0\0\0\0\0\0\0\0\0\0\0\0\0\0\0\0\0\0\0\0\0\0\0\0\0\0\00\0\0\0\0\0\0\0\0\0\0\0\0\0\0\0\0\0\0\0\0\0\0\0\0\0\0\0\0\0\0\0\06\0\0\0\0\Z\0\0\0\0\0\0\0\0\0\0\0\0\0\0\0\0\0\0\0\0\0\0\0\0\0\0\0\0\0\0\0\0\0\0\0\0\0\0\0\0\0\0\0\0\0\0\0\0\0\0\0\0\0\0\0\0\0\0\0\0\0\0\0\0\0\0\0\0\0\0\0\0\0\0\0\0\0\0\0\0\0\0\0\0\04\0\0\04\0\nl\0a\0\0pF\0\0\0\0\0\0\0\0\0\0\0\0\0\0\0\0\0\0\0\0\0\0\0\0\0\0\0\0\0\0\0\0\0\0\0\0\0\0\0\0\0\0yt\0:$$If\0\0\0\0\0!v\0h#v\0#v#v#vJ:V\0l\0	\0\0\0\0\0\0\nt\0\0<\0\0\0\0\0\0\0\0\0\0\0\0\0\0\0\0\0\0\0\0\0\0\0\0\0\0\0\0\0\0\0\0\0\0\0\00\0\0\0\0\0\0\0\0\0\0\0\0\0\0\0\0\0\0\0\0\0\0\0\0\0\0\0\0\0\0\0\0\0\0,\05\0555Jp<\0\0\0\0\0\0\0\0\0\0\0\0\0\0\0\0\0\0\0\0\0\0\0\0\0\0\0\0\0\0\0\0\0\0\0\0yt\0T\0&kdE\0\0$$If\0\0\0\0T\0l\0\0\0\0\0\0\0\0\0\0\0\0\0\0<\"R&*\0\0\0\0\0\0\0\0\0\0\0\0\0\0\0\0\0\0\0\0\0\0\0\0\0\0\0\0\0\0\0\0\0\0\0\0\0\0\0\0\0\0\0\0\0\0\0\0\0\0\0\0\0\0\0\0\0\0\0\0\0\0\0\0\0\0\0\0\0\0\0\0\0\0\0\0\0\0\0\0J\0\0\0\0\0\0\0\0\0\0\0\0\0\0\0\0	\0\0\0\0\0\0\nt\0\0<\0\0\0\0\0\0\0\0\0\0\0\0\0\0\0\0\0\0\0\0\0\0\0\0\0\0\0\0\0\0\0\0\0\0\0\00\0\0\0\0\0\0\0\0\0\0\0\0\0\0\0\0\0\0\0\0\0\0\0\0\0\0\0\0\0\0\0\0\0\0\0\0\Z\0\0\0\0\0\0\0\0\0\0\0\0\0\0\0\0\0\0\0\0\0\0\0\0\0\0\0\0\0\0\0\0\0\0\0\0\0\0\0\0\0\0\0\0\0\0\0\0\0\0\0\0\0\0\0\0\0\0\0\0\0\0\0\0\0\0\0\0\0\0\0\04\0\0\04\0\nl\0a\0\0p<\0\0\0\0\0\0\0\0\0\0\0\0\0\0\0\0\0\0\0\0\0\0\0\0\0\0\0\0\0\0\0\0\0\0\0\0yt\0T\0\0$$If\0\0\0\0\0!v\0h#v\0#v#v#v#vJ:V\0l\0\nt\0\00\0\0\0\0\0\0\0\0\0\0\0\0\0\0\0\0\0\0\0\0\0\0\0\0\0\0\0\0\0\0\0\0\0\0,\05\05555Jyt\0T\0Z$$If\0\0\0\0\0!v\0h#v\0#v#v#v#vJ:V\0l\0	\0\0\0\0\0\0\0\nt\0\0F\0\0\0\0\0\0\0\0\0\0\0\0\0\0\0\0\0\0\0\0\0\0\0\0\0\0\0\0\0\0\0\0\0\0\0\0\0\0\0\0\0\00\0\0\0\0\0\0\0\0\0\0\0\0\0\0\0\0\0\0\0\0\0\0\0\0\0\0\0\0\0\0\0\0\0\0,\05\05555JpF\0\0\0\0\0\0\0\0\0\0\0\0\0\0\0\0\0\0\0\0\0\0\0\0\0\0\0\0\0\0\0\0\0\0\0\0\0\0\0\0\0\0yt\0T\0^kd-I\0\0$$If\0\0\0\0T\0l\0\0\0\0\0\0\0\0\0\0\0\0\0\0h<\"R&*\0\0\0\0\0\0\0\0\0\0\0\0\0\0\0\0\0\0\0\0\0\0\0\0\0\0\0\0\0\0\0\0\0\0\0\0\0\0\0\0\0\0\0\0\0\0\0\0\0\0\0\0\0\0\0\0\0\0\0\0\0\0\0\0\0\0\0\0\0\0\0\0\0\0\0\0\0\0\0\0\0\0\0\0\0\0\0\0\0\0\0\0\0\0\0\0J\0\0\0\0\0\0\0\0\0\0\0\0\0\0\0\0	\0\0\0\0\0\0\0\nt\0\0F\0\0\0\0\0\0\0\0\0\0\0\0\0\0\0\0\0\0\0\0\0\0\0\0\0\0\0\0\0\0\0\0\0\0\0\0\0\0\0\0\0\00\0\0\0\0\0\0\0\0\0\0\0\0\0\0\0\0\0\0\0\0\0\0\0\0\0\0\0\0\0\0\0\0\0\0\0\0\Z\0\0\0\0\0\0\0\0\0\0\0\0\0\0\0\0\0\0\0\0\0\0\0\0\0\0\0\0\0\0\0\0\0\0\0\0\0\0\0\0\0\0\0\0\0\0\0\0\0\0\0\0\0\0\0\0\0\0\0\0\0\0\0\0\0\0\0\0\0\0\0\0\0\0\0\0\0\0\0\0\0\0\0\04\0\0\04\0\nl\0a\0\0pF\0\0\0\0\0\0\0\0\0\0\0\0\0\0\0\0\0\0\0\0\0\0\0\0\0\0\0\0\0\0\0\0\0\0\0\0\0\0\0\0\0\0yt\0T\0\0$$If\0\0\0\0\0!v\0h#v\0#v#v#v#vJ:V\0l\0\nt\0\00\0\0\0\0\0\0\0\0\0\0\0\0\0\0\0\0\0\0\0\0\0\0\0\0\0\0\0\0\0\0\0\0\0\0,\05\05555Jyt\0T\0Z$$If\0\0\0\0\0!v\0h#v\0#v#v#v#vJ:V\0l\0	\0\0\0\0\0\0\0\nt\0\0F\0\0\0\0\0\0\0\0\0\0\0\0\0\0\0\0\0\0\0\0\0\0\0\0\0\0\0\0\0\0\0\0\0\0\0\0\0\0\0\0\0\00\0\0\0\0\0\0\0\0\0\0\0\0\0\0\0\0\0\0\0\0\0\0\0\0\0\0\0\0\0\0\0\0\0\0,\05\05555JpF\0\0\0\0\0\0\0\0\0\0\0\0\0\0\0\0\0\0\0\0\0\0\0\0\0\0\0\0\0\0\0\0\0\0\0\0\0\0\0\0\0\0yt\0T\0^kdM\0\0$$If\0\0\0\0T\0l\0\0\0\0\0\0\0\0\0\0\0\0\0\0h<\"R&*\0\0\0\0\0\0\0\0\0\0\0\0\0\0\0\0\0\0\0\0\0\0\0\0\0\0\0\0\0\0\0\0\0\0\0\0\0\0\0\0\0\0\0\0\0\0\0\0\0\0\0\0\0\0\0\0\0\0\0\0\0\0\0\0\0\0\0\0\0\0\0\0\0\0\0\0\0\0\0\0\0\0\0\0\0\0\0\0\0\0\0\0\0\0\0\0J\0\0\0\0\0\0\0\0\0\0\0\0\0\0\0\0	\0\0\0\0\0\0\0\nt\0\0F\0\0\0\0\0\0\0\0\0\0\0\0\0\0\0\0\0\0\0\0\0\0\0\0\0\0\0\0\0\0\0\0\0\0\0\0\0\0\0\0\0\00\0\0\0\0\0\0\0\0\0\0\0\0\0\0\0\0\0\0\0\0\0\0\0\0\0\0\0\0\0\0\0\0\0\0\0\0\Z\0\0\0\0\0\0\0\0\0\0\0\0\0\0\0\0\0\0\0\0\0\0\0\0\0\0\0\0\0\0\0\0\0\0\0\0\0\0\0\0\0\0\0\0\0\0\0\0\0\0\0\0\0\0\0\0\0\0\0\0\0\0\0\0\0\0\0\0\0\0\0\0\0\0\0\0\0\0\0\0\0\0\0\04\0\0\04\0\nl\0a\0\0pF\0\0\0\0\0\0\0\0\0\0\0\0\0\0\0\0\0\0\0\0\0\0\0\0\0\0\0\0\0\0\0\0\0\0\0\0\0\0\0\0\0\0yt\0T\0\0$$If\0\0\0\0\0!v\0h#v\0+:V\0l\0\nt\0\00\0\0\0\0\0\0\0\0\0\0\0\0\0\0\0\0\0\0\0\0\0\0\0\0\0\0\0\0\0\0\0\065\0+p\n\0\0\0\0\0\0\0\0yt\0\0\0\0\0\0\0\0\0\0\0\0\0\0\0\0\0\0\0\0\0\0\0\0\0\0\0\0\0\0\0\0\0j\0\0\0\0\0\0\0\0\0\0\0\0\0\0\0\0\0\0\0\0\0\0\0\0\0\0\0\0\0\0\0\0\0\0\0\0\0\0\0\0\06\0\06\0\06\0\06\0\06\0\06\0\06\0\06\0\06\0\0v\0\0v\0\0v\0\0v\0\0v\0\0v\0\0v\0\0v\0\0v\0\06\0\06\0\06\0\06\0\06\0\06\0\0>\0\06\0\06\0\06\0\06\0\06\0\06\0\06\0\06\0\06\0\06\0\06\0\06\0\06\0\06\0\06\0\06\0\06\0\06\0\06\0\06\0\06\0\06\0\06\0\06\0\06\0\06\0\06\0\0\0\0\06\0\06\0\0\0\0\06\0\06\0\06\0\06\0\06\0\06\0\06\0\06\0\0\0\0\06\0\06\0\06\0\06\0\06\0\06\0\06\0\06\0\06\0\06\0\06\0\06\0\0h\0\0H\0\06\0\06\0\06\0\06\0\06\0\06\0\06\0\06\0\06\0\06\0\06\0\06\0\06\0\06\0\06\0\06\0\06\0\06\0\06\0\06\0\06\0\06\0\06\0\06\0\06\0\06\0\06\0\06\0\06\0\06\0\06\0\06\0\06\0\06\0\06\0\06\0\06\0\06\0\06\0\06\0\06\0\06\0\06\0\06\0\06\0\06\0\06\0\06\0\06\0\06\0\06\0\06\0\06\0\06\0\06\0\06\0\06\0\06\0\06\0\06\0\06\0\06\0\06\0\06\0\06\0\0\0\06\0\02\0\0\0\0\0\0\0\0\0\0\0\0\0\0\0\0\0\0 \0\00\0\0@\0\0P\0\0`\0\0p\0\0\0\0\0\0\0\0\0\0\0\0\0\0\0\0\0\0\02\0\0(\0\0\0\0\0\0 \0\00\0\0@\0\0P\0\0`\0\0p\0\0\0\0\0\0\0\0\0\0\0\0\0\0\0\0\0\0\0 \0\00\0\0@\0\0P\0\0`\0\0p\0\0\0\0\0\0\0\0\0\0\0\0\0\0\0\0\0\0\0 \0\00\0\0@\0\0P\0\0`\0\0p\0\0\0\0\0\0\0\0\0\0\0\0\0\0\0\0\0\0\0 \0\00\0\0@\0\0P\0\0`\0\0p\0\0\0\0\0\0\0\0\0\0\0\0\0\0\0\0\0\0\0 \0\00\0\0@\0\0P\0\0`\0\0p\0\0\0\0\0\0\0\0\0\0\0\0\0\0\0\0\0\0\0 \0\00\0\0@\0\0P\0\0`\0\0p\0\0\0\0\0\08\0\0X\0\0\0\0\0\0\0\0V\0\0~\0\0 \0\0\0OJ\0PJ\0QJ\0_HmH	nH	sH	tH	\0\0\0\0H\0\0`\0H\0\0\0GJ\0\0\0\0N\0o\0r\0m\0a\0l\0\0\0\0\0\0 \0CJ\0OJ\0\0QJ\0\0_HaJ\0mH	sH	tH	\0\0\0\0\0\0\0\0\0\0\0\0\0\0\0\0\0\0D\0A \0D\0\r\0\0\0\0\0\0\0\0D\0e\0f\0a\0u\0l\0t\0 \0P\0a\0r\0a\0g\0r\0a\0p\0h\0 \0F\0o\0n\0t\0\0\0\0\0R\0i@\0R\0\0\0\0\0\0\00\0T\0a\0b\0l\0e\0 \0N\0o\0r\0m\0a\0l\0\0\0\0\0\04\0\nl\04\0\0\0a\0\0\0\0\0\0(\0k \0(\0\0\r\0\0\0\0\0\00\0N\0o\0 \0L\0i\0s\0t\0\0\0\0\0\0\0\0\0<\00@\0\0<\0\0\0GJ\00\0L\0i\0s\0t\0 \0B\0u\0l\0l\0e\0t\0\0\0\0\0\n&\0F\0m$\0\0@\0@\0@\0\0GJ\00\0H\0e\0a\0d\0e\0r\0\0\0\r\0\0\r\0H$\0\0mH\0\0sH\0\0tH\0\0R\0oR\0\0\0GJ\00\0H\0e\0a\0d\0e\0r\0 \0C\0h\0a\0r\0\0\0$\0CJ\0OJ\0\0PJ\0QJ\0\0^J\0\0aJ\0mH\0\0sH\0\0tH\0\0@\0 @\0\"@\0\0GJ\00\0F\0o\0o\0t\0e\0r\0\0\0\r\0\0\r\0H$\0\0mH\0\0sH\0\0tH\0\0R\0o1R\0\0\0GJ\00\0F\0o\0o\0t\0e\0r\0 \0C\0h\0a\0r\0\0\0$\0CJ\0OJ\0\0PJ\0QJ\0\0^J\0\0aJ\0mH\0\0sH\0\0tH\0\0PK\0\0\0\0\0!\0\0\0\0\0\0\0\0\0[Content_Types].xmlN0EH-J@%|$ULTB l,3;rJB+$G]7OV\Z<a(7IR{pgL=r85v&uQ8CX=$?6NJCFB.\'.+YT^e55 _g -;Yl|6^N`?[\0\0\0PK\0\0\0\0\0!\0\0\0\06\0\0\0\0\0_rels/.relsj0}Q%v/C/}\0(h\"O\n= C?hv=%[xp{_P<1H0ORBdJE4b$q_6LR7`0O,En7Lib/Se\0\0\0PK\0\0\0\0\0!\0ky\0\0\0\0\0\0\0\0\0theme/theme/themeManager.xmlM\n @}w7c(Eb\0C\ZA7K\rY,\re.|,H,lxIsQ}# +!,^$j=GW)E+&\n8\0\0\0PK\0\0\0\0\0!\00C)\0\0\0\0\0\0\0theme/theme/theme1.xmlYOo6w toc\'v\Zu-MniP@I}ama[4:lGRX^6>$!)O^rC$y@/yH*)UDb`}\"qJX^)I`nEp)liV[]1M<\ZOP6r=zgbIguSebORDqu	gZo~lAplxpT0+[}`jzA\0V2Fi@qv5\\|NleXdsjcs7f\rW+7`gJ\Zj|h(KD-\0\rdXiJ(x$(:;!I_TS1?E??ZBmU/?~xY\'y5g&/>GMGeD3Vq%\'#q$8K)fw9:\nx}rxwr:\\TZaG*y8IjbRc|XI\nu3KGnD1NIBs\nRuK>V.EL+M2#\'fi~Vvl{u8zH\n*:(W\r~JTe\\O*tHGHY\0}KNP*T9/#A7qZ$*c?qUnwN%Oi4=3N)cbJ\ruV4(Tn\n7_?m-{UBw<w_$#[8{(/$0hF{L)#7i%=A:s$),Qg20ppf\r\\}DU4p\nM{DB%J+{lC]=5\n2FhsF+Y\\n:3E[69`&45Z!*5k8`Fmw-\"d>zn\"ZxJZp;\Z{/<P;,)\'\'KQk5qpN8KGbe\rSd\\17	pa>SR!\r\r3\0K4\'+rzQ\nTTIIvt]KcK#v5+|D\Z~O@%\\w_nN[L9KqgVhn\nR!y+Un;*&/HrT	>>\\\rt=.T\n\ZS; Z~!P9giC!#	B,;X=,I2UWV9$lk=Aj;{AP79|s*Y;[MChf]o{oY=1k\ZyV\0V5E8Vk+\\80X4D)!!?*|fv\ru\"xA@T_q64)kuV7t\'%;i9s9x,-45xd8?d/Y|t&LILJ`& -Gt/\0\0\0\0PK\0\0\0\0\0!\0\r\0\0\0\0\0\'\0\0\0theme/theme/_rels/themeManager.xml.relsM\n0woo&5\r6?$Q\r,.aic21h\Z:qm@RN;d`o7gK(M&$R(.1r\'JT8V\"AHu}|$b{\0P8\Zg/]QAs(#L[\0\0\0\0PK-\0\0\0\0\0\0!\0\0\0\0\0\0\0\0\0\0\0\0\0\0\0\0\0\0\0\0\0\0\0[Content_Types].xmlPK-\0\0\0\0\0\0!\0\0\0\06\0\0\0\0\0\0\0\0\0\0\0\0\0\0\00\0\0_rels/.relsPK-\0\0\0\0\0\0!\0ky\0\0\0\0\0\0\0\0\0\0\0\0\0\0\0\0\0\0\0\0\0theme/theme/themeManager.xmlPK-\0\0\0\0\0\0!\00C)\0\0\0\0\0\0\0\0\0\0\0\0\0\0\0\0\0\0\0theme/theme/theme1.xmlPK-\0\0\0\0\0\0!\0\r\0\0\0\0\0\'\0\0\0\0\0\0\0\0\0\0\0\0\0	\0\0theme/theme/_rels/themeManager.xml.relsPK\0\0\0\0\0\0]\0\0\n\0\0\0\0<?xml version=\"1.0\" encoding=\"UTF-8\" standalone=\"yes\"?>\r\n<a:clrMap xmlns:a=\"http://schemas.openxmlformats.org/drawingml/2006/main\" bg1=\"lt1\" tx1=\"dk1\" bg2=\"lt2\" tx2=\"dk2\" accent1=\"accent1\" accent2=\"accent2\" accent3=\"accent3\" accent4=\"accent4\" accent5=\"accent5\" accent6=\"accent6\" hlink=\"hlink\" folHlink=\"folHlink\"/>\0\0\0\0\0\0\0\0d\0\0\0\0\0\0\0\0\0\0\0\0\0\0\0\0	\0\0\0\0\0\0\0\0\0\0\0\0m\0\0\0m\0\0\0o\0\0\0o\0\0\0o\0\0\0r\0\0\0\0\0\0@\0\0?\0\0Q\0\0\0\0\0\0\0\0\0\0\"\0\0\01\0\0\0\0\0\0\0\0	\0\0\n	\0\0	\0\0	\0\08\n\0\0<\n\0\0\n\0\0\n\0\0i\0\0n\0\0\0\0\0\0\r\0\0\r\0\0\r\0\0,\0\0\0\0\0\0\0\0\0\0\0\08\0\09\0\0\0\0\0\0z\0\0{\0\0\0\0\0\0\0\0\0\0\0\0!\0\0\0\0\0\0\0\r\0\0\0\0\0\0\0\0\0\0\0\0\0\0\0\0\0\0\0\0\0\0\0\0\0\0\0\0\0\0\0\0\0\0\0\0\Z\0\0\0\0\0\0\0\0\0\0\0\0\0\0\0\0\0\0 \0\0\0!\0\0\0#\0\0\0$\0\0\0%\0\0\0&\0\0\0\'\0\0\0(\0\0\0)\0\0\0*\0\0\0+\0\0\0,\0\0\0-\0\0\0.\0\0\0/\0\0\00\0\0\0\0\0t\0\0\0\0\0 \0\0\0\0\0\0\0\0\0\0\0\0\0\0\0\0\0\0\0\0\0\0\0\0\0\0\0,\0\0\0R\0$\0\0\0z\\dzH\0\r\0\0\0\0\04d\0\0\0\0\0\0@\0\0\0\0\0\0\0\0\0\0\0\0\0V\0\0 \0\0\0\0\0\0\0\0\0\0>\0\0\0(\0\0\0\0	\0\0\0\0\0\0\0\0\0\0\0\0\0\0\0\0\0\0\0\0\n\0\0\0\0\0\0\0\0\0\0\0\0\n\0\0\0\0\0\0\n\0\0\0\0\0\0\0\0\0A\0\0\00\0\0\0?\0\0\0\0\0\0\0\0\0\0\0\0H\0\0\0\0\0\0 \0G\0a\0d\0s\0 \0H\0i\0l\0l\0 \0L\0o\0g\0o\0 \0-\0 \0c\0o\0l\0o\0r\0\0\0P\0i\0c\0t\0u\0r\0e\0 \01\0\0\0D\0e\0s\0c\0r\0i\0p\0t\0i\0o\0n\0:\0 \0G\0a\0d\0s\0 \0H\0i\0l\0l\0 \0L\0o\0g\0o\0 \0-\0 \0c\0o\0l\0o\0r\0\0\0#\0\"\0\0\0\0\0`\0?\0\0\0\0\0\0\0\0\0\0\0\0\0\0\0\0\0\0\0\0\0\0\0\0\0\0\0\0\0\0\0\0\0\0\00\0\0\0\0(\0\0\0\0	\0\0\0\0\0\0\0\0\0\0\0\0\0\0\0\0\0\0\0\0\n\0\0\0\0\0\0\0\0\0\0B\0\0\0\0\n\0\0\0\0\0\0\0\0S\0\0\0\0\0\0\0\0\0\0\0\0\0\0	\0\0\0?\0\0\0\0\0\0\0\0\0\0\0\0\0r\0\0\0\0\0x\0\0\0\0\0\0\0T\0\0\0\0\0\0\0\0\0\0\0\0\0\0\0#\0\0D\0\0F\0\0G\0\0I\0\0J\0\0L\0\0M\0\0O\0\0P\0\0\0\0\0\0\0\0\0\0\0\0\0\0\0\0\0\0\0\0\0\0\0\0\0s\0\0\0t\0\0\0\0\0\0\0D\0\0F\0\0G\0\0I\0\0J\0\0L\0\0M\0\0O\0\0P\0\0\0\0\0\0\03\0\0\0\0\0\0\0\0\0\0\0\0\0\0\0\0\0\0\0\0\0\0\0\0\0\0\0\0\0\0\0\0\0\0\0\0\0\0\0.\0\0\0u\0\0\0\0\0\0\0\0\0\0\0\0\0\0\0\n\0\0*\0\08\0\0\0\0\0\0\0\0\0\0.\0\0<\0\0y\0\0\0\0\0\0\0\0\0\0\0\0\0\0\0\0_\0\0j\0\0\0\0\0\0@\0\0\0\0\0\0\0\0\0\0$\0\0.\0\0/\0\00\0\0>\0\0\0\0\0\0\0\0\0\0\0\0\0\0\0\0\0\0C\0\0D\0\0F\0\0G\0\0I\0\0J\0\0L\0\0M\0\0O\0\0P\0\0R\0\0k\0\0w\0\0\0\0\0\0\0\0\0\0\0\0\0\0\0\0\0\0\0\0\0\0\0\0\0\0\0\0\0\0\0\0\0\0\0\0\0\0\0\0\0\0\0\0\0\0\0\0\0\0\0\0\0\0\0\0\0\0\0\0\0\0\0\0\0\0\0\0\0\0\0\0\0\0\0\0\0\0\0\0\0\0\0Nzx\0\0\0\0\0\0\0\0\0\0\0\0\0\0\0\0\0\0\0\0\0\0\0\0\0\0\0\0\0\0\0\0\0\0\0\0\0\0\0\0\0\0h\0h^h`OJ\0QJ\0o(\0\0\0\0\0\0\0\0\0\0\0\0\0\0\0\0\0\0\0\0\0\0\0\0\0\0\0\0zS\0\0\0\0\0\0\0\0\0\0\0\0\0\0\0\0\0\0\0\0\0\0\0\0\0\0\0\0\0l\0\0r \0 \0V|6\0I9\0z=\0sF\0\\J\0uq\0Q\0g\0$\0M\0nz\0\0x\0GJ\0\0\0\0\0D\0\0F\0\0\0\0\0\0\0\0\0@\0\0\0\0\0\0\0\0\0\0\0\0\0\0\0\0\0\0@{\0\0\0\0\0\0\0\0\0\0\0\0@\0\0\0\0\0\0U\0n\0k\0n\0o\0w\0n\0\0\0\0\0\0\0\0\0\0\0\0\0\0\0\0\0\0\0\0\0\0\0\0\0\0\0\0\0\0\0\0\0\0\0G\0\0*\0Ax\0	\0\0\0\0\0\0\0\0\0\0\0\0\0T\0i\0m\0e\0s\0 \0N\0e\0w\0 \0R\0o\0m\0a\0n\0\0\05\0\0\0\0\0\0\0\0\0\0\0\0\0\0\0\0\0\0\0\0\0\0\0S\0y\0m\0b\0o\0l\0\0\03.\0\0*\0Cx\0	\0\0\0\0\0\0\0\0\0\0\0\0\0A\0r\0i\0a\0l\0\0\07.\0\0\0\0@	\0\0\0\0\0\0\0\0\0\0\0\0\0C\0a\0l\0i\0b\0r\0i\0\0\0A\0\0\0$\0B\0\0\0\0\0\0\0\0\0\0\0\0\0\0C\0a\0m\0b\0r\0i\0a\0 \0M\0a\0t\0h\0\0\0\"\0\0q\0\0\0h\0\0\0\0uu^\0\0\0\0\0\0\0p\n\0\0\0\0\0\0\0\0\0\0\0\0p\n\0\0\0\0\0\0\0\0\0\0\0\0\0!\0\0\0\0\0\0\0\0\0\0\0\0\0\0\0\0\0\0\0\0\0\0\0\0\0\0\0\0\0\0\0\0\0\0\0\0\0\0\0\0\0\0\0\0\0\0\0\0\0\0\0\0\0\0\0\0\0\0\0\0\0\0\0\0\0\0\0\0\0\0\0\0\0\0\0\0\0\0\0\0\0\0\0\0\0\0\0\0\0\0\0\0\0\0\0\0\0\0\0\0\0\0\0\0\0\0\0\0\0\0\0\0\0\0\0\0\0\0\0\0\0\0\0\0\0\0\0\0\0\0\0\0\0\0\0\0\0\0\0\0\0\0\0\0\0\0\0\0\0\0\0\0\0\0\0\0\0\0\0\0\0\0\0\0\0\0\0\0\0\0\0\0\0\0\0\0\0\0\0\0\0\0\0\0\0\0\0\0\0\0\0\0\0\0\0\0\0\0\0\0\0\0\0\0\0\0\0\0\0\0\0\0\0\0\0\0\0\0\0\0\0\0\0\0\0\0\0\0\0\0\0\0\0\0\0\0\0\0\0\0\0\0\0\0\0\0\0\0\0\0\0\0\0\0\0\0\0\0\0\0\0\0\0\0\0\0\0\0\0\0\0\0\0\0\0\0\0\0\0\0\0\0\0\0\0\0\0\0\0\0\0\0\0\0\0\0\0\0\0\0\0\0\0\0\0\0\0\0\0\0\0\0\0\0\020\0\0\0\0\0\0\0\0\0\0\0\0\0\0>\0\0>\0\0\0\0\0\0\0\0\0\0\0\0\0\0\0\0\0\0\0\0\0\0\0\0\0\0\0\0\0\0\0\0\0\0\0\0\0\0\0\0\0\0\0\0\0\0\0\0\0\0\0\0\0\0\0\0\0\0\0\0\0\0\0\0\0\0\0\0\0\0\03Q\0\0\0\0\0\0\0\0\0\0\0\0\0\0\0\0\0\0\0\0\0\0\0\0\0\0\0HX\0\0\0\0	$P\0\0\0\0GJ\0\0\0\02\0\0\0\0\0\0\0\0\0\0\0\0\0\0\0\0\0\0\0\0\0!\0\0\0\0\0\0\0\0\0\0\0\0\0\0\0\0\0\0\0\0\0\0\0\0\0\0\0\0\0x\0\0\0x\0\0\0\0\0\0\0\0\0\0\0\0\0\0\0\0\0\0\0\0\0\0\0\0\0\0\0\0\0\0\0\0\0\0\0\0\0\0\0\0\0\0\0x\0s\0a\0l\0v\0a\0d\0o\0\0A\0m\0e\0l\0i\0a\0 \0T\0s\0a\0n\0g\0\0\0\0\0\0\0\0\0\0\0\0\0\0\0\0\0\0\0\0\0\0\0\0\0\0\0\0\0\0\0\0\0\0\0\0\0\0\0\0\0\0\0\0\0\0\0\0\0\0\0\0\0\0\0\0\0\0\0\0\0\0\0\0\0\0\0\0\0\0\0\0\0\0\0\0\0\0\0\0\0\0\0\0\0\0\0\0\0\0\0\0\0\0\0\0\0\0\0\0\0\0\0\0\0\0\0\0\0\0\0\0\0\0\0\0\0\0\0\0\0\0\0\0\0\0\0\0\0\0\0\0\0\0\0\0\0\0\0\0\0\0\0\0\0\0\0\0\0\0\0\0\0\0\0\0\0\0\0\0\0\0\0\0\0\0\0\0\0\0\0\0\0\0\0\0\0\0\0\0\0\0\0\0\0\0\0\0\0\0\0\0\0\0\0\0\0\0\0\0\0\0\0\0\0\0\0\0\0\0\0\0\0\0\0\0\0\0\0\0\0\0\0\0\0\0\0\0\0\0\0\0\0\0\0\0\0\0\0\0\0\0\0\0\0\0\0\0\0\0\0\0\0\0\0\0\0\0\0\0\0\0\0\0\0\0\0\0\0\0\0\0\0\0\0\0\0\0\0\0\0\0\0\0\0\0\0\0\0\0\0\0\0\0\0\0\0\0\0\0\0\0\0\0\0\0\0\0\0\0\0\0\0\0\0\0\0\0\0\0\0\0\0\0\0\0\0\0\0\0\0\0\0\0\0\0\0\0\0\0\0\0\0\0\0\0\0\0\0\0\0\0\0\0\0\0\0\0\0\0\0\0\0\0\0\0\0\0\0\0\0\0\0\0\0\0\0\0\0\0\0\0\0\0\0\0\0\0\0\0\0\0\0Oh\0+\'0\0\0\08\0\0\0\0\0\0\0\0x\0\0\0\0\0\0\0\0\0\0\0\0\0\0\0\0\0\0\0\0\0	\0\0\0\0\0\0\0\0\0\0\0\0\n\0\0\0\0\0\0\0\0\0\0\0\0\0\0\0\0\0\0\r\0\0\0\0\0\0\0\0\0\0\0\0\0 \0\0\0\0\0(\0\0\0\0\00\0\0\0\0\0\0\0\0\0\0\0\0\0xsalvado\0\0\0\0\0\0\0\0\0\0Normal\0\0\0\0\0\0\0\0Amelia Tsang\0\0\0\0\0\0\0\0\0\02\0\0\0\0\0\0\0\0\0Microsoft Office Word\0\0\0@\0\0\0\0\0\0\0\0\0\0\0@\0\0\0\0^@\0\0\0\06b@\0\0\0\06b\0\0\0\0\0\0\0\0\0\0\0\0\0\0p\n\0\0\0\0\0\0\0\0\0\0\0\0\0\0\0\0\0\0\0\0\0\0\0\0\0\0\0\0\0\0\0\0\0\0\0\0\0\0\0\0\0\0\0\0\0\0\0\0\0\0\0\0\0\0\0\0\0\0\0\0\0\0\0\0\0\0\0\0\0\0\0\0\0\0\0\0\0\0\0\0\0\0\0\0\0\0\0\0\0\0\0\0\0\0\0\0\0\0\0\0\0\0\0\0\0\0\0\0\0\0\0\0\0\0\0\0\0\0\0\0\0\0\0\0\0\0\0\0\0\0\0\0\0\0\0\0\0\0\0\0\0\0\0\0\0\0\0\0\0\0\0\0\0\0\0\0\0\0\0\0\0\0\0\0\0\0\0\0\0\0\0\0\0\0\0\0\0\0\0\0\0\0\0\0\0\0\0\0\0\0\0\0\0\0\0\0\0\0\0\0\0\0\0\0\0\0\0\0\0\0\0\0\0\0\0\0\0\0\0\0\0\0\0\0\0\0\0\0\0\0\0\0\0\0\0\0\0\0\0\0\0\0\0\0\0\0\0\0\0\0\0\0\0\0\0\0\0\0\0\0\0\0\0\0\0\0\0\0\0\0\0\0\0\0\0\0\0\0\0\0\0\0\0\0\0\0\0\0\0\0\0\0\0\0\0\0\0\0\0\0\0\0\0\0\0\0\0\0\0\0\0\0\0\0\0\0\0\0\0\0\0\0\0\0\0\0\0\0\0\0\0\0\0\0\0\0\0\0\0\0\0\0\0\0\0\0\0\0\0\0\0\0\0\0\0\0\0\0\0\0\0\0\0\0\0\0\0\0\0\0\0\0\0\0\0\0\0\0\0\0\0\0\0\0\0\0\0\0\0\0\0\0\0\0\0\0\0\0\0\0\0\0\0\0\0\0\0\0\0\0\0\0\0\0\0\0\0\0\0\0\0\0\0\0\0\0\0\0\0\0\0\0\0\0\0\0\0\0\0\0\0\0\0\0\0\0\0\0\0\0\0\0\0\0\0\0\0\0\0\0\0\0\0\0\0\0\0\0\0\0\0\0\0\0\0\0\0\0\0\0\0\0\0\0\0\0\0\0\0\0\0\0\0\0\0\0\0\0\0\0\0\0\0\0\0\0\0\0\0\0\0\0\0\0\0\0\0\0\0\0\0\0\0\0\0\0\0\0\0\0\0\0\0\0\0\0\0\0\0\0\0\0\0\0\0\0\0\0\0\0\0\0\0\0\0\0\0\0\0\0\0\0\0\0\0\0\0\0\0\0\0\0\0\0\0\0\0\0\0\0\0\0\0\0\0\0\0\0\0\0\0\0\0\0\0\0\0\0\0\0\0\0\0\0\0\0\0\0\0\0\0\0\0\0\0\0\0\0\0\0\0\0\0\0\0\0\0\0\0\0\0\0\0\0\0\0\0\0\0\0\0\0\0\0\0\0\0\0\0\0\0\0\0\0\0\0\0\0\0\0\0\0\0\0\0\0\0\0\0\0\0\0\0\0\0\0\0\0\0\0\0\0\0\0\0\0\0\0\0\0\0\0\0\0\0\0\0\0\0\0\0\0\0\0\0\0\0\0\0\0\0\0\0\0\0\0\0\0\0\0\0\0\0\0\0\0\0\0\0\0\0\0\0\0\0\0\0\0\0\0\0\0\0\0\0\0\0\0\0\0\0\0\0\0\0\0\0\0\0\0\0\0\0\0\0\0\0\0\0\0\0\0\0\0\0\0\0\0\0\0\0\0\0\0\0\0\0\0\0\0\0\0\0\0\0\0\0\0\0\0\0\0\0\0\0\0\0\0\0\0\0\0\0\0\0\0\0\0\0\0\0\0\0\0\0\0\0\0\0\0\0\0\0\0\0\0\0\0\0\0\0\0\0\0\0\0\0\0\0\0\0\0\0\0\0\0\0\0\0\0\0\0\0\0\0\0\0\0\0\0\0\0\0\0\0\0\0\0\0\0\0\0\0\0\0\0\0\0\0\0\0\0\0\0\0\0\0\0\0\0\0\0\0\0\0\0\0\0\0\0\0\0\0\0\0\0\0\0\0\0\0\0\0\0\0\0\0\0\0\0\0\0\0\0\0\0\0\0\0\0\0\0\0\0\0\0\0\0\0\0\0\0\0\0\0\0\0\0\0\0\0\0\0\0\0\0\0\0\0\0\0\0\0\0\0\0\0\0\0\0\0\0\0\0\0\0\0\0\0\0\0\0\0\0\0\0\0\0\0\0\0\0\0\0\0\0\0\0\0\0\0\0\0\0\0\0\0\0\0\0\0\0\0\0\0\0\0\0\0\0\0\0\0\0\0\0\0\0\0\0\0\0\0\0\0\0\0\0\0\0\0\0\0\0\0\0\0\0\0\0\0\0\0\0\0\0\0\0\0\0\0\0\0\0\0\0\0\0\0\0\0\0\0\0\0\0\0\0\0\0\0\0\0\0\0\0\0\0\0\0\0\0\0\0\0\0\0\0\0\0\0\0\0\0\0\0\0\0\0\0\0\0\0\0\0\0\0\0\0\0\0\0\0\0\0\0\0\0\0\0\0\0\0\0\0\0\0\0\0\0\0\0\0\0\0\0\0\0\0\0\0\0\0\0\0\0\0\0\0\0\0\0\0\0\0\0\0\0\0\0\0\0\0\0\0\0\0\0\0\0\0\0\0\0\0\0\0\0\0\0\0\0\0\0\0\0\0\0\0\0\0\0\0\0\0\0\0\0\0\0\0\0\0\0\0\0\0\0\0\0\0\0\0\0\0\0\0\0\0\0\0\0\0\0\0\0\0\0\0\0\0\0\0\0\0\0\0\0\0\0\0\0\0\0\0\0\0\0\0\0\0\0\0\0\0\0\0\0\0\0\0\0\0\0\0\0\0\0\0\0\0\0\0\0\0\0\0\0\0\0\0\0\0\0\0\0\0\0\0\0\0\0\0\0\0\0\0\0\0\0\0\0\0\0\0\0\0\0\0\0\0\0\0\0\0\0\0\0\0\0\0\0\0\0\0\0\0\0\0\0\0\0\0\0\0\0\0\0\0\0\0\0\0\0\0\0\0\0\0\0\0\0\0\0\0\0\0\0\0\0\0\0\0\0\0\0\0\0\0\0\0\0\0\0\0\0\0\0\0\0\0\0\0\0\0\0\0\0\0\0\0\0\0\0\0\0\0\0\0\0\0\0\0\0\0\0\0\0\0\0\0\0\0\0\0\0\0\0\0\0\0\0\0\0\0\0\0\0\0\0\0\0\0\0\0\0\0\0\0\0\0\0\0\0\0\0\0\0\0\0\0\0\0\0\0\0\0\0\0\0\0\0\0\0\0\0\0\0\0\0\0\0\0\0\0\0\0\0\0\0\0\0\0\0\0\0\0\0\0\0\0\0\0\0\0\0\0\0\0\0\0\0\0\0\0\0\0\0\0\0\0\0\0\0\0\0\0\0\0\0\0\0\0\0\0\0\0\0\0\0\0\0\0\0\0\0\0\0\0\0\0\0\0\0\0\0\0\0\0\0\0\0\0\0\0\0\0\0\0\0\0\0\0\0\0\0\0\0\0\0\0\0\0\0\0\0\0\0\0\0\0\0\0\0\0\0\0\0\0\0\0\0\0\0\0\0\0\0\0\0\0\0\0\0\0\0\0\0\0\0\0\0\0\0\0\0\0\0\0\0\0\0\0\0\0\0\0\0\0\0\0\0\0\0\0\0\0\0\0\0\0\0\0\0\0\0\0\0\0\0\0\0\0\0\0\0\0\0\0\0\0\0\0\0\0\0\0\0\0\0\0\0\0\0\0\0\0\0\0\0\0\0\0\0\0\0\0\0\0\0\0\0\0\0\0\0\0\0\0\0\0\0\0\0\0\0\0\0\0\0\0\0\0\0\0\0\0\0\0\0\0\0\0\0\0\0\0\0\0\0\0\0\0\0\0\0\0\0\0\0\0\0\0\0\0\0\0\0\0\0\0\0\0\0\0\0\0\0\0\0\0\0\0\0\0\0\0\0\0\0\0\0\0\0\0\0\0\0\0\0\0\0\0\0\0\0\0\0\0\0\0\0\0\0\0\0\0\0\0\0\0\0\0\0\0\0\0\0\0\0\0\0\0\0\0\0\0\0\0\0\0\0\0\0\0\0\0\0\0\0\0\0\0\0\0\0\0\0\0\0\0\0\0\0\0\0\0\0\0\0\0\0\0\0\0\0\0\0\0\0\0\0\0\0\0\0\0\0\0\0\0\0\0\0\0\0\0\0\0\0\0\0\0\0\0\0\0\0\0\0\0\0\0\0\0\0\0\0\0\0\0\0\0\0\0\0\0\0\0\0\0\0\0\0\0\0\0\0\0\0\0\0\0\0\0\0\0\0\0\0\0\0\0\0\0\0\0\0\0\0\0\0\0\0\0\0\0\0\0\0\0\0\0\0\0\0\0\0\0\0\0\0\0\0\0\0\0\0\0\0\0\0\0\0\0\0\0\0\0\0\0\0\0\0\0\0\0\0\0\0\0\0\0\0\0\0\0\0\0\0\0\0\0\0\0\0\0\0\0\0\0\0\0\0\0\0\0\0\0\0\0\0\0\0\0\0\0\0\0\0\0\0\0\0\0\0\0\0\0\0\0\0\0\0\0\0\0\0\0\0\0\0\0\0\0\0\0\0\0\0\0\0\0\0\0\0\0\0\0\0\0\0\0\0\0\0\0\0\0\0\0\0\0\0\0\0\0\0\0\0\0\0\0\0\0\0\0\0\0\0\0\0\0\0\0\0\0\0\0\0\0\0\0\0\0\0\0\0\0\0\0\0\0\0\0\0\0\0\0\0\0\0\0\0\0\0\0\0\0\0\0\0\0\0\0\0\0\0\0\0\0\0\0\0\0\0\0\0\0\0\0\0\0\0\0\0\0\0\0\0\0\0\0\0\0\0\0\0\0\0\0\0\0\0\0\0\0\0\0\0\0\0\0\0\0\0\0\0\0\0\0\0\0\0\0\0\0\0\0\0\0\0\0\0\0\0\0\0\0\0\0\0\0\0\0\0\0\0\0\0\0\0\0\0\0\0\0\0\0\0\0\0\0\0\0\0\0\0\0\0\0\0\0\0\0\0\0\0\0\0\0\0\0\0\0\0\0\0\0\0\0\0\0\0\0\0\0\0\0\0\0\0\0\0\0\0\0\0\0\0\0\0\0\0\0\0\0\0\0\0\0\0\0\0\0\0\0\0\0\0\0\0\0\0\0\0\0\0\0\0\0\0\0\0\0\0\0\0\0\0\0\0\0\0\0\0\0\0\0\0\0\0\0\0\0\0\0\0\0\0\0\0\0\0\0\0\0\0\0\0\0\0\0\0\0\0\0\0\0\0\0\0\0\0\0\0\0\0\0\0\0\0\0\0\0\0\0\0\0\0\0\0\0\0\0\0\0\0\0\0\0\0\0\0\0\0\0\0\0\0\0\0\0\0\0\0\0\0\0\0\0\0\0\0\0\0\0\0\0\0\0\0\0\0\0\0\0\0\0\0\0\0\0\0\0\0\0\0\0\0\0\0\0\0\0\0\0\0\0\0\0\0\0\0\0\0\0\0\0\0\0\0\0\0\0\0\0\0\0\0\0\0\0\0\0\0\0\0\0\0\0\0\0\0\0\0\0\0\0\0\0\0\0\0\0\0\0\0\0\0\0\0\0\0\0\0\0\0\0\0\0\0\0\0\0\0\0\0\0\0\0\0\0\0\0\0\0\0\0\0\0\0\0\0\0\0\0\0\0\0\0\0\0\0\0\0\0\0\0\0\0\0\0\0\0\0\0\0\0\0\0\0\0\0\0\0\0\0\0\0\0\0\0\0\0\0\0\0\0\0\0\0\0\0\0\0\0\0\0\0\0\0\0\0\0\0\0\0\0\0\0\0\0\0\0\0\0\0\0\0\0\0\0\0\0\0\0\0\0\0\0\0\0\0\0\0\0\0\0\0\0\0\0\0\0\0\0\0\0\0\0\0\0\0\0\0\0\0\0\0\0\0\0\0\0\0\0\0\0\0\0\0\0\0\0\0\0\0\0\0\0\0\0\0\0\0\0\0\0\0\0\0\0\0\0\0\0\0\0\0\0\0\0\0\0\0\0\0\0\0\0\0\0\0\0\0\0\0\0\0\0\0\0\0\0\0\0\0\0\0\0\0\0\0\0\0\0\0\0\0\0\0\0\0\0\0\0\0\0\0\0\0\0\0\0\0\0\0\0\0\0\0\0\0\0\0\0\0\0\0\0\0\0\0\0\0\0\0\0\0\0\0\0\0\0\0\0\0\0\0\0\0\0\0\0\0\0\0\0\0\0\0\0\0\0\0\0\0\0\0\0\0\0\0\0\0\0\0\0\0\0\0\0\0\0\0\0\0\0\0\0\0\0\0\0\0\0\0\0\0\0\0\0\0\0\0\0\0\0\0\0\0\0\0\0\0\0\0\0\0\0\0\0\0\0\0\0\0\0\0\0\0\0\0\0\0\0\0\0\0\0\0\0\0\0\0\0\0\0\0\0\0\0\0\0\0\0\0\0\0\0\0\0\0\0\0\0\0\0\0\0\0\0\0\0\0\0\0\0\0\0\0\0\0\0\0\0\0\0\0\0\0\0\0\0\0\0\0\0\0\0\0\0\0\0\0\0\0\0\0\0\0\0\0\0\0\0\0\0\0\0\0\0\0\0\0\0\0\0\0\0\0\0\0\0\0\0\0\0\0\0\0\0\0\0\0\0\0\0\0\0\0\0\0\0\0\0\0\0\0\0\0\0\0\0\0\0\0\0\0\0\0\0\0\0\0\0\0\0\0\0\0\0\0\0\0\0\0\0\0\0\0\0\0\0\0\0\0\0\0\0\0\0\0\0\0\0\0\0\0\0\0\0\0\0\0\0\0\0\0\0\0\0\0\0\0\0\0\0\0\0\0\0\0\0\0\0\0\0\0\0\0\0\0\0\0\0\0\0\0\0\0\0\0\0\0\0\0\0\0\0\0\0\0\0\0\0\0\0\0\0\0\0\0\0\0\0\0\0\0\0\0\0\0\0\0\0\0\0\0\0\0\0\0\0\0\0\0\0\0\0\0\0\0\0\0\0\0\0\0\0\0\0\0\0\0\0\0\0\0\0\0\0\0\0\0\0\0\0\0\0\0\0\0\0\0\0\0\0\0\0\0\0\0\0\0\0\0\0\0\0\0\0\0\0\0\0\0\0\0\0\0\0\0\0\0\0\0\0\0\0\0\0\0\0\0\0\0\0\0\0\0\0\0\0\0\0\0\0\0\0\0\0\0\0\0\0\0\0\0\0\0\0\0\0\0\0\0\0\0\0\0\0\0\0\0\0\0\0\0\0\0\0\0\0\0\0\0\0\0\0\0\0\0\0\0\0\0\0\0\0\0\0\0\0\0\0\0\0\0\0\0\0\0\0\0\0\0\0\0\0\0\0\0\0\0\0\0\0\0\0\0\0\0\0\0\0\0\0\0\0\0\0\0\0\0\0\0\0\0\0\0\0\0\0\0\0\0\0\0\0\0\0\0\0\0\0\0\0\0\0\0\0\0\0\0\0\0\0\0\0\0\0\0\0\0\0\0\0\0\0\0\0\0\0\0\0\0\0\0\0\0\0\0\0\0\0\0\0\0\0\0\0\0\0\0\0\0\0\0\0\0\0\0\0\0\0\0\0\0\0\0\0\0\0\0\0\0\0\0\0\0\0\0\0\0\0\0\0\0\0\0\0\0\0\0\0\0\0\0\0\0\0\0\0\0\0\0\0\0\0\0\0\0\0\0\0\0\0\0\0\0\0\0\0\0\0\0\0\0\0\0\0\0\0\0\0\0\0\0\0\0\0\0\0\0\0\0\0\0\0\0\0\0\0\0\0\0\0\0\0\0\0\0\0\0\0\0\0\0\0\0\0\0\0\0\0\0\0\0\0\0\0\0\0\0\0\0\0\0\0\0\0\0\0\0\0\0\0\0\0\0\0\0\0\0\0\0\0\0\0\0\0\0\0\0\0\0\0\0\0\0\0\0\0\0\0\0\0\0\0\0\0\0\0\0\0\0\0\0\0\0\0\0\0\0\0\0\0\0\0\0\0\0\0\0\0\0\0\0\0\0\0\0\0\0\0\0\0\0\0\0\0\0\0\0\0\0\0\0\0\0\0\0\0\0\0\0\0\0\0\0\0\0\0\0\0\0\0\0\0\0\0\0\0\0\0\0\0\0\0\0\0\0\0\0\0\0\0\0\0\0\0\0\0\0\0\0\0\0\0\0\0\0\0\0\0\0\0\0\0\0\0\0\0\0\0\0\0\0\0\0\0\0\0\0\0\0\0\0\0\0\0\0\0\0\0\0\0\0\0\0\0\0\0\0\0\0\0\0\0\0\0\0\0\0\0\0\0\0\0\0\0\0\0\0\0\0\0\0\0\0\0\0\0\0\0.\0+,0\0\0\0\0\0\0\0\0\0\0\0\0h\0\0\0\0\0\0p\0\0\0\0\0\0\0\0\0\0\0\0\0\0\0\0\0\0\0\0\0\0\0\0\0\0\0\0\0\0\0\0\0\0\0\0\0\0\0\0\0\0\0\0\0\0\0\0\0\0\0\r\0\0\0\0\0\0\0\0\0\0\0\0\0\0\0\0\0\0\0\0\0\0\0Microsoft\0\0\0\0\0\0\0\0\0\0\0\0\0\0\0\0\0\0>\0\0\0\0\0\0\0\0\0\0\0\0\0\0\0\0\0\0\0\0\0\0\0\0\0\0\0\0\0\0\0\0\0\0\0\0\0\0\0\0\0\0\0\0\0\0\0\0\0\0\0\0\0\0\0\0Title\0\0\0\0\0\0\0\0\0\0\0\0\0\0\0\0\0\0\0\0\0\0\0\0\0\0\0\0\0\0\0\0\0\0\0\0\0\0\0\0\0\0\0\0\0\0\0\0\0\0\0\0\0\0\0\0\0\0\0\0\0\0\0\0\0\0\0\0\0\0\0\0\0\0\0\0\0\0\0\0\0\0\0\0\0\0\0\0\0\0\0\0\0\0\0\0\0\0\0\0\0\0\0\0\0\0\0\0\0\0\0\0\0\0\0\0\0\0\0\0\0\0\0\0\0\0\0\0\0\0\0\0\0\0\0\0\0\0\0\0\0\0\0\0\0\0\0\0\0\0\0\0\0\0\0\0\0\0\0\0\0\0\0\0\0\0\0\0\0\0\0\0\0\0\0\0\0\0\0\0\0\0\0\0\0\0\0\0\0\0\0\0\0\0\0\0\0\0\0\0\0\0\0\0\0\0\0\0\0\0\0\0\0\0\0\0\0\0\0\0\0\0\0\0\0\0\0\0\0\0\0\0\0\0\0\0\0\0\0\0\0\0\0\0\0\0\0\0\0\0\0\0\0\0\0\0\0\0\0\0\0\0\0\0\0\0\0\0\0\0\0\0\0\0\0\0\0\0\0\0\0\0\0\0\0\0\0\0\0\0\0\0\0\0\0\0\0\0\0\0\0\0\0\0\0\0\0\0\0\0\0\0\0\0\0\0\0\0\0\0\0\0\0\0\0\0\0\0\0\0\0\0\0\0\0\0\0\0\0\0\0\0\0\0\0\0\0\0\0\0\0\0\0\0\0\0\0\0\0\0\0\0\0\0\0\0\0\0\0\0\0\0\0\0\0\0\0\0\0\0\0\0\0\0\0\0\0\0\0\0\0\0\0\0\0\0\0\0\0\0\0\0\0\0\0\0\0\0\0\0\0\0\0\0\0\0\0\0\0\0\0\0\0\0\0\0\0\0\0\0\0\0\0\0\0\0\0\0\0\0\0\0\0\0\0\0\0\0\0\0\0\0\0\0\0\0\0\0\0\0\0\0\0\0\0\0\0\0\0\0\0\0\0\0\0\0\0\0\0\0\0\0\0\0\0\0\0\0\0\0\0\0\0\0\0\0\0\0\0\0\0\0\0\0\0\0\0\0\0\0\0\0\0\0\0\0\0\0\0\0\0\0\0\0\0\0\0\0\0\0\0\0\0\0\0\0\0\0\0\0\0\0\0\0\0\0\0\0\0\0\0\0\0\0\0\0\0\0\0\0\0\0\0\0\0\0\0\0\0\0\0\0\0\0\0\0\0\0\0\0\0\0\0\0\0\0\0\0\0\0\0\0\0\0\0\0\0\0\0\0\0\0\0\0\0\0\0\0\0\0\0\0\0\0\0\0\0\0\0\0\0\0\0\0\0\0\0\0\0\0\0\0\0\0\0\0\0\0\0\0\0\0\0\0\0\0\0\0\0\0\0\0\0\0\0\0\0\0\0\0\0\0\0\0\0\0\0\0\0\0\0\0\0\0\0\0\0\0\0\0\0\0\0\0\0\0\0\0\0\0\0\0\0\0\0\0\0\0\0\0\0\0\0\0\0\0\0\0\0\0\0\0\0\0\0\0\0\0\0\0\0\0\0\0\0\0\0\0\0\0\0\0\0\0\0\0\0\0\0\0\0\0\0\0\0\0\0\0\0\0\0\0\0\0\0\0\0\0\0\0\0\0\0\0\0\0\0\0\0\0\0\0\0\0\0\0\0\0\0\0\0\0\0\0\0\0\0\0\0\0\0\0\0\0\0\0\0\0\0\0\0\0\0\0\0\0\0\0\0\0\0\0\0\0\0\0\0\0\0\0\0\0\0\0\0\0\0\0\0\0\0\0\0\0\0\0\0\0\0\0\0\0\0\0\0\0\0\0\0\0\0\0\0\0\0\0\0\0\0\0\0\0\0\0\0\0\0\0\0\0\0\0\0\0\0\0\0\0\0\0\0\0\0\0\0\0\0\0\0\0\0\0\0\0\0\0\0\0\0\0\0\0\0\0\0\0\0\0\0\0\0\0\0\0\0\0\0\0\0\0\0\0\0\0\0\0\0\0\0\0\0\0\0\0\0\0\0\0\0\0\0\0\0\0\0\0\0\0\0\0\0\0\0\0\0\0\0\0\0\0\0\0\0\0\0\0\0\0\0\0\0\0\0\0\0\0\0\0\0\0\0\0\0\0\0\0\0\0\0\0\0\0\0\0\0\0\0\0\0\0\0\0\0\0\0\0\0\0\0\0\0\0\0\0\0\0\0\0\0\0\0\0\0\0\0\0\0\0\0\0\0\0\0\0\0\0\0\0\0\0\0\0\0\0\0\0\0\0\0\0\0\0\0\0\0\0\0\0\0\0\0\0\0\0\0\0\0\0\0\0\0\0\0\0\0\0\0\0\0\0\0\0\0\0\0\0\0\0\0\0\0\0\0\0\0\0\0\0\0\0\0\0\0\0\0\0\0\0\0\0\0\0\0\0\0\0\0\0\0\0\0\0\0\0\0\0\0\0\0\0\0\0\0\0\0\0\0\0\0\0\0\0\0\0\0\0\0\0\0\0\0\0\0\0\0\0\0\0\0\0\0\0\0\0\0\0\0\0\0\0\0\0\0\0\0\0\0\0\0\0\0\0\0\0\0\0\0\0\0\0\0\0\0\0\0\0\0\0\0\0\0\0\0\0\0\0\0\0\0\0\0\0\0\0\0\0\0\0\0\0\0\0\0\0\0\0\0\0\0\0\0\0\0\0\0\0\0\0\0\0\0\0\0\0\0\0\0\0\0\0\0\0\0\0\0',1,6,54,1213),(17,'issue_events.csv','155','application/vnd.ms-excel','\"Information ID\",\"Person Name\",\"Person Contact\",Month,Year,\"Issue Area Event Type\"\n1,Maria,Acevedo,\"(555) 342-1234\",\"(333) 222-1111\",1,2012,\"Medical Card\"\n',1,6,NULL,0),(18,'enrichment attendance 3 10 14.tif','55141','image/tiff','II*\0\0\0\0\0\0\0\0\0\0\0\0\0\0\0\0\0\0\0\0\0\0\0\0\0\0\0\0\0\0\0\0\0\0\0\0\0\0\0\0\0\0\0\0\0\0\0\0\0\0\0\0\0\0\0\n\0\0\0\0\0\0\0\0\0\0\0\0\0\0\0\0\0\0\0\0\0\0\0\0\0\0\0\0\0\0\0\0\0\0\0\0\0\0\0\0\0\0\0\0Q\0\0\0\0\0\0\0\0\0\0\0\0\0\0\0\0\0\Z\0\0\0\0\0\0\0\0\0\0\0\0$\0\0\0\0\0\0\0\0(\0\0\0\0\0\0\0\0\0\0\0RICOH\0\0\0\0\0\0\0\0\0\0\0\0\0\0hPA	%\0\Z\0hPA	%\0\Z\0hPA	%\0\Z\0hPA	%\0\Z\0hPF\0\ZYX\0hda@#\0,,\04\0hdaF\0\ZYX\0h@#F\0<0\0\Zy`\04\0@:LuM@#F\0<0\0\Zy`\04\0h@#F\0<0\0\Zy`\04@#F0\0\Zy`\04@#F\0<0\0\Zy`\04\0hQF0\0\ZE\0hQF0\0\ZE\0hQF0\0\ZE\0hQF0\0\ZE\0hQF0\0\Ze \04(@F0\0\ZE\0h\0(@F\0\"`\04@\0h\0(Q@F\02\0\Ze \04@\0h\0(Q@F\02\0\Ze \04@\0h\0(Q@\0\Ze \04\0@\02\0\Ze \0UIK@\0(\0PM* \0Yo\0f&@\0hSNy]Y@\0h[Bl@8&J@k}h+.6\0Z\rDOB&6e76c_VG&oO6VB$)Z3\0\nU~e\"^;eS\0Z|XHy)\0- \\T-C_!6ep8(iu&.#owMO9}>bS\05\rmxuf~?C}MY@\0h=\r1fBa~3;<nW4T<n\n)\0cF,@S#AvQS#6eVWHk=NCMsnr|TMY@\0hlmu5O0|;}@9<|>>n~n\ZnW\n\\`8	>j*, \04%t\Z\0\nqG=>\Zn:nj:5.Ll@c0`NK`RvMG+CCpv7	|<>)q&A\n\r)\0MpQ0U8RtR_hh8(<>n?sQS3&	I?	|TMY@\0N	!Jcot? \r\r;7`4)h ClQ#tO&C~P(xyh|<srMMV:txq\n, \0d4(2j|ihx|>Sqy{y>:77\r	z|o\04O4GPQ/L,T9xCgZxxhi)R\r|~\"\0.:hi4.?r\'u4;|,as\ZG2|<<44tt4\ZWT@Gl$@;#z*NQsHt|<\n?v>jj)syxhqFD0;C@\0hg4tQy*\\SO>;5~j\n\Znn:aUTpsSS<\0@;\"hv;9<nn:7!9UTxi\'W8\Zj~vQ>dB2\0~	\'.)v8qn:nn:a\\1\'GM>~\0!S5=E0sp\rh4575MGrxC5s>5j~nj\"#!BY3\0G\r*=\\#\\qj<|T2p\0ZB~@<G}\Znn)HpMMM7Tq0jQ	\0LELzv7vuyh<\\Ss n:sEk.8QG\00k}0kan:ptTS#J5>f$3\0pu-#FF5#an:\\+Wt|ngtAt3L3\0[ y!8yyHpMGpk\rBvT\"xy`,2x8h	Fpp/#OpaFz\0Qqk#&k\r7	7?1R6#=\0D4sM?=7\r5pQSG/!\'2#- \0br\\SfOOCCwsM#9h8#\'64\0Dy(kqMGz^Ami\0Q)sS>5|8e\'avT,HhpsM\\ 	Ptl\0bA\\Sz)`!d\rd\0Q\r`Zc\0hGkM,~<\0C<P\0Q1hfg\0@`|;	2\0hd1\0\r>\0\r>\0\r>\0\r>\0\r>\0\r>\0\r>\0\r>\0\r!\0\Z|\0\ZB\04\04\0%;\0hJN#\0d;v\Z1\00N#\0TpBv\Z1\0&4b\05&-i\0@k+>%M^.t4b\05?BiN#\0Zx#s\"LsF\0\'{cw\"Lsvi1\04wt\rDDidg\0-(S6/(d2\0@K8sfP73\ZLc;\0h}tj\rUZGV.!dvu(I\04cyYAC3gq8gjLLb\0Y9=\r\rK\n^jPX<9v43;JI\04Wx}\nChIP9(N57uTh]Z\04GBDGa8q+x|8|<<8$a4gl\0-bBpG\"^o~s_vxt]`#Bb\00KS\rZNl0yjspxt\Zj~jj>jj>\nb\00KaE(QBt>j~jj>jj:D:l\0Mgm\" T}4hm0`|4jj~&P5?55\r7=B9	N#\0h`g-Z +SQppPP|<<<T0-q*Dv\Z1\0iHM=~4;c\r\r`\\a055MC0FQSSSpS|\n1\"\0G BjpA8;c5=\\pS|Aa\nT\0d#04c5T)cdv=;&9sU]|\\<<c5?557Eg*ClM\"\rigFUI!gu~Yp\n8/X||n?/xUPSS(@]E\0d2%AXM8`xpDp\nC3/<h,n~nH.\01&Jf;#+{<<|<<n,A2/|(>W}>j~jjz;\Zv%\0a)!c(hj\n4cp y|<<>p\nZqftj~n,<W<\\cy|t8g4T*\0d\Zw*<,0Ch8y<|00=V7?ceuGM\0@LO93\Z{yxxy>~>Bhg?2/yva0@[\'\0d))q,p|<b?;?/!L83>WXt|Fq!#K\0P\'SMINd}4<n:\Zjn5??75GA0aUOKk=7>Ps^B-\0dx)`Wg11p0t~h OnA!\0dVA\'8xGM+Fq \n$0HF\01g82MAO\nLqq\ZGMx8=0AL}5Yw\r\0qFyLCs\ZiGGMkZnn>C&(na]\0)LCPt4\\r>:>\Z&|<\\c81b	\03#(P4t4|t|4y|<,\'<~j?1DgA!\0~5i(~F:>7sn~~j<e3`1%	-(\0.@3)1t4<|t||\\9|5#9G\Zu	jA-\0pGMHi(@G>n\Zn>:q_fK\0Pp`GMMMTx(@GUMMGsAp<hA2Y\0%qQSS60.\'ril\0u	7.||4Ma~`x(7#PY\"%\0Kxp0=1p>\Zj<-NY\0%|8hAc\\!8~];\0u	~>>>njzhZ	,cK\0P0Q\r\0u	=>16\0.qN&\0%q0GpG>S*-@fdPl.@~\Z&KXXX!	\0\Z$\0ht3I\02If\0e%@A,@b3tI\0]\04+9%@do`KfW6C\0Q\"l.	\0%Ux$\0h\\%@p^#l.	\0%&	Kf&G6	oR!xI\0,{1\ru[$\0hlnwqKf&ks,g\0M&Z=>HM/	\0%[xi#,x{|;U%@dmWp\n[$\0hl1ZQ\0(q<4\\h%@34(o9*>KTP-p1CC,^\0 !:F%L[=2Y$\0h\n@6\Z2,^\04FAA	(cYe5Y$\0h`tag&p>\Z!P&K&S(p2,^\04QzNL#;G@m2I\02S-wB+s0sq^d7QL\0MHPh	x:q;\n7=5dPH&qhs=.	\ZhI\02Sgpn~q9z[n <\\(SK&8T@VuA]Pw9z[n |y-^\04oA?WMMOQpsS3s@Vv<\\&\0M47UP3p%z[n`CS?9d\0&w\\(snzS3p%z[n`C%@M^C%yMP3gh\rlh\"]M@-M1?\"g05h\rlhL([%@-&ONC\rz\\0Aqx\0hM^y88p&~DP3p\"yc,d\0Mo3SECM=>n~DP3puU2gL@mT4|gfmzXVyr\0h\"JC%7=75\ZmEO@)B/xu	PoHX.EK&SVqRxFueYd\04LiU;5B(0d\04bVy<o8La\0		4dt\'T0ss\0hd}FW?!(9wq&k^N0bb2\00OatKd\04`-iL@\nx$2\0Wo&ynt2\0\Zd\04` &AL@1\0\rb2\0\Zd\04` &1\0\rXd\04`E@\0\rXd\04\0h\",2\0\Z\0h\",2\0\Z\0h\",2\0\Z\0h\"@\0\rXd\04`E@^\r,2\0\Zj\04`W\Z\0\rx5\0\Zj\04\0hW\Z\0\rXd\04\0h\"@^\r\Z\0\rx5\0\Zj\04\0hW@^\r\Z\0Ej\04\0hXP8,mZP\Zq-o\0h454vzJ\rVj\0IIM+5\0$ZWi@h	$M+5\0Z=(oZ:7:Vj\0F%4\\	\Z\0@QRUpQR%^|Sjki@+90QRe$k+m7\0hI4R4,\\FyJ\r8P\'u+m7\0hE8PH37Vj\04tof\\HM+5\0A.Tot}3QOM+5\0\09Zi}39fBrQ`7j\04o9xj`y*3df5\0Z0/1S\r#73e4cVj\04U\rejl{h)\Z>R)\Z:r&MJH{Vj\04A$[rVDp`FL8\\Pf7\0<	JJ[=#3qfzq<||Ii@vwb\Z\n#Z#L2&C>_kf3\'GM+5\0)K:6mM`N<7X1#>LoZ\r**m)?hMCGVL+$g~J\rvq XV\'>NS)|CO=vLx.$(	M\0u8:N|iG8x)hyn\Zn~fs!MGYR6e\'R5s:H(w3C;&<|4\\0v\0&(pSXV)D>yM\r8<	>jjY+\00 wO,9	S<*M!sf)&\\ M\07: `W=*?w<\ZyA~|#ME	W$hqc)oZpCwl}b^;{|8xhhVa?CV4\\PpEmqio\0&\'UGCMGZ\nu:>*:HNMiW\0F`Wozj>\r7?E*t4:\n>n*:iW\0F.1zcxyj>q\"xx?>nnHoZpuVH;1?t|<,LSVsp7\n\0ob=PO,>>jj~.gvLAA\ZvQ\'j	bov\0n7h%U<|<|.(\\LC\'o\0z#9{>1MH47!CH!G+AxJ\rM7y?>jjj:nD:EQ#Yc~\0&O\nNhMI{+\0pG4	OCMCA\ZSMbu7\n\0obwQbOgg|<<4x(iDeb9lm\07X3$@\'U=>j:x\Z<rM\07XGu~u?1zaXscu7\n\0ob4>7?j\Zn~b^|F2C(kSiV\0F]pQSxXO+xUZZ(o\0z?t<\'jmcuu7\n\0ob;7555?1(Q4+\0p>Cf]O^ZGyJMwQSSO\'Jkki\0&;555|$uu7\n\0ob+hQSSSXbJ\\GyJM55\r:~bN\07Xn?HJ\\GyJM0755\r\Z~b^ZZGyJMy*]sM\07X`MMM}b^ZZGy\0&A\ZuG;1SkiV\0FS5QR\0Fb{>1SkiV\0F`5QR\0F`5QR\0FoMO(oZ)\0pMO(oZ)\0p&\'uuu7\n\0m	yz]sM\07[dub^^\\GyJ-6>1Ski\0`5QR\0xMO,T(oZ)\0pSE&X\'uuu7\0)b::V\n\0o	ej]sM;\07[dubYZ\\GyJMlubYZ\\GyJMlubYZ\\GyJ-2:Ski\0M\roubYZ\\GyJMlubYZ\\GyJMlubYZLG~M&6:Sk#i\0M&6:Sk#i\0M&6*1Sk#i\0M&6:Sk#i\0x`R\0x`XC\0pSMN,TZoZ)\0pSMJTZo!\0)&X\'uuu7\0)&X\'uuu7\0ob:t7\0ob:oZ)\0pSMN,TZJ\ryM&6*1SAi3\'v\0n7	ejJ{ IzM&6:Sf\rc2HC\0pSMJTR8&Gc!iM&6:SPB*#1i\0x`_4$u$q	Yv\0n7	VyZ-KHoA\0pSMJT\'M)\"E#QYv\0n7	DHICRDxHCMl}b\ZoV%DJnJFMl}bAJ\Z)&rpPDgdm!\0)&\'ii mV%N(36\0obTT1SWXIZhqRGxMl}byT<e%{M3\07<UT 6YIYW!KKm7\0ob\'G&@!{]\nW8$Zi\0x`x<LhN\r;naM+\0n7	y\n\'&(!Z5}*ZiM&6>1O\Z9$8C%VPTBp(o!\0)&\'I3].4WK-dD!Ml}b%.%-#\"FIIMdMl}b^@uRiPD1rw*o8f\0n7	EJ\\k-Qyb8$#F=7\0ob\\YoPU[#\'&B68+F=7 \0)&\'\Z\\2oxH\\!UF(oZA\0pSMO,!94:d21piM&6>=}br5dHe3cFy\nMl}b-P\'&{PjkXa0V\0obT\'&@wJ	$7+LM+\0n7	y&AX)UQM+\0n7	E\Z*!BH$wnD@Cy\nMl}bY#uXJrS&IUdz\07f>$BUL5#7HG}\nMl}bY3EXEh[*F*$7 \0)&\'5SKR}%LbV9I\07r|IhuiMe}bY#u$u\'5prM+\0nJmX&\'IchQ\r3@R=hBz\nR	e)fT/ (78o\076,%m_3WMp\0e}b6N5L5$4V\0LO,WG\Z[({\nR	eE,ip (oZA\0pS	`XNe5:V\0oB&\'SyO\roZA\0pS	`XNEkqevmt7 \0)&X\'uQpSMN,toZA\0pSMN,\'ut7 \0)&X\':V\0ob4w\07[e9P[c]kM+\0n7	y	u]3M+\0n7	V	[8ht\071\ZN\07].uut7`\0obl\09-YZZGnM&6wPbj]3M+\0n714h&uuu7`\0obv9h\"X5\0|Q::rf0\0n71[F=1Sk#i|#%uuu7`\0ob]cyj]kM3\07X\\W4pSH\\yj]kM3\078p`Q4\0|op`g+\'uuu7`\0obR`S:1Ski|@N>1SkidM::f0\0naMOTZ(o\0)av:U:f0\0n7	yj]kM3\07NMl}b^zCN(o\0)&\'u7\07N%:f0\0n7	y\rAyM3\07N#IMl}b^zC%:f0\0n7	y\r&:f0\0n7	y\r&	Ml}b^jKu7`\0ob:(o\0)&\'u78?Ju7`\0ob:x^i|`t	Ml}b^~bM3\07N%:V`\0To	y	\07[dub^~csy	\07[l}bNzcsy	\07[dubYz#Nu7`\0To	9@|/,6\0\":3\'llV`\0To	eo8z`XEI&Asz`XfqOV`\0Tob:`/a=iz`Xm\ZoZpSMJTo\rt7\0MN,To!5iM&6:S@)QzLJTupSMN,T7hqQz`4C,^G~\nMlub9FdM;\07&r_-	\07&z# o\0&X\'Q,7xM;\07I^G~NM&6*U@oD:v:\0n7	4$TZoBMlfTZoqiz`]ZzJ7t\0TobhJ:;!pSAWZZzM;\07.:\'v:\0n71y];8pS$d8pS+p$ryj]]M3\07Xr?1SksQ4pSN+sTiz\' `/\'u7]	qM3\07x]NF(/Uo\0{\n\\l:3~~izS.6:6]	*Nf:\0n7INw~	~LM5T\'Bz#N@+o\0|rxLM&\'Ti#r\'3~o\0\\v7.131~o\08g\'NoHzc=NM3\07XRZ$ySyLM&N@FN`Jp9uT4pST\rVWoD~SyLM&NhM?8|\\WRGSyLM&UNbTr=WJM,i@,N:\\q%[o\0V=*;qb~#5[^q{L4pS\rIyItvF\\J-_+-yLM5\'A|.!FT]sB#i\Z\'@\\Kqb~#*NWB#~LM5f5@ryb~#NvBcRiEM5$V|7^}y]L](!aRi\ZlG5 35OoLSq%;,M+:\0n!)8 ]$1d/us[.\\R\';M3\07`+)5}c2x}Y:11J8WJVt\0TCRrh<:_dJ}bn_]W]M+:\0n!)y,\\qkX9o7nb\07Ut+GoD]-r8iy[7Vt\0TST#0N,o9\Zf~zp!.-\"/\'N,o\Z.wv\nr8xD6|`]3wKfz*p*#`x\">|a]BY0Nfzzp*c%M>Hg:t\',\\M+:\0nYK>u^u7\0<wQ8;uw1tbyW+:Vt\0TSY>u_r7+:HIg:h+:Vt\0SY>y_?P uoa3XxKpA:Vt\0TS~s78IO,E8{)iEM=8R KE\ZkKWV+t7\0\'ze9VYN,u[\'q\ng\nlOoX$/\07t*F}3dzKr]oZpS/m5^fxkjrToZpST[=Je{WB\ZTiEM&RbC9	~kW\'0pVt\0ob#iEM&6*1Z\'(BoZpSMXBXo7h%M+:\0n7	\rxO8ou7\0&\'71[s p%t6\0&X%714u\07&F~7h4~`O+P^ZG~Ml}b~S\09]54~`g\rMl}b!]IMl}j4~`4|j]kM3\07-\nuuu7\0obAccJu7\0obqPTo$AQ4#\0pSM4:(o\0YNToH=	M\Z.:UwiF\0~@\'u78Ta$o\0v\n`NGwxx\0M&+QROf\0n7Nz}b^j#ZJ#JM3\078Nzb^zk=7\0oTqbNFBiF\0~oq`g:UaTf\0n71PQtzf\0n714:UaTR>7\0\09y(gK7\0C	y(g9f\0njPA\'7Ro\0b;C0/af9ZOM3\07X^<1	F%MS\'UobUx\0M&J3.e?\'0oz7\0o4@,)O(a\ZRoZ!\0pSkBgt&J7vo\0DmDVnY<1oyo=b\\x\nM,	J^)N8a`\'7DiF\0~(jDubnOy8\'M3\07tV\\FDahWN\'K7	x(SZ4#\0pA&{m#0|=\rV\07rj^(R{(O,oM3\07ASF$fWwq+QXS)\'J7\0i:CZ0	}zbyOyCf\n	l{KrG^7Ffz	(M\'M3\07C5<y9rC287	wIV81&-CM+\0nyC7}t=.1~\nfrPG)7eC3\n+(c\rM+\0n%C\r~L\Z_5b?4\'t%.1?i\0M39rJ%?1j\'o1\0i&=(kvC7=!h}\'7\0i$zoQi6Oe+&;>~bi\0M#J#%a+}W=DnM+\0n\ZS\ZJ\'Gpw]Q-1$y%7\0i^yL~JW.L|\nRb~[R}$y\nFU,\\}8r.ed8\Zv$X8xM#c.r1!9i8\07UG8[prW|]a:RIg	pRq%7\0iFD|+!j|3Xf8\07I[#2ZsDvQb~~o1\0i\\~cG11vQb~Iv\'V\04/Q_p.\r]y4,m1\0i8Cx$Ivh[V\04W0/%p$oB;.7\0i^a\\h%[IG8h6\0i^G}[8Z4B\0y`D\Z$J7\04obpRs9Phq\"i\0y`Y	(I\07&o-n%7\0i&\'7xi\0y`KI1%$:f\0n7	J(o1\0i&\'\nNMl}b~mQ4c\0pMOj$ Ml}b~Z(o1\0i&\'&-Z(o1\0i&\'qHZ(o1\0i&4ttN7\04ob7p w158M3\07{&NnRMl=H6:Nf\0n7	b`$yNf\0n71;pHoIf5i\0yNO7aM3\07M\Z{=1S7\0ve \Z\'uwRMlO:^M>\'uw(AxM\\91SE	`\'M3\078=d_NzQv4c\0p\nIO*ev4c\0p7l@\'tw=qp4c\0pa&{I*p4c\0p	`g9 M3\07(@a9p;Af	(-oZa\0p\";IIMI!=	~M9;zby~xNV\04ox`:%\'\'up4c\0p%\'v\'u<i\0y%\'N7&?JjmVNV\04o|`\Z5Zb~\'\'Di}\n\r$o^R=O7niM&FX4DaesZb~\'70\0ijc9\n+%>A]vR\07M	_\"91\rK7RiM;X$#\\\r38 opxIK70\0i`1C)GaeK$\'7q!mx\n\ZPQXv)?\'SBiMS]0|SHNo8A`J<N70\0i>C_{J90uDrb~	@$D\nu\\ g$/]Drb~y$iT oZa\0p}\\G\\]>%\'[|?\0]!}g-d/]W\ZjM.I\"IPRiM:+1(0+wMuI]J7M+\0n+2y{O++wo9M60\0iRjHX^)wj}I&;I	/1\0]+\\OqO;]\"91+9\r\07`Vze)7.0u)$oy-M+\0n1+3*yuqaO)wDrb~ws%uK60\0i+WQ]|%{(DnvJ^]n\\,Gau}\'{(SiM;W{KrB_m |/w|b~Ox	\rt\"$yvArr;\\puvj\'8J84\0lkW{k9;nZat}NXo=N70\0iz{_COo	\r|R\07.:W.[#oG91CQz+4pNjE !G>3vKXo}N70\0i\'FtH%;OXoYvuA\nw4;Ko`NyKo,M{T:Ih\'wvzs?@AYz~b~	8lF\0Wx.%6xj0Ro\0i&\'wqb9o\0i&\'7/1Xx,M&6>1y&\\\'F\0ob(IX\Zu7r\0ob[$mYMl}b~ce+u7r\0ob[8ITQ4\0}`73hu7r\0obnki}`K@B\07^\nuu7r\0ob4@z]sM\07r\0D&;Q4pMOd!o5Nu7r\0ob2PS (o\0i&<^Gy,M&68\"\riJu7r\0o\",Pt7?Q4pU?)\r>(o\0i4\\j%6&^)!YMvXD]b}D~,M&K9EWbr\'f9\0n7}IFL03w o\0i:p/\'QT)A4ptO7&i~,MO@b;K3\\4|i}o&`SyQfJ7r\0o\r6L-o)(4pi;-=aWBi%\r&@]b~_~_J-o\0ArruK	M\078MO{9Xy\07qnUb~O~%K7r\0 :t{^Nw\\B,_N7r\0 ob:J=%>/\'Vr\0 :2UQOVB}\\~JM`Awe]\'JM+9\0nm9p:j=%.s$= oZph\'LoI4_I\076<%zF=-\'w+)W Z|z-/)p@KOO(1g~N(3K6\0A$z7F\n# 	Pfr$oZpz7#iKv4s9)1N3AM#9\0nA/7&WA>G?XN9oXpjHdQ_Ct=]I;!L	M#9\0n!}odM]u]|b~OwRNHb\07}!]S{=]N\'4%6	i)4}ZsnskJ]|b~_QN3;!i$\r2i:;z}Ur$ygq~HdD!_7>^u\'v\'7	{\'7\0AFA28kzOic]])r~\'7	k\'7\0AA\Z{]7/^or6f-aip~ezIt/<[%t]W.1M	\r)aY4\0A?A2F\'<t/v]t]|bKoE	\rrzh]^x\\b>1s	(Y4\0ALp\\uEjyB^.1V42*8/wM\\?;\\b>1K	pbq\'7\0A^/@L\n}S:s{PgI.%4yn	?Mvunv9~b~[]b	Ms\rkWGn78JNqb~\\	M#9\0nWyV7{|dOo^zK;ipLji#8v[N75\0nAaA5:2So:1EpbipL:.\'<}b~-9I9\Z\07QCa~!CDI+Po\ZpLe5uM$6pz\\Y&M$6\\Ms\rMhp9$\r&6>1y\n(\\t\'\Z\07^Jrf\'\Z\07^Jc\r&6>1\n4;D~\\&6>1M\05\rMs\rMl}by/%(@Wipj`Xk	\Zipj`Xk4\\::\Z\07\Z.:\Z\07e]sMs\rMdubyr]K:\Z\07\"8pu]sMs\r\rouRfZ\\Gy\\y`8pQipM@Y:t75\0n7	;o!z]sMs\r\ro-p*T(ok\0 mbX8p$tuw4\0A@%uu7$\Z\07MK.rj%uuYok\0 mb6PlyA>\'\Z\07H\"qmi%u\nOK75\0n7=GB>1S~N#J7j\0 mb	8BNK7j\0o$:yM:j)!4\0A:X^ZBip7v:X^ZBip.6:SBuUBip~\'usBuUBiUiqPbW:1S0%U%DF5\0ne\"?1S\'LU\'zF5\0nPPl}b^z	f	Q\r}RRIy\r&VZK5[N7j\0oD2f; <M\Z\078v]k	VIQ\rMiWv]9<DIQ\rM:;K	VD~\r&Xjyv]+<M\Z\07]Ra{\rW-\'Z~\'F5\0n7]Ra{/!bux\r:@-:eB81qNDt4pNG@[:q#+>iN5(4pNG@[:JDq_tb~/y	k1Q\rtbz)-./}b~) k?!iTr]arxxOoW1zF5\0n1k,7R\\}f\rCpT1vNJho\Z\0AenW@pCJW1]N:E3T18/Q\rt]c|gh1ub&7%7j\0d|}]4[tP\'mW\'P4p.*9v_Snz\\WNoQvN(o\Z\0A!J#zg_Sns]UN:1e\\zf*iTLa|.@0x\\WNo1%J(o\Z\0AW0rDbQ1w;r:E[7<F5\0nZ\rsd<ub~q%\r)Q\rtAq-kLNxkub~`\'\rq	MstIMts<9w9.43\'7j\0K]nOoCN\"\\	~KY4W\0Awk];!c.U[$\n\07Aw7qGp#:xorIfuz\\1h\\ \\K0(~\'W*&;x	MstIMSe;Lvs0po\rdjk`P\r|bnpO-qR]	M\Z\07r@X2Nf07\0nW@R.1H\'	E8P\n\07GQi>Gyo&Qi\0p^#\")1\'J6Mst9B?ulOV7z*4W\0A)bS-\\qX<Qi\0pMJ7\0n7	Va)z(0(o+\0ox;J(\'<(Q4W\0A&X%wPdQQ4W\0A&\'wWB\Zq%\r7*1	\Z\\IeMsMl}b~\r&6>1}\\[2\Z:\n\07H:\n\07(o+\0Pob@b]sMsMl}bA3k#\0pCMJ8ut7\0n7	T8TZo+\0Pob&::r\n\07{ pluuu6*\0Pob<N\r\rdj]kM}M\ZN5IM\n\07\r>A\0pCR@AOJKPm\ZU\0v\'yZ6.<QMy:1S+\'iq~\r&3(QNT$\r&Nn/\'uZ)I-4\0pCPANDd\r&`zq\'7*\0Pobq`>1SbF\0n79;yMKJo\ZU\0r~b^~%q%7*\0PMOTmVQ\nT6>1SxZF\0n7	yM4\0pCu81S}ZF\0n7j;N&h)Wz\r&Ndg0/% r\'7*\0Po\r\Zqb^~%p%7*\0Po\r6-dg>QMbs:z2.O(!iTz/pi4;\'p>QjAij;p>DQj2,V2ivOD	<c\\M\n\07{+.Jx	2{\\M\n\07{+\'G+\' rF\0n,VrA=Wg\'Nm\\x	]9;)8QiTro` y<f>~zzp%7*\0P#\"/ 9}e\'7OoW\0Pc\"]n:xf 7.N,oc^	I2mM\njIq{\rut6~zHv\\M\n\074<}w_7s2J	yZ\07{j;On?<QoL	yq\'7+\0nkswg,b\\I8!M;>MoW\0Pv]tE;wMvqbxJ74xg\\	M\ngk0M}.crS.J(!My\ru7~wwn<;I\'i#NoW\0PWv8gNg>pv\\	M\n G~i	.gN7=\07A\r/u\'|M.{91\"/ohP4\0\rrm_ q^N3+%5	M\n y;~)G;PbY^WR%4\06q]siq\\>xIfrB~<!sv\r.a\\B~Z][tq.#\\*,|yKX(i^pC-;^1|h\Z\'a oH	xayJt:Tkg.oI\r\07T{oA\'@~CP@y\r=xhoAQyqNv0HoW\0Pm\r\ZkgrUN@D_pC7Jl>1D+@H4\0	yy%z[\rN~~`xq~\r&6>1/r\'<i~`bL	As+_pCMOKQZI~\r&6>1/=i(oW\0ob@iQ\0&\'\'5uu7+\0n7	y !@k_pCMOKu@5Q\0&\'1,Z(oW\0obpEy5Q\0&[Tk_pCM;P Ski~`Sk_pCMVYJ\\GyS~@$5Q4ZpCO,5Q4ZpC\ZE::F+\0n71Bv}bN\nMlv:1Ski~oq%::F+\0n7\r\Z5Q4ZpCp q\'uuO\Zo\Z\0.H`%uuJ\Zo\Z\0\nq5OowR\nM_8h<eIM\07(\\qb~\'UNo\Z\0eHAOmqb(ii	4\\&KYJS8iivLOm^bIu\n\'7V\0UXxT(ii~J4\'7/144ZpC*X+\nM4:M]O7<D\nMhM$\'w1~RqN\'7V\0o#rDbsR>i~XY|\\I+)8i~+ibE$%w. o<?A6(i~\r+\"I-1=yy	j\nzAyCBHAN\\o	t4F+\0n SD;~WP]Rb~	fW@Gs+)i^r\rSt2_	fmhG8)iV[7;N7kfTF+\0nr]tN>1wB2G;AiVzzmf~\Z_w{\',z\'Q%7V\0J`Gu]]sO8s	M\0xPCp/w5O+afqW\0h||]-.1oebT\'7\0nA]{=JN>1/^l	}T\0=~3n\"[7zfNhsy\0VZJ\rz_K>t}|f/NpKo\0JWZv\\wy>|b~S=sU	u!M\0!\nxO	vfA(;\0\'<DXw](w,>|b~k3qNo\0J+RZ<^],,\Z7t=Z9.	ydK4m\0JR<ys:rDx8{OC	i\0.sgc;;R>\'\\B+au\\M[i*gsK;3=V1v\Z\0US(yp8pNK=.u&OT9Q_\0p+\rNey.4[h\'.\\)(%7\0n,<ukNV8yzS\0V\Z<<rt7:#JV+1+l\0J#zPo#e)K@Jm\0J#B|H|b~G%6PZp+M6Hg91#HCyS\0V\Z2zb~_:FI\"Jk3_\0p+SnSn;VR)Iv/\0)zb~SI*[sHp\0X:v;&+ r HG}S\0VzK;!~&Td(o\0JobJu7\0n7	3NtM[Ml}b~)~&6>1]I8p:\0	-\Z(o\0JoX&\'77c]sM[Ml}b-h^\\GyS\0Vz`s w%uu7\0Job8t:F\0n7	[q!Sk_\0p+M(X5Q4Z\0p+M,H6::\0N~&f\0N[MNDej]sM\0\r%w5Q4Z\0p+@ANTco\Z-\0vR}b^zHFZg}hW<1SIet7\0Jo\"\0tb^Z<\0>S/))EM\0~3;K%F\0n7	HRU)A\\4Z\0p+AAM>O	f5pQ~h/tb~^#-$[ie q=b\'7\0J/(NY(A\r4Z\0p+&%\Z\'7\0ob]Zd\'[N5\"JPuNZoa\0Jm2\ZRMv81$D	j&N~Sz,zKJ\'2wQv|h&N(*.;1TO=R|h&vFk,{^Ou$K3*N\Zo\Z-\0[Q-^Zp))-I+\0Vjo5bP\r{^K\Z.%%H4Z\0p+LmnPpRR/)Gp\"iSk&PkB<GRIyrH\0G`=3V57SK5J*q+p+)^^4+GCOC_:O~b~S:@IM\0u]{}<N5%Joa\0}+sv)\'S4r\'70\0us+|`(8r	qb~q>kB%70\0us8xx:D/s0%G$z\0u9vxpNC{_kOy	qb~Hq\ZbDIM=[tK]=!ekOV%T$=$p	M=[rK}nY\\i^J;&-\' AJPoa\0A/w]>!/.]81s^0i9I\r<r;]\\q\\{sBKJ(p+ P+G7P<+\']_BDOI{pz\0tV^^3}r<}\"|`uNN[<C/w+1\\.GXtO$tM=[yLP]|e-9O,MKoa\0cn]at}UHGR6M91XIku1r{Wqo#>88hgd)\'z\0uo~{TW}ob2~H/\'KKZ70\0n }.N8QNo8A.iMOoa\0W,wwq.Hb?^M%Nz\0s ]x,#X}Nox/v\\GySV.w-7Aqn5v,,^x:60\0nkc8(rGVH:wb~/	<SI2z\0rO(/G^x;1}\0j\\70\0n=Ka~\\x#70\0nh	X^9g.iM&N^N>sIu(M=[Mcd\'w	\np+MO,$\Z&2*1k\'\n:z\0;aT@:z\0;af^Gy7*11%`9h&u70\0n7	V)F_Q4p+MOo[7*1^8hB]\\GySVn`@uu70\0n7	VyM(oa\0ox8h$uu70\0n7	V	h_\\GySVy`@=T(oa\0*ob6]8hh5Q\0U&SkiVy`_cSkiVyP$uuu7`\0*obv2hyj]sM#\0\rZ8hOT(o\Z\0Ul(6yj]sM#\0riNT\Zr~&=wZ	ITo\Z\0U:xHpyhD[M_81Sq]M-\08	n>1Sk]&D[M@O e\'6`\0*ob&bp!@}=1S(QO/QV(5NoB	H,4\'7`\0*+%4\'7`\0*N%i\"Joj\0Uk&\'K%jpMOO%#pv+\'L%i&Noj\0Uv%Lh(pNX 3R|S&N4NX 3hR|S&NcqrD[ML>qWNo>Afr.ND[MIX\'O3hrzS&{8No<2D[eVV|*{k\'7qR+LD[eLJ)^*5n+3{JSs>QVYu?Ki\'7~9)f.NySrM;{Kg%%hp\\\rreMq\rwwWw81JY%9Ooj\0UUr#s gID_twRb?)M>AVrMUs G>{D{|OOgQoVJS;JPo	\0*W^cps[EJ:D~rR\0rU1rs>[g$t}\"YTFz\0iHt\\DyIejNo	\0*W.-0:lyX`3N,o/%iT\0UM;exKgq+1^RIM=[AW*+r3J8<z\0AVW.	/t;qR}SO\0VY8LW)Z<k!]}b~q~GIy\Z\'7\0n1e7?Q#:=G	%iT\0UuS)Gq>oxS%\'f)N@.)M\0PWOp\rxm7q{qR}SO\0VImr{i	F-_=y\'iT\0U&}\rES9gHx]~b~qb4No	\0*)Rwre?Z\'\'{(L\0$s]Aux=v\Z\'o	\0Fv91?1+N)\nM=[%zQvS1sb~$y?%i+\0:QDo;\'Q\0k/o	\0*T6z5O\"/yD3\rm7\0n+IFYMWBzSO\0VieW8hKo	\0ob5NoL\0&F]NUuRySO\0V};M8+liT\0U(M8WT\0&6>1	\'hT\0U&\'7-\rt T\0U&\'u^IM=[Ml}b~/	.\\8)&\0pMOM^IM5[Ml}b4Rj\0ZkRRySM\0V}`$Yk&\0pM*YSk&\0pM5QT\0U&N%7\0n7	6Je]h$7\0n718pJT$hPM5[Mjy>sM5[MF	\"}ZT%7\0n746E:{T\'7\0n7:H~w6epM5[MFR=1S#pM5[M@KNH.Q&\0pNj/%7\0n7qrQBD\0&q a[No<:M5[Ml\'u7\\BD\0%|b^~Ph9Q&\0pN2&.QE\0V}8Ifi)M9|~S\0\n`(gi)M9Q~S\0&6:]R|m|D[\rv]I=Eb4%7\0oxvIzf\'-J4oj\0Us+%TJ[h\"\0p`lJI1.~\ZEM-\0j8=^R+gx9\\\Z?M\n/%\'7>qRNSt\'7\0m659q+AE\0&zW\\MsvI:qR};\'7\0$C^	XSXQZ:|R,E;L+E\0&nHF|s#KA::QR,^dM}2X-1Y\'NY4Z\0n&$/}7WF5\'Y/\'N\Zoj\0I\'$/._+K)1Yw\Z2UIM-\0jDo#OC+~\'J\Zoj\0U$Bsawpft]oN[b~\'<UIM-\07s!^79y8<|Oz \'7oT%7\0$Vhi|;%u>A[-1+>~RM-\07+{#Wrb~{]\"}4uM-\07+\".HgG<+}ANo<O.ihS\0M28l#8]rb~~$vM-\07+\"*nj+MANOw;AODdpsr,+uAN=%H\"\0p;[\"\"^3y}wtSDdp7y}tq~4%7\0$Vp.ofGrb~\'qR}S\0M28l/n7n?\ZOqBz4Noj\0I\'WX87]6sSP]qK91	IK8E\0&(G^qiQx|b~@qR}S\0M28Q\'s4D@>\'9LdpDWaqf_z%%Z\0n]j/!_zH4jZ\0nu8gC;1N M-\07`hq\rV;@rd0q\r~\'v.	fMMIc81s	]N MD\0&yoNMl}b~g\'4hx:J\0n7	]J\'9hQD\0&y2>1K	M	\r.%7qQT\"\0pa`<xq%u7\0$oX&\'7?@:J\0n7,[hSMl}b>	F]\\GyS\0M&6>1Qz(o*\0I&\'@ckD\0&y`XMl}\Z\n\\zkD\0&y`XA5QT\"\0pLqNMd54hn::\07I[d-.qmuuu7)\0n7IN\r.\r\\NM$OT(o*\0Il::J\0n785&M&YA	?Q5\'x	M\nM\'uw/AA	M%\07I8qb^zB.NoR\0o\0|b^%GJ%7)\0n6eN53\'[JXoR\0ob@Fqb~sN\"JTC\0I`\'N$L/%JoR\0orvk\'-%Jo*\0Ig\0	YD9U	M%\07)o}b~O^D9TU	M\nc{%%JoR\0ob\'-%*A\0I&\'wOK;Q	&M&knW=|B,\\\Z&M&X3~b~G	Tf\07xlG\\,(\\Bz&}o`Yv/%PJoR\0ob	$;^J%r%7)\0n769n;br	tr	M\ntuXOd|;^JM\ntp[qjb4\071r:/o\n9/\'w3%Mt9Zn4>9&g|uf=\\I)\07{4e4#s.p=?>1{jNm\0jC_}Od?]OO>!fD:t\07qr5o287=]WNO(!\07*c-w9#_7]MQh:(!b*iUn\0&\\rrM_\";E\'%%JJo\0sW=P%7	\0na-.w;9ORwt.%z%$\0IWKs<-%p,\'$\0IW7teL)\'mKYJC9AI\0pkOxQ8-<^8w:|b~7_I1K$h\'7	\0na-w9S}w]<^8wsz\'$\0IW`JW+yjs]^NO$\Z4\'7	\0na-xY>NCs}\0&\\r+qM_wkg~WsvK*)9I\0pkwr0_#D}b~/	D\07\'L4h\0Y81wRN	D\0781ikyTVvy\0&\\q]mQ\rIk]\'7Iy\07kc/s?kybnq%;)zb|\0&\\\r+mQR>Q\nrMt+s/FYN,xCho\0\Zco)ke\\#\Z\\{}\0XH{ca].Nj\\[M[Mq\':S]v%{JP$7	\0n7N.1$yOi\r~\0xoM:\07i1\Z:\0fE%7~3\ZI\0pkh2A:1I8P$&M&dtb~z4IyM[C4ht:\0&!5Q$\05&X%71.PpAkI\0pkMOobVkI\0pkMJEuu7	\0n7	X\\Gy\0x`@,)5Q$\05&opU^\\Gy\0x`p^Z\0{TS@\0+LN4#AI\0pk5=)SNTrv}\0xW@>1SD9Jp	M[M2f=1%%f(Gn)j\0x;Mub~+HU\'7	\0n7]-T|M[M+#rD&&a`OoH_ZJc)I\0pkO3k	}0%Zm\0\Zo@b81!R>\0x3ME)n-D&&V\r6qgj=Q5D&D\\LW\'Gh\05&e?1\'|E#No\0\Z`kr\'7	\0n\rX	HXfD5m[\0<_>1KmU\0\ZoX::HX6q8y\n[\rKG}b~+%|i\'(Upkam`}b~%|iOoU\0\ZoXi@<r:-N4\'?Upkamsbt[/Ks)\\	\n[\r*&WJ\\Nc]\05\np0*&+O cU\05{0A1TM|2V	\n[#p0\n,yrX:N>1%])+rRza^]:#^}u-iJ=:vDI\n[#9dq98w[R;L%#NoU\0\Z{]Q:a`vt(uM.f&[\0FwOxa7\'$/L%+%*\0ny*\"$;cI.QbzKp3F*T\05LFs\\8;_g2x}Y:1H}\n[sIS}d\'12RSx<8__<QnVWX\'7g2R}znWO8;.]}+uQ<Qz<x	$MRXrNoFYK#s~nDW/T*u\ncOc\'\05a9v	OoRy%\053+/+R]Rtb~\'\05\'gGW.7s}9:Ii[\0t}kk&NoR~\'Q\05W}]8;7rOe\'7	z[\0t>o{7Oo`NnNP\05{97}5\\q C-!rws\ZI\n[spKMx:f#0^j4q\Z$V9\\,<n9,vrb~c}N9iUpk<#=sy1(vpDrUpkx\\MS8f\"_G=1J>N `P\05\'!pFy+vb~G~mq UpkNw\\-n+HG?1K~\')b[\0rOuD;)6[\08A@\'u;^FRUpkMOT|`\n(z\n[Ml}b^zAf\n[Ml}b^zSUpkMOTfZGy|`V&6>1ACQ\05&\'2p\Z(oU\0ob&:[\0FkUpkMOk&]V&6>1_f^M$oU\0obpo]3vN*m\0ob+P:UF}I\n[MlV&:Ur[\0{%ut%\n\0n7	E$yz]#EI[Mlr+!SR[\0]4Np\'\'Jo\0ob6q`w)$^No\0m1qb^~{\n+V)=yKTc*\0b;$Nf(z9)U\0pk:Nf](\Z.)U\0pk8UOTL(\Z>U\0pk:\'Ko\0ZoM!:%O*o\0ZobdC?1SrkV&$r\\D)jX%\n\0n-\0rv:L-\'%\n\0n-D}bYD1VVj2.1%L\'%\n\0n-tLKo$L%\'\n\0n-mX&H\'7t3(r.U\0pk	`rif(Q].U\0pk	 xg(Q9U\0pk	mU.1Rd^vx\0zo=f>qO4#4*\00Tl>LK4h~\0z+ >A,bc-1/sf`41U\0pk<1hpl\'73%Ko\0ZC^k7z%73%*\0G@FD0z4^@G)1U\0pk`8	ny5$Kn;ki=L]V^z\nj\'73sF-IU\0pk\rc\\{]KW8kqYOogOJ*\0Ub\\VRFwuz\'Q*\0qe	\nnyl[32ZI[kp.pu\'7g:ZI[kphq<M9TGs~\0\ZfWV4>.kwOop\'-:[\0cDURvreQ5\'Ko\0Z\rOYOopTFwz\0\Z0^y|ru\"<t]?12^RV5+WzzwO9)OQz\0\Z%W^]UX\'b~jm\\xIy\n\'\n\0n!,6ue[Q>p|\0\Z=/+kj};\"iIy\n\'-m\0Z\'&[{D?1iQR[kp%4>.VKNJS:iU\0pk\rdawMr35#Q.Nor}w8)Mu|\0\Z=n]~:#P\'7(]9A#U\0pk\r^94n0V58DyS\rPmj\0\Z/\\	^fC91NNJ\'5P\"*\0	7w-2PNo\'hH*\0F gC=1N\n\rV5lh\'7	J@[\0V\r{WR~\0z2>1{[MV>o8pk	`\n}\rPV``[e[MvQfRpkE&X\'7.u[-2:1p`AQ\0&X\'7RJ!Y\\Gy+~LJo8pX\\Gy+jLOM\\j]s[Ml}bhY\\Gy+~`H4(oe\0ob::[\0\ZX5Q\0&KT(oe\0obl^Z\\Gy+~A	?A5Q\0@5Q\0Mej]s \0l:x~+~w`\Z\'uu<NRoe\0ob;r\\	NfUX/ipkuTNf=W$\08t:8)p|+~\'	(:PRZ\\|+~ok8\'/N\Zoe\0o\09N[\0\r4:Ub8ipkNop^GH\0r(W\'2\0nUN\'7XIf9A8H\0aKs;.zb~SfO+n[\0XG[6%*NU>X?pkuTzb~S\\1\"H\0q\\=1zNI[MbF\\.0zr+>\'2\0n7Orzb~Oi}j\'yV&\\._i}h&[\0X{;Wrzb~Yw\\x+~+7JJX\'/oV/ipk:c0\'q#+h:1i}+;Q.Koe\0C(1MWjqb~fuW\\2\0cD[9o_$\'m1\\Zc?Q,[\01}	_W*s\'uI[;53{}+s9||y]D>1Yg%2\0nj7\n*%snsn=|bZ$V-5>Q7y3.~OZ)wI\ZE	=$V-51dS{Vi-0O,|\ZV-51Ayiy\\W]\"X+[j#}M878%2:u2\0nW&o\\X\\Ws%]K,P`[j;	$nggOvs|Mkr\"2\'\\	eoe\0RM<1ZzqK}_]s?O;YhB\n+[jE+./8Y{O;_Y\Z%XJ\0b\\k+~]n\'w_}\\:[	\0 sV^<WTR9;w<u#{?$1JL_N5p%\0pKM7?/7{S GP}xwNg}+\Z\\C}WW\\wqu8CpO,Cp8$#Ncqby+\Z\\C}\'~T\\wz)q8K\Z[	\0\nk/eDYC+V-58D&|G2O~oN@#XJ\01{7vG%wG/7>]H%\0n!!gGUHNm%\0RC\\	mpl=1{#9`\0pK\rs%|yKg)1;%[j%z;XQopV-ZOKoVyS^7[	\0P]<\")k\0\ry+z`gQ,9:8p[Ml}byOR&P:[	\0<tq\0pKMO4o4vm:[	\0<	4\\e[Ml}bK=f4:[	\0f\r\Z|[Ml}b~jpuu\0n7	t@MV-&6>1uu\0n7	yR\Z(o%\0Robh\'uu\0n7		_[	\0-\rN94)\0pKMqZZJ\0&VSkwz+z`=T;\0pKM4:tQ#hJ\0dp:U(-%\0n71\nkZ}+zq`NT#hJ\0vT Osb^ZDV-&<(OT#_hJ\0bN9R	[MTD:1Skt}y+z\'!]vyOa@J\06:Py=H	T[	\0hb<1Sn)ApK	)@}91S+QrV-fv|v:{\'_JJ\0R)	NJ	=\'hm%\0\"bNozI	=[	\0ujT}QB;V-&S\Z>1vGGZJ\0t	$HV-&5gH;1rx%~R}+~a)^ {]7>?\rK$o%\0oQ${]\'4!A[	\08I3R:#J%\0nh\ZFI%7|oF.1pKEi\'EH!-F.1pKyHz7CgNo}?FvbzCHHzRxXo=S.-=d	o\r{wb~s6J\r\r[z9^FYnBrM;K\0u	KM#[Qs7;1S~	}\Z\0Qn8;j9u]DMT;hJ8IpKu	s <w|luweM1l}XD)D9\Z\0PpC=tw7K)	7Gj\Z\0i:)7%=pD5jI\r\r[zp8<\\(f957a}NoQ$-=Z\0SnRXMRwhF-IpKNys@q+	sb~=8$-=8Mx`tS0Ny>|2ZI\r\r[zpKTrkgGrcOwwb}Nob>9VzC=rxr\\|~){8\rO@Gs~C&<U<</\rSy7%8ipKy	OUtrooxGx	tt\'74\0n#/7q}y\rv9\\vxG<=Ne?NZoh\0G^nr{w)w<q.xt{1Noh\0/Yna|/E:7\'xi\Z\')4\0^k9|eQN5.K@,ipK~Zn=gj\n;#_v;]qwv-=8]-7yWQNjv.-=8]q\nmk3mG=1kwq9A#TpK6Gv$\'7\rP\0@/\'\'	%7.47\Z\05NS5\';H	~C~`Qy4\Z\0&%[x+KzC~`MpKMOoz~c&Q\0&\'7To\\8plu74\0n;U$(oh\0Lo	E\\:o\r\r-6>1m$Q\0b8pcK\\GyCfzM`9]c\r\r-6>1\"47h:\Z\07[l}bd8ZHG~CfzMOP	UZ5\0bSv\r)\Z(oh\0L&o`Q%]#)HzCf&6D8hV5O74\0n\n(6:\Z)\0L8JuuH#oh\0Lo1;4N\r\r-b\n%uuUJ74\0n71[\r)1SkyCfzibK5WI^\0p33	Ou8P\0:6PXH9D	&NA_)14aOfecJ6\0n7Dv=(S6yCfzop k%^D\'\n\07x9TwBO\'\n\07h~b~i}%\r-Nh+W%\n\07~b~iyVJ7\0n&Pfm9_o(\0L0Xdtb~reJ{K&6*1g	\\\0p3MOsgi-Go(\0Lo$81gLqzCfzo+\'$/V+Oo(\0LoBl}cN,W%	\rMb#NI^\"fi=\'7\0n7*6BK~?!\0p3$|81.;\"&7\0nz7\'\'x*,pr-F56;qg1qXeD,a-F(\'=<Eb\n\07r\\m CN+j~\\\ripkHv+uiyr>QMD4%C.u\'?\rip6uOoSf;LD488F &7c}s|b~(.LD48(}3~O\\\'(NZ~Cf\Zx-\Z\'wK7+	t\n\07-e?Ap\'wyN6:\n\07?yD|b~q^D48cr0\07!7\'7/J7Iy\n\07SD7a]v-x(Q\0p3\r;[ucw|b~DIy\r\'7\0nqgV,w\'I4.e}Iy\r\'7\0nq+nqI;k|(Nw8)Y|Cfwb\\#;w|Oq]~b~G	\'5(P\0+V[CF{9N;)DYrj\rW/edxN?1hGIi-\'7\0nqD<^Gv{=Nw_h|$k~	z-Nho(\0\\z H}b~W{	t0P\0GtW(3l\'w0.AM#7\0neWZc>1yw	:-\0M6\0nZe6[v^j6\0nAg>11)AOf[K\n\07[cc:11qz:!\0p3Ek6~_IA7\0nF8k\r.x\rMlUb~K)hp#\0p3MJoz~+Xo(\0ob$_	h\\)#\0p3MOT:\n\07AP\0&\'2uu7\0n7	-\r\Zo(\0obl%7c]siJo(\0ob@u&6>1h5b&6>IY\\_zf~`AwTk^J@oP\0ob7\r|uuI%\07[h@k#SkN:QbAp3MA9uuIO7(\0n71&P$uuU[J7(\0n71\n:-%\07(\\L\'uuUZK7(\0n71+Pl:*U\'\07T5Wn=Ap3uUTOT+\0:$.91Skzzf~\'J`yj]s\0789\'uO+\0[2lN5\'7(\0n78P)+iQzf~@>1S5y	\r\nyq`g91S>il^~f\nb:%]JHoP\0,9Af\nW\"]`IO+{\'7(\0nmb[NTWvP\0YbKWR]\0Y,6rtTV\r\n-l\'KLIy\'7(\0nxlqb~?ADLf;\'U8Aph/(S5S=~Z\07J+po-5)\07ry&No93N4oP\0,-`(S6\Z4EA:-%~D\070XJn<sp@\'.-IhVuyffz9qQGI:1_>|Z^?QD28>|\'wSt:B~D2|L\\\\a _|zORR%7(\0nyQFJooo}81_$NoP\0,G^u]\Z81Z	)\07Isu@]pJ\'wj	%\07Iuk}%w+j\nP\'uzfb_(	qtFT-0.	-\'7(\0n!Z~n_T`lgG81p9\\	5\070-=ar:O:QApo*u|]\\S|*	e\07/KT]}oRN:1KK\n/NHi8QApN&~{]p3Jo\'pxf<uo&>\'k\'~N\07c-}]k\\]|>g]]b~Y{\07_LN(8IOod%\0YW:q75~x8ASB[2*la.\r<s@`&:idU%7\0nUU/yCsj\Z\'^U3tf\\E^\'-1x{z	\"7(\0nU^ ?X<1}{p	t2KX(1}E.o\0,X>1k\'$Jo\0,oJ:1%%p%\078\r4@\070kDn3@SA\00j`f):\06	(\\jVA\0pMOoDI>4)Q \0Y&\'7TD&6>1m\r9Pu7\0n7	\rnWy(o\0,ob<hkA\0pMOo46x]s\rMl}b^4\\[j]s\rMl}b>uB_\\Gy\0fiMOAC_5Q \0Y&oM@ASkA\0pMhSkA\0p&SfSkA\0pMw@JNK+QSk1DA>1Sk\nIho\0Lo1NT+$7\0n6!Ns	\rM\r5;!A\0puMHJ\'u49i|B~\0`b}@CNTP%7\0&7\ZJy*UD2hK	\rM(8X\'uUN* \0X9WpRkyzD	\rM.NrKIi|qkW:A/ \0XA	&++WJo\0L*srU	*|qB~\0`b}tuTV:)M{Oo\0LojNJ	*RB~\0`b}4X)11RuP \0X	NbKJU	j/j\0`b}ow55mA\007u[rU[KP6\0&71@kk5Q(A\00rv:[RI^J\ruj!b9S(N=1SO\\>No\0LC^Pk\rv:]z yD\ruppmr$J:]z8A\00!KBo3\\G2AOSO\ZqR\Z8A\00.y9-GS8WAOO o\0LM>yi&u))h \0X\'Gt\\xz5/ZO3P{\rupynnSnI5gO:]fR\0?k9\ZKpRZ^m`bIp9(z3zt</ZqRz?i0pVrpx]zb~pN$+qm`b/wwr_a+8;t?J@\0XWw}/ztM]zb~8IN\Z+;i0n%7/:I=1WSr8Vvy`be,Mx/:[<\'^IR+;i0n9Xs|rB~{8?\'vIje\'7-\0&&j&/]\\<~?.^9.I:c]/Eu]t{\r?!.ID:owr_nr_S~BD*/ID:93gO}h+~B!/ID:93gO/wvA^Nu?!&=J8i06wNq+}>>t@3k~,U^DO7w_*B3k~,U^Dh`[?^)\\};]\'R%U`i0-||YNj/rD[oZ\0LtHz=U~/]z&i0#6|$i\018IbONA3A\0z*P\0Ml}b~cOLmqu7-\0&\\pgjW@zM	&6ARbFpb\nm(7bM	&6>h#8UIf^Gy`MOo:JtJ(oZ\0L[l}b~C|XGy`b[9IcM	MOoE4EE&X\'5Q\0F8Pluu7-\0&-2:hki0o	4J:\0`|j\'x]#M	L9PjKF:\0&6\nDVuu7-\0&Ml}&uDM4\\	M.\ZAC\0&f\'M)1%b]#(\0&fS.\\\"5-;i0ob<\\b^ZtNHuf O\'uuA\"J(oZ\0LX/%uuh\07qR$yj&%i[JoZ\0L8@a\'f:iF7:P,\'uNZT\071P>!i0obp`OTk%KHoZ\0L\n|v:\ZT4\0%2!:i0%`KSWP\0p\'u5NZS8i0obX8JS8i\00obtyj4Km\Z\0LM:\Z;\'i&4\07qBfMW^\"&D7qo[]+NKo\Z\0LxysOWjNbM.D2^\'7\r\0&M781_S+LID0781\'D2\r4\0x97ik.rb~+{\\Iu\0>$T\'/#^T)i\00h,w4.s*y\n)qRDW3y3qlr[[nM4%7\r\0&<lro]^z4kqR}\0`]L=pVKIi\08^IyM}{}uewzS/)O[R}\0`..V,w;P7NKw~RvW|qe\'iKo\Z\0Lxc.}7~{Gzkc0]\'+k)i\00cz{CgK;nOouq\'AJ*o\Z\0Lxt}%cnM\'byD	j\0pZy}a3<L4Un\') No\Z\0Lxtsg+0D)}_a \\xkgqb~+TY(VSs}9y*szko4\"@uRz\0`[pbL/	s>:OO|\\[;NJo\Z\0L>8Si.<:c9shKLzP\'7\r\0&zLT\nv3;1kDJ4:)i\00V9wS>{ab~X0~IM0y}W2vFD3\0dL}Jgko5.QH^{sH$Yv,rtxD5\0Nn~A@_m5P%7\r\0&\\m59vnQOoy3?QZR,\\]SAOm>Nq%`o\Z\0L>5k4kVNoq9UmU|\\bv\0O\'K	[91+9>\";v!o<6qb~W#1D!4o\Z\0L&N\r	=Dob[>jc\\[J.4NJo\Z\0L&6>1A>0KIIM&\'|7\Zh^G~\0`7	\r+y/\\G~\0`7	\r+jSO-$_G~\0`7	\rSwN(4\0Ml}b^LM&\'.@(4\0Ml}b~WBo\Z\0L&6>1	pmuu7\r\0&`\"54\0Ml}~Z\\G~\0`7		\Z:y]sM&o(To\Z\0L&6~Sk#i\00{(6::\0MWZ5\0M-Nob@\'uuu65\0&a&\'utu65\0&z5\0MlG\0{+OT(oj\0L&A?I5Q\0-u::\Z\0S	qNov::\Z\0S\Zl::\Z\0Syb^Z\\GyS`x@tb^Z\\GyS`Ao2\'uuu75\0\0y7>1Sk0XNo	yj]sM\r)MOT\Z(oj\0LMl}bNo	yj]sM\r)b:U:\Z\0S&\'utu75\0xMOT\Z(oj\0L`5Q\0-2:1Sk0No	yz]cM\r)&X%uuu75\0x`5Q\0x`5Q\0Ml}bJZHG~S`7	Vyj]cM\r)&\'tut75\0x`5\0Ml}b^Z\\G~S`7	yj]#M\r)&X%uuu75\0x`5\0MlUb^Z\\G~S`7	yj]sM\r)&X%uut75\0x`5\0Ml}b^ZHG~S`7	yj]sM\r)&\'uut75\0&6>1Sk#0N\Z\0Sk`5J ;(oj\0L&6>1Sk\nh&)&\'uu70\'%\0L&6>1Sk<.]\r)&\'uuap\0SMOTaWob:IEp)&\'uS5;)&\'u7hh\0Ml}b^h2\00E[l}b^z-i\0L`@cb4]\0S&\'7h,H\00	Mjs`\0L`W\0S&\'9ho		{4B\00E[l\Zf\00[l\Z%4\0L`O,\0-6;.\0-6a\n2\0~AUo18PXo15\0~iM\Z\0Suq e	\0SEz=68\0~\'(@b\n\0SSM\0~o,9Pob)\r=\0z& \r\nWK\0S-\0Lm\\2@\0\rJ\04(@\0\rJ\04(@\0\rJ\04(@\0\rJ\04(@\0\rJ\04(@\0\rJ\04(@\0\rJ\04(@\0\rJ\04(@\0\rJ\04(@\0\rJ\04(@\0\rJ\04(@\0\rJ\04(@\0\rJ\04(@\0\rJ\04(@\0\rJ\04(@\0\rJ\04(@\0\rJ\04(@\0\rJ\04(@\0\rJ\04(@\0\rJ\04(@\0\rJ\04(@\0\rJ\04(@\0\rJ\04(@\0\rJ\04(@\0\rJ\04(@\0\rJ\04(@\0\rJ\04(@\0\rJ\04(@\0\rJ\04(@\0\rJ\04(@\0\rJ\04(@\0\rJ\04(@\0\rJ\0e\0hPA	%\0\Z\0hPA	%\0\Z\0hPA	%\0\Z\0hPA	%\0\Z\0hPA	%\0\Z\0hPA	%\0\Z\0hPA	%\0\Z\0hPA	%\0\Z\0hPA	%\0\Z\0hPA	%\0\Z\0hPA	%\0\Z\0hPA	%\0\Z\0hPA	%\0\Z\0hPA	%\0\Z\0hPA	%\0\Z\0hPA	%\0\Z\0hPA	%\0\Z\0hPA	%\0\Z\0hPA	%\0\Z\0hPA	%\0\Z\0hPA	%\0\Z\0hP \0 \0 \0',1,6,NULL,0),(19,'LISC TTM SPECS.doc','24064','application/msword','\Z\0\0\0\0\0\0\0\0\0\0\0\0\0\0\0\0>\0\0	\0\0\0\0\0\0\0\0\0\0\0\0\0\0\0*\0\0\0\0\0\0\0\0\0\0,\0\0\0\0\0\0\0\0\0\0)\0\0\0\0	\0\0\0\0\0\0\0\0\0\0\0\0\0\0\0/\r\0\0\0bjbj$$\0\0\0\0\0\0\0\0\0\0\0\0\0\0\0\0\0\0	\0.\0\0F|\0\0F|\0\0/\0\0\0\0\0\0\0\0\0\0\0\0\0\0\0\0\0\0\0\0\0\0\0\0\0\0\0\0\0\0\0\0\0\0\0\0\0\0\0\0\0\0\0\0\0\0\0\0\0\0\0\0\0\0\0\0\0\0\0\0\0\0\0\0\0\0\0\0\0\0\0\0\0\0\0\0\0\0$\0\0\0\0\0\0$\0\0\0\0\0\0$\0\0\0\0\0\0$\0\0\0\0\0\0$\0\0\0\0\0\0\0\0\0\0\0\0\0\0\0\0\08\0\0\0\0\0\08\0\0\0\0\0\08\0\0\0\0\0\08\0\0\0\0\0L\0\0\0\0\08\0\0\0\0\0\0\0\00\0\0X\0\0\0\0\0n\0\0\0\0\0\0n\0\0\0\0\0\0n\0\0\0\0\0\0n\0\0\0\0\0\0I\0\0\0\0\0\0I\0\0\0\0\0\0I\0\0\0\0\0\0s\0\0\0\0\0u\0\0\0\0\0\0u\0\0\0\0\0\0u\0\0\0\0\0\0u\0\0\0\0\0\0u\0\0\0\0\0\0u\0\0$\0\0\0$\0\0\0\0\Z\0\0j\0\0\0\0\0\0\0\0\0\0\0\0\0\0\0\0\0\0\0\0\0\0\0\0$\0\0\0\0\0\0I\0\0\0\0\0\0\0\0\0\0\0\0\0\0\0\0\0\0\0\0\0\0I\0\0\0\0\0\0I\0\0\0\0\0\0I\0\0\0\0\0\0I\0\0\0\0\0\0\0\0\0\0\0\0\0\0\0\0\0\0\0\0$\0\0\0\0\0\0$\0\0\0\0\0\0n\0\0\0\0\0\0\0\0\0\0\0\0\0\0n\0\0\0\0\0\0\0\0\0\0\0\0\0\0\0\0\0\0\0\0\0\0\0\0\0\0\0\0I\0\0\0\0$\0\0\0\0\0\0n\0\0\0\0\0\0$\0\0\0\0\0\0n\0\0\0\0\0\0s\0\0\0\0\0\0\0\0\0\0\0\0\0\0\0\0\0\0\0\0\0\0\0\0\0\0\0\0\0\0\0\0\0\0\0\0\0\0\0\0\0\0\0\0\0\0\0\0\0\0\0\0\0\0\0\0\0\0\0\0\0\0\0\0\0\0\0\0I\0\0\0\0\0\0s\0\0\0\0\0\0\0\0\0\0\0\0\0\0\0\0\0\0\0\0\0\0\0\0\0\0\0\0\0\0\0\0\0\0\0\0\0\0\0\0\0\0\0\0\0\0\0\0\0\0\0\0\0\0\0\0\0\0\0\0\0\0\0\0\0\0\0\0\0\0\0\0\0\0\0\0\0\0\0\0\0\0\0\0\0\0\0\0\0\0\0\0\0\0\0\0\0\0\0\0\0\0\0\0\0\0\0\0\0\0\0\0n\0\0\0\0\0\0\0\0\0\0oY\0\0\0\0\0\0\0\0\0\0\0\0[\0\0R\0\0\0\0\0\0\0\0\0\0\0\0\0\0\0\0\0_\0\0\0\0\0\0\00\0\0\0\0\0\0\0\0\0\0\0\0\0\0\0@\0\0\0\0\0\0\0\0R\0\0\0@\0\0\0\0\0\0\0\0\0\0\0\0\0\0\0\0\0\0\0\0\0\0\0\0\0\0\0\0\0\0\0\0\0\0\0\0\0\0\0\0\0\0\0\0\0\0\0\0\0\0\0\0\0\0\0\0\0\0\0\0\0\0\0\0\0\0\0\0\0\0\0\0\0\0\0\0\0\0\0\0\0@\0\0\0\0\0\0\0\0\0\0\0\0\0\0$\0\0\0\0\0\0\0\0L\0\0\0I\0\0\0\0\0\0I\0\0\0\0\0\0\0\0\0\0\0\0I\0\0\0\0\0\0I\0\0\0\0\0\0\0\0\0\0\0\0\0\0\0\0\0\0\0\0\0\0\0\0\0\0\0\0\0\0\0\0\0\0\0\0\0\0I\0\0\0\0\0\0I\0\0\0\0\0\0I\0\0\0\0\0\0\0\0\0\0\0\0\0\0\0\0\0\0\0\0\0\0\0\0\0\0\0\0\0\0\0\0\0\0\0\0\0\0\0\0\0\0\0\0\0\0\0\0\0\0\0\0\0\0\0\0\0\0\0\0\0\0\0\0\0\0\0\0\0\0\0\0\0\0\0\0\0\0\0\0\0\0\0\0\0\0\0\0I\0\0\0\0\0\0I\0\0\0\0\0\0I\0\0\0\0\0\0\0\0\0\0\0\0I\0\0\0\0\0\0I\0\0\0\0\0\0I\0\0\0\0\0\0I\0\0\0\0\0\0\0\0\0\0\0\0\0\0\0\0\0\0\0\0\0\0\0\0\0\0\0\0\0\0\0\0\0\0\0\0\0\0\0\0\0\0\0\0\0\0\0\0\0\0\0\0\0\0\0\0\0\0\0\0\0\0\0\0\0\0\0\0\0\0\0\0\0\0\0\0\0\0\0\0\0\0\0\0\0\0\0\0\0\0@\0\0\0\0\0\0I\0\0\0\0\0\0I\0\0\0\0\0\0I\0\0\0\0\0\0I\0\0\0\0\0\0I\0\0\0\0\0\0I\0\0\0\0\0\0\0\0\0\0\0\0\0\0\0\0\0\0\0\0\0\0\0\0\0\0\0\0\0\0\0\0\0\0\0\0\0\0\0\0\0\0\0\0\0\0\0\0\0\0\0\0\0\0\0\0\0\0\0\0\0\0I\0\0\0\0\0\0I\0\0\0\0\0\0I\0\0\0\0\0\0\0\0 \0\0\0\0:\0\0\0\0\0	\0\0\0\0\0\0\0\0\0\0\0\0\0\0\0\0\0\0\0\0\0\0\0\0\0\0\0\0\0\0\0\0\0\0\0\0\0\0\0\0\0\0\0\0\0\0\0\0\0\0\0\0\0\0\0\0\0\0\0\0\0\0\0\0\0\0\0\0\0\0\0\0\0\0\0\0\0\0\0\0\0\0\0\0\0\0\0\0\0\0\0\0\0\0\0\0\0\0\0\0\0\0\0\0\0\0\0\0\0\0\0\0\0\0\0\0\0\0\0\0\0\0\0\0\0\0\0\0\0\0\0\0\0\0\0\0\0\0\0\0\0\0\0\0\0\0\0\0\0\0\0\0\0\0\0\0\0\0\0\0\0\0\0\0\0\0\0\0\0\0\0\0\0\0\0\0\0\0\0\0\0\0\0\0\0\0\0\0\0\0\0\0\0\0\0\0\0\0\0\0\0\0\0\0\0\0\0\0\0\0\0\0\0\0\0\0\0\0\0\0\0\0\0\0\0\0\0\0\0\0\0\0\0\0\0\0\0\0\0\0\0\0\0\0\0\0\0\0\0\0\0\0\0\0\0\0\0\0\0\0\0\0\0\0\0\0\0\0\0\0\0\0\0\0\0\0\0\0\0\0\0\0\0\0\0\0\0\0\0\0\0\0\0\0\0\0\0\0\0\0\0\0\0\0\0\0\0\0\0\0\0\0\0\0\0\0\0\0\0\0\0\0\0\0\0\0\0\0\0\0\0\0\0\0\0\0\0\0\0\0\0\0\0\0\0\0\0\0\0\0\0\0\0\0\0\0\0\0\0\0\0\0\0\0\0\0\0\0\0\0\0\0\0\0\0\0\0\0\0\0\0\0\0\0\0\0\0\0\0\0\0\0\0\0\0\0\0\0\0\0\0\0\0\0\0\0\0\0\0\0\0\0\0\0\0\0\0\0\0\0\0\0LISC TTM SPECS\rWebserver Specs:\rURL:  HYPERLINK \"https://liscttm.chapinhall.org\" https://liscttm.chapinhall.org  (uses SSL [128-Bit Encryption - TLS 1.0])Operating System:  SUSE Linux Enterprise Server 11 (x86_64) PATCHLEVEL 2Hosting Service: Apache/2.4.2 (Unix) PHP/5.4.5 OpenSSL/0.9.8j-fipsConfigure Command:\'./configure\' \'--with-apxs2=/usr/local/apache2/bin/apxs\' \'--disable-debug\' \'--enable-ftp\' \'--enable-inline-optimization\' \'--enable-magic-quotes\' \'--enable-mbstring\' \'--enable-wddx=shared\' \'--enable-xml\' \'--with-gettext\' \'--with-regex=system\' \'--with-zlib\' \'--with-libdir=lib64\' \'--with-mysqli\' \'--with-mysql\' \'--with-gd\' \'--with-ldap\' \'--with-jpeg-dir=/usr/local\' \'--with-curl\' \'--enable-calendar\' \'--with-freetype-dir=lib64\' \'--with-ttf=lib64\' \'--enable-gd-native-ttf\'\rLanguages Used: PHP, HTML, Javascript, MySQL (DB)\rDatabase Server Specs:\rOperating System:  SUSE Linux Enterprise Server 11 (x86_64) PATCHLEVEL 2MySQL Version: 5.5.25a MySQL Community Server (GPL)\rCurrent Site Stats:\rMain Back-End:Total Files (all sites) Size: ~97MBCurrent DB Size: ~200KB\rBickerdike:Files Size: ~5.8MBCurrent DB Size: ~400KB\rEnlace:Files Size: ~70MBCurrent DB Size: ~500KB\rLSNA:Files Size: ~2.3MBCurrent DB Size: ~500KB\rSWOP:Files Size: ~3.3MBCurrent DB Size: ~1MB\rTRP:Files Size: ~1MBCurrent DB Size: ~300KB\r\0\0\0\0\0\0\0\0\0\0\0\0\0\0\0\0\0\0\0\0\0\0\0\0\0\0\0\0\0\0\0\0\0\0\0\0\0\0\0\0\0\0\0\0\0\0\0\0\0\0\0\0\0\0\0\0\0\0\0\0\0\0\0\0\0\0\0\0\0\0\0\0\0\0\0\0\0\0\0\0\0\0\0\0\0\0\0\0\0\0\0\0\0\0\0\0\0\0\0\0\0\0\0\0\0\0\0\0\0\0\0\0\0\0\0\0\0\0\0\0\0\0\0\0\0\0\0\0\0\0\0\0\0\0\0\0\0\0\0\0\0\0\0\0\0\0\0\0\0\0\0\0\0\0\0\0\0\0\0\0\0\0\0\0\0\0\0\0\0\0\0\0\0\0\0\0\0\0\0\0\0\0\0\0\0\0\0\0\0\0\0\0\0\0\0\0\0\0\0\0\0\0\0\0\0\0\0\0\0\0\0\0\0\0\0\0\0\0\0\0 \0\0$\0\0%\0\0&\0\0R\0\0S\0\0q\0\0r\0\0\0\0\0\0\0\0\0\0\0\0)	\0\0*	\0\0=	\0\0\0\0\0\0#\0\0D\0\0E\0\0[\0\0\\\0\0m\0\0\0\0\0\0\0\0\0\0\0\0\0\0\0\0\0\0\0\0\0\0\0\0\0\0\0\0\0\0~~wo\0\0\0\0\0\0\0\0h\n\0h\n\06h#a\0h\0\0h\0h\0\0	h\06h\0h\06h&<\0h\06h#a\0h#a\05h\n\0\0h\0\0h#a\0h#a\06h(\0\0h\"i\0h\"i\0\0h\"i\0\0h\"i\0h\"i\06hX?\0h&<\00J\0\0j\0\0\0\0h&<\0Uh&<\0\0h&<\0h&<\06	h\n\05h\n\0h\n\05	h#a\05h\0\0h+\0*\0\0\0\0\0 \0\0\0\0E\0\0\\\0\0\0\0\0\08\0\0o\0\0\0\0\0\0\r\0\0/\r\0\0\0\0\0\0\0\0\0\0\0\0\0\0\0\0\0\0\0\0\0\0\0\0\0\0\0\0\0\0\0\0\0\0\0\0\0\0\0\0\0\0\0\0\0\0\0\0\0\0\0\0\0\0\0\0\0\0\0\0\0\0\0\0\0\0\0\0\0\0\0\0\0\0\0\0\0\0\0\0\0\0\0\0\0\0\0\0\0\0\0\0\0\0\0\0\0\0\0\0\0\0\0\0\0\0\0\0\0\0\0\0\0\0\0\0\0\0\0\0\0\0\0\0\0\0\0\0\0\0\0\0\0\0\0\0\0\0\0\0\0\0\0\0\0\0\0\0\0\0\0\0\0\0\0\0\0\0\0\0\0\0\0\0\0\0\0\0\0\0\0\0\0\0\0\0\0\0\0\0\0\0\0\0\0\0\0\0\0\0\0\0\0\0\0\0\0\0\0\0\0\0\0\0\0\0\0\0\0\0\0\0\0\0\0\0\0\0\0\0\0\0\0\0\0\0\0\0\0\0\0\0\0\0\0\0\0\0\0\0\0\0\0\0\0\0\0\0\0\0\0\0\0\0\0\0\0\0\0\0\0\0\0\0\0\0\0\0\0\0\0\0\0\0\0\0\0\0\0\0\0\0\0\0\0\0\0\0\0\0\0\0\0\0\0\0\0\0\0\0\0\0\0\0\0\0\0\0\0\0\0\0\0\0\0\0\0\0\0\0\0\0\0\0\0\0\0\0\0\0\0\0\0\0\0\0\0\0\0\0\0\0\0\0\0\0\0\0\0\0\0\0\0\0\0\0\0\0\0\0\0\0\0\0\0\0\0\0\0\0gd\0\r\0\0$d\0N\0\0\0\0gd\0\0\0\0gd&<\0\0\0\0\r\0\0&d\0P\0\0\0\0gd\n\0\0\r\0\0\0\0\0\0 \0\07\0\08\0\0C\0\0D\0\0W\0\0_\0\0f\0\0g\0\0o\0\0u\0\0v\0\0w\0\0\0\0\0\0\0\0\0\0\0\0\0\0\0\0\0\0\0\0\0\0\0\0\0\0\0\0\0\0\0\0\0\0\0\0\r\0\0\r\0\0\r\0\0\r\0\0\r\0\0)\r\0\0,\r\0\0.\r\0\0/\r\0\0\0\0\0\0\0\0\0\0\0\0\0\0\0\0\0\0\0\0\0\0\0\0\0\0\0\0\0\0\0\0\0\0\0\0\0\0\0\0\0\0\0\0\0\0\0\0\0\0\0\0\0\0\0\0\0\0\0\0\0\0\0\0\0\0\0\0\0\0\0\0\0\0\0\0\0\0\0\0\0\0\0\0\0\0\0\0\0\0\0\0\0\0\0\0\0\0\0\0\0\0\0\0\0\0\0\0\0\0\0\0\0\0\0\0\0\0\0\0\0\0\0\0\0\0\0\0\0\0\0\0\0\0\0\0\0\0\0\0\0\0\0\0\0\0\0\0\0\0\0\0\0\0\0\0\0\0\0\0\0\0\0\0\0\0\0\0\0\0\0\0\0\0\0\0\0\0\0\0\0\0\0\0\0\0\0\0\0\0\0\0\0\0\0\0\0\0\0\0\0\0\0\0\0\0\0\0\0\0\0\0\0\0\0h79\0\0	h79\06h+\0\0h\n\0h\n\06h(\0h\n\06h\n\0\0h(\0\0h\0\0h\0),\01h/ =!\"#$%\0\0\0\0\0\0\0\0\0\0\0\0\0\0\0\0\0\0\0\0\0\0\0\0\0\0\0\0\0\0\0\0\0\0\0\0\0\0\0\0\0\0\0\0\0\0\0\0\0\0\0\0\0\0\0\0\0\0\0\0\0\0\0\0\0\0\0\0\0\0\0\0\0\0\0\0\0\0\0\0\0\0\0\0\0\0\0\0\0\0\0\0\0\0\0\0\0\0\0\0\0\0\0\0\0\0\0\0\0\0\0\0\0\0\0\0\0\0\0\0\0\0\0\0\0\0\0\0\0\0\0\0\0\0\0\0\0\0\0\0\0\0\0\0\0\0\0\0\0\0\0\0\0\0\0\0\0\0\0\0\0\0\0\0\0\0\0\0\0\0\0\0\0\0\0\0\0\0\0\0\0\0\0\0\0\0\0\0\0\0\0\0\0\0\0\0\0\0\0\0\0\0\0\0\0\0\0\0\0\0\0\0\0\0\0\0\0\0\0\0\0\0\0\0\0\0\0\0\0\0\0\0\0\0\0\0\0\0\0\0\0\0\0\0\0\0\0\0\0\0\0\0\0\0\0\0\0\0\0\0\0\0\0\0\0\0\0\0\0\0\0\0\0\0\0\0\0\0\0\0\0\0\0\0\0\0\0\0\0\0\0\0\0\0\0\0\0\0\0\0\0\0\0\0\0\0\0\0\0\0\0\0\0\0\0\0\0\0\0\0\0\0\0\0\0\0\0\0\0\0\0\0\0\0\0\0\0\0\0\0\0\0\0\0\0\0\0\0\0\0\0\0\0\0\0\0\0\0\0\0\0\0\0\0\0\0\0\0\0\0\0\0\0\0\0\0\0\0\0\0\0\0\0\0\0\0\0\0\0\0\0\0\0\0\0\0\0\0\0\0\0\0\0\0\0\0\0\0\0\0\0\0\0\0\0\0\0\0\0\0\0\0\0\0\0\0\0\0\0\0\0\0\0\0\0\0\0\0\0\0\0\0\0\0\0\0\0\0\0\0\0\0\0\0\0\0\0\0\0\0\0\0\0\0\0\0\0\0j\0\0\0\0\0\0\0\0\0\0\0\0\0\0\0\0\0\0\0\0\0\0\0\0\0\0\0\0\0\0\0\0\0\0\0\0\0\0\0\0\06\0\06\0\06\0\06\0\06\0\06\0\06\0\06\0\06\0\0v\0\0v\0\0v\0\0v\0\0v\0\0v\0\0v\0\0v\0\0v\0\06\0\06\0\06\0\06\0\06\0\06\0\0>\0\06\0\06\0\06\0\06\0\06\0\06\0\06\0\06\0\06\0\06\0\06\0\06\0\06\0\06\0\06\0\06\0\06\0\06\0\06\0\06\0\06\0\06\0\06\0\06\0\06\0\06\0\06\0\0\0\0\06\0\06\0\0\0\0\06\0\06\0\06\0\06\0\06\0\06\0\06\0\06\0\0\0\0\06\0\06\0\06\0\06\0\06\0\06\0\06\0\06\0\06\0\06\0\06\0\06\0\0h\0\0H\0\06\0\06\0\06\0\06\0\06\0\06\0\06\0\06\0\06\0\06\0\06\0\06\0\06\0\06\0\06\0\06\0\06\0\06\0\06\0\06\0\06\0\06\0\06\0\06\0\06\0\06\0\06\0\06\0\06\0\06\0\06\0\06\0\06\0\06\0\06\0\06\0\06\0\06\0\06\0\06\0\06\0\06\0\06\0\06\0\06\0\06\0\06\0\06\0\06\0\06\0\06\0\06\0\06\0\06\0\06\0\06\0\06\0\06\0\06\0\06\0\06\0\06\0\06\0\06\0\06\0\0\0\06\0\02\0\0\0\0\0\0\0\0\0\0\0\0\0\0\0\0\0\0 \0\00\0\0@\0\0P\0\0`\0\0p\0\0\0\0\0\0\0\0\0\0\0\0\0\0\0\0\0\0\02\0\0(\0\0\0\0\0\0 \0\00\0\0@\0\0P\0\0`\0\0p\0\0\0\0\0\0\0\0\0\0\0\0\0\0\0\0\0\0\0 \0\00\0\0@\0\0P\0\0`\0\0p\0\0\0\0\0\0\0\0\0\0\0\0\0\0\0\0\0\0\0 \0\00\0\0@\0\0P\0\0`\0\0p\0\0\0\0\0\0\0\0\0\0\0\0\0\0\0\0\0\0\0 \0\00\0\0@\0\0P\0\0`\0\0p\0\0\0\0\0\0\0\0\0\0\0\0\0\0\0\0\0\0\0 \0\00\0\0@\0\0P\0\0`\0\0p\0\0\0\0\0\0\0\0\0\0\0\0\0\0\0\0\0\0\0 \0\00\0\0@\0\0P\0\0`\0\0p\0\0\0\0\0\08\0\0X\0\0\0\0\0\0\0\0V\0\0~\0\0 \0\0\0OJ\0PJ\0QJ\0_HmH	nH	sH	tH	\0\0\0\0J\0\0`\0J\0\0\0\0\0\0\0\0\0\0N\0o\0r\0m\0a\0l\0\0\0\0\0\0d\0\0\0CJ\0_HaJ\0mH	sH	tH	\0\0\0\0\0\0\0\0\0\0\0\0\0\0\0\0\0\0D\0A`\0D\0\r\0\0\0\0\0\0\0\0D\0e\0f\0a\0u\0l\0t\0 \0P\0a\0r\0a\0g\0r\0a\0p\0h\0 \0F\0o\0n\0t\0\0\0\0\0R\0i\0\0R\0\r\0\0\0\0\0\00\0T\0a\0b\0l\0e\0 \0N\0o\0r\0m\0a\0l\0\0\0\0\0\04\0\nl\04\0\0\0a\0\0\0\0\0\0(\0k \0(\0\0\r\0\0\0\0\0\00\0N\0o\0 \0L\0i\0s\0t\0\0\0\0\0\0\0\0\06\0U@\06\0\0\0(\00	\0H\0y\0p\0e\0r\0l\0i\0n\0k\0\0\0\0>*B*\0ph\0\0\0PK\0\0\0\0\0!\0\0\0\0\0\0\0\0\0[Content_Types].xmlN0EH-J@%|$ULTB l,3;rJB+$G]7OV\Z<a(7IR{pgL=r85v&uQ8CX=$?6NJCFB.\'.+YT^e55 _g -;Yl|6^N`?[\0\0\0PK\0\0\0\0\0!\0\0\0\06\0\0\0\0\0_rels/.relsj0}Q%v/C/}\0(h\"O\n= C?hv=%[xp{_P<1H0ORBdJE4b$q_6LR7`0O,En7Lib/Se\0\0\0PK\0\0\0\0\0!\0ky\0\0\0\0\0\0\0\0\0theme/theme/themeManager.xmlM\n @}w7c(Eb\0C\ZA7K\rY,\re.|,H,lxIsQ}# +!,^$j=GW)E+&\n8\0\0\0PK\0\0\0\0\0!\00C)\0\0\0\0\0\0\0theme/theme/theme1.xmlYOo6w toc\'v\Zu-MniP@I}ama[4:lGRX^6>$!)O^rC$y@/yH*)UDb`}\"qJX^)I`nEp)liV[]1M<\ZOP6r=zgbIguSebORDqu	gZo~lAplxpT0+[}`jzA\0V2Fi@qv5\\|NleXdsjcs7f\rW+7`gJ\Zj|h(KD-\0\rdXiJ(x$(:;!I_TS1?E??ZBmU/?~xY\'y5g&/>GMGeD3Vq%\'#q$8K)fw9:\nx}rxwr:\\TZaG*y8IjbRc|XI\nu3KGnD1NIBs\nRuK>V.EL+M2#\'fi~Vvl{u8zH\n*:(W\r~JTe\\O*tHGHY\0}KNP*T9/#A7qZ$*c?qUnwN%Oi4=3N)cbJ\ruV4(Tn\n7_?m-{UBw<w_$#[8{(/$0hF{L)#7i%=A:s$),Qg20ppf\r\\}DU4p\nM{DB%J+{lC]=5\n2FhsF+Y\\n:3E[69`&45Z!*5k8`Fmw-\"d>zn\"ZxJZp;\Z{/<P;,)\'\'KQk5qpN8KGbe\rSd\\17	pa>SR!\r\r3\0K4\'+rzQ\nTTIIvt]KcK#v5+|D\Z~O@%\\w_nN[L9KqgVhn\nR!y+Un;*&/HrT	>>\\\rt=.T\n\ZS; Z~!P9giC!#	B,;X=,I2UWV9$lk=Aj;{AP79|s*Y;[MChf]o{oY=1k\ZyV\0V5E8Vk+\\80X4D)!!?*|fv\ru\"xA@T_q64)kuV7t\'%;i9s9x,-45xd8?d/Y|t&LILJ`& -Gt/\0\0\0\0PK\0\0\0\0\0!\0\r\0\0\0\0\0\'\0\0\0theme/theme/_rels/themeManager.xml.relsM\n0woo&5\r6?$Q\r,.aic21h\Z:qm@RN;d`o7gK(M&$R(.1r\'JT8V\"AHu}|$b{\0P8\Zg/]QAs(#L[\0\0\0\0PK-\0\0\0\0\0\0!\0\0\0\0\0\0\0\0\0\0\0\0\0\0\0\0\0\0\0\0\0\0\0[Content_Types].xmlPK-\0\0\0\0\0\0!\0\0\0\06\0\0\0\0\0\0\0\0\0\0\0\0\0\0\00\0\0_rels/.relsPK-\0\0\0\0\0\0!\0ky\0\0\0\0\0\0\0\0\0\0\0\0\0\0\0\0\0\0\0\0\0theme/theme/themeManager.xmlPK-\0\0\0\0\0\0!\00C)\0\0\0\0\0\0\0\0\0\0\0\0\0\0\0\0\0\0\0theme/theme/theme1.xmlPK-\0\0\0\0\0\0!\0\r\0\0\0\0\0\'\0\0\0\0\0\0\0\0\0\0\0\0\0	\0\0theme/theme/_rels/themeManager.xml.relsPK\0\0\0\0\0\0]\0\0\n\0\0\0\0<?xml version=\"1.0\" encoding=\"UTF-8\" standalone=\"yes\"?>\r\n<a:clrMap xmlns:a=\"http://schemas.openxmlformats.org/drawingml/2006/main\" bg1=\"lt1\" tx1=\"dk1\" bg2=\"lt2\" tx2=\"dk2\" accent1=\"accent1\" accent2=\"accent2\" accent3=\"accent3\" accent4=\"accent4\" accent5=\"accent5\" accent6=\"accent6\" hlink=\"hlink\" folHlink=\"folHlink\"/>\0\0\0\0/\0\0\0\0\0\0\0\0\0\0\0\0/\r\0\0\0\0\0	\0\0\0\0\0\0/\r\0\0\0\0\0%\0\0\0R\0\0\0q\0\0\0/\0\0X\0\08\0\0\0\0\0\0\0\0\0\0\0\0\0\0\0\0\0\0\0\0\0\0\0\0\0@\0\0\0\0\0\0\0\0\0\0\0\0\0\0\0\0\0\0\0\0\0\0\0\0\0\0\00\0\0\0\0(\0\0\0\0	\0\0\0\0\0\0\0\0\0\0\0\0\0\0\0\0\0\0\0\0\n\0\0\0\0\0\0\0\0\0\0B\0\0\0\0\n\0\0\0\0\0\0\0\0S\0\0\0\0\0\0\0\0\0\0\0\0\0\0	\0\0\0?\0\0\0\0\0\0\0\0\0\0\0\0\0\0\0\0\0\0Z\0\0]\0\0p\0\0t\0\0\0\0\0\0\0\0\0\0\0\0\0\07\0\0;\0\0E\0\0K\0\0[\0\0a\0\0k\0\0p\0\0z\0\0|\0\0\0\0\0\0\0\0\0\0\0\0\0\0\0\0\0\0\0\0\0\0\0\0\0\0\0\0\0\0\0\0\0\0.\0\08\0\0\0\0\0\08\0\0B\0\01\0\0\0\0\0\0\0\0\0\0\0\0\0\0\0\0\0\0\0\0\0\0\0\0\0\0\0\0\0\0\0\0\0\0\0\0\0\0\0\0\0\0\0\0\0\0\0\0\0\0\0\0\0\0\0B\0\0C\0\0u\0\0v\0\0\0\0\0\0\0\0\0\0\0\0\0\01\0\0\03\0\03\0\03\0\03\0\03\0\03\0\0\0\0\0\0\0\0\0\0\0\0\0\0\0\0\0\0\0\0\0\0\0\0\0\0\0\0\0\0\0.\0\0.\0\01\0\0\0\0\0\0\0\0\0\0\0\0\0\0\0\0>\0\0\0\0\0\0\0\0\0\0\0\r\0\0\0\0\0\0\0\0\0\0\0\0\0\0\0\0\0\0\0(\0#a\0+\0\0&<\0\"i\0!2|\079\0J\0Rs\0\0\0\n\0\0\0\0\0/\0\01\0\0\0\0\0\0\0\0\0@\0\0\0\0\0\0\0\0\0\0\0\0\0\0\0\0\0\0\0\0\0\0\0\0\0\0\0\0\0\0/\0\0\0\0\0@\0\0\0\0\0\0U\0n\0k\0n\0o\0w\0n\0\0\0\0\0\0\0\0\0\0\0\0\0\0\0\0\0\0\0\0\0\0\0\0\0\0\0\0\0\0\0\0\0\0\0G\0\0*\0Ax\0	\0\0\0\0\0\0\0\0\0\0\0\0\0T\0i\0m\0e\0s\0 \0N\0e\0w\0 \0R\0o\0m\0a\0n\0\0\05\0\0\0\0\0\0\0\0\0\0\0\0\0\0\0\0\0\0\0\0\0\0\0S\0y\0m\0b\0o\0l\0\0\03.\0\0*\0Cx\0	\0\0\0\0\0\0\0\0\0\0\0\0\0A\0r\0i\0a\0l\0\0\07.\0\0\0\0@\0\0\0\0\0\0\0\0\0\0\0\0\0C\0a\0l\0i\0b\0r\0i\0\0\0A\0\0\0\0\0\0\0\0\0\0\0\0\0\0\0\0\0\0\0\0\0\0\0\0\0C\0a\0m\0b\0r\0i\0a\0 \0M\0a\0t\0h\0\0\0\"\0\0q\0\0\0h\0\0\0\0N$g$g\0\0\0\0	\04\0\0\0\0\0\0i\0\0\0\0\0\0\0	\0\0\0\0\0\0i\0\0\0\0\0\0	\0\0\0\0\0\0\0!\0\0\0\0\0\0\0\0\0\0\0\0\0\0\0\0\0\0\0\0\0\0\0\0\0\0\0\0\0\0\0\0\0\0\0\0\0\0\0\0\0\0\0\0\0\0\0\0\0\0\0\0\0\0\0\0\0\0\0\0\0\0\0\0\0\0\0\0\0\0\0\0\0\0\0\0\0\0\0\0\0\0\0\0\0\0\0\0\0\0\0\0\0\0\0\0\0\0\0\0\0\0\0\0\0\0\0\0\0\0\0\0\0\0\0\0\0\0\0\0\0\0\0\0\0\0\0\0\0\0\0\0\0\0\0\0\0\0\0\0\0\0\0\0\0\0\0\0\0\0\0\0\0\0\0\0\0\0\0\0\0\0\0\0\0\0\0\0\0\0\0\0\0\0\0\0\0\0\0\0\0\0\0\0\0\0\0\0\0\0\0\0\0\0\0\0\0\0\0\0\0\0\0\0\0\0\0\0\0\0\0\0\0\0\0\0\0\0\0\0\0\0\0\0\0\0\0\0\0\0\0\0\0\0\0\0\0\0\0\0\0\0\0\0\0\0\0\0\0\0\0\0\0\0\0\0\0\0\0\0\0\0\0\0\0\0\0\0\0\0\0\0\0\0\0\0\0\0\0\0\0\0\0\0\0\0\0\0\0\0\0\0\0\0\0\0\0\0\0\0\0\0\0\0\0\0\0\0\0\0\0\0\0\0\020\0\0\0\0\0\0\0\0\0\0\0\0\0\0-\0\0-\0\0\0\0\0\0\0\0\0\0\0\0\0\0\0\0\0\0\0\0\0\0\0\0\0\0\0\0\0\0\0\0\0\0\0\0\0\0\0\0\0\0\0\0\0\0\0\0\0\0\0\0\0\0\0\0\0\0\0\0\0\0\0\0\0\0\0\0\0\0\0\0K\0\0\0\0\0\0\0\0\0\0\0\0\0\0\0\0\0\0\0\0\0\0\0\0\0\0\0HP\0\0\0\0	\0	$P\0\0\0\0+\0\0\0\02\0\0\0\0\0\0\0\0\0\0\0\0\0\0\0\0\0\0\0\0\0!\0\0\0\0\0\0\0\0\0\0\0\0\0\0\0\0\0\0\0\0\0\0\0\0\0\0\0\0\0x\0\0\0x\0\0\0\0\0\0\0\0\0\0\0\0\0\0\0\0\0\0\0\0\0\0\0\0\0\0\0\0\0\0\0\0\0\0\0\0\0\0\0\0\0\0\0P\0a\0t\0r\0i\0c\0i\0o\0 \0A\0g\0u\0i\0l\0a\0r\0\0P\0a\0t\0r\0i\0c\0i\0o\0 \0A\0g\0u\0i\0l\0a\0r\0\0\0\0\0\0\0\0\0\0\0\0\0\0\0\0\0\0\0\0\0\0\0\0\0\0\0\0\0\0\0\0\0\0\0\0\0\0\0\0\0\0\0\0\0\0\0\0\0\0\0\0\0\0\0\0\0\0\0\0\0\0\0\0\0\0\0\0\0\0\0\0\0\0\0\0\0\0\0\0\0\0\0\0\0\0\0\0\0\0\0\0\0\0\0\0\0\0\0\0\0\0\0\0\0\0\0\0\0\0\0\0\0\0\0\0\0\0\0\0\0\0\0\0\0\0\0\0\0\0\0\0\0\0\0\0\0\0\0\0\0\0\0\0\0\0\0\0\0\0\0\0\0\0\0\0\0\0\0\0\0\0\0\0\0\0\0\0\0\0\0\0\0\0\0\0\0\0\0\0\0\0\0\0\0\0\0\0\0\0\0\0\0\0\0\0\0\0\0\0\0\0\0\0\0\0\0\0\0\0\0\0\0\0\0\0\0\0\0\0\0\0\0\0\0\0\0\0\0\0\0\0\0\0\0Oh\0+\'0\0\0\04\0\0\r\0\0\0\0\0\0p\0\0\0\0\0\0x\0\0\0\0\0\0\0\0\0\0\0\0\0\0\0	\0\0\0\0\0\0\0\0\0\0\0\0\n\0\0\0\0\0\0\0\0\0\0\0\0\r\0\0\0\0\0\0\0\0\0\0\0\0\0\0\0\0\0\0$\0\0\0\0\0,\0\0\0\0\0\0\0\0\0\0\0\0\0Patricio Aguilar\0\0\0\0\0\0\0\0\0\0Normal.dotm\0\0\0\0\0\0\0Patricio Aguilar\0\0\0\0\0\0\0\0\0\09\0\0\0\0\0\0\0\0\0Microsoft Office Word\0\0\0@\0\0\0\08C\0\0\0@\0\0\0\0Y@\0\0\0\0yY\0\0\0\0\0\0\0\0\0\0\0\0\0\0\0i\0\0\0\0\0\0\0\0\0\0\0\0\0\0\0\0\0\0\0\0\0\0\0\0\0\0\0\0\0\0\0\0\0\0\0\0\0\0\0\0\0\0\0\0\0\0\0\0\0\0\0\0\0\0\0\0\0\0\0\0\0\0\0\0\0\0\0\0\0\0\0\0\0\0\0\0\0\0\0\0\0\0\0\0\0\0\0\0\0\0\0\0\0\0\0\0\0\0\0\0\0\0\0\0\0\0\0\0\0\0\0\0\0\0\0\0\0\0\0\0\0\0\0\0\0\0\0\0\0\0\0\0\0\0\0\0\0\0\0\0\0\0\0\0\0\0\0\0\0\0\0\0\0\0\0\0\0\0\0\0\0\0\0\0\0\0\0\0\0\0\0\0\0\0\0\0\0\0\0\0\0\0\0\0\0\0\0\0\0\0\0\0\0\0\0\0\0\0\0\0\0\0\0\0\0\0\0\0\0\0\0\0\0\0\0\0\0\0\0\0\0\0\0\0\0\0\0\0\0\0\0\0\0\0\0\0\0\0\0\0\0\0\0\0\0\0\0\0\0\0\0\0\0\0\0\0\0\0\0\0\0\0\0\0\0\0\0\0\0\0\0\0\0\0\0\0\0\0\0\0\0\0\0\0\0\0\0\0\0\0\0\0\0\0\0\0\0\0\0\0\0\0\0\0\0\0\0\0\0\0\0\0\0\0\0\0\0\0\0\0\0\0\0\0\0\0\0\0\0\0\0\0\0\0\0\0\0\0\0\0\0\0\0\0\0\0\0\0\0\0\0\0\0\0\0\0\0\0\0\0\0\0\0\0\0\0\0\0\0\0\0\0\0\0\0\0\0\0\0\0\0\0\0\0\0\0\0\0\0\0\0\0\0\0\0\0\0\0\0\0\0\0\0\0\0\0\0\0\0\0\0\0\0\0\0\0\0\0\0\0\0\0\0\0\0\0\0\0\0\0\0\0\0\0\0\0\0\0\0\0\0\0\0\0\0\0\0\0\0\0\0\0\0\0\0\0\0\0\0\0\0\0\0\0\0\0\0\0\0\0\0\0\0\0\0\0\0\0\0\0\0\0\0\0\0\0\0\0\0\0\0\0\0\0\0\0\0\0\0\0\0\0\0\0\0\0\0\0\0\0\0\0\0\0\0\0\0\0\0\0\0\0\0\0\0\0\0\0\0\0\0\0\0\0\0\0\0\0\0\0\0\0\0\0\0\0\0\0\0\0\0\0\0\0\0\0\0\0\0\0\0\0\0\0\0\0\0\0\0\0\0\0\0\0\0\0\0\0\0\0\0\0\0\0\0\0\0\0\0\0\0\0\0\0\0\0\0\0\0\0\0\0\0\0\0\0\0\0\0\0\0\0\0\0\0\0\0\0\0\0\0\0\0\0\0\0\0\0\0\0\0\0\0\0\0\0\0\0\0\0\0\0\0\0\0\0\0\0\0\0\0\0\0\0\0\0\0\0\0\0\0\0\0\0\0\0\0\0\0\0\0\0\0\0\0\0\0\0\0\0\0\0\0\0\0\0\0\0\0\0\0\0\0\0\0\0\0\0\0\0\0\0\0\0\0\0\0\0\0\0\0\0\0\0\0\0\0\0\0\0\0\0\0\0\0\0\0\0\0\0\0\0\0\0\0\0\0\0\0\0\0\0\0\0\0\0\0\0\0\0\0\0\0\0\0\0\0\0\0\0\0\0\0\0\0\0\0\0\0\0\0\0\0\0\0\0\0\0\0\0\0\0\0\0\0\0\0\0\0\0\0\0\0\0\0\0\0\0\0\0\0\0\0\0\0\0\0\0\0\0\0\0\0\0\0\0\0\0\0\0\0\0\0\0\0\0\0\0\0\0\0\0\0\0\0\0\0\0\0\0\0\0\0\0\0\0\0\0\0\0\0\0\0\0\0\0\0\0\0\0\0\0\0\0\0\0\0\0\0\0\0\0\0\0\0\0\0\0\0\0\0\0\0\0\0\0\0\0\0\0\0\0\0\0\0\0\0\0\0\0\0\0\0\0\0\0\0\0\0\0\0\0\0\0\0\0\0\0\0\0\0\0\0\0\0\0\0\0\0\0\0\0\0\0\0\0\0\0\0\0\0\0\0\0\0\0\0\0\0\0\0\0\0\0\0\0\0\0\0\0\0\0\0\0\0\0\0\0\0\0\0\0\0\0\0\0\0\0\0\0\0\0\0\0\0\0\0\0\0\0\0\0\0\0\0\0\0\0\0\0\0\0\0\0\0\0\0\0\0\0\0\0\0\0\0\0\0\0\0\0\0\0\0\0\0\0\0\0\0\0\0\0\0\0\0\0\0\0\0\0\0\0\0\0\0\0\0\0\0\0\0\0\0\0\0\0\0\0\0\0\0\0\0\0\0\0\0\0\0\0\0\0\0\0\0\0\0\0\0\0\0\0\0\0\0\0\0\0\0\0\0\0\0\0\0\0\0\0\0\0\0\0\0\0\0\0\0\0\0\0\0\0\0\0\0\0\0\0\0\0\0\0\0\0\0\0\0\0\0\0\0\0\0\0\0\0\0\0\0\0\0\0\0\0\0\0\0\0\0\0\0\0\0\0\0\0\0\0\0\0\0\0\0\0\0\0\0\0\0\0\0\0\0\0\0\0\0\0\0\0\0\0\0\0\0\0\0\0\0\0\0\0\0\0\0\0\0\0\0\0\0\0\0\0\0\0\0\0\0\0\0\0\0\0\0\0\0\0\0\0\0\0\0\0\0\0\0\0\0\0\0\0\0\0\0\0\0\0\0\0\0\0\0\0\0\0\0\0\0\0\0\0\0\0\0\0\0\0\0\0\0\0\0\0\0\0\0\0\0\0\0\0\0\0\0\0\0\0\0\0\0\0\0\0\0\0\0\0\0\0\0\0\0\0\0\0\0\0\0\0\0\0\0\0\0\0\0\0\0\0\0\0\0\0\0\0\0\0\0\0\0\0\0\0\0\0\0\0\0\0\0\0\0\0\0\0\0\0\0\0\0\0\0\0\0\0\0\0\0\0\0\0\0\0\0\0\0\0\0\0\0\0\0\0\0\0\0\0\0\0\0\0\0\0\0\0\0\0\0\0\0\0\0\0\0\0\0\0\0\0\0\0\0\0\0\0\0\0\0\0\0\0\0\0\0\0\0\0\0\0\0\0\0\0\0\0\0\0\0\0\0\0\0\0\0\0\0\0\0\0\0\0\0\0\0\0\0\0\0\0\0\0\0\0\0\0\0\0\0\0\0\0\0\0\0\0\0\0\0\0\0\0\0\0\0\0\0\0\0\0\0\0\0\0\0\0\0\0\0\0\0\0\0\0\0\0\0\0\0\0\0\0\0\0\0\0\0\0\0\0\0\0\0\0\0\0\0\0\0\0\0\0\0\0\0\0\0\0\0\0\0\0\0\0\0\0\0\0\0\0\0\0\0\0\0\0\0\0\0\0\0\0\0\0\0\0\0\0\0\0\0\0\0\0\0\0\0\0\0\0\0\0\0\0\0\0\0\0\0\0\0\0\0\0\0\0\0\0\0\0\0\0\0\0\0\0\0\0\0\0\0\0\0\0\0\0\0\0\0\0\0\0\0\0\0\0\0\0\0\0\0\0\0\0\0\0\0\0\0\0\0\0\0\0\0\0\0\0\0\0\0\0\0\0\0\0\0\0\0\0\0\0\0\0\0\0\0\0\0\0\0\0\0\0\0\0\0\0\0\0\0\0\0\0\0\0\0\0\0\0\0\0\0\0\0\0\0\0\0\0\0\0\0\0\0\0\0\0\0\0\0\0\0\0\0\0\0\0\0\0\0\0\0\0\0\0\0\0\0\0\0\0\0\0\0\0\0\0\0\0\0\0\0\0\0\0\0\0\0\0\0\0\0\0\0\0\0\0\0\0\0\0\0\0\0\0\0\0\0\0\0\0\0\0\0\0\0\0\0\0\0\0\0\0\0\0\0\0\0\0\0\0\0\0\0\0\0\0\0\0\0\0\0\0\0\0\0\0\0\0\0\0\0\0\0\0\0\0\0\0\0\0\0\0\0\0\0\0\0\0\0\0\0\0\0\0\0\0\0\0\0\0\0\0\0\0\0\0\0\0\0\0\0\0\0\0\0\0\0\0\0\0\0\0\0\0\0\0\0\0\0\0\0\0\0\0\0\0\0\0\0\0\0\0\0\0\0\0\0\0\0\0\0\0\0\0\0\0\0\0\0\0\0\0\0\0\0\0\0\0\0\0\0\0\0\0\0\0\0\0\0\0\0\0\0\0\0\0\0\0\0\0\0\0\0\0\0\0\0\0\0\0\0\0\0\0\0\0\0\0\0\0\0\0\0\0\0\0\0\0\0\0\0\0\0\0\0\0\0\0\0\0\0\0\0\0\0\0\0\0\0\0\0\0\0\0\0\0\0\0\0\0\0\0\0\0\0\0\0\0\0\0\0\0\0\0\0\0\0\0\0\0\0\0\0\0\0\0\0\0\0\0\0\0\0\0\0\0\0\0\0\0\0\0\0\0\0\0\0\0\0\0\0\0\0\0\0\0\0\0\0\0\0\0\0\0\0\0\0\0\0\0\0\0\0\0\0\0\0\0\0\0\0\0\0\0\0\0\0\0\0\0\0\0\0\0\0\0\0\0\0\0\0\0\0\0\0\0\0\0\0\0\0\0\0\0\0\0\0\0\0\0\0\0\0\0\0\0\0\0\0\0\0\0\0\0\0\0\0\0\0\0\0\0\0\0\0\0\0\0\0\0\0\0\0\0\0\0\0\0\0\0\0\0\0\0\0\0\0\0\0\0\0\0\0\0\0\0\0\0\0\0\0\0\0\0\0\0\0\0\0\0\0\0\0\0\0\0\0\0\0\0\0\0\0\0\0\0\0\0\0\0\0\0\0\0\0\0\0\0\0\0\0\0\0\0\0\0\0\0\0\0\0\0\0\0\0\0\0\0\0\0\0\0\0\0\0\0\0\0\0\0\0\0\0\0\0\0\0\0\0\0\0\0\0\0\0\0\0\0\0\0\0\0\0\0\0\0\0\0\0\0\0\0\0\0\0\0\0\0\0\0\0\0\0\0\0\0\0\0\0\0\0\0\0\0\0\0\0\0\0\0\0\0\0\0\0\0\0\0\0\0\0\0\0\0\0\0\0\0\0\0\0\0\0\0\0\0\0\0\0\0\0\0\0\0\0\0\0\0\0\0\0\0\0\0\0\0\0\0\0\0\0\0\0\0\0\0\0\0\0\0\0\0\0\0\0\0\0\0\0\0\0\0\0\0\0\0\0\0\0\0\0\0\0\0\0\0\0\0\0\0\0\0\0\0\0\0\0\0\0\0\0\0\0\0\0\0\0\0\0\0\0\0\0\0\0\0\0\0\0\0\0\0\0\0\0\0\0\0\0\0\0\0\0\0\0\0\0\0\0\0\0\0\0\0\0\0\0\0\0\0\0\0\0\0\0\0\0\0\0\0\0\0\0\0\0\0\0\0\0\0\0\0\0\0\0\0\0\0\0\0\0\0\0\0\0\0\0\0\0\0\0\0\0\0\0\0\0\0\0\0\0\0\0\0\0\0\0\0\0\0\0\0\0\0\0\0\0\0\0\0\0\0\0\0\0\0\0\0\0\0\0\0\0\0\0\0\0\0\0\0\0\0\0\0\0\0\0\0\0\0\0\0\0\0\0\0\0\0\0\0\0\0\0\0\0\0\0\0\0\0\0\0\0\0\0\0\0\0\0\0\0\0\0\0\0\0\0\0\0\0\0\0\0\0\0\0\0\0\0\0\0\0\0\0\0\0\0\0\0\0\0\0\0\0\0\0\0\0\0\0\0\0\0\0\0\0\0\0\0\0\0\0\0\0\0\0\0\0\0\0\0\0\0\0\0\0\0\0\0\0\0\0\0\0\0\0\0\0\0\0\0\0\0\0\0\0\0\0\0\0\0\0\0\0\0\0\0\0\0\0\0\0\0\0\0\0\0\0\0\0\0\0\0\0\0\0\0\0\0\0\0\0\0\0\0\0\0\0\0\0\0\0\0\0\0\0\0\0\0\0\0\0\0\0\0\0\0\0\0\0\0\0\0\0\0\0\0\0\0\0\0\0\0\0\0\0\0\0\0\0\0\0\0\0\0\0\0\0\0\0\0\0\0\0\0\0\0\0\0\0\0\0\0\0\0\0\0\0\0\0\0\0\0\0\0\0\0\0\0\0\0\0\0\0\0\0\0\0\0\0\0\0\0\0\0\0\0\0\0\0\0\0\0\0\0\0\0\0\0\0\0\0\0\0\0\0\0\0\0\0\0\0\0\0\0\0\0\0\0\0\0\0\0\0\0\0\0\0\0\0\0\0\0\0\0\0\0\0\0\0\0\0\0\0\0\0\0\0\0\0\0\0\0\0\0\0\0\0\0\0\0\0\0\0\0\0\0\0\0\0\0\0\0\0\0\0\0\0\0\0\0\0\0\0\0\0\0\0\0\0\0\0\0\0\0\0\0\0\0\0\0\0\0\0\0\0\0\0\0\0\0\0\0\0\0\0\0\0\0\0\0\0\0\0\0\0\0\0\0\0\0\0\0\0\0\0\0\0\0\0\0\0\0\0\0\0\0\0\0\0\0\0\0\0\0\0\0\0\0\0\0\0\0\0\0\0\0\0\0\0\0\0\0\0\0\0\0\0\0\0\0\0\0\0\0\0\0\0\0\0\0\0\0\0\0\0\0\0\0\0\0\0\0\0\0\0\0\0\0\0\0\0\0\0\0\0\0\0\0\0\0\0\0\0\0\0\0\0\0\0\0\0\0\0\0\0\0\0\0\0\0\0\0\0\0\0\0\0\0\0\0\0\0\0\0\0\0\0\0\0\0\0\0\0\0\0\0\0\0\0\0\0\0\0\0\0\0\0\0\0\0\0\0\0\0\0\0\0\0\0\0\0\0\0\0\0\0\0\0\0\0\0\0\0\0\0\0\0\0\0\0\0\0\0\0\0\0\0\0\0\0\0\0\0\0\0\0\0\0\0\0\0\0\0\0\0\0\0\0\0\0\0\0\0\0\0\0\0\0\0\0\0\0\0\0\0\0\0\0\0\0\0\0\0\0\0\0\0\0\0\0\0\0\0\0\0\0\0\0\0\0\0\0\0\0\0\0\0\0\0\0\0\0\0\0\0\0\0\0\0\0\0\0\0\0\0\0\0\0\0\0\0\0\0\0\0\0\0\0\0\0\0\0\0\0\0\0\0\0\0\0\0\0\0\0\0\0\0\0\0\0\0\0\0\0\0\0\0\0\0\0\0\0\0\0\0\0\0\0\0\0\0\0\0\0\0\0\0\0\0\0\0\0\0\0\0\0\0\0\0\0\0\0\0\0\0\0\0\0\0\0\0\0\0\0\0\0\0\0\0\0\0\0\0\0\0\0\0\0\0\0\0\0\0\0\0\0\0\0\0\0\0\0\0\0\0\0\0\0\0\0\0\0\0\0\0\0\0\0\0\0\0\0\0\0\0\0\0\0\0\0\0\0\0\0\0\0\0\0\0\0\0\0\0\0\0\0\0\0\0\0\0\0\0\0\0\0\0\0\0\0\0\0\0\0\0\0\0\0\0\0\0\0\0\0\0\0\0\0\0\0\0\0\0\0\0\0\0\0\0\0\0\0\0\0\0\0\0\0\0\0\0\0\0\0\0\0\0\0\0\0\0\0\0\0\0\0\0\0\0\0\0\0\0\0\0\0\0\0\0\0\0\0\0\0\0\0\0\0\0\0\0\0\0\0\0\0\0\0\0\0\0\0\0\0\0\0\0\0\0\0\0\0\0\0\0\0\0\0\0\0\0\0\0\0\0\0\0\0\0\0\0\0\0\0\0\0\0\0\0\0\0\0\0\0\0\0\0\0\0\0\0\0\0\0\0\0\0\0\0\0\0\0\0\0\0\0\0\0\0\0\0\0\0\0\0\0\0\0\0\0\0\0\0\0\0\0\0\0\0\0\0\0\0\0\0\0\0\0\0\0\0\0\0\0\0\0\0\0\0\0\0\0\0\0\0\0\0\0\0\0\0\0\0\0\0\0\0\0\0\0\0\0\0\0\0\0\0\0\0\0\0\0\0\0\0\0\0\0\0\0\0\0\0\0\0\0\0\0\0\0\0\0\0\0\0\0\0\0\0\0\0\0\0\0\0\0\0\0\0\0\0\0\0\0\0\0\0\0\0\0\0\0\0\0\0\0\0\0\0\0\0\0\0\0\0\0\0\0\0\0\0\0\0\0\0\0\0\0\0\0\0\0\0\0\0\0\0\0\0\0\0\0\0\0\0\0\0\0\0\0\0\0\0\0\0\0\0\0\0\0\0\0\0\0\0\0\0\0\0\0\0\0\0\0\0\0\0\0\0\0\0\0\0\0\0\0\0\0\0\0\0\0\0\0\0\0\0\0\0\0\0\0\0\0\0\0\0\0.\0+,D\0\0\0.\0+,4\0\0\0\0\0\0\0\0\0\0\0h\0\0\0\0\0\0p\0\0\0\0\0\0\0\0\0\0\0\0\0\0\0\0\0\0\0\0\0\0\0\0\0\0\0\0\0\0\0\0\0\0\0\0\0\0\0\0\0\0\0\0\0\0\0\0\0\0\0\r\0\0\0\0\0\0\0\0\0\0\0\0\0\0\0\0\0\0\0\0\0\0\0Chapin Hall\0\0\0\0	\0\0\0\0\0\0\0\0\0\0\0\0-\0\0\0\0\0\0\0\0\0\0\0\0\0\0\0\0\0\0\0\0\0\0\0\0\0\0\0\0\0\0\0\0\0\0\0\0\0\0\0\0\0\0\0\0\0\0\0\0\0\0\0\0\0\0\0\0Title\0\0\0\0\0\0\0\0\0\0\0\0\0\0\0\0\0\0 \0\0\0\0\0\08\0\0\0\0\0\0@\0\0\0\0\0\0\0\0\0\0\0\0_PID_HLINKS\0\0\0\0\0\0A\0\0\0x\0\0\0\0\0\0\0\0\0u\02\0\0\0\0\0\0\0\0\0\0\0\0\0\0\0\0\0\0\0\0\0\0\0\0 \0\0\0h\0t\0t\0p\0s\0:\0/\0/\0l\0i\0s\0c\0t\0t\0m\0.\0c\0h\0a\0p\0i\0n\0h\0a\0l\0l\0.\0o\0r\0g\0/\0\0\0\0\0\0\0\0\0\0\0\0\0\0\0\0\0\0\0\0\0\0\0\0\0\0\0\0\0\0\0\0\0\0\0\0\0\0\0\0\0\0\0\0\0\0\0\0\0\0\0\0\0\0\0\0\0\0\0\0\0\0\0\0\0\0\0\0\0\0\0\0\0\0\0\0\0\0\0\0\0\0\0\0\0\0\0\0\0\0\0\0\0\0\0\0\0\0\0\0\0\0\0\0\0\0\0\0\0\0\0\0\0\0\0\0\0\0\0\0\0\0\0\0\0\0\0\0\0\0\0\0\0\0\0\0\0\0\0\0\0\0\0\0\0\0\0\0\0\0\0\0\0\0\0\0\0\0\0\0\0\0\0\0\0\0\0\0\0\0\0\0\0\0\0\0\0\0\0\0\0\0\0\0\0\0\0\0\0\0\0\0\0\0\0\0\0\0\0\0\0\0\0\0\0\0\0\0\0\0\0\0\0\0\0\0\0\0\0\0\0\0\0\0\0\0\0\0\0\0\0\0\0\0\0\0\0\0\0\0\0\0\0\0\0\0\0\0\0\0\0\0\0\0\0\0\0\0\0\0\0\0\0\0\0\0\0\0\0\0\0\0\0\0\0\0\0\0\0\0\0\0\0\0\0\0\0\0\0\0\0\0\0\0\0\0\0\0\0\0\0\0\0\0\0\0\0\0\0\0\0\0\0\0\0\0\0\0\0\0\0\0\0\0\0\0\0\0\0\0\0\0\0\0\0\0\0\0\0\0\0\0\0\0\0\0\0\0\0\0\0\0\0\0\0\0\0\0\0\0\0\0\0\0\0\0\0\0\0\0\0\0\0\0\0\0\0\0\0\0\0\0\0\0\0\0\0\0\0\0\0\0\0\0\0\0\0\0\0\0\0\0\0\0\0\0\0\0\0\0\0\0\0\0\0\0\0\0\0\0\0\0\0\0\0\0\0\0\0\0\0\0\0\0\0\0\0\0\0\0\0\0\0\0\0\0\0\0\0\0\0\0\0\0\0\0\0\0\0\0\0\0\0\0\0\0\0\0\0\0\0\0\0\0\0\0\0\0\0\0\0\0\0\0\0\0\0\0\0\0\0\0\0\0\0\0\0\0\0\0\0\0\0\0\0\0\0\0\0\0\0\0\0\0\0\0\0\0\0\0\0\0\0\0\0\0\0\0\0\0\0\0\0\0\0\0\0\0\0\0\0\0\0\0\0\0\0\0\0\0\0\0\0\0\0\0\0\0\0\0\0\0\0\0\0\0\0\0\0\0\0\0\0\0\0\0\0\0\0\0\0\0\0\0\0\0\0\0\0\0\0\0\0\0\0\0\0\0\0\0\0\0\0\0\0\0\0\0\0\0\0\0\0\0\0\0\0\0\0\0\0\0\0\0\0\0\0\0\0\0\0\0\0\0\0\0\0\0\0\0\0\0\0\0\0\0\0\0\0\0\0\0\0\0\0\0\0\0\0\0\0\0\0\0\0\0\0\0\0\0\0\0\0\0\0\0\0\0\0\0\0\0\0\0\0\0\0\0\0\0\0\0\0\0\0\0\0\0\0\0\0\0\0\0\0\0\0\0\0\0\0\0\0\0\0\0\0\0\0\0\0\0\0\0\0\0\0\0\0\0\0\0\0\0\0\0\0\0\0\0\0\0\0\0\0\0\0\0\0\0\0\0\0\0\0\0\0\0\0\0\0\0\0\0\0\0\0\0\0\0\0\0\0\0\0\0\0\0\0\0\0\0\0\0\0\0\0\0\0\0\0\0\0\0\0\0\0\0\0\0\0\0\0\0\0\0\0\0\0\0\0\0\0\0\0\0\0\0\0\0\0\0\0\0\0\0\0\0\0\0\0\0\0\0\0\0\0\0\0\0\0\0\0\0\0\0\0\0\0\0\0\0\0\0\0\0\0\0\0\0\0\0\0\0\0\0\0\0\0\0\0\0\0\0\0\0\0\0\0\0\0\0\0\0\0\0\0\0\0\0\0\0\0\0\0\0\0\0\0\0\0\0\0\0\0\0\0\0\0\0\0\0\0\0\0\0\0\0\0\0\0\0\0\0\0\0\0\0\0\0\0\0\0\0\0\0\0\0\0\0\0\0\0\0\0\0\0\0\0\0\0\0\0\0\0\0\0\0\0\0\0\0\0\0\0\0\0\0\0\0\0\0\0\0\0\0\0\0\0\0\0\0\0\0\0\0\0\0\0\0\0\0\0\0\0\0\0\0\0\0\0\0\0\0\0\0\0\0\0\0\0\0\0\0\0\0\0\0\0\0\0\0\0\0\0\0\0\0\0\0\0\0\0\0\0\0\0\0\0\0\0\0\0\0\0\0\0\0\0\0\0\0\0\0\0\0\0\0\0\0\0\0\0\0\0\0\0\0\0\0\0\0\0\0\0\0\0\0\0\0\0\0\0\0\0\0\0\0\0\0\0\0\0\0\0\0\0\0\0\0\0\0\0\0\0\0\0\0\0\0\0\0\0\0\0\0\0\0\0\0\0\0\0\0\0\0\0\0\0\0\0\0\0\0\0\0\0\0\0\0\0\0\0\0\0\0\0\0\0\0\0\0\0\0\0\0\0\0\0\0\0\0\0\0\0\0\0\0\0\0\0\0\0\0\0\0\0\0\0\0\0\0\0\0\0\0\0\0\0\0\0\0\0\0\0\0\0\0\0\0\0\0\0\0\0\0\0\0\0\0\0\0\0\0\0\0\0\0\0\0\0\0\0\0\0\0\0\0\0\0\0\0\0\0\0\0\0\0\0\0\0\0\0\0\0\0\0\0\0\0\0\0\0\0\0\0\0\0\0\0\0\0\0\0\0\0\0\0\0\0\0\0\0\0\0\0\0\0\0\0\0\0\0\0\0\0\0\0\0\0\0\0\0\0\0\0\0\0\0\0\0\0\0\0\0\0\0\0\0\0\0\0\0\0\0\0\0\0\0\0\0\0\0\0\0\0\0\0\0\0\0\0\0\0\0\0\0\0\0\0\0\0\0\0\0\0\0\0\0\0\0\0\0\0\0\0\0\0\0\0\0\0\0\0\0\0\0\0\0\0\0\0\0\0\0\0\0\0\0\0\0\0\0\0\0\0\0\0\0\0\0\0\0\0\0\0\0\0\0\0\0\0\0\0\0\0\0\0\0\0\0\0\0\0\0\0\0\0\0\0\0\0\0\0\0\0\0\0\0\0\0\0\0\0\0\0\0\0\0\0\0\0\0\0\0\0\0\0\0\0\0\0\0\0\0\0\0\0\0\0\0\0\0\0\0\0\0\0\0\0\0\0\0\0\0\0\0\0\0\0\0\0\0\0\0\0\0\0\0\0\0\0\0\0\0\0\0\0\0\0\0\0\0\0\0\0\0\0\0\0\0\0\0\0\0\0\0\0\0\0\0\0\0\0\0\0\0\0\0\0\0\0\0\0\0\0\0\0\0\0\0\0\0\0\0\0\0\0\0\0\0\0\0\0\0\0\0\0\0\0\0\0\0\0\0\0\0\0\0\0\0\0\0\0\0\0\0\0\0\0\0\0\0\0\0\0\0\0\0\0\0\0\0\0\0\0\0\0\0\0\0\0\0\0\0\0\0\0\0\0\0\0\0\0\0\0\0\0\0\0\0\0\0\0\0\0\0\0\0\0\0\0\0\0\0\0\0\0\0\0\0\0\0\0\0\0\0\0\0\0\0\0\0\0\0\0\0\0\0\0\0\0\0\0\0\0\0\0\0\0\0\0\0\0\0\0\0\0\0\0\0\0\0\0\0\0\0\0\0\0\0\0\0\0\0\0\0\0\0\0\0\0\0\0\0\0\0\0\0\0\0\0\0\0\0\0\0\0\0\0\0\0\0\0\0\0\0\0\0\0\0\0\0\0\0\0\0\0\0\0\0\0\0\0\0\0\0\0\0\0\0\0\0\0\0\0\0\0\0\0\0\0\0\0\0\0\0\0\0\0\0\0\0\0\0\0\0\0\0\0\0\0\0\0\0\0\0\0\0\0\0\0\0\0\0\0\0\0\0\0\0\0\0\0\0\0\0\0\0\0\0\0\0\0\0\0\0\0\0\0\0\0\0\0\0\0\0\0\0\0\0\0\0\0\0\0\0\0\0\0\0\0\0\0\0\0\0\0\0\0\0\0\0\0\0\0\0\0\0\0\0\0\0\0\0\0\0\0\0\0\0\0\0\0\0\0\0\0\0\0\0\0\0\0\0\0\0\0\0\0\0\0\0\0\0\0\0\0\0\0\0\0\0\0\0\0\0\0\0\0\0\0\0\0\0\0\0\0\0\0\0\0\0\0\0\0\0\0\0\0\0\0\0\0\0\0\0\0\0\0\0\0\0\0\0\0\0\0\0\0\0\0\0\0\0\0\0\0\0\0\0\0\0\0\0\0\0\0\0\0\0\0\0\0\0\0\0\0\0\0\0\0\0\0\0\0\0\0\0\0\0\0\0\0\0\0\0\0\0\0\0\0\0\0\0\0\0\0\0\0\0\0\0\0\0\0\0\0\0\0\0\0\0\0\0\0\0\0\0\0\0\0\0\0\0\0\0\0\0\0\0\0\0\0\0\0\0\0\0\0\0\0\0\0\0\0\0\0\0\0\0\0\0\0\0\0\0\0\0\0\0\0\0\0\0\0\0\0\0\0\0\0\0\0\0\0\0\0\0\0\0\0\0\0\0\0\0\0\0\0\0\0\0\0\0\0\0\0\0\0\0\0\0\0\0\0\0\0\0\0\0\0\0\0\0\0\0\0\0\0\0\0\0\0\0\0\0\0\0\0\0\0\0\0\0\0\0\0\0\0\0\0\0\0\0\0\0\0\0\0\0\0\0\0\0\0\0\0\0\0\0\0\0\0\0\0\0\0\0\0\0\0\0\0\0\0\0\0\0\0\0\0\0\0\0\0\0\0\0\0\0\0\0\0\0\0\0\0\0\0\0\0\0\0\0\0\0\0\0\0\0\0\0\0\0\0\0\0\0\0\0\0\0\0\0\0\0\0\0\0\0\0\0\0\0\0\0\0\0\0\0\0\0\0\0\0\0\0\0\0\0\0\0\0\0\0\0\0\0\0\0\0\0\0\0\0\0\0\0\0\0\0\0\0\0\0\0\0\0\0\0\0\0\0\0\0\0\0\0\0\0\0\0\0\0\0\0\0\0\0\0\0\0\0\0\0\0\0\0\0\0\0\0\0\0\0\0\0\0\0\0\0\0\0\0\0\0\0\0\0\0\0\0\0\0\0\0\0\0\0\0\0\0\0\0\0\0\0\0\0\0\0\0\0\0\0\0\0\0\0\0\0\0\0\0\0\0\0\0\0\0\0\0\0\0\0\0\0\0\0\0\0\0\0\0\0\0\0\0\0\0\0\0\0\0\0\0\0\0\0\0\0\0\0\0\0\0\0\0\0\0\0\0\0\0\0\0\0\0\0\0\0\0\0\0\0\0\0\0\0\0\0\0\0\0\0\0\0\0\0\0\0\0\0\0\0\0\0\0\0\0\0\0\0\0\0\0\0\0\0\0\0\0\0\0\0\0\0\0\0\0\0\0\0\0\0\0\0\0\0\0\0\0\0\0\0\0\0\0\0\0\0\0\0\0\0\0\0\0\0\0\0\0\0\0\0\0\0\0\0\0\0\0\0\0\0\0\0\0\0\0\0\0\0\0\0\0\0\0\0\0\0\0\0\0\0\0\0\0\0\0\0\0\0\0\0\0\0\0\0\0\0\0\0\0\0\0\0\0\0\0\0\0\0\0\0\0\0\0\0\0\0\0\0\0\0\0\0\0\0\0\0\0\0\0\0\0\0\0\0\0\0\0\0\0\0\0\0\0\0\0\0\0\0\0\0\0\0\0\0\0\0\0\0\0\0\0\0\0\0\0\0\0\0\0\0\0\0\0\0\0\0\0\0\0\0\0\0\0\0\0\0\0\0\0\0\0\0\0\0\0\0\0\0\0\0\0\0\0\0\0\0\0\0\0\0\0\0\0\0\0\0\0\0\0\0\0\0\0\0\0\0\0\0\0\0\0\0\0\0\0\0\0\0\0\0\0\0\0\0\0\0\0\0\0\0\0\0\0\0\0\0\0\0\0\0\0\0\0\0\0\0\0\0\0\0\0\0\0\0\0\0\0\0\0\0\0\0\0\0\0\0\0\0\0\0\0\0\0\0\0\0\0\0\0\0\0\0\0\0\0\0\0\0\0\0\0\0\0\0\0\0\0\0\0\0\0\0\0\0\0\0\0\0\0\0\0\0\0\0\0\0\0\0\0\0\0\0\0\0\0\0\0\0\0\0\0\0\0\0\0\0\0\0\0\0\0\0\0\0\0\0\0\0\0\0\0\0\0\0\0\0\0\0\0\0\0\0\0\0\0\0\0\0\0\0\0\0\0\0\0\0\0\0\0\0\0\0\0\0\0\0\0\0\0\0\0\0\0\0\0\0\0\0\0\0\0\0\0\0\0\0\0\0\0\0\0\0\0\0\0\0\0\0\0\0\0\0\0\0\0\0\0\0\0\0\0\0\0\0\0\0\0\0\0\0\0\0\0\0\0\0\0\0\0\0\0\0\0\0\0\0\0\0\0\0\0\0\0\0\0\0\0\0\0\0\0\0\0\0\0\0\0\0\0\0\0\0\0\0\0\0\0\0\0\0\0\0\0\0\0\0\0\0\0\0\0\0\0\0\0\0\0\0\0\0\0\0\0\0\0\0\0\0\0\0\0\0\0\0\0\0\0\0\0\0\0\0\0\0\0\0\0\0\0\0\0\0\0\0\0\0\0\0\0\0\0\0\0\0\0\0\0\0\0\0\0\0\0\0\0\0\0\0\0\0\0\0\0\0\0\0\0\0\0\0\0\0\0\0\0\0\0\0\0\0\0\0\0\0\0\0\0\0\0\0\0\0\0\0\0\0\0\0\0\0\0\0\0\0\0\0\0\0\0\0\0\0\0\0\0\0\0\0\0\0\0\0\0\0\0\0\0\0\0\0\0\0\0\0\0\0\0\0\0\0\0\0\0\0\0\0\0\0\0\0\0\0\0\0\0\0\0\0\0\0\0\0\0\0\0\0\0\0\0\0\0\0\0\0\0\0\0\0\0\0\0\0\0\0\0\0\0\0\0\0\0\0\0\0\0\0\0\0\0\0\0\0\0\0\0\0\0\0\0\0\0\0\0\0\0\0\0\0\0\0\0\0\0\0\0\0\0\0\0\0\0\0\0\0\0\0\0\0\0\0\0\0\0\0\0\0\0\0\0\0\0\0\0\0\0\0\0\0\0\0\0\0\0\0\0\0\0\0\0\0\0\0\0\0\0\0\0\0\0\0\0\0\0\0\0\0\0\0\0\0\0\0\0\0\0\0\0\0\0\0\0\0\0\0\0\0\0\0\0\0\0\0\0\0\0\0\0\0\0\0\0\0\0\0\0\0\0\0\0\0\0\0\0\0\0\0\0\0\0\0\0\0\0\0\0\0\0\0\0\0\0\0\0\0\0\0\0\0\0\0\0\0\0\0\0\0\0\0\0\0\0\0\0\0\0\0\0\0\0\0\0\0\0\0\0\0\0\0\0\0\0\0\0\0\0\0\0\0\0\0\0\0\0\0\0\0\0\0\0\0\0\0\0\0\0\0\0\0\0\0\0\0\0\0\0\0\0\0\0\0\0\0\0\0\0\0\0\0\0\0\0\0\0\0\0\0\0\0\0\0\0\0\0\0\0\0\0\0\0\0\0\0\0\0\0\0\0\0\0\0\0\0\0\0\0\0\0\0\0\0\0\0\0\0\0\0\0\0\0\0\0\0\0\0\0\0\0\0\0\0\0\0\0\0\0\0\0\0\0\0\0\0\0\0\0\0\0\0\0\0\0\0\0\0\0\0\0\0\0\0\0\0\0\0\0\0\0\0\0\0\0\0\0\0\0\0\0\0\0\0\0\0\0\0\0\0\0\0\0\0\0\0\0\0\0\0\0\0\0\0\0\0\0\0\0\0\0\0\0\0\0\0\0\0\0\0\0\0\0\0\0\0\0\0\0\0\0\0\0\0\0\0\0\0\0\0\0\0\0\0\0\0\0\0\0\0\0\0\0\0\0\0\0\0\0\0\0\0\0\0\0\0\0\0\0\0\0	\0\0\0\n\0\0\0\0\0\0\r\0\0\0\0\0\0\0\0\0\0\0\0\0\0\0\0\0\0\0\0\0\0\0\0\0\0\0\0\0\0\0\0\0\0\0\0\Z\0\0\0\0\0\0\0\0\0\0\0\0\0\0\0\0\0\0 \0\0\0\"\0\0\0#\0\0\0$\0\0\0%\0\0\0&\0\0\0\'\0\0\0(\0\0\0+\0\0\0R\0o\0o\0t\0 \0E\0n\0t\0r\0y\0\0\0\0\0\0\0\0\0\0\0\0\0\0\0\0\0\0\0\0\0\0\0\0\0\0\0\0\0\0\0\0\0\0\0\0\0\0\0\0\0\0\0\0\0\0\0\0\0	\0\0\0\0\0\0\0\0\0\0\0F\0\0\0\0\0\0\0\0\0\0\0\0`{Y-\0\0\0\0\0\0\0\0\0\01\0T\0a\0b\0l\0e\0\0\0\0\0\0\0\0\0\0\0\0\0\0\0\0\0\0\0\0\0\0\0\0\0\0\0\0\0\0\0\0\0\0\0\0\0\0\0\0\0\0\0\0\0\0\0\0\0\0\0\0\0\0\0\0\0\0\0\0\0\0\0\0\0\0\0\0\0\0\0\0\0\0\0\0\0\0\0\0\0\0\0\0\0\0\0\0\0\0\0\0\0\0\0\0@\0\0\0\0\0\0W\0o\0r\0d\0D\0o\0c\0u\0m\0e\0n\0t\0\0\0\0\0\0\0\0\0\0\0\0\0\0\0\0\0\0\0\0\0\0\0\0\0\0\0\0\0\0\0\0\0\0\0\0\0\0\0\0\0\Z\0\0\0\0\0\0\0\0\0\0\0\0\0\0\0\0\0\0\0\0\0\0\0\0\0\0\0\0\0\0\0\0\0\0\0\0\0\0\0\0\0\0\0\0.\0\0\0\0\0\0\0S\0u\0m\0m\0a\0r\0y\0I\0n\0f\0o\0r\0m\0a\0t\0i\0o\0n\0\0\0\0\0\0\0\0\0\0\0\0\0\0\0\0\0\0\0\0\0\0\0\0\0\0\0(\0\0\0\0\0\0\0\0\0\0\0\0\0\0\0\0\0\0\0\0\0\0\0\0\0\0\0\0\0\0\0\0\0\0\0\0\0\0\0\0\0\0\0\0\0\0\0\0\0\0\0\0\0\0D\0o\0c\0u\0m\0e\0n\0t\0S\0u\0m\0m\0a\0r\0y\0I\0n\0f\0o\0r\0m\0a\0t\0i\0o\0n\0\0\0\0\0\0\0\0\0\0\08\0\0\0\0\0\0\0\0\0\0\0\0\0\0\0\0\0\0\0\0\0\0\0\0\0\0\0\0\0\0\0\0\0\0\0\0\0!\0\0\0\0\0\0\0\0\0\0\0C\0o\0m\0p\0O\0b\0j\0\0\0\0\0\0\0\0\0\0\0\0\0\0\0\0\0\0\0\0\0\0\0\0\0\0\0\0\0\0\0\0\0\0\0\0\0\0\0\0\0\0\0\0\0\0\0\0\0\0\0\0\0\0\0\0\0\0\0\0\0\0\0\0\0\0\0\0\0\0\0\0\0\0\0\0\0\0\0\0\0\0\0\0\0\0\0\0\0\0\0r\0\0\0\0\0\0\0\0\0\0\0\0\0\0\0\0\0\0\0\0\0\0\0\0\0\0\0\0\0\0\0\0\0\0\0\0\0\0\0\0\0\0\0\0\0\0\0\0\0\0\0\0\0\0\0\0\0\0\0\0\0\0\0\0\0\0\0\0\0\0\0\0\0\0\0\0\0\0\0\0\0\0\0\0\0\0\0\0\0\0\0\0\0\0\0\0\0\0\0\0\0\0\0\0\0\0\0\0\0\0\0\0\0\0\0\0\0\0\0\0\0\0\0\0\0\0\0\0\0\0\0\0\0\0\0\0\0\0\0\0\0\0\0\0\0\0\0\0\0\0\0\0\0\0\0\0\0\0\0\0\0\0\0\0\0\0\0\0\0\0\0\0\0\0\0\0\0\0\0\0\0\0\0\0\0\0\0\0\0\0\0\0\0\0\0\0\0\0\0\0\0\0\0\0\0\0\0\0\0\0\0\0\0\0\0\0\0\0\0\0\0\0\0\0\0\0\0\0\0\0\0\0\0\0\0\0\0\0\0\0\0\0\0\n\0\0	\0\0\0\0\0\0\0\0\0\0\0F \0\0\0Microsoft Word 97-2003 Document\0\n\0\0\0MSWordDoc\0\0\0\0Word.Document.8\09q\0\0\0\0\0\0\0\0\0\0\0\0\0\0\0\0\0\0\0\0\0\0\0\0\0\0\0\0\0\0\0\0\0\0\0\0\0\0\0\0\0\0\0\0\0\0\0\0\0\0\0\0\0\0\0\0\0\0\0\0\0\0\0\0\0\0\0\0\0\0\0\0\0\0\0\0\0\0\0\0\0\0\0\0\0\0\0\0\0\0\0\0\0\0\0\0\0\0\0\0\0\0\0\0\0\0\0\0\0\0\0\0\0\0\0\0\0\0\0\0\0\0\0\0\0\0\0\0\0\0\0\0\0\0\0\0\0\0\0\0\0\0\0\0\0\0\0\0\0\0\0\0\0\0\0\0\0\0\0\0\0\0\0\0\0\0\0\0\0\0\0\0\0\0\0\0\0\0\0\0\0\0\0\0\0\0\0\0\0\0\0\0\0\0\0\0\0\0\0\0\0\0\0\0\0\0\0\0\0\0\0\0\0\0\0\0\0\0\0\0\0\0\0\0\0\0\0\0\0\0\0\0\0\0\0\0\0\0\0\0\0\0\0\0\0\0\0\0\0\0\0\0\0\0\0\0\0\0\0\0\0\0\0\0\0\0\0\0\0\0\0\0\0\0\0\0\0\0\0\0\0\0\0\0\0\0\0\0\0\0\0\0\0\0\0\0\0\0\0\0\0\0\0\0\0\0\0\0\0\0\0\0\0\0\0\0\0\0\0\0\0\0\0\0\0\0\0\0\0\0\0\0\0\0\0\0\0\0\0\0\0\0\0\0\0\0\0\0\0\0\0\0\0\0\0\0\0\0\0\0\0\0\0\0\0\0\0\0\0\0\0\0\0\0\0\0\0\0\0\0\0\0\0\0\0\0\0\0\0\0\0\0\0\0\0\0\0\0\0\0\0\0\0\0\0\0\0\0\0\0',1,6,NULL,0);
/*!40000 ALTER TABLE `Programs_Uploads` ENABLE KEYS */;
UNLOCK TABLES;

--
-- Table structure for table `Schools`
--

DROP TABLE IF EXISTS `Schools`;
/*!40101 SET @saved_cs_client     = @@character_set_client */;
/*!40101 SET character_set_client = utf8 */;
CREATE TABLE `Schools` (
  `School_ID` int(11) NOT NULL AUTO_INCREMENT,
  `School_Name` varchar(45) DEFAULT NULL,
  PRIMARY KEY (`School_ID`)
) ENGINE=InnoDB AUTO_INCREMENT=7 DEFAULT CHARSET=latin1;
/*!40101 SET character_set_client = @saved_cs_client */;

--
-- Dumping data for table `Schools`
--

LOCK TABLES `Schools` WRITE;
/*!40000 ALTER TABLE `Schools` DISABLE KEYS */;
INSERT INTO `Schools` VALUES (1,'Pilsen Elementary Community Academy'),(2,'Cristo Rey Jesuit High School'),(3,'Cooper Branch School'),(4,'Benito Juarez Community Academy'),(5,'Orozco Academy'),(6,'No School Selected');
/*!40000 ALTER TABLE `Schools` ENABLE KEYS */;
UNLOCK TABLES;

--
-- Table structure for table `Teacher_Exchange_Rooms`
--

DROP TABLE IF EXISTS `Teacher_Exchange_Rooms`;
/*!40101 SET @saved_cs_client     = @@character_set_client */;
/*!40101 SET character_set_client = utf8 */;
CREATE TABLE `Teacher_Exchange_Rooms` (
  `Teacher_Exchange_ID` int(11) NOT NULL AUTO_INCREMENT,
  `Participant_ID` int(11) DEFAULT NULL,
  `Classroom` varchar(5) DEFAULT NULL,
  `Home_Teacher` varchar(45) DEFAULT NULL,
  `Exchange_Teacher` varchar(45) DEFAULT NULL,
  PRIMARY KEY (`Teacher_Exchange_ID`),
  UNIQUE KEY `Participant_ID_UNIQUE` (`Participant_ID`)
) ENGINE=InnoDB AUTO_INCREMENT=7 DEFAULT CHARSET=latin1;
/*!40101 SET character_set_client = @saved_cs_client */;

--
-- Dumping data for table `Teacher_Exchange_Rooms`
--

LOCK TABLES `Teacher_Exchange_Rooms` WRITE;
/*!40000 ALTER TABLE `Teacher_Exchange_Rooms` DISABLE KEYS */;
INSERT INTO `Teacher_Exchange_Rooms` VALUES (2,6,'RG270','LD','MD'),(5,10,'test','','');
/*!40000 ALTER TABLE `Teacher_Exchange_Rooms` ENABLE KEYS */;
UNLOCK TABLES;

--
-- Table structure for table `Teachers`
--

DROP TABLE IF EXISTS `Teachers`;
/*!40101 SET @saved_cs_client     = @@character_set_client */;
/*!40101 SET character_set_client = utf8 */;
CREATE TABLE `Teachers` (
  `Teacher_ID` int(11) NOT NULL AUTO_INCREMENT,
  `Teacher_First_Name` varchar(50) DEFAULT NULL,
  `Teacher_Last_Name` varchar(50) DEFAULT NULL,
  `Date_Created` timestamp NULL DEFAULT CURRENT_TIMESTAMP,
  PRIMARY KEY (`Teacher_ID`)
) ENGINE=InnoDB DEFAULT CHARSET=latin1;
/*!40101 SET character_set_client = @saved_cs_client */;

--
-- Dumping data for table `Teachers`
--

LOCK TABLES `Teachers` WRITE;
/*!40000 ALTER TABLE `Teachers` DISABLE KEYS */;
/*!40000 ALTER TABLE `Teachers` ENABLE KEYS */;
UNLOCK TABLES;


--
-- Current Database: `ttm-core`
--

CREATE DATABASE /*!32312 IF NOT EXISTS*/ `ttm-core` /*!40100 DEFAULT CHARACTER SET latin1 */;

USE `ttm-core`;

--
-- Table structure for table `Log`
--

DROP TABLE IF EXISTS `Log`;
/*!40101 SET @saved_cs_client     = @@character_set_client */;
/*!40101 SET character_set_client = utf8 */;
CREATE TABLE `Log` (
  `Log_ID` int(11) NOT NULL AUTO_INCREMENT,
  `Log_Event` varchar(50) DEFAULT NULL,
  `Log_Timestamp` timestamp NULL DEFAULT CURRENT_TIMESTAMP,
  PRIMARY KEY (`Log_ID`)
) ENGINE=InnoDB AUTO_INCREMENT=1603 DEFAULT CHARSET=latin1;
/*!40101 SET character_set_client = @saved_cs_client */;

--
-- Dumping data for table `Log`
--

LOCK TABLES `Log` WRITE;
/*!40000 ALTER TABLE `Log` DISABLE KEYS */;
INSERT INTO `Log` VALUES (1,'cdonnelly - Invalid Login','2013-01-10 17:19:58'),(2,'cdonnelly@chapinhall.org - Logged In','2013-01-10 17:20:29'),(3,'HumboldtParkUser - Logged In','2013-01-10 17:21:23'),(4,'HumboldtParkUser - Logged In','2013-01-10 17:22:08'),(5,'HumboldtParkUser - Logged In','2013-01-10 18:00:21'),(6,'cdonnelly@chapinhall.org - Logged In','2013-01-10 18:31:28'),(7,'HumboldtParkUser - Logged In','2013-01-10 18:31:47'),(8,'HumboltParkUser - Invalid Login','2013-01-10 20:07:58'),(9,'HumboltParkUser - Invalid Login','2013-01-10 20:08:03'),(10,'HumboldtParkUser - Logged In','2013-01-10 20:08:14'),(11,'LoganSquareUser - Logged In','2013-01-10 21:39:56'),(12,'mwilson@chapinhall.org - Logged In','2013-01-10 22:19:47'),(13,'HumboldtParkUser - Logged In','2013-01-11 14:49:44'),(14,'HumboldtParkUser - Logged In','2013-01-11 15:15:59'),(15,'HumboldtParkUser - Logged In','2013-01-11 16:06:17'),(16,'HumboldtParkUser - Logged In','2013-01-14 14:57:14'),(17,'cdonnelly@chapinhall.org - Invalid Login','2013-01-14 15:09:46'),(18,'cdonnelly@chapinhall.org - Logged In','2013-01-14 15:09:51'),(19,'jgawel - Invalid Login','2013-01-15 13:41:46'),(20,'jgawel - Invalid Login','2013-01-15 13:41:48'),(21,'HumboldtParkUser - Logged In','2013-01-15 15:07:32'),(22,'cdonnelly@chapinhall.org - Logged In','2013-01-15 15:12:28'),(23,'cdonnelly@chapinhall.org - Logged In','2013-01-15 18:51:47'),(24,'HumboldtParkUser - Logged In','2013-01-15 21:04:35'),(25,'HumboldtParkUser - Logged In','2013-01-16 20:43:10'),(26,'HumboldtParkUser - Logged In','2013-01-17 15:07:06'),(27,'HumboldtParkUser - Logged In','2013-01-17 16:30:49'),(28,'HumboldtParkUser - Invalid Login','2013-01-17 21:23:39'),(29,'HumboldtParkUser - Logged In','2013-01-17 21:23:42'),(30,'cdonnelly@chapinhall.org - Logged In','2013-01-17 22:10:25'),(31,'HumboldtParkUser - Logged In','2013-01-18 14:55:21'),(32,'HumboldtParkUser - Logged In','2013-01-18 16:06:55'),(33,'HumboldtParkUser - Logged In','2013-01-18 17:21:23'),(34,'HumboldtParkUser - Logged In','2013-01-18 17:40:04'),(35,'HumboldtParkUser - Logged In','2013-01-18 17:44:59'),(36,'HumboldtParkUser - Logged In','2013-01-18 17:55:28'),(37,'HumboldtParkUser - Logged In','2013-01-18 18:52:35'),(38,'maggie wilson - Invalid Login','2013-01-18 20:47:45'),(39,'mwilson@chapinhall.org - Logged In','2013-01-18 20:47:55'),(40,'HumboldtParkUser - Logged In','2013-01-22 14:18:09'),(41,'HumboldtParkUser - Logged In','2013-01-22 15:13:20'),(42,'cdonnelly@chapinhall.org - Logged In','2013-01-22 15:32:16'),(43,'HumboldtParkUser - Logged In','2013-01-22 16:13:34'),(44,'HumboldtParkUser - Logged In','2013-01-22 19:29:15'),(45,'HumboldtParkUser - Logged In','2013-01-22 20:08:10'),(46,'cdonnelly@chapinhall.org - Logged In','2013-01-22 20:09:32'),(47,'mwilson@chapinhall.org - Logged In','2013-01-22 21:05:25'),(48,'cdonnelly@chapinhall.org - Logged In','2013-01-23 15:14:18'),(49,'HumboldtParkUser - Logged In','2013-01-23 15:15:14'),(50,'HumboldtParkUser - Logged In','2013-01-24 14:51:50'),(51,'HumboldtParkUser - Logged In','2013-01-24 15:53:10'),(52,'HumboldtParkUser - Logged In','2013-01-24 16:33:09'),(53,'HumboldtParkUser - Logged In','2013-01-24 21:36:39'),(54,'mwilson@chapinhall.org - Logged In','2013-01-25 14:44:23'),(55,'cdonnelly@chapinhall.org - Logged In','2013-01-25 15:08:36'),(56,'HumboldtParkUser - Logged In','2013-01-25 17:43:21'),(57,'HumboldtParkUser - Logged In','2013-01-25 20:02:04'),(58,'cdonnelly@chapinhall.org - Logged In','2013-01-28 15:07:13'),(59,'HumboldtParkUser - Logged In','2013-01-28 16:43:30'),(60,'HumboldtParkUser - Invalid Login','2013-01-29 14:47:22'),(61,'HumboldtParkUser - Logged In','2013-01-29 14:52:34'),(62,'HumboldtParkUser - Logged In','2013-01-29 14:53:48'),(63,'HumboldtParkUser - Logged In','2013-01-29 17:32:56'),(64,'HumboldtParkUser - Logged In','2013-01-29 19:12:27'),(65,'HumboldtParkUser - Logged In','2013-01-29 19:26:16'),(66,'cdonnelly@chapinhall.org - Logged In','2013-01-29 20:23:59'),(67,'HumboldtParkUser - Logged In','2013-01-30 15:08:08'),(68,'HumboldtParkUser - Logged In','2013-01-30 15:34:09'),(69,'HumboldtParkUser - Logged In','2013-01-30 16:32:25'),(70,'HumboldtParkUser - Logged In','2013-01-30 21:22:32'),(71,'HumboldtParkUser - Logged In','2013-01-30 23:27:20'),(72,'cdonnelly@chapinhall.org - Logged In','2013-01-31 15:41:38'),(73,'HumboldtParkUser - Logged In','2013-01-31 15:55:08'),(74,'HumboldtParkUser - Logged In','2013-02-01 15:55:28'),(75,'HumboldtParkUser - Logged In','2013-02-01 16:11:17'),(76,'HumboldtParkUser - Logged In','2013-02-01 19:22:59'),(77,'HumboldtParkUser - Logged In','2013-02-01 19:26:16'),(78,'HumboldtParkUser - Logged In','2013-02-01 19:38:46'),(79,'HumboldtParkUser - Logged In','2013-02-01 20:16:10'),(80,'HumboldtParkUser - Logged In','2013-02-04 14:51:00'),(81,'HumboldtParkUser - Logged In','2013-02-04 14:59:51'),(82,'LoganSquareUser - Logged In','2013-02-04 15:52:35'),(83,'HumboldtParkUser - Logged In','2013-02-04 15:52:36'),(84,'HumboldtParkUser - Logged In','2013-02-04 16:09:11'),(85,'HumboldtParkUser - Logged In','2013-02-04 18:14:00'),(86,'HumboldtParkUser - Logged In','2013-02-05 14:51:02'),(87,'cdonnelly@chapinhall.org - Logged In','2013-02-05 15:43:00'),(88,'cdonnelly@chapinhall.org - Logged In','2013-02-05 16:15:16'),(89,'LoganSquareUser - Logged In','2013-02-05 21:24:11'),(90,'HumboldtParkUser - Logged In','2013-02-05 21:30:37'),(91,'mwilson@chapinhall.org - Logged In','2013-02-05 21:45:14'),(92,'HumboldtParkUser - Logged In','2013-02-05 21:46:07'),(93,'HumboldtParkUser - Logged In','2013-02-06 15:06:10'),(94,'HumboldtParkUser - Logged In','2013-02-06 15:15:17'),(95,'HumboldtParkUser - Logged In','2013-02-06 16:24:53'),(96,'HumboldtParkUser - Logged In','2013-02-06 17:51:15'),(97,'HumboldtParkUser - Logged In','2013-02-06 18:04:18'),(98,'cdonnelly@chapinhall.org - Logged In','2013-02-06 18:37:24'),(99,'HumboldtParkUser - Logged In','2013-02-06 19:26:47'),(100,'HumboldtParkUser - Logged In','2013-02-06 20:05:13'),(101,'HumboldtParkUser - Logged In','2013-02-06 20:21:03'),(102,'cdonnelly - Invalid Login','2013-02-06 20:21:14'),(103,'cdonnelly@chapinhall.org - Logged In','2013-02-06 20:21:24'),(104,'HumboldtParkUser - Logged In','2013-02-06 22:26:07'),(105,'HumboldtParkUser - Logged In','2013-02-07 14:41:34'),(106,'HumboldtParkUser - Logged In','2013-02-07 21:14:29'),(107,'LoganSquareUser - Logged In','2013-02-07 21:40:50'),(108,'HumboldtParkUser - Logged In','2013-02-08 15:47:24'),(109,'HumboldtParkUser - Logged In','2013-02-08 17:18:58'),(110,'HumboldtParkUser - Logged In','2013-02-08 17:44:32'),(111,'HumboldtParkUser - Logged In','2013-02-08 17:53:31'),(112,'cdonnelly@chapinhall.org - Logged In','2013-02-08 18:08:06'),(113,'cdonnelly@chapinhall.org - Logged In','2013-02-08 18:10:04'),(114,'cdonnelly@chapinhall.org - Logged In','2013-02-08 18:12:34'),(115,'LoganSquareUser - Logged In','2013-02-08 18:21:15'),(116,'cdonnelly@chapinhall.org - Logged In','2013-02-08 18:27:54'),(117,'HumboldtParkUser - Logged In','2013-02-08 22:15:58'),(118,'HumboldtParkUser - Logged In','2013-02-11 14:54:17'),(119,'cdonnelly@chapinhall.org - Logged In','2013-02-11 14:59:11'),(120,'LoganSquareUser - Logged In','2013-02-11 14:59:25'),(121,'LoganSquareUser - Logged In','2013-02-11 15:02:01'),(122,'cdonnelly@chapinhall.org - Logged In','2013-02-11 15:24:07'),(123,'LoganSquareUser - Logged In','2013-02-11 15:25:40'),(124,'HumboldtParkUser - Logged In','2013-02-11 15:50:08'),(125,'LoganSquareUser - Logged In','2013-02-11 15:52:23'),(126,'cdonnelly@chapinhall.org - Logged In','2013-02-11 16:13:06'),(127,'HumboldtParkUser - Logged In','2013-02-11 17:19:01'),(128,'HumboldtParkUser - Logged In','2013-02-11 17:49:24'),(129,'cdonnelly@chapinhall.org - Logged In','2013-02-11 18:56:09'),(130,'HumboldtParkUser - Logged In','2013-02-11 19:49:27'),(131,'cdonnelly@chapinhall.org - Logged In','2013-02-11 19:51:45'),(132,'LoganSquareUser - Logged In','2013-02-11 20:06:34'),(133,'LoganSquareUser - Logged In','2013-02-11 20:26:03'),(134,'HumboldtParkUser - Logged In','2013-02-11 20:46:29'),(135,'HumboldtParkUser - Logged In','2013-02-11 20:58:52'),(136,'LoganSquareUser - Logged In','2013-02-11 21:13:46'),(137,'HumboldtParkUser - Logged In','2013-02-11 21:38:37'),(138,'HumboldtParkUser - Logged In','2013-02-11 21:43:40'),(139,'HumboldtParkUser - Logged In','2013-02-11 22:23:59'),(140,'HumboldtParkUser - Logged In','2013-02-12 15:05:38'),(141,'HumboldtParkUser - Logged In','2013-02-12 17:57:00'),(142,'cdonnelly@chapinhall.org - Logged In','2013-02-12 18:24:03'),(143,'HumboldtParkUser - Logged In','2013-02-12 18:58:25'),(144,'HumboldtParkUser - Logged In','2013-02-12 20:12:01'),(145,'LoganSquareUser - Logged In','2013-02-12 20:13:59'),(146,'HumboldtParkUser - Logged In','2013-02-12 20:33:41'),(147,'HumboldtParkUser - Logged In','2013-02-12 20:40:47'),(148,'LoganSquareUser - Logged In','2013-02-12 21:11:25'),(149,'HumboldtParkUser - Logged In','2013-02-12 21:41:35'),(150,'LoganSquareUser - Logged In','2013-02-12 21:42:56'),(151,'cdonnelly@chapinhall.org - Logged In','2013-02-12 22:13:20'),(152,'HumboldtParkUser - Logged In','2013-02-13 15:15:09'),(153,'cdonnelly@chapinhall.org - Logged In','2013-02-13 15:23:32'),(154,'HumboldtParkUser - Logged In','2013-02-13 15:46:00'),(155,'LoganSquareUser - Logged In','2013-02-13 15:46:20'),(156,'HumboldtParkUser - Logged In','2013-02-13 15:50:53'),(157,'HumboldtParkUser - Logged In','2013-02-13 15:51:42'),(158,'Humboldtparkuser - Logged In','2013-02-13 15:57:12'),(159,'cdonnelly@chapinhall.org - Logged In','2013-02-13 16:35:34'),(160,'cdonnelly@chapinhall.org - Logged In','2013-02-13 17:31:27'),(161,'cdonnelly@chapinhall.org - Logged In','2013-02-13 18:15:59'),(162,'HumboldtParkUser - Logged In','2013-02-13 19:32:25'),(163,'HumboldtParkUser - Logged In','2013-02-13 19:35:58'),(164,'cdonnelly@chapinhall.org - Logged In','2013-02-13 21:13:19'),(165,'cdonnelly@chapinhall.org - Logged In','2013-02-14 15:35:50'),(166,'HumboldtParkUser - Logged In','2013-02-14 15:59:50'),(167,'HumboldtParkUser - Logged In','2013-02-14 16:42:11'),(168,'LoganSquareUser - Logged In','2013-02-14 17:36:49'),(169,'cdonnelly@chapinhall.org - Logged In','2013-02-14 18:47:00'),(170,'cdonnelly@chapinhall.org - Logged In','2013-02-14 19:38:39'),(171,'cdonnelly@chapinhall.org - Logged In','2013-02-14 22:34:12'),(172,'LoganSquareUser - Logged In','2013-02-14 22:40:34'),(173,'HumboldtParkUser - Logged In','2013-02-14 22:42:21'),(174,'HumboldtParkUser - Logged In','2013-02-14 22:59:42'),(175,'HumboldtParkUser - Logged In','2013-02-15 14:39:42'),(176,'HumboldtParkUser - Logged In','2013-02-15 14:43:31'),(177,'cdonnelly@chapinhall.org - Logged In','2013-02-15 15:03:13'),(178,'cdonnelly@chapinhall.org - Logged In','2013-02-15 18:12:11'),(179,'HumboldtParkUser - Logged In','2013-02-15 18:43:12'),(180,'HumboldtParkUser - Logged In','2013-02-15 19:08:57'),(181,'LoganSquareUser - Logged In','2013-02-15 20:59:47'),(182,'cdonnelly@chapinhall.org - Logged In','2013-02-15 21:13:57'),(183,'cdonnelly@chapinhall.org - Logged In','2013-02-18 15:00:18'),(184,'LoganSquareUser - Logged In','2013-02-18 15:10:19'),(185,'cdonnelly@chapinhall.org - Logged In','2013-02-18 18:37:02'),(186,'LoganSquareUser - Logged In','2013-02-18 19:29:03'),(187,'cdonnelly@chapinhall.org - Logged In','2013-02-18 21:41:21'),(188,'LoganSquareUser - Logged In','2013-02-18 21:46:51'),(189,'LoganSquareUser - Logged In','2013-02-18 22:25:25'),(190,'LoganSquareUser - Logged In','2013-02-18 22:38:48'),(191,'LoganSquareUser - Logged In','2013-02-18 22:39:10'),(192,'cdonnelly@chapinhall.org - Logged In','2013-02-19 15:16:15'),(193,'HumboldtParkUser - Logged In','2013-02-19 16:10:29'),(194,'cdonnelly@chapinhall.org - Logged In','2013-02-19 17:31:28'),(195,'cdonnelly@chapinhall.org - Logged In','2013-02-19 17:32:57'),(196,'cdonnelly@chapinhall.org - Logged In','2013-02-19 17:33:52'),(197,'huboldtparkuser - Invalid Login','2013-02-19 19:05:30'),(198,'HumboldtParkUser - Logged In','2013-02-19 19:05:49'),(199,'HumboldtParkUser - Logged In','2013-02-19 19:58:19'),(200,'HumboldtParkUser - Logged In','2013-02-19 20:18:24'),(201,'cdonnelly@chapinhall.org - Logged In','2013-02-19 20:29:34'),(202,'cdonnelly@chapinhall.org - Logged In','2013-02-19 20:56:10'),(203,'LoganSquareUser - Logged In','2013-02-19 21:32:41'),(204,'humboldtparkuser - Logged In','2013-02-19 22:54:35'),(205,'cdonnelly@chapinhall.org - Logged In','2013-02-20 15:44:16'),(206,'cdonnelly@chapinhall.org - Logged In','2013-02-20 18:39:31'),(207,'HumboldtParkUser - Logged In','2013-02-20 19:17:01'),(208,'LoganSquareUser - Logged In','2013-02-20 20:42:52'),(209,'cdonnelly@chapinhall.org - Logged In','2013-02-20 22:05:27'),(210,'cdonnelly@chapinhall.org - Logged In','2013-02-21 14:52:53'),(211,'HumboldtParkUser - Logged In','2013-02-21 15:48:20'),(212,'humboldtparkuser - Logged In','2013-02-21 17:56:18'),(213,'humboldtparkuse - Invalid Login','2013-02-21 18:21:34'),(214,'humboldtparkuser - Logged In','2013-02-21 18:21:43'),(215,'LoganSquareUser - Logged In','2013-02-21 18:58:57'),(216,'mwilson@chapinhall.org - Logged In','2013-02-21 18:59:27'),(217,'HumboldtParkUser - Logged In','2013-02-21 21:48:43'),(218,'HumboldtParkUser - Logged In','2013-02-21 22:29:58'),(219,'cdonnelly@chapinhall.org - Logged In','2013-02-22 15:57:40'),(220,'cdonnelly@chapinhall.org - Logged In','2013-02-22 20:30:08'),(221,'HumboldtParkUser - Logged In','2013-02-23 23:01:50'),(222,'cdonnelly@chapinhall.org - Logged In','2013-02-25 15:07:48'),(223,'TESTviewONLY - Logged In','2013-02-25 16:47:34'),(224,'TESTviewONLY - Logged In','2013-02-25 16:49:17'),(225,'TESTviewONLY - Logged In','2013-02-25 16:50:24'),(226,'TESTviewONLY - Logged In','2013-02-25 16:51:33'),(227,'TESTviewONLY - Logged In','2013-02-25 16:53:34'),(228,'TESTviewONLY - Logged In','2013-02-25 16:53:59'),(229,'TESTviewONLY - Logged In','2013-02-25 16:55:22'),(230,'cdonnelly@chapinhall.org - Logged In','2013-02-25 17:05:14'),(231,'cdonnelly@chapinhall.org - Logged In','2013-02-25 17:05:23'),(232,'cdonnelly@chapinhall.org - Logged In','2013-02-25 17:05:50'),(233,'cdonnelly@chapinhall.org - Logged In','2013-02-25 17:06:38'),(234,'HumboldtParkUser - Logged In','2013-02-25 17:24:19'),(235,'LoganSquareUser - Logged In','2013-02-25 19:28:06'),(236,'HumboldtParkUser - Logged In','2013-02-25 19:29:36'),(237,'HumboldtParkUser - Logged In','2013-02-25 22:40:25'),(238,'HumboldtParkUser - Logged In','2013-02-26 14:50:18'),(239,'cdonnelly@chapinhall.org - Logged In','2013-02-26 16:11:01'),(240,'HumboldtParkUser - Logged In','2013-02-26 16:32:52'),(241,'humboldtparkuser - Logged In','2013-02-26 18:15:38'),(242,'humboldtparkuser - Logged In','2013-02-26 18:24:35'),(243,'cdonnelly@chapinhall.org - Logged In','2013-02-26 19:44:50'),(244,'HumboldtParkUser - Logged In','2013-02-26 19:45:56'),(245,'HumboldtParkUser - Logged In','2013-02-26 20:01:18'),(246,'HPDataEntry - Logged In','2013-02-26 20:32:16'),(247,'HPDataEntry - Logged In','2013-02-27 16:12:59'),(248,'HPDataEntry - Logged In','2013-02-27 16:13:20'),(249,'HPDataEntry - Invalid Login','2013-02-27 16:13:28'),(250,'HumboldtParkUser - Logged In','2013-02-27 16:15:56'),(251,'humboldtparkuser - Logged In','2013-02-27 17:57:26'),(252,'LoganSquareUser - Logged In','2013-02-27 19:10:17'),(253,'LoganSquareUser - Logged In','2013-02-27 22:12:59'),(254,'LoganSquareUser - Logged In','2013-02-28 14:50:47'),(255,'cdonnelly@chapinhall.org - Logged In','2013-02-28 15:01:55'),(256,'cdonnelly@chapinhall.org - Logged In','2013-02-28 15:39:21'),(257,'HumboldtParkUser - Logged In','2013-02-28 15:42:08'),(258,'testPartnerAcct - Logged In','2013-02-28 15:45:26'),(259,'HumboldtParkUser - Logged In','2013-02-28 15:50:13'),(260,'testPartnerAcct - Logged In','2013-02-28 15:53:35'),(261,'cdonnelly@chapinhall.org - Logged In','2013-02-28 15:59:01'),(262,'LoganSquareUser - Logged In','2013-02-28 16:33:39'),(263,'LoganSquareUser - Logged In','2013-02-28 16:42:50'),(264,'LoganSquareUser - Logged In','2013-02-28 16:44:30'),(265,'LoganSquareUser - Logged In','2013-02-28 16:44:49'),(266,'LoganSquareUser - Logged In','2013-02-28 16:45:28'),(267,'LoganSquareUser - Logged In','2013-02-28 19:09:07'),(268,'humboldtparkuser - Logged In','2013-02-28 22:00:07'),(269,'HumboldtParkUser - Logged In','2013-02-28 22:56:14'),(270,'LoganSquareUser - Logged In','2013-03-01 15:46:31'),(271,'cdonnelly - Invalid Login','2013-03-01 16:44:00'),(272,'cdonnelly@chapinhall.org - Logged In','2013-03-01 16:44:08'),(273,'HumboldtParkUser - Logged In','2013-03-01 17:05:46'),(274,'cdonnelly@chapinhall.org - Logged In','2013-03-01 20:04:43'),(275,'cdonnelly@chapinhall.org - Logged In','2013-03-04 15:06:45'),(276,'LoganSquareUser - Logged In','2013-03-04 15:53:53'),(277,'cdonnelly@chapinhall.org - Logged In','2013-03-04 18:37:26'),(278,'LoganSquareUser - Logged In','2013-03-04 20:35:17'),(279,'LoganSquareUser - Logged In','2013-03-04 21:00:51'),(280,'cdonnelly@chapinhall.org - Logged In','2013-03-05 17:29:50'),(281,'cdonnelly@chapinhall.org - Logged In','2013-03-05 20:29:58'),(282,'humboldtparkuser - Logged In','2013-03-05 21:44:36'),(283,'LoganSquareUser - Logged In','2013-03-06 15:23:10'),(284,'humboldtparkuser - Logged In','2013-03-06 18:16:26'),(285,'LoganSquareUser - Logged In','2013-03-06 19:13:14'),(286,'humboldtparkuser - Logged In','2013-03-06 20:31:17'),(287,'LoganSquareUser - Logged In','2013-03-06 20:44:16'),(288,'LoganSquareUser - Logged In','2013-03-06 20:44:18'),(289,'LoganSquareUser - Logged In','2013-03-06 22:19:14'),(290,'LoganSquareUser - Logged In','2013-03-07 16:15:26'),(291,'LoganSquareUser - Logged In','2013-03-07 16:28:35'),(292,'humboldtparkuser - Logged In','2013-03-07 17:50:31'),(293,'LoganSquareUser - Logged In','2013-03-07 19:27:32'),(294,'cdonnelly@chapinhall.org - Logged In','2013-03-07 19:31:38'),(295,'LoganSquareUser - Logged In','2013-03-07 20:59:51'),(296,'HumboldtParkUser - Logged In','2013-03-07 21:28:22'),(297,'HumboldtParkUser - Logged In','2013-03-07 21:43:49'),(298,'HumboldtParkUser - Logged In','2013-03-07 21:50:59'),(299,'HumboldtParkUser - Logged In','2013-03-07 21:53:11'),(300,'LoganSquareUser - Logged In','2013-03-08 15:10:46'),(301,'cdonnelly@chapinhall.org - Logged In','2013-03-08 15:25:09'),(302,'LoganSquareUser - Logged In','2013-03-08 18:11:56'),(303,'LoganSquareUser - Logged In','2013-03-08 21:14:48'),(304,'LoganSquareUser - Logged In','2013-03-11 14:01:29'),(305,'HumboldtParkUser - Logged In','2013-03-11 14:10:30'),(306,'cdonnelly@chapinhall.org - Logged In','2013-03-11 15:20:01'),(307,'LoganSquareUser - Logged In','2013-03-11 18:27:03'),(308,'cdonnelly@chapinhall.org - Logged In','2013-03-11 18:58:27'),(309,'LoganSquareUser - Logged In','2013-03-11 20:18:02'),(310,'cdonnelly@chapinhall.org - Logged In','2013-03-12 14:21:42'),(311,'LoganSquareUser - Logged In','2013-03-12 14:50:03'),(312,'cdonnelly@chapinhall.org - Logged In','2013-03-12 17:48:29'),(313,'LoganSquareUser - Logged In','2013-03-12 18:10:22'),(314,'cdonnelly@chapinhall.org - Logged In','2013-03-12 20:54:05'),(315,'LoganSquareUser - Logged In','2013-03-13 13:54:41'),(316,'cdonnelly@chapinhall.org - Logged In','2013-03-13 14:06:13'),(317,'LoganSqureUser - Invalid Login','2013-03-13 17:04:29'),(318,'LoganSquareUser - Logged In','2013-03-13 17:04:35'),(319,'HumboldtParkUser - Logged In','2013-03-14 18:34:32'),(320,'LoganSquareUser - Logged In','2013-03-14 19:59:23'),(321,'LoganSquareUser - Logged In','2013-03-14 20:23:52'),(322,'LoganSquareUser - Logged In','2013-03-15 14:06:12'),(323,'LoganSquareUser - Logged In','2013-03-15 17:37:57'),(324,'LoganSquareUser - Logged In','2013-03-15 20:38:14'),(325,'LoganSquareUser - Logged In','2013-03-18 14:06:41'),(326,'LoganSquareUser - Logged In','2013-03-18 14:25:05'),(327,'cdonnelly@chapinhall.org - Logged In','2013-03-18 15:00:24'),(328,'LoganSquareUser - Logged In','2013-03-18 18:44:01'),(329,'cdonnelly@chapinhall.org - Logged In','2013-03-18 18:46:56'),(330,'cdonnelly@chapinhall.org - Logged In','2013-03-18 19:26:39'),(331,'cdonnelly@chapinhall.org - Logged In','2013-03-18 19:32:42'),(332,'cdonnelly@chapinhall.org - Logged In','2013-03-18 20:16:43'),(333,'LoganSquareUser - Logged In','2013-03-18 20:21:40'),(334,'cdonnelly@chapinhall.org - Logged In','2013-03-18 20:51:32'),(335,'cdonnelly@chapinhall.org - Logged In','2013-03-19 14:20:30'),(336,'LoganSquareUser - Logged In','2013-03-19 17:38:58'),(337,'cdonnelly@chapinhall.org - Logged In','2013-03-19 17:40:17'),(338,'cdonnelly@chapinhall.org - Logged In','2013-03-19 23:37:18'),(339,'LoganSquareUser - Logged In','2013-03-20 17:30:20'),(340,'cdonnelly@chapinhall.org - Logged In','2013-03-20 18:42:25'),(341,'cdonnelly@chapinhall.org - Logged In','2013-03-21 14:12:52'),(342,'HumboldtParkUser - Logged In','2013-03-21 17:31:35'),(343,'cdonnelly - Invalid Login','2013-03-21 19:49:05'),(344,'cdonnelly@chapinhall.org - Logged In','2013-03-21 19:49:12'),(345,'cdonnelly@chapinhall.org - Logged In','2013-03-22 15:09:24'),(346,'HumboldtParkUser - Logged In','2013-03-22 18:30:32'),(347,'cdonnelly@chapinhall.org - Logged In','2013-03-25 14:03:17'),(348,'LoganSquareUser - Logged In','2013-03-25 15:17:19'),(349,'cdonnelly@chapinhall.org - Logged In','2013-03-26 14:20:21'),(350,'cdonnelly@chapinhall.org - Logged In','2013-03-26 18:46:19'),(351,'LoganSquareUser - Logged In','2013-03-28 21:40:46'),(352,'LoganSquareUser - Logged In','2013-03-29 13:56:36'),(353,'LoganSquareUser - Logged In','2013-04-01 18:44:09'),(354,'cdonnelly@chapinhall.org - Logged In','2013-04-02 15:46:01'),(355,'cdonnelly@chapinhall.org - Logged In','2013-04-02 18:52:57'),(356,'cdonnelly@chapinhall.org - Logged In','2013-04-03 17:06:54'),(357,'cdonnelly@chapinhall.org - Logged In','2013-04-03 19:37:01'),(358,'cdonnelly@chapinhall.org - Logged In','2013-04-04 14:48:08'),(359,'HumboldtParkUser - Logged In','2013-04-04 17:53:21'),(360,'cdonnelly@chapinhall.org - Logged In','2013-04-04 19:09:00'),(361,'cdonnelly@chapinhall.org - Logged In','2013-04-05 14:04:17'),(362,'LoganSquareUser - Logged In','2013-04-05 14:10:49'),(363,'cdonnelly@chapinhall.org - Logged In','2013-04-05 16:09:01'),(364,'mwilson - Invalid Login','2013-04-05 17:24:01'),(365,'LoganSquareUser - Logged In','2013-04-05 17:24:09'),(366,'cdonnelly@chapinhall.org - Logged In','2013-04-05 17:57:04'),(367,'cdonnelly@chapinhall.org - Logged In','2013-04-05 19:47:47'),(368,'PilsenUser - Logged In','2013-04-05 20:29:59'),(369,'HumboldtParkUser - Logged In','2013-04-05 20:38:15'),(370,'PilsenUser - Logged In','2013-04-05 20:39:06'),(371,'HumboldtParkUser - Logged In','2013-04-05 20:50:22'),(372,'ChicagoLawnUser - Logged In','2013-04-05 21:07:53'),(373,'LittleVillageUser - Logged In','2013-04-05 21:14:43'),(374,'cdonnelly@chapinhall.org - Logged In','2013-04-08 14:07:35'),(375,'cdonnelly@chapinhall.org - Logged In','2013-04-08 17:21:49'),(376,'cdonnelly@chapinhall.org - Logged In','2013-04-08 17:38:38'),(377,'LoganSquareUser - Logged In','2013-04-08 18:12:49'),(378,'PilsenUser - Logged In','2013-04-08 18:15:25'),(379,'cdonnelly@chapinhall.org - Logged In','2013-04-09 13:59:33'),(380,'PilsenUser - Logged In','2013-04-09 15:16:45'),(381,'HumboldtParkUser - Logged In','2013-04-09 19:38:45'),(382,'ChicagoLawnUser - Logged In','2013-04-09 20:03:20'),(383,'PilsenUser - Logged In','2013-04-10 14:01:11'),(384,'cdonnelly@chapinhall.org - Logged In','2013-04-10 14:03:38'),(385,'LoganSquareUser - Logged In','2013-04-10 14:06:11'),(386,'LoganSquareUser - Logged In','2013-04-10 17:07:35'),(387,'cdonnelly@chapinhall.org - Logged In','2013-04-10 17:11:22'),(388,'cdonnelly@chapinhall.org - Logged In','2013-04-10 20:16:08'),(389,'logansquare - Invalid Login','2013-04-10 20:59:49'),(390,'Logan Square - Invalid Login','2013-04-10 20:59:59'),(391,'LoganSquare - Invalid Login','2013-04-10 21:00:53'),(392,'LoganSquare - Invalid Login','2013-04-10 21:00:55'),(393,'LoganSquareUser - Logged In','2013-04-10 21:07:00'),(394,'Logan Square User - Invalid Login','2013-04-10 21:12:32'),(395,'LoganSquareUser - Logged In','2013-04-10 21:12:49'),(396,'cdonnelly@chapinhall.org - Logged In','2013-04-10 21:33:12'),(397,'LoganSquareUser - Logged In','2013-04-10 21:43:20'),(398,'ChicagoLawnUser - Logged In','2013-04-10 22:13:31'),(399,'PilsenUser - Logged In','2013-04-10 22:23:15'),(400,'PilsenUser - Logged In','2013-04-10 22:46:18'),(401,'LoganSquareUser - Logged In','2013-04-10 22:46:30'),(402,'PilsenUser - Logged In','2013-04-11 14:50:48'),(403,'cdonnelly@chapinhall.org - Logged In','2013-04-11 14:55:03'),(404,'LoganSquareUser - Logged In','2013-04-11 15:05:17'),(405,'cdonnelly@chapinhall.org - Logged In','2013-04-11 17:52:58'),(406,'LoganSquareUser - Logged In','2013-04-11 18:31:47'),(407,'PilsenUser - Logged In','2013-04-11 18:42:32'),(408,'cdonnelly@chapinhall.org - Logged In','2013-04-11 20:01:06'),(409,'LoganSquareUser - Logged In','2013-04-11 20:01:55'),(410,'LoganSquareUser - Logged In','2013-04-11 22:00:23'),(411,'cdonnelly@chapinhall.org - Logged In','2013-04-12 14:09:01'),(412,'LoganSquareUser - Logged In','2013-04-12 14:32:39'),(413,'LoganSquareUser - Logged In','2013-04-12 15:03:11'),(414,'cdonnelly@chapinhall.org - Logged In','2013-04-12 17:40:53'),(415,'LoganSquareUser - Logged In','2013-04-12 18:27:02'),(416,'cdonnelly@chapinhall.org - Logged In','2013-04-12 18:50:48'),(417,'LoganSquareUser - Logged In','2013-04-12 19:50:28'),(418,'cdonnelly@chapinhall.org - Logged In','2013-04-15 19:04:55'),(419,'LoganSquareUser - Logged In','2013-04-16 14:10:35'),(420,'cdonnelly@chapinhall.org - Logged In','2013-04-16 17:15:14'),(421,'LoganSquareUser - Logged In','2013-04-16 17:23:15'),(422,'cdonnelly@chapinhall.org - Logged In','2013-04-16 20:18:41'),(423,'PilsenUser - Logged In','2013-04-16 20:44:43'),(424,'ChicagoLawnUser - Logged In','2013-04-16 20:46:14'),(425,'LoganSquareUser - Logged In','2013-04-17 15:23:22'),(426,'LoganSquareUser - Logged In','2013-04-17 16:38:26'),(427,'PilsenUser - Logged In','2013-04-17 19:58:30'),(428,'LoganSquareUser - Logged In','2013-04-17 20:21:30'),(429,'cdonnelly@chapinhall.org - Logged In','2013-04-18 14:57:12'),(430,'cdonnelly@chapinhall.org - Logged In','2013-04-18 18:11:13'),(431,'cdonnelly@chapinhall.org - Logged In','2013-04-18 21:20:39'),(432,'cdonnelly@chapinhall.org - Logged In','2013-04-19 14:40:06'),(433,'LoganSquareUser - Logged In','2013-04-19 15:38:33'),(434,'cdonnelly@chapinhall.org - Logged In','2013-04-19 19:41:45'),(435,'LoganSquareUser - Logged In','2013-04-19 20:52:56'),(436,'cdonnelly@chapinhall.org - Logged In','2013-04-22 13:55:32'),(437,'PilsenUser - Logged In','2013-04-22 14:11:52'),(438,'LoganSquareUser - Logged In','2013-04-22 15:17:22'),(439,'LoganSquareUser - Logged In','2013-04-22 18:36:24'),(440,'cdonnelly@chapinhall.org - Logged In','2013-04-22 20:29:19'),(441,'LoganSquareUser - Logged In','2013-04-22 21:37:21'),(442,'cdonnelly@chapinhall.org - Logged In','2013-04-23 13:27:11'),(443,'LoganSquareUser - Logged In','2013-04-23 14:06:04'),(444,'LoganSquareUser - Logged In','2013-04-23 14:11:59'),(445,'LoganSquareUser - Logged In','2013-04-23 15:11:05'),(446,'cdonnelly@chapinhall.org - Logged In','2013-04-23 17:04:19'),(447,'LoganSquareUser - Logged In','2013-04-23 20:25:20'),(448,'cdonnelly@chapinhall.org - Logged In','2013-04-23 21:09:49'),(449,'PilsenUser - Logged In','2013-04-23 21:52:16'),(450,'cdonnelly@chapinhall.org - Logged In','2013-04-24 14:28:15'),(451,'PilsenUser - Logged In','2013-04-24 15:01:02'),(452,'ChicagoLawnUser - Logged In','2013-04-24 21:46:06'),(453,'cdonnelly@chapinhall.org - Logged In','2013-04-25 14:02:08'),(454,'PilsenUser - Logged In','2013-04-25 14:29:09'),(455,'LoganSquareUser - Logged In','2013-04-25 20:01:00'),(456,'LoganSquareUser - Logged In','2013-04-25 20:01:05'),(457,'PilsenUser - Logged In','2013-04-25 21:15:29'),(458,'cdonnelly@chapinhall.org - Logged In','2013-04-26 14:02:57'),(459,'cdonnelly@chapinhall.org - Logged In','2013-04-26 14:37:08'),(460,'PilsenUser - Logged In','2013-04-26 15:41:04'),(461,'LoganSquareUser - Logged In','2013-05-03 15:52:43'),(462,'PilsenUser - Logged In','2013-05-03 15:54:05'),(463,'PilsenUser - Logged In','2013-05-03 19:39:14'),(464,'LoganSquareUser - Logged In','2013-05-03 20:13:40'),(465,'LoganSquareUser - Logged In','2013-05-06 14:31:34'),(466,'LoganSquareUser - Logged In','2013-05-06 17:41:05'),(467,'LoganSquareUser - Logged In','2013-05-06 17:44:55'),(468,'ChicagoLawnUser - Logged In','2013-05-06 18:06:25'),(469,'PilsenUser - Logged In','2013-05-07 13:59:39'),(470,'cdonnelly@chapinhall.org - Logged In','2013-05-07 14:16:24'),(471,'ChicagoLawnUser - Logged In','2013-05-07 14:52:58'),(472,'cdonnelly@chapinhall.org - Logged In','2013-05-07 17:18:02'),(473,'LoganSquareUser - Logged In','2013-05-07 18:53:49'),(474,'LoganSquareUser - Logged In','2013-05-07 19:49:18'),(475,'LoganSquareUser - Logged In','2013-05-07 19:49:26'),(476,'cdonnelly@chapinhall.org - Logged In','2013-05-07 20:27:14'),(477,'cdonnelly@chapinhall.org - Logged In','2013-05-07 20:55:10'),(478,'HumboldtParkUser - Logged In','2013-05-07 20:58:26'),(479,'cdonnelly@chapinhall.org - Logged In','2013-05-08 14:14:43'),(480,'LoganSquareUser - Logged In','2013-05-08 15:06:53'),(481,'HumboldtParkUser - Logged In','2013-05-08 17:13:04'),(482,'PilsenUser - Logged In','2013-05-08 18:25:50'),(483,'cdonnelly@chapinhall.org - Logged In','2013-05-08 19:55:41'),(484,'humboldtparkuser - Logged In','2013-05-09 16:39:09'),(485,'humboldtparkuser - Logged In','2013-05-09 16:50:47'),(486,'HumboldtParkUser - Logged In','2013-05-09 17:17:07'),(487,'cdonnelly@chapinhall.org - Logged In','2013-05-09 17:55:02'),(488,'ChicagoLawnUser - Logged In','2013-05-09 20:43:04'),(489,'LittleVillageUser - Logged In','2013-05-09 21:10:19'),(490,'swopUSER - Invalid Login','2013-05-10 13:45:56'),(491,'ChicagoLawnUser - Logged In','2013-05-10 13:46:55'),(492,'cdonnelly@chapinhall.org - Logged In','2013-05-10 14:01:52'),(493,'LoganSquareUser - Logged In','2013-05-10 14:42:55'),(494,'ChicagoLawnUser - Logged In','2013-05-10 18:03:11'),(495,'PilsenUser - Logged In','2013-05-10 18:27:22'),(496,'cdonnelly@chapinhall.org - Logged In','2013-05-13 14:00:43'),(497,'ChicagoLawnUser - Logged In','2013-05-13 15:19:03'),(498,'cdonnelly@chapinhall.org - Logged In','2013-05-13 18:55:22'),(499,'cdonnelly@chapinhall.org - Logged In','2013-05-14 15:22:03'),(500,'PilsenUser - Logged In','2013-05-14 15:39:42'),(501,'HumboldtParkUser - Logged In','2013-05-14 17:09:53'),(502,'HumboldtParkUser - Logged In','2013-05-14 17:23:40'),(503,'cdonnelly@chapinhall.org - Logged In','2013-05-14 18:05:12'),(504,'ChicagoLawnUser - Logged In','2013-05-14 18:46:49'),(505,'PilsenUser - Logged In','2013-05-14 18:57:48'),(506,'troch@lisc.org - Logged In','2013-05-14 20:27:20'),(507,'cdonnelly@chapinhall.org - Logged In','2013-05-14 20:28:17'),(508,'troch@lisc.org - Logged In','2013-05-14 20:31:09'),(509,'troch@lisc.org - Logged In','2013-05-14 20:33:26'),(510,'cdonnelly@chapinhall.org - Logged In','2013-05-14 20:33:35'),(511,'cdonnelly@chapinhall.org - Logged In','2013-05-15 13:27:37'),(512,'LoganSquareUser - Logged In','2013-05-15 14:16:20'),(513,'LoganSquareUser - Logged In','2013-05-15 14:17:37'),(514,'LoganSquareUser - Logged In','2013-05-15 15:23:23'),(515,'cdonnelly@chapinhall.org - Logged In','2013-05-15 15:28:51'),(516,'LoganSquareUSer - Logged In','2013-05-15 18:35:14'),(517,'LoganSquareUser - Logged In','2013-05-16 14:09:08'),(518,'HumboldtParkUser - Logged In','2013-05-16 15:35:59'),(519,'HumboldtParkUser - Logged In','2013-05-16 18:42:08'),(520,'LoganSquareUser - Logged In','2013-05-16 19:13:38'),(521,'LoganSquareUser - Logged In','2013-05-16 19:58:43'),(522,'LoganSquareUser - Logged In','2013-05-17 15:08:07'),(523,'LoganSquareUser - Logged In','2013-05-17 18:00:13'),(524,'LoganSquareUser - Logged In','2013-05-17 18:47:22'),(525,'HumboldtParkUser - Invalid Login','2013-05-17 19:52:03'),(526,'HumboldtParkUser - Logged In','2013-05-17 19:52:06'),(527,'CLOCCUser - Invalid Login','2013-05-17 19:52:15'),(528,'CLOCCUser - Invalid Login','2013-05-17 19:52:23'),(529,'PilsenUser - Logged In','2013-05-17 20:43:29'),(530,'LoganSquareUser - Logged In','2013-05-20 14:09:32'),(531,'cdonnelly@chapinhall.org - Logged In','2013-05-20 14:51:50'),(532,'LoganSquareUser - Logged In','2013-05-20 17:20:03'),(533,'cdonnelly@chapinhall.org - Logged In','2013-05-20 19:14:58'),(534,'LoganSquareUser - Logged In','2013-05-20 20:20:34'),(535,'ChicagoLawnUser - Logged In','2013-05-20 20:33:39'),(536,'LoganSquareUser - Logged In','2013-05-20 21:32:17'),(537,'LoganSquareUser - Logged In','2013-05-21 13:36:17'),(538,'cdonnelly@chapinhall.org - Logged In','2013-05-21 14:17:53'),(539,'ChicagoLawnUser - Logged In','2013-05-21 14:31:14'),(540,'LoganSquareUser - Logged In','2013-05-21 15:12:20'),(541,'ChicagoLawnUser - Logged In','2013-05-21 15:31:25'),(542,'cdonnelly@chapinhall.org - Logged In','2013-05-21 17:37:14'),(543,'PilsenUser - Logged In','2013-05-21 18:33:28'),(544,'LSNADataEntry - Logged In','2013-05-21 19:53:06'),(545,'LSNAViewer - Logged In','2013-05-21 19:53:18'),(546,'LoganSquareUser - Logged In','2013-05-21 19:53:31'),(547,'LoganSquareUser - Logged In','2013-05-21 19:58:28'),(548,'LSNADataEntry - Logged In','2013-05-21 19:58:37'),(549,'LSNADataEntry - Logged In','2013-05-21 20:04:55'),(550,'LoganSquareUser - Logged In','2013-05-21 20:18:07'),(551,'LoganSquareUser - Logged In','2013-05-21 20:20:11'),(552,'LSNADataEntry - Logged In','2013-05-21 20:20:46'),(553,'LSNAViewer - Logged In','2013-05-21 20:27:49'),(554,'LoganSquareUser - Logged In','2013-05-22 14:18:16'),(555,'cdonnelly@chapinhall.org - Logged In','2013-05-22 15:24:16'),(556,'LSNAViewer - Logged In','2013-05-22 15:24:30'),(557,'LSNAViewer - Logged In','2013-05-22 15:24:54'),(558,'cdonnelly@chapinhall.org - Logged In','2013-05-22 15:29:32'),(559,'LSNAViewer - Logged In','2013-05-22 15:30:02'),(560,'LSNADataEntry - Logged In','2013-05-22 15:30:21'),(561,'cdonnelly@chapinhall.org - Logged In','2013-05-22 15:34:31'),(562,'humboldtparkuser - Logged In','2013-05-22 17:54:37'),(563,'LoganSquareUser - Logged In','2013-05-22 18:02:32'),(564,'troch@lisc.org - Logged In','2013-05-22 19:06:09'),(565,'HumboldtParkUser - Logged In','2013-05-22 19:15:05'),(566,'cdonnelly@chapinhall.org - Logged In','2013-05-22 19:28:45'),(567,'ChicagoLawnUser - Logged In','2013-05-22 19:33:02'),(568,'HumboldtParkUser - Logged In','2013-05-22 19:38:21'),(569,'humboldtparkuser - Logged In','2013-05-22 20:19:06'),(570,'ChicagoLawnUser - Logged In','2013-05-22 22:12:22'),(571,'cdonnelly@chapinhall.org - Logged In','2013-05-23 13:44:11'),(572,'ChicagoLawnUser - Logged In','2013-05-23 13:53:59'),(573,'HumboldtParkUser - Logged In','2013-05-23 15:10:53'),(574,'troch@lisc.org - Logged In','2013-05-23 17:23:25'),(575,'HumboldtParkUser - Logged In','2013-05-23 18:21:19'),(576,'cdonnelly@chapinhall.org - Logged In','2013-05-23 20:41:34'),(577,'LoganSquareUser - Logged In','2013-05-24 14:03:37'),(578,'cdonnelly@chapinhall.org - Logged In','2013-05-24 14:34:10'),(579,'LoganSquareUser - Logged In','2013-05-24 17:20:42'),(580,'cdonnelly@chapinhall.org - Logged In','2013-05-24 17:45:54'),(581,'LoganSquareUser - Logged In','2013-05-24 19:16:14'),(582,'cdonnelly@chapinhall.org - Logged In','2013-05-24 20:46:18'),(583,'cdonnelly@chapinhall.org - Logged In','2013-05-28 13:59:01'),(584,'HumboldtParkUser - Logged In','2013-05-28 18:29:53'),(585,'ChicagoLawnUser - Logged In','2013-05-28 19:06:54'),(586,'PilsenUser - Logged In','2013-05-28 20:25:31'),(587,'cdonnelly@chapinhall.org - Logged In','2013-05-28 20:25:41'),(588,'ChicagoLawnUser - Logged In','2013-05-29 15:26:30'),(589,'LoganSquareUser - Logged In','2013-05-29 15:28:27'),(590,'cdonnelly@chapinhall.org - Logged In','2013-05-29 15:47:15'),(591,'humboldtparkuser - Logged In','2013-05-29 18:28:00'),(592,'cdonnelly@chapinhall.org - Logged In','2013-05-29 19:10:05'),(593,'cdonnelly@chapinhall.org - Logged In','2013-05-30 13:39:38'),(594,'ChicagoLawnUser - Logged In','2013-05-30 15:37:34'),(595,'cdonnelly@chapinhall.org - Logged In','2013-05-30 16:40:47'),(596,'LoganSquareUser - Invalid Login','2013-05-30 18:42:24'),(597,'LoganSquareUser - Logged In','2013-05-30 18:42:26'),(598,'cdonnelly@chapinhall.org - Logged In','2013-05-30 19:51:57'),(599,'LoganSquareUser - Logged In','2013-05-31 13:45:30'),(600,'LoganSquareUser - Logged In','2013-05-31 14:24:21'),(601,'LoganSquareUser - Logged In','2013-05-31 14:45:01'),(602,'cdonnelly@chapinhall.org - Logged In','2013-05-31 16:06:15'),(603,'LoganSquareUser - Logged In','2013-05-31 16:49:42'),(604,'cdonnelly@chapinhall.org - Logged In','2013-05-31 17:22:48'),(605,'HumboldtParkUser - Logged In','2013-05-31 18:39:25'),(606,'cdonnelly@chapinhall.org - Logged In','2013-05-31 20:23:22'),(607,'LoganSquareUser - Logged In','2013-05-31 20:37:35'),(608,'cdonnelly@chapinhall.org - Logged In','2013-06-03 13:50:56'),(609,'LoganSquareUser - Logged In','2013-06-03 14:08:48'),(610,'LoganSqureUser - Invalid Login','2013-06-03 14:38:34'),(611,'LoganSqureUser - Invalid Login','2013-06-03 14:38:36'),(612,'LoganSqureUser - Invalid Login','2013-06-03 14:38:38'),(613,'LoganSquareUser - Logged In','2013-06-03 14:38:45'),(614,'cdonnelly@chapinhall.org - Logged In','2013-06-03 16:51:39'),(615,'cdonnelly@chapinhall.org - Logged In','2013-06-03 17:05:15'),(616,'LoganSquareUser - Logged In','2013-06-03 19:23:23'),(617,'jpcirre@aol.com - Logged In','2013-06-03 19:25:27'),(618,'LoganSquareUser - Logged In','2013-06-03 19:26:00'),(619,'jpcirre@aol.com - Logged In','2013-06-03 19:26:16'),(620,'jpcirre@aol.com - Logged In','2013-06-03 19:27:43'),(621,'LoganSquareUser - Logged In','2013-06-03 19:28:58'),(622,'LoganSquareUser - Logged In','2013-06-03 19:39:59'),(623,'cdonnelly@chapinhall.org - Logged In','2013-06-03 19:52:50'),(624,'LoganSquareUser - Logged In','2013-06-04 13:43:16'),(625,'cdonnelly@chapinhall.org - Logged In','2013-06-04 13:51:24'),(626,'LoganSquareUser - Logged In','2013-06-04 16:47:34'),(627,'cdonnelly@chapinhall.org - Logged In','2013-06-04 16:52:23'),(628,'LoganSquareUser - Logged In','2013-06-04 19:58:56'),(629,'ChicagoLawnUser - Logged In','2013-06-04 21:05:41'),(630,'cdonnelly@chapinhall.org - Logged In','2013-06-04 21:24:30'),(631,'humboltparkuser - Invalid Login','2013-06-04 21:40:51'),(632,'humboldtparkuser - Logged In','2013-06-04 21:40:58'),(633,'LoganSquareUser - Logged In','2013-06-04 21:42:25'),(634,'cdonnelly@chapinhall.org - Logged In','2013-06-05 13:27:36'),(635,'HumboldtParkUser - Logged In','2013-06-05 14:03:16'),(636,'ChicagoLawnUser - Logged In','2013-06-05 16:12:29'),(637,'ChicagoLawnUser - Logged In','2013-06-05 16:12:47'),(638,'cdonnelly@chapinhall.org - Logged In','2013-06-05 16:37:35'),(639,'LoganSquareUser - Logged In','2013-06-05 16:37:55'),(640,'cdonnelly@chapinhall.org - Logged In','2013-06-05 19:12:52'),(641,'LoganSquareUser - Logged In','2013-06-05 19:33:20'),(642,'ChicagoLawnUser - Logged In','2013-06-05 21:49:22'),(643,'HumboldtParkUser - Logged In','2013-06-05 22:17:19'),(644,'LoganSquareUser - Logged In','2013-06-05 22:17:55'),(645,'cdonnelly@chapinhall.org - Logged In','2013-06-06 14:09:25'),(646,'ChicagoLawnUser - Logged In','2013-06-06 14:20:43'),(647,'humboldtparkuser - Logged In','2013-06-06 20:27:27'),(648,'cdonnelly@chapinhall.org - Logged In','2013-06-06 20:40:37'),(649,'ChicagoLawnUser - Logged In','2013-06-06 21:13:37'),(650,'cdonnelly@chapinhall.org - Logged In','2013-06-07 13:33:49'),(651,'ChicagoLawnUser - Logged In','2013-06-07 14:12:05'),(652,'LittleVillageUser - Logged In','2013-06-07 14:30:00'),(653,'ChicagoLawnUser - Logged In','2013-06-07 14:31:06'),(654,'LittleVillageUser - Logged In','2013-06-07 15:40:57'),(655,'ChicagoLawnUser - Logged In','2013-06-07 18:13:15'),(656,'cdonnelly@chapinhall.org - Logged In','2013-06-07 18:21:57'),(657,'LoganSquareUser - Logged In','2013-06-10 13:53:31'),(658,'cdonnelly@chapinhall.org - Logged In','2013-06-10 13:55:11'),(659,'logan square - Invalid Login','2013-06-10 14:29:14'),(660,'logan square user - Invalid Login','2013-06-10 14:30:28'),(661,'logansquareuser - Logged In','2013-06-10 14:30:46'),(662,'LittleVillageUser - Logged In','2013-06-10 15:23:18'),(663,'logansquareuser - Logged In','2013-06-10 16:08:52'),(664,'lsnaviewer - Invalid Login','2013-06-10 16:55:48'),(665,'lsnaviewer - Logged In','2013-06-10 16:55:53'),(666,'logansquareuser - Logged In','2013-06-10 17:06:01'),(667,'LSNAViewer - Logged In','2013-06-10 17:06:33'),(668,'LSNAViewer - Logged In','2013-06-10 17:13:51'),(669,'Logansquareuser - Logged In','2013-06-10 17:15:29'),(670,'logansquareuser - Logged In','2013-06-10 17:34:54'),(671,'cdonnelly@chapinhall.org - Logged In','2013-06-10 18:40:35'),(672,'LoganSquareUser - Logged In','2013-06-10 19:58:23'),(673,'LSNAViewer - Logged In','2013-06-10 20:48:39'),(674,'cdonnelly@chapinhall.org - Logged In','2013-06-11 15:32:00'),(675,'LSNAViewer - Logged In','2013-06-11 15:42:36'),(676,'LoganSquareUser - Logged In','2013-06-11 15:45:25'),(677,'LSNAViewer - Logged In','2013-06-11 15:45:39'),(678,'LoganSquareUser - Logged In','2013-06-11 18:34:37'),(679,'cdonnelly@chapinhall.org - Logged In','2013-06-11 18:56:52'),(680,'ChicagoLawnUser - Logged In','2013-06-11 19:10:44'),(681,'cdonnelly@chapinhall.org - Logged In','2013-06-12 14:10:14'),(682,'ChicagoLawnUser - Logged In','2013-06-12 14:29:12'),(683,'cdonnelly@chapinhall.org - Logged In','2013-06-12 21:02:10'),(684,'logansquareuser - Logged In','2013-06-12 21:20:16'),(685,'cdonnelly@chapinhall.org - Logged In','2013-06-13 13:48:33'),(686,'ChicagoLawnUser - Logged In','2013-06-13 15:21:54'),(687,'cdonnelly@chapinhall.org - Logged In','2013-06-13 19:45:41'),(688,'LoganSquareUser - Logged In','2013-06-13 20:03:20'),(689,'LSNADataEntry - Logged In','2013-06-14 13:36:06'),(690,'cdonnelly@chapinhall.org - Logged In','2013-06-14 14:01:18'),(691,'ChicagoLawnUser - Logged In','2013-06-14 14:13:41'),(692,'LoganSquareUser - Logged In','2013-06-14 17:50:33'),(693,'LoganSquareUser - Logged In','2013-06-14 19:00:48'),(694,'ChicagoLawnUser - Logged In','2013-06-14 20:14:42'),(695,'ChicagoLawnUser - Logged In','2013-06-17 13:46:44'),(696,'LoganSquareUser - Logged In','2013-06-17 14:17:12'),(697,'cdonnelly@chapinhall.org - Logged In','2013-06-17 14:23:00'),(698,'LoganSquareUser - Logged In','2013-06-17 15:31:54'),(699,'LoganSquareUser - Logged In','2013-06-17 16:43:26'),(700,'LSNAViewer - Invalid Login','2013-06-17 17:23:07'),(701,'LSNAViewer - Logged In','2013-06-17 17:23:10'),(702,'LSNAViewer - Logged In','2013-06-17 17:26:24'),(703,'LoganSquareUser - Invalid Login','2013-06-17 17:28:39'),(704,'LoganSquareUser - Logged In','2013-06-17 17:28:41'),(705,'ChicagoLawnUser - Logged In','2013-06-17 18:21:18'),(706,'LittleVillageUser - Logged In','2013-06-17 18:58:47'),(707,'LoganSquareUser - Logged In','2013-06-17 19:00:03'),(708,'cdonnelly@chapinhall.org - Logged In','2013-06-18 13:59:38'),(709,'ChicagoLawnUser - Logged In','2013-06-18 14:51:27'),(710,'cdonnelly@chapinhall.org - Logged In','2013-06-18 19:15:14'),(711,'ChicagoLawnUser - Logged In','2013-06-18 20:22:54'),(712,'cdonnelly@chapinhall.org - Logged In','2013-06-19 13:28:59'),(713,'ChicagoLawnUser - Logged In','2013-06-19 14:52:52'),(714,'HumboldtParkUser - Logged In','2013-06-19 15:55:02'),(715,'ChicagoLawnUser - Logged In','2013-06-19 16:02:21'),(716,'ChicagoLawnUser - Logged In','2013-06-19 17:13:51'),(717,'cdonnelly@chapinhall.org - Logged In','2013-06-19 19:06:40'),(718,'chicagolawnuser - Logged In','2013-06-19 20:28:01'),(719,'ChicagoLawnUser - Logged In','2013-06-19 20:29:02'),(720,'cdonnelly@chapinhall.org - Logged In','2013-06-20 13:42:19'),(721,'PilsenUser - Logged In','2013-06-20 14:18:07'),(722,'ChicagoLawnUser - Logged In','2013-06-20 15:24:41'),(723,'LSNAViewer - Logged In','2013-06-20 16:39:02'),(724,'cdonnelly@chapinhall.org - Logged In','2013-06-20 16:45:19'),(725,'LSNAViewer - Logged In','2013-06-20 18:02:46'),(726,'lsnaviewer - Logged In','2013-06-20 18:09:25'),(727,'lsnaviewer - Logged In','2013-06-20 21:48:16'),(728,'cdonnelly@chapinhall.org - Logged In','2013-06-21 13:38:24'),(729,'ChicagoLawnUser - Logged In','2013-06-21 14:04:43'),(730,'LSNAViewer - Invalid Login','2013-06-21 14:44:01'),(731,'LSNAViewer - Invalid Login','2013-06-21 14:44:04'),(732,'LSNAViewer - Logged In','2013-06-21 14:44:19'),(733,'LoganSquareUser - Logged In','2013-06-21 14:49:42'),(734,'LSNADATAENTRY - Logged In','2013-06-21 14:50:03'),(735,'LoganSquareUser - Logged In','2013-06-21 15:02:42'),(736,'DATAENTRY - Invalid Login','2013-06-21 17:15:50'),(737,'LSNADataEntry - Logged In','2013-06-21 17:16:49'),(738,'LoganSquareUser - Logged In','2013-06-21 17:24:02'),(739,'cdonnelly@chapinhall.org - Logged In','2013-06-21 18:19:18'),(740,'cdonnelly@chapinhall.org - Logged In','2013-06-21 19:26:51'),(741,'LSNAViewer - Logged In','2013-06-21 19:29:04'),(742,'cdonnelly@chapinhall.org - Logged In','2013-06-21 19:31:59'),(743,'PilsenUser - Logged In','2013-06-21 20:32:47'),(744,'HumboldtParkUser - Logged In','2013-06-21 21:01:20'),(745,'LittleVillageUser - Logged In','2013-06-21 21:06:28'),(746,'LoganSquareUser - Logged In','2013-06-21 21:23:23'),(747,'ChicagoLawnUser - Logged In','2013-06-24 15:18:26'),(748,'lsnaviewer - Logged In','2013-06-24 16:59:29'),(749,'lsnaviewer - Logged In','2013-06-24 16:59:58'),(750,'lsnaviewer - Logged In','2013-06-24 17:00:47'),(751,'cdonnelly@chapinhall.org - Logged In','2013-06-25 14:09:49'),(752,'LittleVillageUser - Logged In','2013-06-25 15:09:45'),(753,'cdonnelly@chapinhall.org - Logged In','2013-06-25 17:31:03'),(754,'ChicagoLawnUser - Logged In','2013-06-25 18:18:52'),(755,'chciagolawnuser - Invalid Login','2013-06-25 18:35:30'),(756,'ChicagoLawnUser - Logged In','2013-06-25 18:35:58'),(757,'PilsenUser - Logged In','2013-06-25 21:08:45'),(758,'ChicagoLawnUser - Logged In','2013-06-26 13:55:57'),(759,'cdonnelly@chapinhall.org - Logged In','2013-06-26 14:14:07'),(760,'ChicagoLawnUser - Logged In','2013-06-26 19:38:09'),(761,'LittleVillageUser - Logged In','2013-06-26 19:51:11'),(762,'cdonnelly@chapinhall.org - Logged In','2013-06-27 13:36:13'),(763,'ChicagoLawnUser - Logged In','2013-06-27 14:03:00'),(764,'ChicagoLawnUser - Logged In','2013-06-27 20:01:32'),(765,'LoganSquareUser - Logged In','2013-06-27 20:12:57'),(766,'cdonnelly@chapinhall.org - Logged In','2013-06-27 21:23:35'),(767,'LittleVillage - Invalid Login','2013-06-28 13:07:51'),(768,'LittleVillageUser - Logged In','2013-06-28 13:07:58'),(769,'cdonnelly@chapinhall.org - Logged In','2013-06-28 13:35:05'),(770,'ChicagoLawnUser - Logged In','2013-06-28 14:29:36'),(771,'PilsenUser - Logged In','2013-06-28 18:16:42'),(772,'chciagolawnuser - Invalid Login','2013-06-28 20:54:37'),(773,'chicagolawnuser - Logged In','2013-06-28 20:54:44'),(774,'cdonnelly@chapinhall.org - Logged In','2013-07-01 13:51:21'),(775,'LittleVillageUser - Logged In','2013-07-01 15:27:24'),(776,'ChicagoLawnUser - Logged In','2013-07-01 18:27:55'),(777,'cdonnelly@chapinhall.org - Logged In','2013-07-01 18:54:54'),(778,'PilsenUser - Logged In','2013-07-01 18:59:43'),(779,'LittleVillageUser - Logged In','2013-07-01 20:45:42'),(780,'LittleVillageUser - Logged In','2013-07-02 14:52:15'),(781,'ChicagoLawnUser - Logged In','2013-07-02 15:30:14'),(782,'cdonnelly@chapinhall.org - Logged In','2013-07-02 15:56:28'),(783,'ChicagoLawnUser - Logged In','2013-07-02 19:02:51'),(784,'LittleVillageUser - Logged In','2013-07-03 14:47:07'),(785,'cdonnelly@chapinhall.org - Logged In','2013-07-03 16:43:54'),(786,'ChicagoLawn - Invalid Login','2013-07-03 19:14:18'),(787,'ChicagoLawn - Invalid Login','2013-07-03 19:19:51'),(788,'ChicagoLawn - Invalid Login','2013-07-03 19:21:36'),(789,'ChicagoLawnUser - Logged In','2013-07-03 19:22:24'),(790,'cdonnelly@chapinhall.org - Logged In','2013-07-03 19:57:08'),(791,'chicago lawn user - Invalid Login','2013-07-03 21:24:23'),(792,'ChicagoLawnUser - Logged In','2013-07-03 21:24:38'),(793,'cdonnelly@chapinhall.org - Logged In','2013-07-05 14:11:50'),(794,'cdonnelly@chapinhall.org - Logged In','2013-07-05 17:28:37'),(795,'cdonnelly@chapinhall.org - Logged In','2013-07-08 13:17:33'),(796,'LittleVillageUser - Logged In','2013-07-08 14:15:20'),(797,'LittleVillageUser - Logged In','2013-07-08 17:03:03'),(798,'cdonnelly@chapinhall.org - Logged In','2013-07-08 19:40:17'),(799,'ChicagoLawnUser - Logged In','2013-07-08 20:37:44'),(800,'ChicagoLawnUser - Logged In','2013-07-08 20:41:08'),(801,'cdonnelly@chapinhall.org - Logged In','2013-07-09 13:51:49'),(802,'LoganSquareUser - Logged In','2013-07-09 14:25:38'),(803,'LoganSquareuser - Invalid Login','2013-07-09 14:29:57'),(804,'LoganSquareUser - Logged In','2013-07-09 14:30:17'),(805,'LoganSquareUser - Logged In','2013-07-09 14:30:20'),(806,'LoganSquareUser - Logged In','2013-07-09 14:30:29'),(807,'LoganSquareUser - Logged In','2013-07-09 17:15:48'),(808,'LoganSquareUser - Logged In','2013-07-09 17:31:28'),(809,'cdonnelly@chapinhall.org - Logged In','2013-07-09 18:16:56'),(810,'ChicagoLawnUser - Logged In','2013-07-09 20:35:10'),(811,'cdonnelly@chapinhall.org - Logged In','2013-07-10 14:24:26'),(812,'ChicagoLawnUser - Logged In','2013-07-10 14:57:42'),(813,'LoganSquareUser - Logged In','2013-07-10 16:38:06'),(814,'chicagolawnuser - Logged In','2013-07-10 18:00:10'),(815,'chicagolawnuser - Logged In','2013-07-10 19:05:35'),(816,'cdonnelly@chapinhall.org - Logged In','2013-07-11 13:52:48'),(817,'ChicagoLawnUser - Logged In','2013-07-11 15:20:05'),(818,'cdonnelly@chapinhall.org - Logged In','2013-07-11 15:57:41'),(819,'cdonnelly@chapinhall.org - Logged In','2013-07-11 17:53:38'),(820,'ChicagoLawnUser - Logged In','2013-07-11 20:37:56'),(821,'cdonnelly@chapinhall.org - Logged In','2013-07-12 14:10:20'),(822,'ChicagoLawnUser - Logged In','2013-07-12 14:24:14'),(823,'LoganSquareUser - Logged In','2013-07-12 14:34:25'),(824,'cdonnelly@chapinhall.org - Logged In','2013-07-12 15:16:21'),(825,'logansquareuser - Logged In','2013-07-12 16:08:00'),(826,'LoganSquareUser - Logged In','2013-07-12 16:16:47'),(827,'LoganSquareUser - Logged In','2013-07-12 17:17:33'),(828,'chicagolawnuser - Logged In','2013-07-12 18:38:56'),(829,'cdonnelly@chapinhall.org - Logged In','2013-07-15 13:45:47'),(830,'LoganSquareUser - Logged In','2013-07-15 14:08:03'),(831,'LoganSquareUser - Logged In','2013-07-15 14:35:39'),(832,'cdonnelly@chapinhall.org - Logged In','2013-07-15 14:36:45'),(833,'PilsenUser - Logged In','2013-07-15 16:18:57'),(834,'LoganSquareUser - Logged In','2013-07-15 19:14:25'),(835,'cdonnelly@chapinhall.org - Logged In','2013-07-15 19:48:48'),(836,'LittleVillageUser - Logged In','2013-07-15 19:55:21'),(837,'PilsenUser - Logged In','2013-07-15 20:30:30'),(838,'LoganSquareUser - Logged In','2013-07-15 21:36:39'),(839,'cdonnelly@chapinhall.org - Logged In','2013-07-16 13:50:57'),(840,'LoganSquareUser - Logged In','2013-07-16 15:23:11'),(841,'cdonnelly@chapinhall.org - Logged In','2013-07-16 18:50:30'),(842,'LoganSquareUser - Logged In','2013-07-16 19:23:08'),(843,'LoganSquareUser - Logged In','2013-07-16 20:24:02'),(844,'cdonnelly@chapinhall.org - Logged In','2013-07-17 14:10:47'),(845,'chicagolawnuser - Logged In','2013-07-17 14:59:13'),(846,'cdonnelly@chapinhall.org - Logged In','2013-07-17 17:19:56'),(847,'cdonnelly@chapinhall.org - Logged In','2013-07-17 20:46:23'),(848,'pilsenuser - Logged In','2013-07-17 20:50:18'),(849,'PilsenUser - Logged In','2013-07-18 14:07:59'),(850,'cdonnelly@chapinhall.org - Logged In','2013-07-18 15:10:50'),(851,'cdonnelly@chapinhall.org - Logged In','2013-07-18 20:22:58'),(852,'cdonnelly@chapinhall.org - Logged In','2013-07-19 13:50:17'),(853,'LoganSquareUser - Logged In','2013-07-19 14:46:44'),(854,'logansquareuser - Logged In','2013-07-19 15:40:39'),(855,'cdonnelly@chapinhall.org - Logged In','2013-07-19 17:56:02'),(856,'LoganSquareUser - Logged In','2013-07-19 18:42:10'),(857,'ChicagoLawnUser - Logged In','2013-07-19 19:11:55'),(858,'pilsenuser - Logged In','2013-07-19 19:39:24'),(859,'ChicagoLawnUser - Logged In','2013-07-19 20:36:36'),(860,'ChicagoLawnUser - Logged In','2013-07-19 20:36:57'),(861,'ChicagoLawnUser - Logged In','2013-07-19 20:37:05'),(862,'cdonnelly@chapinhall.org - Logged In','2013-07-19 20:40:50'),(863,'ChicagoLawnUser - Logged In','2013-07-19 21:06:06'),(864,'cdonnelly@chapinhall.org - Logged In','2013-07-22 13:27:27'),(865,'ChicagoLawnUser - Logged In','2013-07-22 14:21:10'),(866,'LoganSquareUser - Logged In','2013-07-22 14:41:34'),(867,'cdonnelly@chapinhall.org - Logged In','2013-07-22 17:06:08'),(868,'ChicagoLawnUser - Logged In','2013-07-22 18:22:51'),(869,'ChicagoLawn - Invalid Login','2013-07-22 18:26:39'),(870,'ChicagoLawnUser - Logged In','2013-07-22 18:26:51'),(871,'LoganSquareUser - Logged In','2013-07-22 19:03:54'),(872,'cdonnelly@chapinhall.org - Logged In','2013-07-22 20:26:25'),(873,'LoganSquareUser - Logged In','2013-07-22 20:26:26'),(874,'logansquareuser - Logged In','2013-07-23 13:53:24'),(875,'cdonnelly@chapinhall.org - Logged In','2013-07-23 14:07:43'),(876,'ChicagoLawnUser - Logged In','2013-07-23 15:26:31'),(877,'troch@lisc.org - Logged In','2013-07-23 16:24:42'),(878,'LoganSquareUser - Logged In','2013-07-23 16:27:05'),(879,'LoganSquareUser - Logged In','2013-07-23 16:55:46'),(880,'LoganSquareUser - Logged In','2013-07-23 17:23:38'),(881,'LoganSquareUser - Logged In','2013-07-23 17:33:15'),(882,'cdonnelly@chapinhall.org - Logged In','2013-07-23 17:50:41'),(883,'LoganSquareUser - Logged In','2013-07-23 18:05:04'),(884,'ChicagoLawnUser - Logged In','2013-07-23 18:46:03'),(885,'LSNAViewer - Logged In','2013-07-23 20:50:07'),(886,'cdonnelly@chapinhall.org - Logged In','2013-07-24 15:10:58'),(887,'ChicagoLawnUser - Logged In','2013-07-24 15:52:11'),(888,'ChicagoLawnUser - Logged In','2013-07-24 15:55:17'),(889,'naardema - Invalid Login','2013-07-24 18:27:43'),(890,'lsnaviewer - Invalid Login','2013-07-24 18:28:24'),(891,'lsnaviewer - Invalid Login','2013-07-24 18:28:39'),(892,'lsnaviewer - Invalid Login','2013-07-24 18:28:50'),(893,'lsnaviewer - Logged In','2013-07-24 18:28:57'),(894,'lsnadataentry - Invalid Login','2013-07-24 18:29:43'),(895,'lsnadataentry - Invalid Login','2013-07-24 18:29:50'),(896,'logansquareuser - Logged In','2013-07-24 18:29:59'),(897,'lsnadataentry - Logged In','2013-07-24 18:30:48'),(898,'ChicagoLawnUser - Logged In','2013-07-24 18:42:58'),(899,'cdonnelly@chapinhall.org - Logged In','2013-07-24 21:21:21'),(900,'jbrown - Invalid Login','2013-07-25 14:55:04'),(901,'jbrown - Invalid Login','2013-07-25 14:55:21'),(902,'dataentry - Invalid Login','2013-07-25 14:55:57'),(903,'lsnadataentry - Invalid Login','2013-07-25 14:55:59'),(904,'lsnadataentry - Invalid Login','2013-07-25 14:56:08'),(905,'LSNAdataentry - Invalid Login','2013-07-25 14:56:13'),(906,'logansquareuser - Logged In','2013-07-25 14:56:32'),(907,'logansquareuser - Logged In','2013-07-25 14:56:40'),(908,'ChicagoLawnUser - Logged In','2013-07-25 17:54:41'),(909,'cdonnelly@chapinhall.org - Logged In','2013-07-25 17:58:55'),(910,'ChicagoLawnUser - Logged In','2013-07-25 18:19:44'),(911,'cdonnelly@chapinhall.org - Logged In','2013-07-25 18:57:25'),(912,'cdonnelly@chapinhall.org - Logged In','2013-07-25 20:21:58'),(913,'ChicagoLawnUser - Logged In','2013-07-25 20:22:09'),(914,'cdonnelly@chapinhall.org - Logged In','2013-07-25 20:22:25'),(915,'ChicagoLawnUser - Logged In','2013-07-25 21:40:58'),(916,'ChicagoLawnUser - Logged In','2013-07-25 22:36:07'),(917,'cdonnelly@chapinhall.org - Logged In','2013-07-26 13:58:26'),(918,'cdonnelly@chapinhall.org - Logged In','2013-07-26 14:15:14'),(919,'mwilson@chapinhall.org - Logged In','2013-07-26 14:15:47'),(920,'ChicagoLawnUser - Logged In','2013-07-26 14:16:20'),(921,'cdonnelly@chapinhall.org - Logged In','2013-07-26 15:18:01'),(922,'LittleVillageUser - Logged In','2013-07-26 15:19:41'),(923,'LittleVillageUser - Logged In','2013-07-26 15:20:30'),(924,'kbocanegra - Logged In','2013-07-26 15:21:24'),(925,'LoganSquareUser - Logged In','2013-07-26 15:32:46'),(926,'LittleVillageUser - Logged In','2013-07-26 15:33:04'),(927,'kbocanegra - Logged In','2013-07-26 15:33:20'),(928,'dcooper - Logged In','2013-07-26 15:33:40'),(929,'kbocanegra - Logged In','2013-07-26 15:36:24'),(930,'mrodriguez - Logged In','2013-07-26 15:37:38'),(931,'dcooper - Logged In','2013-07-26 15:39:40'),(932,'cdonnelly@chapinhall.org - Logged In','2013-07-26 16:26:20'),(933,'littlevillageuser - Logged In','2013-07-26 18:32:10'),(934,'ChicagoLawnUser - Logged In','2013-07-26 19:51:45'),(935,'cdonnelly@chapinhall.org - Logged In','2013-07-26 20:02:49'),(936,'littlevillageuser - Logged In','2013-07-29 13:11:43'),(937,'cdonnelly@chapinhall.org - Logged In','2013-07-29 14:17:21'),(938,'ChicagoLawnUser - Logged In','2013-07-29 14:44:57'),(939,'littlevillageuser - Logged In','2013-07-29 17:13:51'),(940,'LittleVillageUser - Logged In','2013-07-29 18:01:52'),(941,'cdonnelly@chapinhall.org - Logged In','2013-07-29 19:11:16'),(942,'ChicagoLawnUser - Logged In','2013-07-29 19:31:24'),(943,'cdonnelly@chapinhall.org - Logged In','2013-07-30 13:58:37'),(944,'littlevillageuser - Logged In','2013-07-30 14:24:53'),(945,'LoganSquareUser - Logged In','2013-07-30 15:02:51'),(946,'LoganSquareUser - Logged In','2013-07-30 15:03:41'),(947,'LoganSquareUser - Logged In','2013-07-30 15:19:08'),(948,'pilsenuser - Logged In','2013-07-30 15:21:46'),(949,'littlevillageuser - Logged In','2013-07-30 21:10:16'),(950,'cdonnelly@chapinhall.org - Logged In','2013-07-30 21:19:04'),(951,'kbocanegra - Logged In','2013-07-30 21:24:31'),(952,'dcooper - Logged In','2013-07-30 21:24:53'),(953,'cdonnelly@chapinhall.org - Logged In','2013-07-31 14:05:27'),(954,'littlevillageuser - Logged In','2013-07-31 17:09:34'),(955,'chicagolawnuser - Logged In','2013-07-31 19:55:25'),(956,'cdonnelly@chapinhall.org - Logged In','2013-07-31 20:16:41'),(957,'chicagolawnuser - Logged In','2013-08-01 14:08:27'),(958,'cdonnelly@chapinhall.org - Logged In','2013-08-01 14:12:26'),(959,'pilsenuser - Logged In','2013-08-01 14:58:47'),(960,'troch@lisc.org - Logged In','2013-08-01 17:12:22'),(961,'pilsenuser - Logged In','2013-08-01 17:24:39'),(962,'cdonnelly@chapinhall.org - Logged In','2013-08-01 17:54:34'),(963,'PilsenUser - Invalid Login','2013-08-01 18:05:46'),(964,'PilsenUser - Logged In','2013-08-01 18:05:55'),(965,'PilsenUser - Logged In','2013-08-01 18:06:27'),(966,'PilsenUser - Logged In','2013-08-01 18:32:07'),(967,'cdonnelly@chapinhall.org - Logged In','2013-08-01 18:41:09'),(968,'PilsenUser - Logged In','2013-08-01 21:25:42'),(969,'cdonnelly@chapinhall.org - Logged In','2013-08-02 13:48:32'),(970,'chicagolawnuser - Logged In','2013-08-02 14:19:27'),(971,'pilsenuser - Logged In','2013-08-02 16:56:21'),(972,'chicagolawnuser - Logged In','2013-08-02 19:08:51'),(973,'pilsenuser - Logged In','2013-08-05 13:58:33'),(974,'cdonnelly@chapinhall.org - Logged In','2013-08-05 14:05:45'),(975,'LittleVillageUser - Logged In','2013-08-05 14:58:04'),(976,'ChicagoLawnUser - Logged In','2013-08-05 17:35:32'),(977,'SWOPDataEntry - Logged In','2013-08-05 17:36:31'),(978,'SWOPDataEntry - Logged In','2013-08-05 17:37:13'),(979,'SWOPViewer - Logged In','2013-08-05 17:37:28'),(980,'SWOPDataEntry - Logged In','2013-08-05 17:43:42'),(981,'troch@lisc.org - Logged In','2013-08-05 18:09:04'),(982,'kbocanegra - Logged In','2013-08-05 18:25:58'),(983,'Dcooper - Logged In','2013-08-05 18:37:31'),(984,'SWOPDataEntry - Logged In','2013-08-05 18:38:29'),(985,'SWOPViewer - Logged In','2013-08-05 18:43:24'),(986,'SWOPDataEntry - Logged In','2013-08-05 18:44:00'),(987,'SWOPDataEntry - Logged In','2013-08-05 18:44:32'),(988,'SWOPDataEntry - Logged In','2013-08-05 18:47:38'),(989,'SWOPDataEntry - Logged In','2013-08-05 18:48:35'),(990,'SWOPDataEntry - Logged In','2013-08-05 18:49:11'),(991,'SWOPDataEntry - Logged In','2013-08-05 18:49:30'),(992,'SWOPViewer - Logged In','2013-08-05 18:59:03'),(993,'SWOPViewer - Logged In','2013-08-05 19:01:48'),(994,'SWOPViewer - Logged In','2013-08-05 19:05:52'),(995,'ChicagoLawnUser - Logged In','2013-08-05 19:18:56'),(996,'cdonnelly@chapinhall.org - Logged In','2013-08-05 19:52:26'),(997,'cdonnelly@chapinhall.org - Logged In','2013-08-06 14:06:34'),(998,'chicagolawnuser - Logged In','2013-08-06 14:17:13'),(999,'cdonnelly@chapinhall.org - Logged In','2013-08-06 16:08:22'),(1000,'chicagolawnuser - Logged In','2013-08-06 20:43:07'),(1001,'cdonnelly@chapinhall.org - Logged In','2013-08-06 20:44:55'),(1002,'pilsenuser - Logged In','2013-08-06 21:10:36'),(1003,'humboldtparkuser - Logged In','2013-08-06 21:16:33'),(1004,'mwilson@chapinhall.org - Logged In','2013-08-06 21:17:11'),(1005,'humboldtparkuser - Logged In','2013-08-06 21:17:27'),(1006,'cdonnelly@chapinhall.org - Logged In','2013-08-06 21:17:54'),(1007,'mwilson@chapinhall.org - Logged In','2013-08-06 21:18:20'),(1008,'humboldtparkuser - Logged In','2013-08-06 21:18:52'),(1009,'pilsenuser - Logged In','2013-08-06 21:25:23'),(1010,'cdonnelly@chapinhall.org - Logged In','2013-08-07 13:50:48'),(1011,'chicagolawnuser - Logged In','2013-08-07 14:06:48'),(1012,'pilsenuser - Logged In','2013-08-07 16:32:18'),(1013,'Pilsen - Invalid Login','2013-08-07 17:23:33'),(1014,'Pilsen - Invalid Login','2013-08-07 17:23:37'),(1015,'Pilsen - Invalid Login','2013-08-07 17:23:53'),(1016,'Pilsen - Invalid Login','2013-08-07 17:24:38'),(1017,'cdonnelly@chapinhall.org - Logged In','2013-08-07 17:26:32'),(1018,'cdonnelly@chapinhall.org - Logged In','2013-08-07 19:13:32'),(1019,'cdonnelly@chapinhall.org - Logged In','2013-08-07 23:07:00'),(1020,'pilsenuser - Logged In','2013-08-08 13:27:31'),(1021,'hachanzar - Logged In','2013-08-08 13:39:25'),(1022,'uzatarain - Logged In','2013-08-08 13:39:51'),(1023,'cdonnelly@chapinhall.org - Logged In','2013-08-08 13:48:05'),(1024,'chicagolawnuser - Logged In','2013-08-08 14:14:39'),(1025,'chicagolawnuser - Logged In','2013-08-08 14:35:25'),(1026,'jalcazar - Logged In','2013-08-08 15:54:51'),(1027,'humboldtparkuser - Logged In','2013-08-08 18:48:29'),(1028,'chicagolawnuser - Logged In','2013-08-08 18:51:45'),(1029,'cdonnelly@chapinhall.org - Logged In','2013-08-08 19:21:58'),(1030,'cdonnelly@chapinhall.org - Logged In','2013-08-09 13:46:30'),(1031,'chicagolawnuser - Logged In','2013-08-09 13:51:25'),(1032,'humboldtparkuser - Logged In','2013-08-09 16:24:09'),(1033,'littlevillageuser - Logged In','2013-08-09 16:28:19'),(1034,'pilsenuser - Logged In','2013-08-09 16:31:14'),(1035,'logansquareuser - Logged In','2013-08-09 16:37:00'),(1036,'chicagolawnuser - Logged In','2013-08-09 16:42:17'),(1037,'chicagolawnuser - Logged In','2013-08-09 17:50:19'),(1038,'troch@lisc.org - Logged In','2013-08-09 17:58:59'),(1039,'ChicagoLawnUser - Logged In','2013-08-09 19:09:30'),(1040,'swopdataentry - Logged In','2013-08-09 19:35:06'),(1041,'cdonnelly@chapinhall.org - Logged In','2013-08-09 19:57:02'),(1042,'cdonnelly@chapinhall.org - Logged In','2013-08-12 14:05:22'),(1043,'littlevillageuser - Logged In','2013-08-12 14:40:01'),(1044,'littlevillageuser - Logged In','2013-08-12 18:26:12'),(1045,'littlevillageuser - Logged In','2013-08-12 18:32:50'),(1046,'cdonnelly@chapinhall.org - Logged In','2013-08-12 18:38:50'),(1047,'littlevillageuser - Logged In','2013-08-12 18:48:22'),(1048,'LittleVillageUser - Logged In','2013-08-12 18:59:58'),(1049,'LittleVillageUser - Logged In','2013-08-12 19:26:53'),(1050,'cdonnelly@chapinhall.org - Logged In','2013-08-13 14:06:19'),(1051,'chicagolawnuser - Logged In','2013-08-13 14:34:40'),(1052,'littlevillageuser - Logged In','2013-08-13 15:56:33'),(1053,'cdonnelly@chapinhall.org - Logged In','2013-08-13 18:25:03'),(1054,'LittleVillageUser - Logged In','2013-08-13 19:34:58'),(1055,'SWOPDataEntry - Logged In','2013-08-13 19:37:56'),(1056,'SWOPDataEntry - Logged In','2013-08-13 19:38:11'),(1057,'SWOPViewOnly - Invalid Login','2013-08-13 19:55:34'),(1058,'SWOPViewer - Logged In','2013-08-13 19:55:40'),(1059,'cdonnelly@chapinhall.org - Logged In','2013-08-13 20:18:21'),(1060,'chicagolawnuser - Logged In','2013-08-13 20:18:34'),(1061,'chicagolawnuser - Logged In','2013-08-14 14:21:34'),(1062,'cdonnelly@chapinhall.org - Logged In','2013-08-14 16:11:08'),(1063,'chicagolawnuser - Logged In','2013-08-14 18:26:17'),(1064,'cdonnelly@chapinhall.org - Logged In','2013-08-14 19:11:20'),(1065,'logansquareuser - Logged In','2013-08-14 19:34:52'),(1066,'chicagolawnuser - Logged In','2013-08-14 20:02:51'),(1067,'cdonnelly@chapinhall.org - Logged In','2013-08-14 20:37:09'),(1068,'cdonnelly@chapinhall.org - Logged In','2013-08-15 13:01:15'),(1069,'cdonnelly@chapinhall.org - Logged In','2013-08-15 14:08:53'),(1070,'chicagolawnuser - Logged In','2013-08-15 15:04:50'),(1071,'swopdataentry - Logged In','2013-08-15 15:29:06'),(1072,'littlevillageuser - Logged In','2013-08-15 15:59:36'),(1073,'chicagolawnuser - Logged In','2013-08-15 16:45:20'),(1074,'littlevillageuser - Logged In','2013-08-15 17:21:39'),(1075,'cdonnelly@chapinhall.org - Logged In','2013-08-15 17:24:41'),(1076,'jalcazar - Logged In','2013-08-15 17:35:22'),(1077,'jalcazar - Logged In','2013-08-15 17:35:26'),(1078,'jalcazar - Logged In','2013-08-15 17:35:43'),(1079,'littlevillageuser - Logged In','2013-08-15 20:28:56'),(1080,'cdonnelly@chapinhall.org - Logged In','2013-08-15 20:47:32'),(1081,'cdonnelly@chapinhall.org - Logged In','2013-08-15 20:47:38'),(1082,'troch@lisc.org - Logged In','2013-08-15 21:45:49'),(1083,'cdonnelly@chapinhall.org - Logged In','2013-08-16 14:30:08'),(1084,'ChicagoLawnUser - Logged In','2013-08-16 17:44:25'),(1085,'cdonnelly@chapinhall.org - Logged In','2013-08-16 18:05:20'),(1086,'cdonnelly@chapinhall.org - Logged In','2013-08-16 20:53:53'),(1087,'LittleVillageUser - Logged In','2013-08-19 13:38:44'),(1088,'cdonnelly@chapinhall.org - Logged In','2013-08-19 15:08:13'),(1089,'littlevillagedataentry - Invalid Login','2013-08-19 17:12:43'),(1090,'enlacedataentry - Logged In','2013-08-19 17:12:50'),(1091,'cdonnelly@chapinhall.org - Logged In','2013-08-19 18:24:20'),(1092,'kbocanegra - Logged In','2013-08-19 19:24:41'),(1093,'cdonnelly@chapinhall.org - Logged In','2013-08-20 14:07:09'),(1094,'LittleVillageUser - Logged In','2013-08-20 14:42:48'),(1095,'littlevillageuser - Logged In','2013-08-20 17:49:39'),(1096,'cdonnelly@chapinhall.org - Logged In','2013-08-20 17:52:14'),(1097,'SWOPFinances - Logged In','2013-08-20 18:32:11'),(1098,'SWOPFinances - Invalid Login','2013-08-20 18:36:19'),(1099,'SWOPFinances - Invalid Login','2013-08-20 18:36:23'),(1100,'SWOPFinances - Logged In','2013-08-20 18:36:27'),(1101,'SWOPFinances - Logged In','2013-08-20 18:37:05'),(1102,'SWOPDataEntry - Logged In','2013-08-20 18:37:31'),(1103,'SWOPFinances - Logged In','2013-08-20 18:46:21'),(1104,'DataFinances - Invalid Login','2013-08-20 18:52:05'),(1105,'DataFinances - Invalid Login','2013-08-20 18:52:09'),(1106,'SWOPFinances - Logged In','2013-08-20 18:52:17'),(1107,'SWOPDataEntry - Logged In','2013-08-20 18:52:35'),(1108,'cdonnelly@chapinhall.org - Logged In','2013-08-20 18:52:55'),(1109,'cdonnelly@chapinhall.org - Logged In','2013-08-20 18:54:26'),(1110,'cdonnelly@chapinhall.org - Logged In','2013-08-20 18:55:24'),(1111,'cdonnelly@chapinhall.org - Logged In','2013-08-20 18:56:06'),(1112,'cdonnelly@chapinhall.org - Logged In','2013-08-20 18:58:33'),(1113,'cdonnelly@chapinhall.org - Logged In','2013-08-20 18:59:00'),(1114,'cdonnelly@chapinhall.org - Logged In','2013-08-20 18:59:32'),(1115,'SWOPDataEntry - Logged In','2013-08-20 18:59:47'),(1116,'SWOPDataEntry - Logged In','2013-08-20 19:00:56'),(1117,'SWOPFinances - Logged In','2013-08-20 19:01:13'),(1118,'SWOPFinances - Logged In','2013-08-20 19:01:45'),(1119,'DataFinances - Invalid Login','2013-08-20 19:02:15'),(1120,'SWOPFinances - Logged In','2013-08-20 19:02:22'),(1121,'SWOPFinances - Logged In','2013-08-20 19:09:26'),(1122,'SWOPFinances - Logged In','2013-08-20 19:11:01'),(1123,'SWOPDataEntry - Logged In','2013-08-20 19:11:16'),(1124,'SWOPDataEntry - Logged In','2013-08-20 19:12:40'),(1125,'SWOPFinances - Logged In','2013-08-20 19:13:42'),(1126,'SWOPDataEntry - Logged In','2013-08-20 19:13:52'),(1127,'cdonnelly@chapinhall.org - Logged In','2013-08-20 19:15:40'),(1128,'SWOPFinances - Logged In','2013-08-20 19:15:51'),(1129,'SWOPDataEntry - Logged In','2013-08-20 19:16:02'),(1130,'SWOPFinances - Logged In','2013-08-20 19:16:20'),(1131,'SWOPFinances - Logged In','2013-08-20 19:16:27'),(1132,'SWOPFinances - Logged In','2013-08-20 19:18:08'),(1133,'SWOPDataEntry - Logged In','2013-08-20 19:18:23'),(1134,'cdonnelly@chapinhall.org - Logged In','2013-08-20 19:52:56'),(1135,'littlevillageuser - Logged In','2013-08-21 17:03:49'),(1136,'humboldtparkuser - Logged In','2013-08-21 19:13:23'),(1137,'chicagolawnuser - Logged In','2013-08-21 19:44:58'),(1138,'littlevillageuser - Logged In','2013-08-21 20:55:41'),(1139,'littlevillageuser - Logged In','2013-08-22 13:50:14'),(1140,'cdonnelly@chapinhall.org - Logged In','2013-08-22 16:00:38'),(1141,'LittleVillageUser - Logged In','2013-08-22 18:39:58'),(1142,'cdonnelly@chapinhall.org - Logged In','2013-08-22 19:01:41'),(1143,'cdonnelly@chapinhall.org - Logged In','2013-08-23 13:55:36'),(1144,'cdonnelly@chapinhall.org - Logged In','2013-08-23 16:57:40'),(1145,'cdonnelly@chapinhall.org - Logged In','2013-08-23 20:10:53'),(1146,'cdonnelly@chapinhall.org - Logged In','2013-08-26 13:52:08'),(1147,'chicagolawnuser - Logged In','2013-08-26 14:21:04'),(1148,'cdonnelly@chapinhall.orgq - Invalid Login','2013-08-26 17:57:37'),(1149,'cdonnelly@chapinhall.org - Logged In','2013-08-26 17:57:42'),(1150,'littlevillageuser - Logged In','2013-08-26 19:44:30'),(1151,'chicagolawnuser - Logged In','2013-08-26 20:02:42'),(1152,'logansquareuser - Logged In','2013-08-26 20:02:56'),(1153,'pilsenuser - Logged In','2013-08-26 20:03:06'),(1154,'littlevillageuser - Logged In','2013-08-26 20:11:14'),(1155,'cdonnelly@chapinhall.org - Logged In','2013-08-26 20:58:35'),(1156,'PilsenUser - Logged In','2013-08-26 21:11:07'),(1157,'pilsenuser - Logged In','2013-08-27 12:17:01'),(1158,'cdonnelly@chapinhall.org - Logged In','2013-08-27 14:10:38'),(1159,'littlevillageuser - Logged In','2013-08-27 14:58:54'),(1160,'cdonnelly@chapinhall.org - Logged In','2013-08-27 18:00:08'),(1161,'PilsenUser - Logged In','2013-08-27 18:31:38'),(1162,'hachanzar - Logged In','2013-08-27 18:34:03'),(1163,'paguilar - Logged In','2013-08-27 18:34:31'),(1164,'littlevillageuser - Logged In','2013-08-27 18:41:49'),(1165,'cdonnelly - Invalid Login','2013-08-27 18:44:20'),(1166,'cdonnelly@chapinhall.org - Logged In','2013-08-27 18:44:26'),(1167,'littlevillageuser - Logged In','2013-08-28 12:54:59'),(1168,'kbocanegra - Logged In','2013-08-28 13:57:25'),(1169,'littlevillageuser - Logged In','2013-08-28 16:06:12'),(1170,'cdonnelly@chapinhall.org - Logged In','2013-08-28 19:37:10'),(1171,'LittleVillageUser - Logged In','2013-08-28 20:03:30'),(1172,'cdonnelly@chapinhall.org - Logged In','2013-08-29 14:05:19'),(1173,'pilsenuser - Logged In','2013-08-29 15:13:45'),(1174,'cdonnelly@chapinhall.org - Logged In','2013-08-29 15:26:44'),(1175,'pilsenuser - Logged In','2013-08-29 15:34:19'),(1176,'paguilar - Logged In','2013-08-29 15:36:24'),(1177,'paguilar - Logged In','2013-08-29 15:41:18'),(1178,'uzatarain - Logged In','2013-08-29 15:41:54'),(1179,'cdonnelly@chapinhall.org - Logged In','2013-08-29 16:04:46'),(1180,'cdonnelly@chapinhall.org - Logged In','2013-08-29 20:08:41'),(1181,'cdonnelly@chapinhall.org - Logged In','2013-08-29 20:27:29'),(1182,'cdonnelly@chapinhall.org - Logged In','2013-08-29 20:55:20'),(1183,'cdonnelly@chapinhall.org - Logged In','2013-08-29 20:55:40'),(1184,'cdonnelly@chapinhall.org - Logged In','2013-08-29 20:55:48'),(1185,'cdonnelly@chapinhall.org - Logged In','2013-08-30 14:04:59'),(1186,'cdonnelly@chapinhall.org - Logged In','2013-08-30 17:10:54'),(1187,'cdonnelly@chapinhall.org - Logged In','2013-09-03 14:06:04'),(1188,'cdonnelly@chapinhall.org - Logged In','2013-09-03 18:04:13'),(1189,'cdonnelly@chapinhall.org - Logged In','2013-09-04 14:21:51'),(1190,'cdonnelly@chapinhall.org - Logged In','2013-09-04 18:32:06'),(1191,'ChicagoLawnUser - Logged In','2013-09-04 19:11:48'),(1192,'littlevillageuser - Logged In','2013-09-04 19:49:39'),(1193,'cdonnelly@chapinhall.org - Logged In','2013-09-04 21:02:17'),(1194,'cdonnelly@chapinhall.org - Logged In','2013-09-05 14:00:57'),(1195,'ChicagoLawnUser - Logged In','2013-09-05 18:51:30'),(1196,'cdonnelly@chapinhall.org - Logged In','2013-09-05 20:40:04'),(1197,'cdonnelly - Logged In','2013-09-06 13:49:07'),(1198,'cdonnelly - Logged In','2013-09-06 16:52:47'),(1199,'vgalvan - Invalid Login','2013-09-06 18:32:02'),(1200,'ChicagoLawnUser - Logged In','2013-09-06 18:32:45'),(1201,'cdonnelly - Logged In','2013-09-06 19:52:36'),(1202,'ChicagoLawnUser - Logged In','2013-09-09 18:05:56'),(1203,'cdonnelly - Logged In','2013-09-09 19:17:08'),(1204,'ChicagoLawnUser - Logged In','2013-09-09 21:56:11'),(1205,'cdonnelly - Logged In','2013-09-10 14:12:04'),(1206,'cdonnelly@chapinhall.org - Invalid Login','2013-09-10 16:17:35'),(1207,'littlevillageuser - Logged In','2013-09-10 16:18:33'),(1208,'cdonnelly - Logged In','2013-09-10 16:18:56'),(1209,'cdonnelly - Logged In','2013-09-10 17:27:01'),(1210,'enlacedataentry - Logged In','2013-09-10 17:28:03'),(1211,'cdonnelly - Logged In','2013-09-10 17:48:33'),(1212,'cdonnelly - Logged In','2013-09-10 20:30:35'),(1213,'jalcazar - Logged In','2013-09-10 21:34:20'),(1214,'cdonnelly - Logged In','2013-09-11 14:25:49'),(1215,'cdonnelly - Logged In','2013-09-11 19:35:02'),(1216,'ChicagoLawnUser - Logged In','2013-09-11 20:12:32'),(1217,'cdonnelly - Logged In','2013-09-11 20:22:38'),(1218,'SWOPDataEntry - Logged In','2013-09-11 20:28:33'),(1219,'SWOPFinances - Logged In','2013-09-11 20:28:46'),(1220,'SWOPDataEntry - Logged In','2013-09-11 20:29:49'),(1221,'SWOPDataEntry - Logged In','2013-09-11 20:33:54'),(1222,'cdonnelly - Logged In','2013-09-11 20:42:36'),(1223,'Jalcazar - Invalid Login','2013-09-12 17:30:35'),(1224,'Jalcazar - Logged In','2013-09-12 17:30:46'),(1225,'cdonnelly - Logged In','2013-09-12 20:58:08'),(1226,'cdonnelly - Logged In','2013-09-13 18:26:23'),(1227,'cdonnelly - Logged In','2013-09-13 21:26:52'),(1228,'cdonnelly - Logged In','2013-09-16 14:24:20'),(1229,'cdonnelly - Logged In','2013-09-16 17:25:06'),(1230,'cdonnelly - Logged In','2013-09-16 20:35:06'),(1231,'cdonnelly - Logged In','2013-09-17 14:01:53'),(1232,'cdonnelly - Logged In','2013-09-17 18:06:31'),(1233,'cdonnelly - Logged In','2013-09-18 14:02:17'),(1234,'cdonnelly - Logged In','2013-09-18 17:37:39'),(1235,'cdonnelly - Logged In','2013-09-18 20:42:32'),(1236,'cdonnelly - Logged In','2013-09-19 14:00:41'),(1237,'LoganSquareUser - Logged In','2013-09-19 16:53:30'),(1238,'cdonnelly - Logged In','2013-09-19 17:21:51'),(1239,'cdonnelly - Logged In','2013-09-19 20:22:12'),(1240,'cdonnelly - Logged In','2013-09-23 13:58:14'),(1241,'LoganSquareUser - Logged In','2013-09-23 15:05:25'),(1242,'cdonnelly - Logged In','2013-09-23 17:34:49'),(1243,' ChicagoLawnUser - Invalid Login','2013-09-23 17:43:40'),(1244,' ChicagoLawnUser - Invalid Login','2013-09-23 17:43:47'),(1245,' ChicagoLawnUser - Invalid Login','2013-09-23 17:43:53'),(1246,' ChicagoLawnUser - Invalid Login','2013-09-23 17:44:15'),(1247,' ChicagoLawnUser - Invalid Login','2013-09-23 17:44:15'),(1248,'ChicagoLawnUser - Logged In','2013-09-23 17:44:59'),(1249,'logansquareuser - Logged In','2013-09-23 18:06:08'),(1250,'chicagolawnuser - Logged In','2013-09-23 19:23:41'),(1251,'LSNADataentry - Invalid Login','2013-09-23 20:02:11'),(1252,'lsnadataentry - Invalid Login','2013-09-23 20:02:20'),(1253,'LoganSquare - Invalid Login','2013-09-23 20:02:30'),(1254,'LSNAUser - Invalid Login','2013-09-23 20:02:46'),(1255,'LoganSquareUser - Logged In','2013-09-23 20:02:52'),(1256,'cdonnelly - Logged In','2013-09-23 20:46:28'),(1257,'cdonnelly - Logged In','2013-09-24 14:12:23'),(1258,'cdonnelly - Logged In','2013-09-24 18:12:04'),(1259,'cdonnelly - Logged In','2013-09-25 14:02:03'),(1260,'cdonnelly - Logged In','2013-09-25 17:02:41'),(1261,'cdonnelly - Logged In','2013-09-25 20:03:04'),(1262,'kbocanegra - Logged In','2013-09-25 20:40:28'),(1263,'cdonnelly - Logged In','2013-09-26 14:02:04'),(1264,'troch@lisc.org - Logged In','2013-09-26 15:54:24'),(1265,'troch@lisc.org - Logged In','2013-09-26 19:04:34'),(1266,'cdonnelly - Logged In','2013-09-26 19:40:31'),(1267,'cdonnelly - Logged In','2013-09-27 14:00:22'),(1268,'cdonnelly - Logged In','2013-09-27 17:01:06'),(1269,'cdonnelly - Logged In','2013-09-27 20:27:29'),(1270,'cdonnelly - Logged In','2013-09-30 13:58:45'),(1271,'cdonnelly - Logged In','2013-09-30 17:00:58'),(1272,'cdonnelly - Logged In','2013-09-30 20:12:43'),(1273,'cdonnelly - Logged In','2013-10-01 13:52:36'),(1274,'sdeoleo - Invalid Login','2013-10-01 16:57:27'),(1275,'sdeoleo - Invalid Login','2013-10-01 16:57:31'),(1276,'Sdeoleo - Invalid Login','2013-10-01 16:57:38'),(1277,'LoganSquareUser - Logged In','2013-10-01 16:57:48'),(1278,'cdonnelly - Logged In','2013-10-01 17:58:46'),(1279,'cdonnelly - Logged In','2013-10-01 19:02:07'),(1280,'cdonnelly - Logged In','2013-10-02 14:54:25'),(1281,'cdonnelly - Logged In','2013-10-02 15:01:37'),(1282,'LoganSquareUser - Logged In','2013-10-02 15:27:05'),(1283,'cdonnelly - Logged In','2013-10-02 18:02:13'),(1284,'logansquareuser - Logged In','2013-10-02 20:53:39'),(1285,'cdonnelly - Logged In','2013-10-02 21:02:18'),(1286,'cdonnelly - Logged In','2013-10-03 13:31:46'),(1287,'paguilar - Logged In','2013-10-03 14:13:34'),(1288,'ChicagoLawnUser - Logged In','2013-10-03 14:13:42'),(1289,'vgalvan - Invalid Login','2013-10-03 14:14:00'),(1290,'SWOPDataEntry - Logged In','2013-10-03 14:17:32'),(1291,'SWOPDataEntry - Logged In','2013-10-03 14:18:01'),(1292,'SWOPDataEntry - Logged In','2013-10-03 14:18:44'),(1293,'SWOPDataEntry - Logged In','2013-10-03 14:56:06'),(1294,'cdonnelly - Logged In','2013-10-03 14:56:18'),(1295,'cdonnelly - Logged In','2013-10-03 19:18:33'),(1296,'cdonnelly - Logged In','2013-10-03 21:07:15'),(1297,'cdonnelly - Logged In','2013-10-04 13:58:10'),(1298,'cdonnelly - Logged In','2013-10-04 18:31:53'),(1299,'cdonnelly - Logged In','2013-10-07 13:46:48'),(1300,'troch@lisc.org - Logged In','2013-10-07 14:42:28'),(1301,'cdonnelly - Logged In','2013-10-07 15:23:25'),(1302,'cdonnelly - Logged In','2013-10-07 18:47:07'),(1303,'cdonnelly - Logged In','2013-10-08 14:22:50'),(1304,'cdonnelly - Logged In','2013-10-08 17:38:58'),(1305,'cdonnelly - Logged In','2013-10-08 20:49:29'),(1306,'cdonnelly - Logged In','2013-10-09 14:25:37'),(1307,'cdonnelly - Logged In','2013-10-09 18:24:09'),(1308,'cdonnelly - Logged In','2013-10-10 13:56:46'),(1309,'cdonnelly - Logged In','2013-10-10 17:42:35'),(1310,'cdonnelly - Logged In','2013-10-10 20:42:41'),(1311,'cdonnelly - Logged In','2013-10-11 15:09:20'),(1312,'cdonnelly - Logged In','2013-10-11 18:19:04'),(1313,'cdonnelly - Logged In','2013-10-14 14:12:29'),(1314,'cdonnelly - Logged In','2013-10-14 17:39:27'),(1315,'cdonnelly - Logged In','2013-10-14 20:44:28'),(1316,'cdonnelly - Logged In','2013-10-15 13:58:34'),(1317,'cdonnelly - Logged In','2013-10-15 17:00:20'),(1318,'cdonnelly - Logged In','2013-10-16 14:06:09'),(1319,'logansquareuser - Logged In','2013-10-16 15:30:50'),(1320,'cdonnelly - Logged In','2013-10-16 17:51:24'),(1321,'cdonnelly - Logged In','2013-10-16 20:51:21'),(1322,'admin - Invalid Login','2013-10-17 15:28:48'),(1323,'cdonnelly - Logged In','2013-10-17 15:28:54'),(1324,'cdonnelly - Invalid Login','2013-10-17 19:24:57'),(1325,'cdonnelly - Logged In','2013-10-17 19:25:01'),(1326,'cdonnelly - Logged In','2013-10-18 13:53:04'),(1327,'cdonnelly - Logged In','2013-10-18 18:06:25'),(1328,'cdonnelly - Logged In','2013-10-21 15:25:07'),(1329,'cdonnelly - Logged In','2013-10-21 18:28:03'),(1330,'cdonnelly - Logged In','2013-10-22 18:50:31'),(1331,'cdonnelly - Logged In','2013-10-23 13:59:22'),(1332,'cdonnelly - Logged In','2013-10-23 18:24:15'),(1333,'cdonnelly - Logged In','2013-10-24 14:07:53'),(1334,'pbarry - Logged In','2013-10-24 16:48:17'),(1335,'pbarry - Logged In','2013-10-24 16:50:11'),(1336,'cdonnelly - Logged In','2013-10-24 16:52:16'),(1337,'pbarry - Logged In','2013-10-24 16:58:40'),(1338,'cdonnelly - Logged In','2013-10-24 20:07:59'),(1339,'cdonnelly - Logged In','2013-10-25 14:04:55'),(1340,'cdonnelly - Logged In','2013-10-25 17:09:01'),(1341,'cdonnelly - Logged In','2013-10-29 20:51:50'),(1342,'troch@lisc.org - Logged In','2013-10-29 21:50:16'),(1343,'cdonnelly - Logged In','2013-10-30 14:16:19'),(1344,'cdonnelly - Logged In','2013-10-30 19:45:02'),(1345,'cdonnelly - Invalid Login','2013-10-31 14:06:20'),(1346,'cdonnelly - Logged In','2013-10-31 14:06:26'),(1347,'cdonnelly - Logged In','2013-10-31 17:44:28'),(1348,'cdonnelly - Logged In','2013-11-01 14:00:55'),(1349,'cdonnelly - Logged In','2013-11-01 17:31:25'),(1350,'cdonnelly - Logged In','2013-11-01 20:37:56'),(1351,'cdonnelly - Logged In','2013-11-04 14:59:05'),(1352,'cdonnelly - Invalid Login','2013-11-11 18:51:50'),(1353,'cdonnelly - Invalid Login','2013-11-11 18:51:54'),(1354,'cdonnelly - Logged In','2013-11-11 18:51:56'),(1355,'cdonnelly - Logged In','2013-11-12 15:04:16'),(1356,'cdonnelly - Logged In','2013-11-12 20:17:03'),(1357,'cdonnelly@chapinhall.org - Invalid Login','2013-11-12 21:55:26'),(1358,'cdonnelly@chapinhall.org - Invalid Login','2013-11-12 21:55:28'),(1359,'jgawel - Logged In','2013-11-12 22:01:19'),(1360,'cdonnelly - Logged In','2013-11-13 15:05:41'),(1361,'cdonnelly - Logged In','2013-11-13 18:16:01'),(1362,'cdonnelly - Logged In','2013-11-14 15:04:00'),(1363,'cdonnelly - Logged In','2013-11-14 18:08:51'),(1364,'jgawel - Logged In','2013-11-14 19:19:35'),(1365,'cdonnelly - Logged In','2013-11-15 15:07:52'),(1366,'cdonnelly - Logged In','2013-11-15 20:53:10'),(1367,'cdonnelly - Logged In','2013-11-18 21:09:14'),(1368,'krak - Invalid Login','2013-11-18 22:11:18'),(1369,'kbocanegra - Logged In','2013-11-18 22:11:28'),(1370,'mrodriguez - Logged In','2013-11-18 22:19:32'),(1371,'hachanzar - Logged In','2013-11-18 22:28:28'),(1372,'paguilar - Logged In','2013-11-18 22:29:01'),(1373,'kbocanegra - Logged In','2013-11-19 14:47:58'),(1374,'troch@lisc.org - Logged In','2013-11-19 21:52:43'),(1375,'admin - Logged In','2013-11-20 18:58:26'),(1376,'admin - Logged In','2013-11-20 20:08:23'),(1377,'pilsenuser - Logged In','2013-11-22 14:48:35'),(1378,'pilsenuser - Logged In','2013-11-22 14:52:42'),(1379,'PilsenUser - Logged In','2013-11-22 16:01:01'),(1380,'admin - Logged In','2013-11-22 16:16:33'),(1381,'PilsenUser - Logged In','2013-11-22 16:42:59'),(1382,'PilsenUser - Logged In','2013-11-22 18:05:33'),(1383,'Dcooper - Logged In','2013-11-25 21:39:26'),(1384,'PilsenUser - Logged In','2013-12-02 20:13:07'),(1385,'Dcooper - Logged In','2013-12-06 18:39:48'),(1386,'troch@lisc.org - Logged In','2013-12-10 19:01:22'),(1387,'tboharic - Invalid Login','2013-12-11 15:15:04'),(1388,'EnlaceDataEntry - Logged In','2013-12-11 15:16:34'),(1389,'EnlaceDataEntry - Logged In','2013-12-11 18:37:29'),(1390,'EnlaceDataEntry - Logged In','2013-12-11 21:38:28'),(1391,'paguilar - Logged In','2013-12-11 21:39:47'),(1392,'paguilar - Logged In','2013-12-11 21:40:14'),(1393,'EnlaceDataEntry - Logged In','2013-12-12 14:17:59'),(1394,'paguilar - Logged In','2013-12-12 14:18:33'),(1395,'EnlaceDataEntry - Logged In','2013-12-13 19:07:49'),(1396,'paguilar - Logged In','2013-12-13 19:08:05'),(1397,'paguilar - Logged In','2013-12-16 20:50:20'),(1398,'paguilar - Logged In','2013-12-17 14:43:06'),(1399,'paguilar - Logged In','2013-12-18 20:56:57'),(1400,'paguilar - Logged In','2013-12-19 14:22:29'),(1401,'paguilar - Logged In','2013-12-19 20:31:38'),(1402,'paguilar - Logged In','2013-12-19 21:45:54'),(1403,'Dcooper - Logged In','2013-12-19 22:56:14'),(1404,'paguilar - Logged In','2013-12-20 15:43:07'),(1405,'paguilar - Logged In','2013-12-20 16:46:11'),(1406,'paguilar - Logged In','2013-12-20 19:46:36'),(1407,'troch@lisc.org - Logged In','2013-12-20 20:09:13'),(1408,'paguilar - Logged In','2013-12-23 14:48:38'),(1409,'vgalvan - Invalid Login','2013-12-23 20:04:25'),(1410,'swopdataentry - Logged In','2013-12-23 20:05:33'),(1411,'SWOPDataEntry - Logged In','2013-12-23 22:05:26'),(1412,'SWOPDataEntry - Logged In','2013-12-24 15:13:36'),(1413,'paguilar - Logged In','2013-12-30 18:21:19'),(1414,'paguilar - Logged In','2013-12-30 18:35:18'),(1415,'troch@lisc.org - Logged In','2013-12-30 19:16:34'),(1416,'hpadmin - Logged In','2013-12-30 21:04:02'),(1417,'hpdataentry - Logged In','2013-12-30 21:04:12'),(1418,'hpdataentry - Logged In','2013-12-30 21:04:22'),(1419,'hpdataentry - Logged In','2013-12-31 14:22:36'),(1420,'hpdataentry - Logged In','2013-12-31 14:22:45'),(1421,'HPDataEntry - Logged In','2013-12-31 17:26:10'),(1422,'HumboldtParkUser - Logged In','2014-01-02 15:39:51'),(1423,'EnlaceDataEntry - Logged In','2014-01-02 16:13:48'),(1424,'hpdataentry - Logged In','2014-01-02 17:25:10'),(1425,'enlacedataentry - Logged In','2014-01-02 17:25:27'),(1426,'paguilar - Logged In','2014-01-02 18:04:20'),(1427,'pilsenuser - Logged In','2014-01-02 20:50:48'),(1428,'pilsenuser - Logged In','2014-01-02 20:51:08'),(1429,'admin - Logged In','2014-01-02 21:51:15'),(1430,'admin - Logged In','2014-01-03 15:39:08'),(1431,'admin - Logged In','2014-01-03 18:36:40'),(1432,'admin - Logged In','2014-01-03 22:05:44'),(1433,'admin - Logged In','2014-01-03 23:48:47'),(1434,'admin - Logged In','2014-01-04 02:51:07'),(1435,'admin - Logged In','2014-01-04 14:42:37'),(1436,'admin - Logged In','2014-01-04 21:36:12'),(1437,'Dcooper - Logged In','2014-01-06 18:59:16'),(1438,'Dcooper - Logged In','2014-01-06 19:46:56'),(1439,'dcooper - Logged In','2014-01-06 19:52:23'),(1440,'admin - Logged In','2014-01-07 20:22:41'),(1441,'admin - Logged In','2014-01-08 01:27:20'),(1442,'admin - Logged In','2014-01-08 15:38:10'),(1443,'admin - Logged In','2014-01-08 20:31:46'),(1444,'troch@lisc.org - Logged In','2014-01-08 22:23:42'),(1445,'admin - Logged In','2014-01-08 23:33:24'),(1446,'admin - Logged In','2014-01-09 16:11:02'),(1447,'admin - Logged In','2014-01-09 20:02:02'),(1448,'admin - Logged In','2014-01-09 23:04:47'),(1449,'admin - Logged In','2014-01-10 14:48:51'),(1450,'admin - Logged In','2014-01-10 18:27:10'),(1451,'admin - Logged In','2014-01-10 21:31:59'),(1452,'admin - Logged In','2014-01-13 20:26:49'),(1453,'admin - Logged In','2014-01-14 18:28:28'),(1454,'jalcazar - Invalid Login','2014-01-15 23:57:47'),(1455,'jalcazar - Logged In','2014-01-15 23:57:51'),(1456,'admin - Logged In','2014-01-22 17:43:12'),(1457,'admin - Logged In','2014-01-22 19:49:44'),(1458,'admin - Logged In','2014-01-23 14:08:50'),(1459,'jgawel - Logged In','2014-01-28 16:49:40'),(1460,'troch@lisc.org - Logged In','2014-01-29 21:38:05'),(1461,'admin - Logged In','2014-02-03 20:45:30'),(1462,'admin - Logged In','2014-02-04 16:11:03'),(1463,'admin - Logged In','2014-02-04 16:34:46'),(1464,'admin - Logged In','2014-02-04 19:28:50'),(1465,'admin - Logged In','2014-02-05 15:48:14'),(1466,'admin - Logged In','2014-02-05 20:51:49'),(1467,'admin - Logged In','2014-02-06 17:38:42'),(1468,'admin - Logged In','2014-02-07 15:15:09'),(1469,'admin - Logged In','2014-02-07 18:20:39'),(1470,'admin - Logged In','2014-02-10 15:19:05'),(1471,'admin - Logged In','2014-02-10 16:50:38'),(1472,'admin - Logged In','2014-02-10 19:22:22'),(1473,'admin - Logged In','2014-02-10 19:27:14'),(1474,'admin - Logged In','2014-02-11 15:11:37'),(1475,'admin - Logged In','2014-02-11 18:39:24'),(1476,'admin - Logged In','2014-02-24 16:29:42'),(1477,'admin - Logged In','2014-02-25 17:07:28'),(1478,'admin - Logged In','2014-02-25 20:19:17'),(1479,'admin - Logged In','2014-02-26 19:27:50'),(1480,'PilsenUser - Logged In','2014-02-27 16:00:58'),(1481,'admin - Logged In','2014-02-27 18:03:15'),(1482,'admin - Logged In','2014-02-27 19:35:02'),(1483,'admin - Logged In','2014-02-27 20:48:23'),(1484,'admin - Logged In','2014-02-27 21:15:04'),(1485,'admin - Logged In','2014-02-28 20:23:36'),(1486,'admin - Logged In','2014-03-03 14:14:56'),(1487,'admin - Logged In','2014-03-03 17:33:27'),(1488,'admin - Logged In','2014-03-03 18:17:45'),(1489,'vrizzi - Invalid Login','2014-03-05 17:01:44'),(1490,'vrizzi - Invalid Login','2014-03-05 17:02:00'),(1491,'vrizzi - Invalid Login','2014-03-05 17:02:09'),(1492,'vrizzi - Invalid Login','2014-03-05 17:02:21'),(1493,'vrizzi - Invalid Login','2014-03-05 17:02:41'),(1494,'uzatarain - Logged In','2014-03-05 17:03:06'),(1495,'admin - Logged In','2014-03-05 21:26:55'),(1496,'admin - Logged In','2014-03-06 16:26:13'),(1497,'admin - Logged In','2014-03-06 19:52:47'),(1498,'admin - Logged In','2014-03-07 16:40:56'),(1499,'admin - Logged In','2014-03-07 20:32:59'),(1500,'admin - Logged In','2014-03-10 15:44:20'),(1501,'dataentry - Invalid Login','2014-03-10 17:59:37'),(1502,'sdeoleo - Invalid Login','2014-03-10 17:59:51'),(1503,'sdeoleo - Invalid Login','2014-03-10 17:59:55'),(1504,'sdeoleo - Invalid Login','2014-03-10 18:00:02'),(1505,'SDEOLEO - Invalid Login','2014-03-10 18:00:09'),(1506,'SDEOLEO - Invalid Login','2014-03-10 18:00:18'),(1507,'sdeoleo - Invalid Login','2014-03-10 18:00:26'),(1508,'sdeoleo - Invalid Login','2014-03-10 18:00:36'),(1509,'sdeoleo - Invalid Login','2014-03-10 18:00:47'),(1510,'LoganSquaredataentry - Invalid Login','2014-03-10 18:01:25'),(1511,'DataEntry - Invalid Login','2014-03-10 18:01:40'),(1512,'syanun - Invalid Login','2014-03-10 18:01:54'),(1513,'SDEOLEO - Invalid Login','2014-03-10 18:02:10'),(1514,'SDEOLEO - Invalid Login','2014-03-10 18:04:14'),(1515,'SDEOLEO - Invalid Login','2014-03-10 18:04:16'),(1516,'SDEOLEO - Invalid Login','2014-03-10 18:04:27'),(1517,'syanun - Invalid Login','2014-03-10 18:05:22'),(1518,'admin - Logged In','2014-03-10 18:54:39'),(1519,'admin - Logged In','2014-03-11 19:15:29'),(1520,'admin - Logged In','2014-03-12 18:44:05'),(1521,'admin - Logged In','2014-03-13 16:23:57'),(1522,'admin - Logged In','2014-03-13 19:31:33'),(1523,'admin - Logged In','2014-03-17 16:12:07'),(1524,'admin - Logged In','2014-03-17 19:04:02'),(1525,'admin - Logged In','2014-03-18 13:51:42'),(1526,'admin - Logged In','2014-03-18 18:50:01'),(1527,'admin - Logged In','2014-03-18 20:08:52'),(1528,'admin - Logged In','2014-03-19 16:23:18'),(1529,'admin - Logged In','2014-03-20 13:10:50'),(1530,'ChicagoLawnUser - Logged In','2014-03-21 15:35:45'),(1531,'admin - Logged In','2014-03-22 19:34:15'),(1532,'admin - Logged In','2014-03-24 15:19:34'),(1533,'LSNAdataentry - Invalid Login','2014-03-24 15:35:20'),(1534,'LSNADataentry - Invalid Login','2014-03-24 15:36:05'),(1535,'admin - Logged In','2014-03-24 19:17:02'),(1536,'admin - Logged In','2014-03-25 18:17:20'),(1537,'admin - Logged In','2014-03-26 14:45:26'),(1538,'admin - Logged In','2014-03-26 17:47:44'),(1539,'admin - Logged In','2014-03-27 15:23:14'),(1540,'admin - Logged In','2014-03-27 20:24:15'),(1541,'admin - Logged In','2014-03-28 15:53:35'),(1542,'admin - Logged In','2014-03-30 15:45:47'),(1543,'troch@lisc.org - Logged In','2014-03-30 16:32:01'),(1544,'admin - Logged In','2014-03-31 16:13:39'),(1545,'admin - Logged In','2014-03-31 19:24:23'),(1546,'admin - Logged In','2014-04-01 12:06:53'),(1547,'admin - Logged In','2014-04-01 15:08:37'),(1548,'troch@lisc.org - Logged In','2014-04-01 17:33:27'),(1549,'admin - Logged In','2014-04-01 18:17:21'),(1550,'admin - Logged In','2014-04-01 18:48:08'),(1551,'admin - Logged In','2014-04-02 14:19:49'),(1552,'admin - Logged In','2014-04-03 11:58:39'),(1553,'admin - Logged In','2014-04-03 15:06:14'),(1554,'admin - Logged In','2014-04-03 18:12:05'),(1555,'admin - Logged In','2014-04-08 12:05:32'),(1556,'admin - Logged In','2014-04-08 17:01:11'),(1557,'admin - Logged In','2014-04-10 12:21:02'),(1558,'admin - Logged In','2014-04-10 19:47:00'),(1559,'troch@lisc.org - Invalid Login','2014-04-14 14:12:25'),(1560,'troch@lisc.org - Logged In','2014-04-14 14:12:27'),(1561,'admin - Logged In','2014-04-14 14:32:27'),(1562,'troch@lisc.org - Logged In','2014-04-14 19:18:44'),(1563,'admin - Logged In','2014-04-15 12:21:19'),(1564,'vrizzi - Logged In','2014-04-15 13:06:20'),(1565,'admin - Logged In','2014-04-15 13:08:32'),(1566,'admin - Logged In','2014-04-15 16:27:43'),(1567,'vrizzi - Logged In','2014-04-15 17:45:09'),(1568,'admin - Logged In','2014-04-15 19:29:19'),(1569,'admin - Logged In','2014-04-16 14:57:45'),(1570,'vrizzi - Logged In','2014-04-16 19:55:20'),(1571,'admin - Logged In','2014-04-17 14:21:41'),(1572,'vrizzi - Logged In','2014-04-17 17:18:32'),(1573,'admin - Logged In','2014-04-17 17:29:15'),(1574,'troch@lisc.org - Invalid Login','2014-04-17 17:29:18'),(1575,'troch@lisc.org - Logged In','2014-04-17 17:29:21'),(1576,'admin - Logged In','2014-04-17 20:36:40'),(1577,'admin - Logged In','2014-04-22 12:17:04'),(1578,'admin - Logged In','2014-04-22 18:21:55'),(1579,'roch@lisc.org - Invalid Login','2014-04-28 18:39:39'),(1580,'roch@lisc.org - Invalid Login','2014-04-28 18:39:47'),(1581,'troch@lisc.org - Logged In','2014-04-28 18:44:09'),(1582,'admin - Logged In','2014-04-29 12:08:18'),(1583,'admin - Logged In','2014-04-29 15:14:55'),(1584,'admin - Logged In','2014-05-01 11:56:16'),(1585,'admin - Logged In','2014-05-01 14:58:00'),(1586,'admin - Logged In','2014-05-01 18:09:41'),(1587,'admin - Logged In','2014-05-06 12:19:26'),(1588,'admin - Logged In','2014-05-06 15:22:20'),(1589,'troch@lisc.org - Logged In','2014-05-06 18:47:49'),(1590,'admin - Logged In','2014-05-07 16:29:58'),(1591,'admin - Logged In','2014-05-08 12:31:29'),(1592,'kfogel - Logged In','2014-05-08 14:15:14'),(1593,'kfogel - Logged In','2014-05-08 23:12:54'),(1594,'admin - Logged In','2014-05-12 17:00:58'),(1595,'admin - Logged In','2014-05-13 12:34:12'),(1596,'admin - Logged In','2014-05-13 18:30:45'),(1597,'admin - Logged In','2014-05-14 14:50:43'),(1598,'slynjones - Invalid Login','2014-05-14 15:24:58'),(1599,'slynjones - Invalid Login','2014-05-14 15:25:03'),(1600,'slynjones - Logged In','2014-05-14 15:34:01'),(1601,'slynjones - Logged In','2014-05-14 16:33:52'),(1602,'admin - Logged In','2014-05-14 19:10:04');
/*!40000 ALTER TABLE `Log` ENABLE KEYS */;
UNLOCK TABLES;

--
-- Table structure for table `Privileges`
--

DROP TABLE IF EXISTS `Privileges`;
/*!40101 SET @saved_cs_client     = @@character_set_client */;
/*!40101 SET character_set_client = utf8 */;
CREATE TABLE `Privileges` (
  `Privilege_ID` int(11) NOT NULL AUTO_INCREMENT,
  `Privilege_Name` varchar(45) DEFAULT NULL,
  PRIMARY KEY (`Privilege_ID`)
) ENGINE=InnoDB AUTO_INCREMENT=7 DEFAULT CHARSET=latin1;
/*!40101 SET character_set_client = @saved_cs_client */;

--
-- Dumping data for table `Privileges`
--

LOCK TABLES `Privileges` WRITE;
/*!40000 ALTER TABLE `Privileges` DISABLE KEYS */;
INSERT INTO `Privileges` VALUES (1,'All_Sites'),(2,'Logan Square Neighborhood Association'),(3,'Bickerdike'),(4,'The Resurrection Project'),(5,'Southwest Organizing Project'),(6,'Enlace');
/*!40000 ALTER TABLE `Privileges` ENABLE KEYS */;
UNLOCK TABLES;

--
-- Table structure for table `Site_Privileges`
--

DROP TABLE IF EXISTS `Site_Privileges`;
/*!40101 SET @saved_cs_client     = @@character_set_client */;
/*!40101 SET character_set_client = utf8 */;
CREATE TABLE `Site_Privileges` (
  `Site_Privilege_ID` int(11) NOT NULL AUTO_INCREMENT,
  `Site_Privilege_Name` varchar(45) DEFAULT NULL,
  PRIMARY KEY (`Site_Privilege_ID`)
) ENGINE=InnoDB AUTO_INCREMENT=4 DEFAULT CHARSET=latin1;
/*!40101 SET character_set_client = @saved_cs_client */;

--
-- Dumping data for table `Site_Privileges`
--

LOCK TABLES `Site_Privileges` WRITE;
/*!40000 ALTER TABLE `Site_Privileges` DISABLE KEYS */;
INSERT INTO `Site_Privileges` VALUES (1,'Administrator'),(2,'Data Entry'),(3,'Viewer');
/*!40000 ALTER TABLE `Site_Privileges` ENABLE KEYS */;
UNLOCK TABLES;

--
-- Table structure for table `Users`
--

DROP TABLE IF EXISTS `Users`;
/*!40101 SET @saved_cs_client     = @@character_set_client */;
/*!40101 SET character_set_client = utf8 */;
CREATE TABLE `Users` (
  `User_Id` int(11) NOT NULL AUTO_INCREMENT,
  `User_Email` varchar(45) DEFAULT NULL,
  `User_Password` varchar(64) DEFAULT NULL,
  `Locked` tinyint(1) DEFAULT NULL,
  PRIMARY KEY (`User_Id`)
) ENGINE=InnoDB AUTO_INCREMENT=39 DEFAULT CHARSET=latin1;
/*!40101 SET character_set_client = @saved_cs_client */;

--
-- Dumping data for table `Users`
--

LOCK TABLES `Users` WRITE;
/*!40000 ALTER TABLE `Users` DISABLE KEYS */;
INSERT INTO `Users` VALUES (1,'admin','$2a$08$LLrRVBmQk.ot7MDm26B1sOIV5lBOYvTqYNDOczxb8mBrKYzz5WM9W', NULL),(2,'mwilson@chapinhall.org','$2a$08$X1DWv3/x1SzfASq/K8cUUu6fCoBXBwB3h1sIek7cJbzaQRBf5pSTO', 1),(3,'HumboldtParkUser','$2a$08$qyXwWsf5kCZUoTQtWKV7UOO3OesQDU3fRM5EAlSOVxAksjjmnxWNO', 1),(4,'LoganSquareUser','$2a$08$WO21lwNS69lFvXsdjl5R2eN2AKOIisJBHHkPrONkWePTtAAcMb4AS', 1),(11,'TESTviewONLY','$2a$08$eF9diBrIAcJPvngiZ2Vj0eN2gj/GnXmvro5LlGF7WT1wnPEn2.PCG', 1),(12,'HPDataEntry','$2a$08$UMYWiP3Y0visZ4NYeLBHk.vKfn1bEgeKcAI.LmRfzzkzMS0V/Yc3G', 1),(13,'HPAdmin','$2a$08$aQvZFRMTHRQLMyxcaoTfheq/AdxeLJ0ugfYqM6JJWprfG7xiHWzLi', 1),(14,'NewUser','$2a$08$aQjFo0XFyS15uUsC3ejWdebA7NcDLuGJQRMkuQMP01Is4GF5RtwJq', 1),(15,'testPartnerAcct','$2a$08$vGAM7eJGGWmljF.tkQNCpuYumdb3BnUUMhgyMGOLU74NoTI/H8KXW', 1),(16,'PilsenUser','$2a$08$31agB8ClX8dQDCaYdwpezusH0IqdPGhMGGG0xB2iMULiM5u/26aGa', 1),(17,'ChicagoLawnUser','$2a$08$l6zyRa0NKMnrDgwVCCZB2equcqXDUMluGw6fE0MOFKeq7BY5E0yam', 1),(18,'LittleVillageUser','$2a$08$.WEtXQwfNyAXr605KCxPg.yq8PBPgvJQrbviMh41zMzY82JEEbfd2', 1),(19,'troch@lisc.org','$2a$08$2eSB75liPtJIi4SEi1ePxepY6Q9i2EHXa1hrlHBbAx3PlyOXmsRGa', 1),(20,'LSNADataEntry','$2a$08$wEdWUDHAIQYNgpFcOSf4te1c/pieQ/IbVN7WpjSWqKhFiXmAcJSBC', 1),(21,'LSNAViewer','$2a$08$KCWgKMk1EgvgyNUetjYvQOuNvmIb5abcJR6KumFnyntXIhrlhDsQy', 1),(22,'jpcirre@aol.com','$2a$08$LBOQOEM5SPZm8MTSpYUJmOcw6RBEWIGbHb1QcXnjlbx26YXada55.', 1),(23,'kbocanegra','$2a$08$s6vMKEQMo/gJRrJcyN3cAOoRRk.6EOe0Iq.Tq0mbg4EoiTfWdGqE6', 1),(25,'dcooper','$2a$08$KfdPD3lCd8NZkPJeaKKsFOYbMXTEKMH9NiSHT9W4yzzR2ZnjwmlZm', 1),(26,'mrodriguez','$2a$08$Zkz2at5EPyc6mU0FubulG./J7EFMzup03HAKSBQ7OncrMNdHcGQZm', 1),(27,'uzatarain','$2a$08$DjGMSNlJQMvi/L9.jMUzCOVqR10m4yaGHo1ZoqduV21AEGuJYXKEO', 1),(28,'SWOPDataEntry','$2a$08$8h1zP1KGEOKLK6AmeNDatOvA35w9iFIfDjN4kvb87Fr/1.XMsXQBq', 1),(29,'SWOPFinances','$2a$08$J7HPx1bFbQlgLrzgHSi7BO4f98.HclUbn5.tKxWQa9Y8WECjBPUU.', 1),(30,'jalcazar','$2a$08$IDuyI4t3n9nqy.8OTVwlxunggchzf/uRXm7GM4lvjqGwX.WukKH2C', 1),(31,'hachanzar','$2a$08$6jLir8gfsMuZKmZw/V4qM.Ob0iJ7Hp4rhvLo.vdUHJURp7wUEcU3C', 1),(32,'EnlaceDataEntry','$2a$08$MFmohwcxzna4lFQCw40bXupg7/qaMQ4nK2S7In0ZeFV.gC1Djzw/i', 1),(33,'paguilar','$2a$08$IZ3J894/mEYMnAi8GCCn9.NIFMfkoyqAq53GPrTF4BwTgGvwOO2ru', 1),(34,'pbarry','$2a$08$gZG0Q7GQfJEKEOfUsSxE4.VfPwJGuggg6PkGW2UPCAsj4uvLqRfPC', 1),(35,'jgawel','$2a$08$c4/TL8GYy.9tyUFiqNHEtOgVRmKiyws/suRdLRe33rDyipgffJbMG', 1),(36,'vrizzi','$2a$08$sD/n5eGt.xfONYvzWN9Olu4hVY9dFas5MmOAEN4x6U32Ls3E4SJta', 1),(37,'kfogel','$2a$08$1DdKxHaJuA9i6e3FYkBgm.MTwULJ6MBWw7H41tvhEpzIPE20GmM/i', 1),(38,'slynjones','$2a$08$AH1F8Gnrm6x/dDtg.Qbpauu9Sn0qm6drtrlVTI0/pkbafGu6AutvG', 1);
/*!40000 ALTER TABLE `Users` ENABLE KEYS */;
UNLOCK TABLES;

--
-- Table structure for table `Users_Privileges`
--

DROP TABLE IF EXISTS `Users_Privileges`;
/*!40101 SET @saved_cs_client     = @@character_set_client */;
/*!40101 SET character_set_client = utf8 */;
CREATE TABLE `Users_Privileges` (
  `Users_Privileges_Id` int(11) NOT NULL AUTO_INCREMENT,
  `User_ID` int(11) DEFAULT NULL,
  `Privilege_Id` int(11) DEFAULT NULL,
  `Site_Privilege_ID` int(11) DEFAULT NULL,
  `User_Privilege_Created_Date` timestamp NULL DEFAULT CURRENT_TIMESTAMP,
  `Program_Access` varchar(1) DEFAULT NULL,
  PRIMARY KEY (`Users_Privileges_Id`)
) ENGINE=InnoDB AUTO_INCREMENT=58 DEFAULT CHARSET=latin1;
/*!40101 SET character_set_client = @saved_cs_client */;

--
-- Dumping data for table `Users_Privileges`
--

LOCK TABLES `Users_Privileges` WRITE;
/*!40000 ALTER TABLE `Users_Privileges` DISABLE KEYS */;
INSERT INTO `Users_Privileges` VALUES (2,1,2,1,'2012-10-17 18:52:13','a'),(3,1,3,1,'2012-10-17 18:52:13',NULL),(5,2,2,1,'2012-11-27 15:54:22',''),(6,3,3,1,'2013-01-03 20:30:02',NULL),(7,4,2,1,'2013-01-03 20:30:21',NULL),(10,11,3,3,'2013-02-25 16:46:53',NULL),(11,12,3,2,'2013-02-26 20:30:19',NULL),(12,13,3,1,'2013-02-27 16:17:05',NULL),(13,14,3,2,'2013-02-27 16:25:48',NULL),(14,15,3,3,'2013-02-28 15:45:18',NULL),(15,16,4,1,'2013-04-05 20:29:43','a'),(16,17,5,1,'2013-04-05 20:59:50',NULL),(17,18,6,1,'2013-04-05 20:59:50','a'),(18,1,4,1,'2013-04-08 14:07:25','a'),(19,1,5,1,'2013-04-08 14:07:25',NULL),(20,1,6,2,'2013-04-08 14:07:25','n'),(21,19,2,1,'2013-05-14 20:27:09','a'),(22,19,3,1,'2013-05-14 20:27:09',NULL),(23,19,4,1,'2013-05-14 20:27:09',NULL),(24,19,5,1,'2013-05-14 20:27:09',NULL),(25,19,6,1,'2013-05-14 20:27:09',NULL),(26,20,2,2,'2013-05-21 19:52:40',NULL),(27,21,2,3,'2013-05-21 19:52:40',NULL),(28,22,2,2,'2013-06-03 19:25:18',NULL),(29,23,6,1,'2013-07-26 15:20:46','a'),(30,24,6,1,'2013-07-26 15:20:49',NULL),(31,25,6,1,'2013-07-26 15:33:34','a'),(32,26,6,2,'2013-07-26 15:37:24','9'),(33,27,4,1,'2013-08-01 18:20:30','2'),(34,28,5,2,'2013-08-05 17:37:06',NULL),(35,29,5,3,'2013-08-05 17:37:06',NULL),(36,30,4,1,'2013-08-08 13:30:09','a'),(37,31,4,1,'2013-08-08 13:30:33','a'),(38,32,6,2,'2013-08-19 14:58:01','a'),(39,33,6,2,'2013-08-27 18:34:25','9'),(40,34,2,1,'2013-10-24 16:47:46','a'),(41,34,3,1,'2013-10-24 16:47:46',NULL),(42,34,4,1,'2013-10-24 16:47:46',NULL),(43,34,5,1,'2013-10-24 16:47:46',NULL),(44,34,6,1,'2013-10-24 16:47:46',NULL),(46,35,2,1,'2013-11-12 22:01:13','a'),(47,35,3,1,'2013-11-12 22:01:13',NULL),(48,35,4,1,'2013-11-12 22:01:13',NULL),(49,35,5,1,'2013-11-12 22:01:13',NULL),(50,35,6,1,'2013-11-12 22:01:13',NULL),(51,36,4,1,'2014-04-15 13:05:57','a'),(52,37,2,1,'2014-05-08 14:14:57','a'),(53,37,3,1,'2014-05-08 14:14:57','a'),(54,37,4,1,'2014-05-08 14:14:57','a'),(55,37,5,1,'2014-05-08 14:14:57','a'),(56,37,6,1,'2014-05-08 14:14:58','a'),(57,38,5,1,'2014-05-14 15:33:22','a');
/*!40000 ALTER TABLE `Users_Privileges` ENABLE KEYS */;
UNLOCK TABLES;

--
-- Current Database: `ttm-swop`
--

CREATE DATABASE /*!32312 IF NOT EXISTS*/ `ttm-swop` /*!40100 DEFAULT CHARACTER SET latin1 */;

USE `ttm-swop`;

--
-- Table structure for table `Campaigns`
--

DROP TABLE IF EXISTS `Campaigns`;
/*!40101 SET @saved_cs_client     = @@character_set_client */;
/*!40101 SET character_set_client = utf8 */;
CREATE TABLE `Campaigns` (
  `Campaign_ID` int(11) NOT NULL AUTO_INCREMENT,
  `Campaign_Name` varchar(100) DEFAULT NULL,
  PRIMARY KEY (`Campaign_ID`)
) ENGINE=InnoDB AUTO_INCREMENT=7 DEFAULT CHARSET=latin1;
/*!40101 SET character_set_client = @saved_cs_client */;

--
-- Dumping data for table `Campaigns`
--

LOCK TABLES `Campaigns` WRITE;
/*!40000 ALTER TABLE `Campaigns` DISABLE KEYS */;
INSERT INTO `Campaigns` VALUES (1,'Housing'),(2,'Job Retention'),(3,'Affordable Childcare'),(4,'Promoting Local Businesses'),(5,'Bank Accountability'),(6,'Test');
/*!40000 ALTER TABLE `Campaigns` ENABLE KEYS */;
UNLOCK TABLES;

--
-- Table structure for table `Campaigns_Events`
--

DROP TABLE IF EXISTS `Campaigns_Events`;
/*!40101 SET @saved_cs_client     = @@character_set_client */;
/*!40101 SET character_set_client = utf8 */;
CREATE TABLE `Campaigns_Events` (
  `Campaign_Event_ID` int(11) NOT NULL AUTO_INCREMENT,
  `Event_Name` varchar(100) DEFAULT NULL,
  `Event_Date` date DEFAULT NULL,
  `Campaign_ID` int(11) DEFAULT NULL,
  `Subcampaign` varchar(100) DEFAULT NULL,
  `Location` varchar(100) DEFAULT NULL,
  PRIMARY KEY (`Campaign_Event_ID`)
) ENGINE=InnoDB AUTO_INCREMENT=47 DEFAULT CHARSET=latin1;
/*!40101 SET character_set_client = @saved_cs_client */;

--
-- Dumping data for table `Campaigns_Events`
--

LOCK TABLES `Campaigns_Events` WRITE;
/*!40000 ALTER TABLE `Campaigns_Events` DISABLE KEYS */;
INSERT INTO `Campaigns_Events` VALUES (1,'Cinco de Mayo','2013-05-05',1,'Block meetings',NULL),(2,'Database Check-in Meeting','2013-05-10',1,'TTM',NULL),(3,'SWOP Organizer Meeting','2013-05-30',1,NULL,NULL),(5,'Farmers\' Market','2013-06-01',4,NULL,NULL),(6,'Craft Fair','2013-07-01',4,NULL,NULL),(7,'Better Business Bureau Meeting','2013-06-15',4,NULL,NULL),(8,'Leadership meeting','2013-06-22',3,NULL,NULL),(9,'Ice Cream Social','2013-06-29',3,'Development',NULL),(11,'Summer session kick-off?','2013-06-22',2,'0','0'),(12,'Sidewalk Sales','2013-06-29',4,NULL,NULL),(13,'Fourth of July BBQ/information session','2013-07-04',3,NULL,NULL),(14,'Midsummer Movie Night','2013-07-31',4,NULL,NULL),(15,'TTM SWOP staff and leader mtg','2013-07-01',1,'0','Test'),(16,'SWOP Housing Staff Meeting','2013-07-01',1,NULL,NULL),(17,'MDRC Walkthrough','2013-07-11',1,NULL,NULL),(18,'Fourth of July Celebration','2013-07-04',3,'0',NULL),(19,'July 5th Celebration','2013-07-05',3,'Block meetings',NULL),(20,'Health Fair','2013-07-06',3,'Health Awareness',NULL),(21,'Meeting at a New Place!','2013-07-15',1,'TTM','SWOP/NHS Office'),(22,'Coffee Hour','2013-07-21',3,'0','5400 Block of Kenwood'),(23,'Northeast Chicago Lawn Community Meeting','2013-07-26',1,'Block meetings','SWOP/NHS Office'),(24,'Vigil','2013-07-17',3,'',''),(25,'Vigil','2013-07-17',1,'',''),(26,'Planning meeting','2013-07-25',5,'',''),(27,'Event X','2013-08-03',5,'Community awareness','SWOP/NHS Office'),(28,'Bank of America Planning Meeting','2013-08-08',5,'Institutional engagement','SWOP/NHS Office'),(29,'Housewarming Party','2013-08-10',1,'Block meetings','5400 Block of Kenwood'),(30,'Test Property Problem','2013-10-09',3,'Testing','0'),(31,'Wednesday','2013-10-16',6,'',''),(32,'11111111','2013-12-01',6,'Capital Campaign','0'),(33,'11111111','2013-12-02',6,'0','Chicago City Hall'),(34,'22222','2013-12-02',6,'qqqqq','wwwww'),(35,'22222','2013-12-02',6,'qqqqq','wwwww'),(36,'222','2013-12-02',6,'333','55555'),(37,'','0000-00-00',6,'0','0'),(38,'sdgsdg','2013-12-19',6,'0','0'),(39,'sdgsdg','2013-12-19',6,'333','0'),(40,'sdgsdg','2013-12-19',6,'333','0'),(41,'3333333','2013-12-23',6,'333','Test'),(42,'444444','2013-12-24',6,'ggggggggg','hhhhhhhhhh'),(43,'555555','2013-12-25',6,'333','5400 Block of Kenwood'),(44,'6666666','2014-01-03',6,'0','0'),(45,'7777','2014-01-04',6,'',''),(46,'88888888888','2013-12-25',6,'asdgdsgs','Test');
/*!40000 ALTER TABLE `Campaigns_Events` ENABLE KEYS */;
UNLOCK TABLES;

--
-- Table structure for table `Campaigns_Institutions`
--

DROP TABLE IF EXISTS `Campaigns_Institutions`;
/*!40101 SET @saved_cs_client     = @@character_set_client */;
/*!40101 SET character_set_client = utf8 */;
CREATE TABLE `Campaigns_Institutions` (
  `Campaigns_Institutions_ID` int(11) NOT NULL AUTO_INCREMENT,
  `Institution_ID` int(11) DEFAULT NULL,
  `Campaign_ID` int(11) DEFAULT NULL,
  PRIMARY KEY (`Campaigns_Institutions_ID`)
) ENGINE=InnoDB AUTO_INCREMENT=13 DEFAULT CHARSET=latin1;
/*!40101 SET character_set_client = @saved_cs_client */;

--
-- Dumping data for table `Campaigns_Institutions`
--

LOCK TABLES `Campaigns_Institutions` WRITE;
/*!40000 ALTER TABLE `Campaigns_Institutions` DISABLE KEYS */;
INSERT INTO `Campaigns_Institutions` VALUES (1,53,1),(2,52,1),(3,54,3),(4,51,3),(5,53,3),(6,52,2),(7,55,4),(8,55,1),(9,67,1),(10,66,5),(11,59,1),(12,59,1);
/*!40000 ALTER TABLE `Campaigns_Institutions` ENABLE KEYS */;
UNLOCK TABLES;

--
-- Table structure for table `Current_Housing`
--

DROP TABLE IF EXISTS `Current_Housing`;
/*!40101 SET @saved_cs_client     = @@character_set_client */;
/*!40101 SET character_set_client = utf8 */;
CREATE TABLE `Current_Housing` (
  `Current_Housing_ID` int(11) NOT NULL AUTO_INCREMENT,
  `Current_Housing_Name` varchar(100) DEFAULT NULL,
  PRIMARY KEY (`Current_Housing_ID`)
) ENGINE=InnoDB AUTO_INCREMENT=6 DEFAULT CHARSET=latin1;
/*!40101 SET character_set_client = @saved_cs_client */;

--
-- Dumping data for table `Current_Housing`
--

LOCK TABLES `Current_Housing` WRITE;
/*!40000 ALTER TABLE `Current_Housing` DISABLE KEYS */;
INSERT INTO `Current_Housing` VALUES (1,'Owner-current'),(2,'Owner - in foreclosure'),(3,'Renter'),(4,'Living with family'),(5,'N/A');
/*!40000 ALTER TABLE `Current_Housing` ENABLE KEYS */;
UNLOCK TABLES;

--
-- Table structure for table `Households`
--

DROP TABLE IF EXISTS `Households`;
/*!40101 SET @saved_cs_client     = @@character_set_client */;
/*!40101 SET character_set_client = utf8 */;
CREATE TABLE `Households` (
  `New_Household_ID` int(11) NOT NULL AUTO_INCREMENT,
  `Household_Name` varchar(45) DEFAULT NULL,
  PRIMARY KEY (`New_Household_ID`)
) ENGINE=InnoDB AUTO_INCREMENT=14 DEFAULT CHARSET=latin1;
/*!40101 SET character_set_client = @saved_cs_client */;

--
-- Dumping data for table `Households`
--

LOCK TABLES `Households` WRITE;
/*!40000 ALTER TABLE `Households` DISABLE KEYS */;
INSERT INTO `Households` VALUES (1,'Donnelly'),(3,'Donnelly-Griffin'),(4,'Bartow'),(5,'SCOTUS'),(6,'Ginsburg'),(7,'Household Name'),(8,'juan garcia'),(9,'Garcia'),(10,'Nelly Claudio'),(11,'Meyer'),(12,'Anders'),(13,'Windsor');
/*!40000 ALTER TABLE `Households` ENABLE KEYS */;
UNLOCK TABLES;

--
-- Table structure for table `Households_Participants`
--

DROP TABLE IF EXISTS `Households_Participants`;
/*!40101 SET @saved_cs_client     = @@character_set_client */;
/*!40101 SET character_set_client = utf8 */;
CREATE TABLE `Households_Participants` (
  `Households_Participants_ID` int(11) NOT NULL AUTO_INCREMENT,
  `Household_ID` int(11) DEFAULT NULL,
  `Participant_ID` int(11) DEFAULT NULL,
  `Head_of_Household` int(11) DEFAULT NULL,
  PRIMARY KEY (`Households_Participants_ID`),
  KEY `household_referenced` (`Household_ID`),
  KEY `person_in_household` (`Participant_ID`),
  CONSTRAINT `household_referenced` FOREIGN KEY (`Household_ID`) REFERENCES `Households` (`New_Household_ID`) ON DELETE CASCADE ON UPDATE CASCADE,
  CONSTRAINT `person_in_household` FOREIGN KEY (`Participant_ID`) REFERENCES `Participants` (`Participant_ID`) ON DELETE CASCADE ON UPDATE CASCADE
) ENGINE=InnoDB AUTO_INCREMENT=27 DEFAULT CHARSET=latin1;
/*!40101 SET character_set_client = @saved_cs_client */;

--
-- Dumping data for table `Households_Participants`
--

LOCK TABLES `Households_Participants` WRITE;
/*!40000 ALTER TABLE `Households_Participants` DISABLE KEYS */;
INSERT INTO `Households_Participants` VALUES (4,3,20,NULL),(9,4,18,1),(10,4,21,2),(11,3,30,2),(12,5,30,2),(13,6,30,1),(14,7,29,0),(15,8,29,1),(16,9,25,1),(17,9,20,2),(18,10,54,1),(20,5,21,2),(21,12,21,1),(22,12,34,2),(23,13,73,2),(24,13,74,1),(25,1,20,2),(26,1,19,0);
/*!40000 ALTER TABLE `Households_Participants` ENABLE KEYS */;
UNLOCK TABLES;

--
-- Table structure for table `Institution_Types`
--

DROP TABLE IF EXISTS `Institution_Types`;
/*!40101 SET @saved_cs_client     = @@character_set_client */;
/*!40101 SET character_set_client = utf8 */;
CREATE TABLE `Institution_Types` (
  `Type_ID` int(11) NOT NULL AUTO_INCREMENT,
  `Type_Name` varchar(45) DEFAULT NULL,
  PRIMARY KEY (`Type_ID`)
) ENGINE=InnoDB AUTO_INCREMENT=5 DEFAULT CHARSET=latin1;
/*!40101 SET character_set_client = @saved_cs_client */;

--
-- Dumping data for table `Institution_Types`
--

LOCK TABLES `Institution_Types` WRITE;
/*!40000 ALTER TABLE `Institution_Types` DISABLE KEYS */;
INSERT INTO `Institution_Types` VALUES (1,'Church/Religious Organization'),(2,'School'),(3,'Financial Institution'),(4,'Community Organization');
/*!40000 ALTER TABLE `Institution_Types` ENABLE KEYS */;
UNLOCK TABLES;

--
-- Table structure for table `Institutions`
--

DROP TABLE IF EXISTS `Institutions`;
/*!40101 SET @saved_cs_client     = @@character_set_client */;
/*!40101 SET character_set_client = utf8 */;
CREATE TABLE `Institutions` (
  `Institution_ID` int(11) NOT NULL AUTO_INCREMENT,
  `Institution_Name` varchar(150) DEFAULT NULL,
  `Street_Num` int(11) DEFAULT NULL,
  `Street_Direction` varchar(45) DEFAULT NULL,
  `Street_Name` varchar(100) DEFAULT NULL,
  `Street_Type` varchar(45) DEFAULT NULL,
  `Block_Group` varchar(45) DEFAULT NULL,
  `Institution_Type` varchar(100) DEFAULT NULL,
  `Phone` varchar(45) DEFAULT NULL,
  `Contact_Person` int(11) DEFAULT NULL,
  `Date_Added` timestamp NULL DEFAULT CURRENT_TIMESTAMP,
  PRIMARY KEY (`Institution_ID`)
) ENGINE=InnoDB AUTO_INCREMENT=77 DEFAULT CHARSET=latin1;
/*!40101 SET character_set_client = @saved_cs_client */;

--
-- Dumping data for table `Institutions`
--

LOCK TABLES `Institutions` WRITE;
/*!40000 ALTER TABLE `Institutions` DISABLE KEYS */;
INSERT INTO `Institutions` VALUES (51,'St. Rita\'s Church',0,'N','','ST',NULL,'','555-555-5555',0,'2013-05-01 05:00:00'),(52,'SWOP',2609,'w','63rd ','street',NULL,'','773-471-82',0,'2013-04-07 05:00:00'),(53,'Al Salam Mosque',3247,'W','63rd','ST',NULL,'1','',0,'2013-06-02 05:00:00'),(54,'Fairfield Elementary',0,'','','',NULL,'','',0,'2013-02-01 06:00:00'),(55,'Rotary International',0,'N','water','ST',NULL,'','1234567800',0,'2013-01-20 06:00:00'),(56,'St. Mary Star of the Sea',5515,'','kenneth','',NULL,'1','312-777-55',0,'2013-03-14 05:00:00'),(58,'NHS-Chicago Lawn Gage Park',0,'','','',NULL,'','',37,'2013-07-02 19:29:11'),(59,'Greater Southwest Development Corp',2609,'','632rd','',NULL,'4','773-255-36',89,'2013-07-02 19:30:18'),(61,'Morrill Elemetary School',0,'','','',NULL,'','',0,'2013-07-02 19:30:47'),(62,'Morrill Elementary School',0,'','','',NULL,'','',0,'2013-07-02 19:30:54'),(63,'Ashburn Lutheran Church',0,'','','',NULL,'','',0,'2013-07-23 16:09:25'),(64,'',0,'','','',NULL,'','',0,'2013-07-25 17:58:12'),(65,'New Institution',0,'','','',NULL,'','',0,'2013-07-25 17:58:27'),(66,'St.Gall',5555,'n','talman','st',NULL,'','773-566-77',0,'2013-07-25 21:57:42'),(67,'St. Turibius',5516,'s','kildare','ave',NULL,'','773-555-66',0,'2013-07-25 22:01:43'),(68,'St. Turibius',5516,'s','kildare','ave',NULL,'','773-555-66',0,'2013-07-25 22:05:51'),(69,'It Gets Better Fdn',0,'','','',NULL,'','',0,'2013-07-26 18:15:31'),(70,'Kennedy Center Honors',0,'','','',NULL,'','',0,'2013-07-26 18:17:34'),(71,'Test, Test',0,'','','',NULL,'','',0,'2013-07-31 20:47:22'),(72,'',0,'','','',NULL,'','',0,'2013-08-01 17:15:55'),(73,'Test Linking Person',0,'','','',NULL,'4','',45,'2013-08-06 14:50:50'),(74,'Double Test',0,'','','',NULL,'2','',25,'2013-08-06 14:55:15'),(75,'Test Institution',0,'','','',NULL,'','',0,'2013-08-23 17:25:16'),(76,'Testing Blockgroups',2442,'W','63rd','St','170318350002013','','',0,'2013-09-30 20:17:18');
/*!40000 ALTER TABLE `Institutions` ENABLE KEYS */;
UNLOCK TABLES;

--
-- Table structure for table `Institutions_Participants`
--

DROP TABLE IF EXISTS `Institutions_Participants`;
/*!40101 SET @saved_cs_client     = @@character_set_client */;
/*!40101 SET character_set_client = utf8 */;
CREATE TABLE `Institutions_Participants` (
  `Institutions_Participants_ID` int(11) NOT NULL AUTO_INCREMENT,
  `Institution_ID` int(11) DEFAULT NULL,
  `Participant_ID` int(11) DEFAULT NULL,
  `Is_Primary` int(1) DEFAULT NULL,
  `Individual_Connection` varchar(50) DEFAULT NULL,
  `Connection_Reason` varchar(400) DEFAULT NULL,
  `Date_Logged` timestamp NULL DEFAULT CURRENT_TIMESTAMP,
  `Activity_Type` int(11) DEFAULT NULL,
  PRIMARY KEY (`Institutions_Participants_ID`),
  KEY `participant_at_int` (`Participant_ID`),
  KEY `institution_of_particip` (`Institution_ID`),
  CONSTRAINT `institution_of_particip` FOREIGN KEY (`Institution_ID`) REFERENCES `Institutions` (`Institution_ID`) ON UPDATE CASCADE,
  CONSTRAINT `participant_at_int` FOREIGN KEY (`Participant_ID`) REFERENCES `Participants` (`Participant_ID`) ON DELETE CASCADE ON UPDATE CASCADE
) ENGINE=InnoDB AUTO_INCREMENT=97 DEFAULT CHARSET=latin1;
/*!40101 SET character_set_client = @saved_cs_client */;

--
-- Dumping data for table `Institutions_Participants`
--

LOCK TABLES `Institutions_Participants` WRITE;
/*!40000 ALTER TABLE `Institutions_Participants` DISABLE KEYS */;
INSERT INTO `Institutions_Participants` VALUES (6,52,18,1,'','Jeff is a SWOP employee.','2013-06-06 05:00:00',6),(9,55,23,NULL,NULL,NULL,'2013-06-06 05:00:00',6),(12,53,26,0,'','','2013-06-06 05:00:00',6),(13,55,22,1,'','','2013-06-14 17:32:55',6),(14,56,24,1,'','','2013-06-14 17:35:17',6),(15,54,24,0,'','','2013-06-14 17:36:04',6),(16,54,21,0,'24','Alex\'s daughter attends Fairfield.','2013-06-24 18:12:54',6),(17,51,19,NULL,NULL,NULL,'2013-06-26 16:33:07',NULL),(18,53,30,1,'26','','2013-06-26 17:25:11',6),(19,56,30,0,'24','','2013-06-26 17:40:27',6),(20,55,19,NULL,NULL,NULL,'2013-06-26 17:56:21',NULL),(24,51,22,0,'19','','2013-06-27 15:34:05',6),(25,58,37,0,'','','2013-07-03 21:03:07',6),(26,58,34,0,NULL,NULL,'2013-07-03 22:11:07',NULL),(27,58,36,NULL,NULL,NULL,'2013-07-03 22:11:29',NULL),(28,58,36,NULL,NULL,NULL,'2013-07-03 22:11:46',NULL),(29,54,33,NULL,NULL,NULL,'2013-07-08 20:32:41',NULL),(31,54,20,0,'','','2013-07-09 16:29:30',6),(33,53,39,1,'26','something something something','2013-07-09 21:25:31',6),(38,62,45,1,NULL,NULL,'2013-07-15 20:19:50',NULL),(40,54,46,0,'33','','2013-07-17 21:06:35',6),(41,62,47,1,NULL,NULL,'2013-07-19 14:52:32',NULL),(42,58,20,0,'','','2013-07-19 15:28:13',6),(43,59,27,1,'','','2013-07-19 16:55:07',6),(44,51,18,NULL,NULL,NULL,'2013-07-19 20:16:05',NULL),(47,51,51,1,NULL,NULL,'2013-07-22 17:15:41',NULL),(51,56,54,1,NULL,NULL,'2013-07-22 18:48:42',NULL),(52,56,55,1,NULL,NULL,'2013-07-22 19:14:46',NULL),(55,63,56,1,NULL,NULL,'2013-07-23 16:10:06',NULL),(56,56,57,1,NULL,NULL,'2013-07-24 18:49:44',NULL),(57,59,57,0,'','','2013-07-24 19:02:31',6),(58,52,54,1,'25','','2013-07-25 21:43:49',6),(60,63,62,1,NULL,NULL,'2013-07-31 21:26:06',NULL),(61,56,63,1,NULL,NULL,'2013-07-31 21:27:32',NULL),(64,69,61,1,'25','Board member','2013-07-31 21:41:13',6),(68,63,67,1,NULL,NULL,'2013-08-02 16:06:40',NULL),(69,52,29,1,NULL,NULL,'2013-08-02 19:09:11',6),(70,66,68,1,NULL,NULL,'2013-08-02 19:20:19',6),(71,54,69,1,NULL,NULL,'2013-08-02 19:30:34',6),(72,56,70,1,NULL,NULL,'2013-08-02 20:08:56',NULL),(73,73,45,NULL,NULL,NULL,'2013-08-06 14:52:48',NULL),(74,74,25,NULL,NULL,NULL,'2013-08-06 14:55:15',NULL),(75,52,34,1,NULL,NULL,'2013-08-06 15:07:21',6),(76,62,71,1,NULL,NULL,'2013-08-06 15:10:43',6),(77,56,20,0,NULL,NULL,'2013-08-06 15:22:15',6),(78,61,20,0,NULL,NULL,'2013-08-06 15:26:05',6),(79,63,20,1,NULL,NULL,'2013-08-06 15:26:58',6),(80,68,72,1,NULL,NULL,'2013-08-08 14:15:38',6),(81,51,66,1,NULL,NULL,'2013-08-08 14:36:56',6),(82,63,73,1,NULL,NULL,'2013-08-09 16:43:21',6),(83,63,74,1,NULL,NULL,'2013-08-09 16:45:01',6),(84,56,75,1,NULL,NULL,'2013-08-09 19:15:39',NULL),(87,51,77,1,NULL,NULL,'2013-08-14 16:35:32',6),(88,54,79,1,NULL,NULL,'2013-08-14 16:58:12',6),(89,66,86,1,NULL,NULL,'2013-08-15 15:12:28',6),(90,74,87,1,NULL,NULL,'2013-08-15 15:16:09',6),(91,59,88,1,NULL,NULL,'2013-08-15 15:21:53',6),(93,51,57,1,'25','hyimmolol','2013-08-16 18:23:57',6),(94,59,89,1,NULL,NULL,'2013-08-16 18:27:28',6),(95,56,93,1,NULL,NULL,'2013-09-04 19:41:44',6),(96,56,96,1,NULL,NULL,'2013-09-06 19:56:38',6);
/*!40000 ALTER TABLE `Institutions_Participants` ENABLE KEYS */;
UNLOCK TABLES;

--
-- Table structure for table `Leadership_Development`
--

DROP TABLE IF EXISTS `Leadership_Development`;
/*!40101 SET @saved_cs_client     = @@character_set_client */;
/*!40101 SET character_set_client = utf8 */;
CREATE TABLE `Leadership_Development` (
  `Leadership_Development_ID` int(11) NOT NULL AUTO_INCREMENT,
  `Participant_ID` int(11) DEFAULT NULL,
  `Detail_ID` int(11) DEFAULT NULL,
  `Date` timestamp NULL DEFAULT CURRENT_TIMESTAMP,
  PRIMARY KEY (`Leadership_Development_ID`),
  KEY `participant_developing` (`Participant_ID`),
  KEY `detail_added` (`Detail_ID`),
  CONSTRAINT `detail_added` FOREIGN KEY (`Detail_ID`) REFERENCES `Leadership_Development_Details` (`Leadership_Development_Detail_ID`) ON DELETE CASCADE ON UPDATE CASCADE,
  CONSTRAINT `participant_developing` FOREIGN KEY (`Participant_ID`) REFERENCES `Participants` (`Participant_ID`) ON DELETE CASCADE ON UPDATE CASCADE
) ENGINE=InnoDB AUTO_INCREMENT=28 DEFAULT CHARSET=latin1;
/*!40101 SET character_set_client = @saved_cs_client */;

--
-- Dumping data for table `Leadership_Development`
--

LOCK TABLES `Leadership_Development` WRITE;
/*!40000 ALTER TABLE `Leadership_Development` DISABLE KEYS */;
INSERT INTO `Leadership_Development` VALUES (1,18,3,'2013-06-07 16:07:26'),(2,18,2,'2013-06-07 16:36:36'),(3,20,1,'2013-06-07 18:37:29'),(4,20,2,'2013-06-07 18:38:27'),(5,25,1,'2013-06-11 19:23:20'),(6,24,2,'2013-06-12 17:15:26'),(7,24,1,'2013-06-12 17:16:03'),(8,24,3,'2013-06-12 17:16:48'),(9,30,3,'2013-06-26 17:26:04'),(10,30,2,'2013-06-26 17:26:07'),(11,30,1,'2013-06-26 17:26:10'),(12,48,1,'2013-07-19 22:24:07'),(13,54,1,'2013-07-25 21:44:38'),(14,54,3,'2013-07-25 21:44:42'),(15,54,1,'2013-07-25 21:52:03'),(16,35,1,'2013-07-26 17:50:52'),(17,21,2,'2013-07-26 17:51:54'),(18,21,1,'2013-07-26 17:55:37'),(19,21,18,'2013-07-26 17:56:42'),(20,21,15,'2013-07-26 17:58:40'),(21,21,11,'2013-07-26 17:58:59'),(22,24,7,'2013-08-02 20:16:13'),(23,24,6,'2013-08-02 20:16:17'),(24,24,10,'2013-08-02 20:16:21'),(25,29,2,'2013-08-07 20:05:49'),(26,74,1,'2013-08-09 20:52:28'),(27,85,1,'2013-09-03 16:40:07');
/*!40000 ALTER TABLE `Leadership_Development` ENABLE KEYS */;
UNLOCK TABLES;

--
-- Table structure for table `Leadership_Development_Details`
--

DROP TABLE IF EXISTS `Leadership_Development_Details`;
/*!40101 SET @saved_cs_client     = @@character_set_client */;
/*!40101 SET character_set_client = utf8 */;
CREATE TABLE `Leadership_Development_Details` (
  `Leadership_Development_Detail_ID` int(11) NOT NULL AUTO_INCREMENT,
  `Leadership_Detail_Name` varchar(150) DEFAULT NULL,
  PRIMARY KEY (`Leadership_Development_Detail_ID`)
) ENGINE=InnoDB AUTO_INCREMENT=23 DEFAULT CHARSET=latin1;
/*!40101 SET character_set_client = @saved_cs_client */;

--
-- Dumping data for table `Leadership_Development_Details`
--

LOCK TABLES `Leadership_Development_Details` WRITE;
/*!40000 ALTER TABLE `Leadership_Development_Details` DISABLE KEYS */;
INSERT INTO `Leadership_Development_Details` VALUES (1,'Tertiary - regularly attends meeting or actions'),(2,'Tertiary - accepts small roles in meeting or actions'),(3,'Tertiary - goes where they are needed'),(4,'Secondary - has 2 or the 3 key qualities of a leader - Vision, Talent, or Network'),(5,'Secondary - has all qualities of tertiary leader'),(6,'Secondary - basic understanding of organizing'),(7,'Secondary - does 1-1\'s'),(8,'Secondary - plays greater role in SWOP'),(9,'Secondary - willing to pull someone to action'),(10,'Secondary - has frustration or anger about world as it is'),(11,'Secondary - starting analyzing and strategizing'),(12,'Secondary - thinking about personal and institutional self-interest'),(13,'Primary - has all 3 key qualities of a leader - vision, talent, network'),(14,'Primary - has all qualities of secondary and tertiary leader'),(15,'Primary - has power in institution and in community'),(16,'Primary - can communicate how and why we organize'),(17,'Primary - engages in leadership development'),(18,'Primary - can carry meeting or action'),(19,'Primary - can carry training component'),(20,'Primary - can analyze and strategize'),(21,'Primary - self-motivated'),(22,'Primary - understands personal and institutional self-interest');
/*!40000 ALTER TABLE `Leadership_Development_Details` ENABLE KEYS */;
UNLOCK TABLES;

--
-- Table structure for table `Leadership_Levels`
--

DROP TABLE IF EXISTS `Leadership_Levels`;
/*!40101 SET @saved_cs_client     = @@character_set_client */;
/*!40101 SET character_set_client = utf8 */;
CREATE TABLE `Leadership_Levels` (
  `Leader_Level_ID` int(11) NOT NULL AUTO_INCREMENT,
  `Leader_Level` varchar(45) DEFAULT NULL,
  PRIMARY KEY (`Leader_Level_ID`)
) ENGINE=InnoDB AUTO_INCREMENT=5 DEFAULT CHARSET=latin1;
/*!40101 SET character_set_client = @saved_cs_client */;

--
-- Dumping data for table `Leadership_Levels`
--

LOCK TABLES `Leadership_Levels` WRITE;
/*!40000 ALTER TABLE `Leadership_Levels` DISABLE KEYS */;
INSERT INTO `Leadership_Levels` VALUES (1,'Primary'),(2,'Secondary'),(3,'Tertiary'),(4,'Not in leadership development');
/*!40000 ALTER TABLE `Leadership_Levels` ENABLE KEYS */;
UNLOCK TABLES;

--
-- Table structure for table `Outcome_Locations`
--

DROP TABLE IF EXISTS `Outcome_Locations`;
/*!40101 SET @saved_cs_client     = @@character_set_client */;
/*!40101 SET character_set_client = utf8 */;
CREATE TABLE `Outcome_Locations` (
  `Outcome_Location_ID` int(11) NOT NULL AUTO_INCREMENT,
  `Outcome_Location_Name` varchar(100) DEFAULT NULL,
  PRIMARY KEY (`Outcome_Location_ID`)
) ENGINE=InnoDB AUTO_INCREMENT=5 DEFAULT CHARSET=latin1;
/*!40101 SET character_set_client = @saved_cs_client */;

--
-- Dumping data for table `Outcome_Locations`
--

LOCK TABLES `Outcome_Locations` WRITE;
/*!40000 ALTER TABLE `Outcome_Locations` DISABLE KEYS */;
INSERT INTO `Outcome_Locations` VALUES (1,'Inside TTM Area'),(2,'Outside TTM Area/In SWOP Community'),(3,'Outside SWOP Community'),(4,'N/A');
/*!40000 ALTER TABLE `Outcome_Locations` ENABLE KEYS */;
UNLOCK TABLES;

--
-- Table structure for table `Outcomes_for_Pool`
--

DROP TABLE IF EXISTS `Outcomes_for_Pool`;
/*!40101 SET @saved_cs_client     = @@character_set_client */;
/*!40101 SET character_set_client = utf8 */;
CREATE TABLE `Outcomes_for_Pool` (
  `Outcome_ID` int(11) NOT NULL AUTO_INCREMENT,
  `Outcome_Name` varchar(45) DEFAULT NULL,
  PRIMARY KEY (`Outcome_ID`)
) ENGINE=InnoDB AUTO_INCREMENT=6 DEFAULT CHARSET=latin1;
/*!40101 SET character_set_client = @saved_cs_client */;

--
-- Dumping data for table `Outcomes_for_Pool`
--

LOCK TABLES `Outcomes_for_Pool` WRITE;
/*!40000 ALTER TABLE `Outcomes_for_Pool` DISABLE KEYS */;
INSERT INTO `Outcomes_for_Pool` VALUES (1,'Purchase'),(2,'Loan modification'),(3,'Rent placement'),(4,'Purchase investment property'),(5,'Exit with no outcome');
/*!40000 ALTER TABLE `Outcomes_for_Pool` ENABLE KEYS */;
UNLOCK TABLES;

--
-- Table structure for table `Participants`
--

DROP TABLE IF EXISTS `Participants`;
/*!40101 SET @saved_cs_client     = @@character_set_client */;
/*!40101 SET character_set_client = utf8 */;
CREATE TABLE `Participants` (
  `Participant_ID` int(11) NOT NULL AUTO_INCREMENT,
  `Name_First` varchar(45) DEFAULT NULL,
  `Name_Middle` varchar(45) DEFAULT NULL,
  `Name_Last` varchar(45) DEFAULT NULL,
  `Address_Street_Num` int(11) DEFAULT NULL,
  `Address_Street_Direction` varchar(45) DEFAULT NULL,
  `Address_Street_Name` varchar(45) DEFAULT NULL,
  `Address_Street_Type` varchar(45) DEFAULT NULL,
  `Phone_Day` varchar(45) DEFAULT NULL,
  `Phone_Evening` varchar(45) DEFAULT NULL,
  `Education_Level` varchar(45) DEFAULT NULL,
  `Email` varchar(100) DEFAULT NULL,
  `Gender` varchar(45) DEFAULT NULL,
  `Date_of_Birth` date DEFAULT NULL,
  `Lang_Eng` int(1) DEFAULT NULL,
  `Lang_Span` int(1) DEFAULT NULL,
  `Lang_Other` int(1) DEFAULT NULL,
  `Ward` varchar(45) DEFAULT NULL,
  `Other_Lang_Specify` varchar(45) DEFAULT NULL,
  `Notes` varchar(15000) DEFAULT NULL,
  `Next_Notes` varchar(1000) DEFAULT NULL,
  `Primary_Organizer` int(11) DEFAULT NULL,
  `First_Interaction_Date` date DEFAULT NULL,
  `ITIN` int(11) DEFAULT NULL,
  `Date_Added` timestamp NULL DEFAULT CURRENT_TIMESTAMP,
  `Activity_Type` int(11) DEFAULT NULL,
  PRIMARY KEY (`Participant_ID`)
) ENGINE=InnoDB AUTO_INCREMENT=97 DEFAULT CHARSET=latin1;
/*!40101 SET character_set_client = @saved_cs_client */;

--
-- Dumping data for table `Participants`
--

LOCK TABLES `Participants` WRITE;
/*!40000 ALTER TABLE `Participants` DISABLE KEYS */;
INSERT INTO `Participants` VALUES (18,'Jeff',NULL,'Bartow',0,'','','','','',NULL,'','m','0000-00-00',1,0,0,'3','','',NULL,0,NULL,0,NULL,NULL),(19,'Francis',NULL,'Robert',959,'S','Halsted','','','',NULL,'','m','1993-05-26',NULL,NULL,NULL,NULL,NULL,NULL,NULL,NULL,NULL,NULL,NULL,NULL),(20,'Cecilia',NULL,'Non Pool',0,'','','','555-801-7543','555-801-4321',NULL,'c.n.p@chapinhall.org','f','2013-12-14',1,0,1,'20','French','Ah, whoops, this doesn\'t save automatically on blur, does it?',NULL,46,NULL,1,NULL,NULL),(21,'Alex',NULL,'Ander',0,'','','','999-888-7777','999-888-7777',NULL,'','','1990-10-17',1,0,1,'','','Save test notes.','test next step notes',18,NULL,0,NULL,NULL),(22,'Josef',NULL,'K',NULL,NULL,NULL,NULL,'654-321-0000','',NULL,'josef.k@genericorp.net','m','1978-05-28',0,0,0,'','','',NULL,0,NULL,NULL,NULL,NULL),(23,'Daisy',NULL,'Miller',NULL,NULL,NULL,NULL,'260-868-2352','',NULL,'marguerite.americaine@gmail.com','f','0000-00-00',1,0,0,'17',NULL,NULL,NULL,NULL,NULL,NULL,NULL,NULL),(24,'John',NULL,'Shade',NULL,NULL,NULL,NULL,'','',NULL,'','m','0000-00-00',0,0,0,'','','',NULL,0,NULL,0,NULL,NULL),(25,'Carolina',NULL,'Herrera',NULL,NULL,NULL,NULL,'773-202-LUNA','',NULL,'carolina@ch-llc.net','f','1978-03-03',0,0,1,NULL,NULL,NULL,NULL,NULL,NULL,NULL,NULL,NULL),(26,'Ted',NULL,'Sample',NULL,NULL,NULL,NULL,'','',NULL,'','m','0000-00-00',0,0,0,'',NULL,NULL,NULL,NULL,NULL,NULL,NULL,NULL),(27,'Jeff',NULL,'Gawel',NULL,NULL,NULL,NULL,'','',NULL,'','','0000-00-00',0,0,0,'','','',NULL,79,NULL,0,NULL,NULL),(28,'Agnes',NULL,'Hamm',NULL,NULL,NULL,NULL,'','773-702-8955',NULL,'agnes@yachtandco.com','f','0000-00-00',1,0,0,'','','',NULL,NULL,NULL,NULL,NULL,NULL),(29,'David',NULL,'McDowell',NULL,NULL,NULL,NULL,'773-471-8208','',NULL,'','m','0000-00-00',1,0,0,'','','will be doing outreach',NULL,0,NULL,0,NULL,NULL),(30,'Ruth Bader',NULL,'Ginsburg',NULL,NULL,NULL,NULL,'401-555-1234','',NULL,'rbg@scotus.gov','f','2013-07-01',1,1,0,'9','','',NULL,0,NULL,NULL,NULL,NULL),(31,'New',NULL,'Person!',NULL,NULL,NULL,NULL,'',NULL,NULL,'','','0000-00-00',NULL,NULL,NULL,NULL,NULL,NULL,NULL,NULL,NULL,NULL,NULL,NULL),(33,'Blank',NULL,'Blank',NULL,NULL,NULL,NULL,'','',NULL,'','','0000-00-00',0,0,0,'',NULL,NULL,NULL,NULL,NULL,NULL,NULL,NULL),(34,'David',NULL,'McDowell',NULL,NULL,NULL,NULL,'773-471-8208','999-999-9999',NULL,'david.organizing@sbcglobal.net','m','0000-00-00',NULL,NULL,NULL,NULL,NULL,NULL,NULL,NULL,NULL,NULL,NULL,NULL),(35,'Valentin',NULL,'Garcia',NULL,NULL,NULL,NULL,'773-349-6932','708-843-2739',NULL,'','m','0000-00-00',0,1,0,'',NULL,NULL,NULL,NULL,NULL,NULL,NULL,NULL),(36,'Mike ',NULL,'reardon',NULL,NULL,NULL,NULL,'',NULL,NULL,'','m','0000-00-00',NULL,NULL,NULL,NULL,NULL,NULL,NULL,NULL,NULL,NULL,NULL,NULL),(37,'Vedia',NULL,'Johnson',NULL,NULL,NULL,NULL,'773-459-7712','',NULL,'','f','0000-00-00',1,0,0,'',NULL,NULL,NULL,NULL,NULL,NULL,NULL,NULL),(38,'Leos',NULL,'Janacek',NULL,NULL,NULL,NULL,'',NULL,NULL,'','','0000-00-00',NULL,NULL,NULL,NULL,NULL,NULL,NULL,NULL,NULL,NULL,NULL,NULL),(39,'Gertrude',NULL,'Stein',NULL,NULL,NULL,NULL,'7732025267','',NULL,'','f','1978-08-08',0,0,0,'','','',NULL,NULL,NULL,NULL,NULL,NULL),(40,'Corretta',NULL,'Scott Key',NULL,NULL,NULL,NULL,'','',NULL,'','','0000-00-00',0,0,0,'','','',NULL,23,NULL,NULL,NULL,NULL),(42,'Jane',NULL,'Doe',NULL,NULL,NULL,NULL,'',NULL,NULL,'','','0000-00-00',NULL,NULL,NULL,NULL,NULL,NULL,NULL,NULL,NULL,NULL,NULL,NULL),(44,'Calia',NULL,'Swatch',NULL,NULL,NULL,NULL,'',NULL,NULL,'','f','0000-00-00',NULL,NULL,NULL,NULL,NULL,NULL,NULL,NULL,'2012-12-06',NULL,NULL,NULL),(45,'Finchel',NULL,'Twain',NULL,NULL,NULL,NULL,'',NULL,NULL,'','f','0000-00-00',NULL,NULL,NULL,NULL,NULL,NULL,NULL,35,'2011-04-19',NULL,NULL,NULL),(46,'Sophia',NULL,'Kinsella',NULL,NULL,NULL,NULL,'',NULL,NULL,'','f','1969-12-12',NULL,NULL,NULL,NULL,NULL,NULL,NULL,25,'0000-00-00',NULL,NULL,NULL),(47,'Tessa',NULL,'Newell',NULL,NULL,NULL,NULL,'(555) 312-4013',NULL,NULL,'tessa.newell@gmail.com','f','1995-01-01',NULL,NULL,NULL,NULL,NULL,NULL,NULL,44,'2012-11-30',NULL,NULL,NULL),(48,'Robin',NULL,'Thicke',NULL,NULL,NULL,NULL,'','',NULL,'','','1973-07-03',0,0,0,'','','',NULL,0,'0000-00-00',NULL,NULL,NULL),(50,'Jelani',NULL,'Cobb',NULL,NULL,NULL,NULL,'312-213-3122','312-132-2312',NULL,'cobb.j@home.net','','0000-00-00',0,0,0,'','','',NULL,0,NULL,NULL,NULL,NULL),(51,'Patricia',NULL,'Marquez',NULL,NULL,NULL,NULL,'','',NULL,'','','1973-08-01',0,0,0,'','','',NULL,0,NULL,0,NULL,NULL),(52,'Teresa',NULL,'Acevedo',NULL,NULL,NULL,NULL,'','',NULL,'','','0000-00-00',0,0,0,'','','test test',NULL,72,NULL,1,NULL,NULL),(53,'Nelly ',NULL,'Claudio',NULL,NULL,NULL,NULL,'','',NULL,'','f','0000-00-00',1,1,0,'','','',NULL,0,NULL,NULL,NULL,NULL),(54,'Maria Paula',NULL,'Claudio',NULL,NULL,NULL,NULL,'','',NULL,'','f','0000-00-00',0,1,0,'','','',NULL,0,NULL,NULL,NULL,NULL),(55,'Nelly',NULL,'Claudio',NULL,NULL,NULL,NULL,'','',NULL,'','f','0000-00-00',1,1,0,'','','',NULL,0,NULL,NULL,NULL,NULL),(56,'Harry ',NULL,'Meyer',NULL,NULL,NULL,NULL,'','',NULL,'','m','0000-00-00',0,0,0,'','','',NULL,0,'0000-00-00',NULL,NULL,NULL),(57,'Vicky',NULL,'Galvin',NULL,NULL,NULL,NULL,'312-213-3122','',NULL,'vgalvin.swop@hotmail.com','f','1973-03-09',1,1,0,'14','','why is it asking me for primary organizer again, when I added new participant this information was already filled in.',NULL,34,'0000-00-00',0,NULL,NULL),(58,'Tyler',NULL,'Smith',NULL,NULL,NULL,NULL,'',NULL,NULL,'','','0000-00-00',NULL,NULL,NULL,NULL,NULL,NULL,NULL,0,'0000-00-00',NULL,NULL,NULL),(59,'Tyler',NULL,'Smith',NULL,NULL,NULL,NULL,'',NULL,NULL,'','','0000-00-00',NULL,NULL,NULL,NULL,NULL,NULL,NULL,0,'0000-00-00',NULL,NULL,NULL),(60,'Tyler',NULL,'Smith',NULL,NULL,NULL,NULL,'',NULL,NULL,'','','0000-00-00',NULL,NULL,NULL,NULL,NULL,NULL,NULL,0,'0000-00-00',NULL,NULL,NULL),(61,'Emilia',NULL,'Vasquez',NULL,NULL,NULL,NULL,'','',NULL,'','','0000-00-00',1,1,0,'','','',NULL,0,NULL,0,NULL,NULL),(62,'Person',NULL,'With-Address',NULL,NULL,NULL,NULL,'',NULL,NULL,'','m','1993-07-01',NULL,NULL,NULL,NULL,NULL,NULL,NULL,56,'0000-00-00',NULL,NULL,NULL),(63,'Test',NULL,'New-Address',NULL,NULL,NULL,NULL,'',NULL,NULL,'','','0000-00-00',NULL,NULL,NULL,NULL,NULL,NULL,NULL,57,'0000-00-00',NULL,NULL,NULL),(66,'Carl',NULL,'Carpenter',NULL,NULL,NULL,NULL,'773-202-5555','',NULL,'',NULL,NULL,NULL,NULL,NULL,NULL,NULL,NULL,NULL,NULL,NULL,NULL,NULL,NULL),(67,'Anita',NULL,'Carpenter',NULL,NULL,NULL,NULL,'','773-565-9155',NULL,'anacarp@home.net',NULL,NULL,NULL,NULL,NULL,NULL,NULL,NULL,NULL,NULL,NULL,NULL,NULL,NULL),(68,'Angela',NULL,'Reed',NULL,NULL,NULL,NULL,'444-555-6666','999-888-7777',NULL,'tangela1@home.net',NULL,NULL,NULL,NULL,NULL,NULL,NULL,NULL,NULL,NULL,NULL,NULL,NULL,NULL),(69,'Tanya',NULL,'Lluviosa',NULL,NULL,NULL,NULL,'',NULL,NULL,'','f','2003-08-02',NULL,NULL,NULL,NULL,NULL,NULL,NULL,0,'0000-00-00',NULL,NULL,NULL),(70,'Ben',NULL,'Brayton',NULL,NULL,NULL,NULL,'401-555-1234','401-444-2345',NULL,'ben.brayton.1990@gmail.com',NULL,NULL,NULL,NULL,NULL,NULL,NULL,NULL,NULL,NULL,NULL,NULL,NULL,NULL),(71,'Contina',NULL,'Testerra',NULL,NULL,NULL,NULL,'',NULL,NULL,'','f','1993-08-04',NULL,NULL,NULL,NULL,NULL,NULL,NULL,47,'2013-04-03',NULL,NULL,NULL),(72,'Terrestria',NULL,'Constella',NULL,NULL,NULL,NULL,'999-888-4562','125-557-5564',NULL,'','','0000-00-00',NULL,NULL,NULL,NULL,NULL,NULL,NULL,0,'0000-00-00',NULL,NULL,NULL),(73,'Kate',NULL,'Middleton',NULL,NULL,NULL,NULL,'773-202-LUNA','',NULL,'katie@royalfamily.co.uk','f','1980-05-05',1,0,0,'','','',NULL,68,'2013-05-04',0,NULL,NULL),(74,'William',NULL,'Windsor',NULL,NULL,NULL,NULL,'',NULL,NULL,'will@royalfamily.co.uk','m','0000-00-00',NULL,NULL,NULL,NULL,NULL,NULL,NULL,0,'0000-00-00',NULL,NULL,NULL),(75,'Maggie',NULL,'Wilson',NULL,NULL,NULL,NULL,'','',NULL,'',NULL,NULL,NULL,NULL,NULL,NULL,NULL,NULL,NULL,NULL,NULL,NULL,NULL,NULL),(76,'Cecilia',NULL,'Donnelly',NULL,NULL,NULL,NULL,'',NULL,NULL,'','','0000-00-00',NULL,NULL,NULL,NULL,NULL,NULL,NULL,0,'0000-00-00',NULL,NULL,NULL),(77,'Leslie',NULL,'Miller',NULL,NULL,NULL,NULL,'',NULL,NULL,'','m','1983-09-09',NULL,NULL,NULL,NULL,NULL,NULL,NULL,0,'0000-00-00',NULL,NULL,NULL),(78,'Lola',NULL,'Gates',NULL,NULL,NULL,NULL,'',NULL,NULL,'','','0000-00-00',NULL,NULL,NULL,NULL,NULL,NULL,NULL,0,'0000-00-00',NULL,'2013-08-14 16:37:28',NULL),(79,'Carmine',NULL,'Stuckey',NULL,NULL,NULL,NULL,'',NULL,NULL,'','','0000-00-00',NULL,NULL,NULL,NULL,NULL,NULL,NULL,0,'0000-00-00',NULL,'2013-08-14 16:58:12',NULL),(80,'Seth',NULL,'M',NULL,NULL,NULL,NULL,'',NULL,NULL,'','','0000-00-00',NULL,NULL,NULL,NULL,NULL,NULL,NULL,0,'0000-00-00',NULL,'2013-08-14 21:22:54',7),(82,'Kylie',NULL,'M',NULL,NULL,NULL,NULL,'',NULL,NULL,'','','0000-00-00',NULL,NULL,NULL,NULL,NULL,NULL,NULL,0,'0000-00-00',NULL,'2013-08-14 21:36:16',7),(83,'Lila',NULL,'S',NULL,NULL,NULL,NULL,'',NULL,NULL,'','','0000-00-00',NULL,NULL,NULL,NULL,NULL,NULL,NULL,0,'0000-00-00',NULL,'2013-08-14 21:41:58',7),(84,'Harry',NULL,'Ford',NULL,NULL,NULL,NULL,'','',NULL,'','','0000-00-00',0,0,0,'','','test regular notes','test next notes',0,'0000-00-00',0,'2013-08-14 21:49:45',7),(85,'Emily',NULL,'Ford',NULL,NULL,NULL,NULL,'',NULL,NULL,'','f','0000-00-00',NULL,NULL,NULL,NULL,NULL,NULL,NULL,81,'0000-00-00',NULL,'2013-08-14 21:51:21',7),(86,'Patricia',NULL,'Marx',NULL,NULL,NULL,NULL,'773-777-3333',NULL,NULL,'patricia.marx@newyorker.com','f','1976-01-01',NULL,NULL,NULL,NULL,NULL,NULL,NULL,68,'2013-05-10',NULL,'2013-08-15 15:12:28',7),(87,'John',NULL,'McPhee',NULL,NULL,NULL,NULL,'',NULL,NULL,'','m','0000-00-00',NULL,NULL,NULL,NULL,NULL,NULL,NULL,0,'0000-00-00',NULL,'2013-08-15 15:16:09',7),(88,'Ariel',NULL,'Levy',NULL,NULL,NULL,NULL,'',NULL,NULL,'','f','1980-06-24',NULL,NULL,NULL,NULL,NULL,NULL,NULL,0,'0000-00-00',NULL,'2013-08-15 15:21:53',7),(89,'Ghian',NULL,'Foreman',NULL,NULL,NULL,NULL,'773-454-5656',NULL,NULL,'ghian.f@gsdc.org','m','1978-03-08',NULL,NULL,NULL,NULL,NULL,NULL,NULL,0,'2013-08-15',NULL,'2013-08-16 18:27:28',7),(90,'Not',NULL,'Working!',NULL,NULL,NULL,NULL,'',NULL,NULL,'','','0000-00-00',NULL,NULL,NULL,NULL,NULL,NULL,NULL,0,'0000-00-00',NULL,'2013-08-23 16:52:05',7),(91,'Test Address','tester','Save',NULL,NULL,NULL,NULL,'',NULL,NULL,'','','0000-00-00',NULL,NULL,NULL,NULL,NULL,NULL,NULL,0,'0000-00-00',NULL,'2013-09-03 15:41:01',7),(93,'Carl','testtt','Orff',NULL,NULL,NULL,NULL,'773-486-9343',NULL,NULL,'orff@home.net','m','1983-09-13',NULL,NULL,NULL,NULL,NULL,NULL,NULL,0,'0000-00-00',NULL,'2013-09-04 19:41:44',7),(95,'New-Address','te','Test-Directions',NULL,NULL,NULL,NULL,'',NULL,NULL,'','','0000-00-00',NULL,NULL,NULL,NULL,NULL,NULL,NULL,0,'0000-00-00',NULL,'2013-09-06 18:46:23',7),(96,'First-Interaction','test','Date-Check',NULL,NULL,NULL,NULL,'','',NULL,'','f','1935-09-01',0,0,0,'','','',NULL,0,'2009-09-30',0,'2013-09-06 19:56:38',7);
/*!40000 ALTER TABLE `Participants` ENABLE KEYS */;
UNLOCK TABLES;

--
-- Table structure for table `Participants_Events`
--

DROP TABLE IF EXISTS `Participants_Events`;
/*!40101 SET @saved_cs_client     = @@character_set_client */;
/*!40101 SET character_set_client = utf8 */;
CREATE TABLE `Participants_Events` (
  `Participants_Events_ID` int(11) NOT NULL AUTO_INCREMENT,
  `Event_ID` int(11) DEFAULT NULL,
  `Participant_ID` int(11) DEFAULT NULL,
  `Role_Type` int(11) DEFAULT NULL,
  `Exceptional` int(11) DEFAULT NULL,
  PRIMARY KEY (`Participants_Events_ID`),
  KEY `FK_Participants_Events__Participants__Participant_ID_idx` (`Participant_ID`)
) ENGINE=InnoDB AUTO_INCREMENT=97 DEFAULT CHARSET=latin1;
/*!40101 SET character_set_client = @saved_cs_client */;

--
-- Dumping data for table `Participants_Events`
--

LOCK TABLES `Participants_Events` WRITE;
/*!40000 ALTER TABLE `Participants_Events` DISABLE KEYS */;
INSERT INTO `Participants_Events` VALUES (1,1,20,2,1),(2,1,21,1,NULL),(3,1,25,NULL,NULL),(4,2,26,1,NULL),(6,2,19,NULL,NULL),(7,3,19,3,NULL),(9,1,18,1,NULL),(10,5,20,3,NULL),(11,6,0,0,NULL),(12,6,0,0,NULL),(13,5,21,1,NULL),(14,7,0,0,NULL),(15,5,18,2,NULL),(16,2,0,1,NULL),(17,2,21,4,NULL),(18,8,25,4,NULL),(19,8,24,0,NULL),(20,9,23,3,1),(21,8,23,3,NULL),(22,12,22,1,NULL),(23,8,21,0,NULL),(24,9,25,0,NULL),(25,9,20,0,NULL),(26,7,30,2,NULL),(27,1,30,1,NULL),(28,6,21,4,NULL),(29,13,33,4,NULL),(30,11,22,4,NULL),(31,15,29,5,NULL),(32,16,0,0,NULL),(33,3,29,2,NULL),(34,1,29,0,NULL),(35,2,18,1,NULL),(36,15,18,2,NULL),(37,17,20,2,NULL),(41,1,41,NULL,NULL),(42,12,21,0,NULL),(43,13,41,0,NULL),(44,21,46,5,NULL),(45,11,25,7,NULL),(46,1,27,0,NULL),(47,3,29,4,NULL),(48,7,29,0,NULL),(49,20,29,7,NULL),(50,3,49,NULL,NULL),(51,23,50,3,0),(52,23,51,6,NULL),(53,1,52,NULL,NULL),(54,0,29,0,NULL),(55,24,53,7,NULL),(56,24,54,NULL,NULL),(57,25,55,7,1),(58,0,29,3,NULL),(59,24,57,3,1),(60,23,57,7,NULL),(61,24,57,0,NULL),(62,25,57,0,NULL),(63,0,47,0,NULL),(64,0,61,NULL,NULL),(65,26,61,4,NULL),(66,0,22,0,NULL),(67,0,30,0,NULL),(68,0,41,0,NULL),(69,0,41,0,NULL),(70,0,41,0,NULL),(71,23,41,0,NULL),(72,23,39,0,NULL),(73,26,28,2,NULL),(74,26,66,NULL,NULL),(75,26,67,4,NULL),(76,27,29,3,NULL),(77,27,68,4,NULL),(78,13,70,6,NULL),(79,14,21,0,NULL),(80,28,34,3,NULL),(81,29,20,0,NULL),(82,29,35,10,NULL),(83,27,70,4,NULL),(84,27,72,7,NULL),(85,28,66,4,NULL),(86,22,73,0,0),(87,27,73,0,NULL),(88,27,74,5,NULL),(89,27,75,10,NULL),(90,24,64,2,1),(91,15,57,0,NULL),(92,29,85,0,NULL),(93,29,52,0,NULL),(94,23,93,0,NULL),(95,30,35,0,NULL),(96,31,20,1,NULL);
/*!40000 ALTER TABLE `Participants_Events` ENABLE KEYS */;
UNLOCK TABLES;

--
-- Table structure for table `Participants_Leaders`
--

DROP TABLE IF EXISTS `Participants_Leaders`;
/*!40101 SET @saved_cs_client     = @@character_set_client */;
/*!40101 SET character_set_client = utf8 */;
CREATE TABLE `Participants_Leaders` (
  `Participants_Leader_ID` int(11) NOT NULL AUTO_INCREMENT,
  `Participant_ID` int(11) DEFAULT NULL,
  `Leader_Type` int(11) DEFAULT NULL,
  `Date_Logged` timestamp NULL DEFAULT CURRENT_TIMESTAMP,
  `Activity_Type` int(11) DEFAULT NULL,
  PRIMARY KEY (`Participants_Leader_ID`)
) ENGINE=InnoDB AUTO_INCREMENT=55 DEFAULT CHARSET=latin1;
/*!40101 SET character_set_client = @saved_cs_client */;

--
-- Dumping data for table `Participants_Leaders`
--

LOCK TABLES `Participants_Leaders` WRITE;
/*!40000 ALTER TABLE `Participants_Leaders` DISABLE KEYS */;
INSERT INTO `Participants_Leaders` VALUES (1,18,1,'2013-05-10 14:07:33',2),(2,26,3,'2013-05-30 18:18:52',2),(6,20,3,'2013-06-07 18:38:59',2),(7,26,2,'2013-06-07 20:24:48',2),(8,25,4,'2013-06-12 14:32:38',2),(9,18,4,'2013-06-12 14:54:27',2),(10,18,2,'2013-06-12 15:31:45',2),(11,24,3,'2013-06-12 17:08:58',2),(12,23,3,'2013-06-14 14:55:42',2),(16,26,2,'2013-06-14 15:02:12',2),(17,30,3,'2013-06-26 17:26:41',2),(18,32,2,'2013-06-26 18:21:35',2),(19,36,1,'2013-07-02 19:20:52',2),(20,29,0,'2013-07-02 22:16:01',2),(23,37,4,'2013-07-03 21:03:29',2),(24,37,4,'2013-07-03 21:10:30',2),(25,29,1,'2013-07-03 22:13:33',2),(26,29,2,'2013-07-03 22:13:43',2),(27,29,0,'2013-07-03 22:13:50',2),(28,18,1,'2013-07-11 15:31:34',2),(29,18,4,'2013-07-12 15:43:35',2),(30,44,3,'2013-07-15 19:03:44',2),(31,46,4,'2013-07-17 21:07:10',2),(32,20,2,'2013-07-19 15:53:44',2),(33,27,3,'2013-07-19 16:52:44',2),(34,48,3,'2013-07-19 22:25:12',2),(35,35,3,'2013-07-22 16:51:10',2),(36,30,2,'2013-07-22 16:52:05',2),(37,29,1,'2013-07-22 18:35:34',2),(39,55,1,'2013-07-22 19:16:39',2),(40,37,3,'2013-07-23 16:00:58',2),(41,57,1,'2013-07-24 19:00:48',2),(43,54,1,'2013-07-25 21:47:18',2),(49,72,4,'2013-08-06 15:17:23',2),(50,74,2,'2013-08-09 16:47:44',2),(51,57,4,'2013-08-16 18:12:31',2),(52,85,1,'2013-09-03 16:40:33',2),(53,21,1,'2014-04-22 18:23:26',2),(54,21,1,'2014-04-22 18:23:28',2);
/*!40000 ALTER TABLE `Participants_Leaders` ENABLE KEYS */;
UNLOCK TABLES;

--
-- Table structure for table `Participants_Pool`
--

DROP TABLE IF EXISTS `Participants_Pool`;
/*!40101 SET @saved_cs_client     = @@character_set_client */;
/*!40101 SET character_set_client = utf8 */;
CREATE TABLE `Participants_Pool` (
  `Participant_Pool_ID` int(11) NOT NULL AUTO_INCREMENT,
  `Participant_ID` int(11) DEFAULT NULL,
  `Date_Joined` date DEFAULT NULL,
  `Date_Logged` timestamp NULL DEFAULT CURRENT_TIMESTAMP,
  `Type` int(11) DEFAULT NULL,
  PRIMARY KEY (`Participant_Pool_ID`),
  KEY `participant_in_pool` (`Participant_ID`),
  KEY `member_type` (`Type`),
  CONSTRAINT `member_type` FOREIGN KEY (`Type`) REFERENCES `Pool_Member_Types` (`Type_ID`) ON UPDATE CASCADE,
  CONSTRAINT `participant_in_pool` FOREIGN KEY (`Participant_ID`) REFERENCES `Participants` (`Participant_ID`) ON DELETE CASCADE ON UPDATE CASCADE
) ENGINE=InnoDB AUTO_INCREMENT=38 DEFAULT CHARSET=latin1;
/*!40101 SET character_set_client = @saved_cs_client */;

--
-- Dumping data for table `Participants_Pool`
--

LOCK TABLES `Participants_Pool` WRITE;
/*!40000 ALTER TABLE `Participants_Pool` DISABLE KEYS */;
INSERT INTO `Participants_Pool` VALUES (1,18,'2013-04-24','2013-04-24 19:57:14',5),(5,19,NULL,'2013-04-26 15:30:04',4),(8,21,NULL,'2013-05-22 18:51:01',5),(9,23,NULL,'2013-05-28 20:30:28',4),(10,25,NULL,'2013-05-30 16:19:19',3),(11,26,NULL,'2013-05-30 18:19:03',1),(12,27,NULL,'2013-05-30 20:02:14',4),(13,20,NULL,'2013-06-04 21:07:04',NULL),(14,24,NULL,'2013-06-14 17:05:36',NULL),(15,22,NULL,'2013-06-14 17:08:41',3),(16,28,NULL,'2013-06-21 14:33:35',NULL),(17,30,NULL,'2013-06-26 17:36:22',1),(19,35,NULL,'2013-07-03 20:44:31',NULL),(20,33,NULL,'2013-07-05 14:19:46',NULL),(22,46,NULL,'2013-07-17 21:06:59',NULL),(23,47,NULL,'2013-07-19 19:22:35',NULL),(24,48,NULL,'2013-07-19 22:17:06',NULL),(25,29,NULL,'2013-07-22 18:35:47',NULL),(26,55,NULL,'2013-07-22 19:16:57',NULL),(27,37,NULL,'2013-07-23 16:00:51',NULL),(28,56,NULL,'2013-07-23 16:10:19',NULL),(29,57,NULL,'2013-07-24 19:00:55',NULL),(30,68,NULL,'2013-08-02 19:29:15',NULL),(31,72,NULL,'2013-08-06 15:17:31',NULL),(32,52,NULL,'2013-08-06 16:15:01',NULL),(33,53,NULL,'2013-08-06 16:17:17',NULL),(34,74,NULL,'2013-08-09 16:45:19',NULL),(35,78,NULL,'2013-08-14 16:56:40',NULL),(36,85,NULL,'2013-09-03 16:49:24',NULL),(37,96,NULL,'2013-09-06 19:58:06',NULL);
/*!40000 ALTER TABLE `Participants_Pool` ENABLE KEYS */;
UNLOCK TABLES;

--
-- Table structure for table `Participants_Properties`
--

DROP TABLE IF EXISTS `Participants_Properties`;
/*!40101 SET @saved_cs_client     = @@character_set_client */;
/*!40101 SET character_set_client = utf8 */;
CREATE TABLE `Participants_Properties` (
  `Participant_Property_ID` int(11) NOT NULL AUTO_INCREMENT,
  `Participant_ID` int(11) DEFAULT NULL,
  `Property_ID` int(11) DEFAULT NULL,
  `Date_Linked` timestamp NULL DEFAULT CURRENT_TIMESTAMP,
  `Unit_Number` varchar(11) DEFAULT NULL,
  `Rent_Own` varchar(45) DEFAULT NULL,
  `Start_Date` datetime DEFAULT NULL,
  `End_Date` datetime DEFAULT NULL,
  `Primary_Residence` int(1) DEFAULT NULL,
  `Start_Primary` datetime DEFAULT NULL,
  `End_Primary` datetime DEFAULT NULL,
  `Reason_End` varchar(45) DEFAULT NULL,
  PRIMARY KEY (`Participant_Property_ID`)
) ENGINE=InnoDB AUTO_INCREMENT=57 DEFAULT CHARSET=latin1;
/*!40101 SET character_set_client = @saved_cs_client */;

--
-- Dumping data for table `Participants_Properties`
--

LOCK TABLES `Participants_Properties` WRITE;
/*!40000 ALTER TABLE `Participants_Properties` DISABLE KEYS */;
INSERT INTO `Participants_Properties` VALUES (1,20,1,'2013-05-20 18:13:11','3','own','2012-06-01 00:00:00','0000-00-00 00:00:00',1,'2012-06-16 00:00:00','0000-00-00 00:00:00',''),(2,19,1,'2013-05-20 18:37:41','5','','0000-00-00 00:00:00','0000-00-00 00:00:00',0,'0000-00-00 00:00:00','0000-00-00 00:00:00',''),(3,20,5,'2013-05-22 19:33:31','2E','rent','2010-06-15 00:00:00','2012-06-16 00:00:00',1,'2010-06-15 00:00:00','2012-06-16 00:00:00','moved'),(4,24,9,'2013-05-28 19:52:00','309','rent','2013-01-01 00:00:00','0000-00-00 00:00:00',1,'2013-01-01 00:00:00','2013-06-30 00:00:00','foreclosed'),(6,25,7,'2013-05-30 15:42:34','3','rent','2013-05-01 00:00:00','0000-00-00 00:00:00',1,'2013-06-01 00:00:00','0000-00-00 00:00:00','foreclosed'),(7,25,0,'2013-05-30 18:13:53',NULL,NULL,NULL,NULL,NULL,NULL,NULL,NULL),(8,26,7,'2013-05-30 18:17:37','','','0000-00-00 00:00:00','0000-00-00 00:00:00',1,'2012-01-01 00:00:00','2013-01-31 00:00:00',''),(9,27,5,'2013-05-30 20:00:42','2E','rent','2013-02-01 00:00:00','2014-02-01 00:00:00',1,'2013-03-01 00:00:00','2013-07-19 00:00:00',''),(10,21,9,'2013-06-07 13:46:22','','','2013-07-29 00:00:00','2013-07-30 00:00:00',0,'0000-00-00 00:00:00','0000-00-00 00:00:00',''),(12,28,16,'2013-06-21 17:40:11','','rent','2013-01-01 00:00:00','0000-00-00 00:00:00',1,'2013-06-01 00:00:00','0000-00-00 00:00:00',''),(13,30,12,'2013-06-26 17:27:15','3','rent','2013-01-01 00:00:00','2013-12-31 00:00:00',1,'2013-01-01 00:00:00','2013-12-31 00:00:00','moved'),(14,30,16,'2013-06-26 17:55:04',NULL,NULL,NULL,NULL,NULL,NULL,NULL,NULL),(15,32,16,'2013-06-26 18:22:20','5','','0000-00-00 00:00:00','0000-00-00 00:00:00',0,'0000-00-00 00:00:00','0000-00-00 00:00:00',''),(16,32,14,'2013-06-26 18:22:30','','own','0000-00-00 00:00:00','0000-00-00 00:00:00',1,'0000-00-00 00:00:00','0000-00-00 00:00:00',''),(17,26,10,'2013-06-27 19:56:58',NULL,NULL,NULL,NULL,NULL,NULL,NULL,NULL),(18,39,13,'2013-07-10 18:39:27','','own','2013-07-01 00:00:00','0000-00-00 00:00:00',0,'0000-00-00 00:00:00','0000-00-00 00:00:00',''),(19,38,13,'2013-07-10 18:44:42','','rent','2013-08-01 00:00:00','0000-00-00 00:00:00',1,'2013-08-01 00:00:00','0000-00-00 00:00:00',''),(20,18,16,'2013-07-10 21:15:54',NULL,NULL,NULL,NULL,NULL,NULL,NULL,NULL),(21,18,16,'2013-07-10 21:15:55',NULL,NULL,NULL,NULL,NULL,NULL,NULL,NULL),(22,46,21,'2013-07-17 21:06:52',NULL,NULL,NULL,NULL,NULL,NULL,NULL,NULL),(23,22,23,'2013-07-17 21:16:37','3','rent','2010-07-01 00:00:00','2013-07-01 00:00:00',1,'2010-07-01 00:00:00','2013-07-01 00:00:00','moved'),(24,27,7,'2013-07-19 16:35:54','','own','0000-00-00 00:00:00','0000-00-00 00:00:00',0,'0000-00-00 00:00:00','0000-00-00 00:00:00',''),(26,24,25,'2013-07-19 19:48:20','4','rent','2013-08-01 00:00:00','0000-00-00 00:00:00',1,'2013-08-01 00:00:00','0000-00-00 00:00:00',''),(27,20,30,'2013-07-22 14:46:30',NULL,NULL,NULL,NULL,NULL,NULL,NULL,NULL),(28,62,32,'2013-07-31 21:26:18',NULL,NULL,NULL,NULL,NULL,NULL,NULL,NULL),(29,65,37,'2013-07-31 21:33:22',NULL,NULL,NULL,NULL,NULL,NULL,NULL,NULL),(30,53,32,'2013-08-02 15:36:46',NULL,NULL,NULL,NULL,NULL,NULL,NULL,NULL),(31,69,25,'2013-08-02 19:30:50',NULL,NULL,NULL,NULL,NULL,NULL,NULL,NULL),(32,71,38,'2013-08-06 15:11:19','2','rent','2012-10-01 00:00:00','0000-00-00 00:00:00',1,'2012-10-01 00:00:00','0000-00-00 00:00:00',''),(33,72,5,'2013-08-06 15:17:03','','','2013-08-01 00:00:00','2014-07-31 00:00:00',0,'0000-00-00 00:00:00','0000-00-00 00:00:00',''),(34,0,1,'2013-08-06 15:53:15',NULL,NULL,NULL,NULL,NULL,NULL,NULL,NULL),(35,0,1,'2013-08-06 15:53:49',NULL,NULL,NULL,NULL,NULL,NULL,NULL,NULL),(36,52,24,'2013-08-06 16:06:36',NULL,NULL,NULL,NULL,NULL,NULL,NULL,NULL),(37,35,36,'2013-08-06 16:49:19','','rent','2013-08-01 00:00:00','0000-00-00 00:00:00',0,'0000-00-00 00:00:00','0000-00-00 00:00:00',''),(38,34,23,'2013-08-07 14:07:17',NULL,NULL,NULL,NULL,NULL,NULL,NULL,NULL),(39,68,5,'2013-08-07 14:21:01','2','rent','2013-08-01 00:00:00','0000-00-00 00:00:00',1,'2013-08-01 00:00:00','0000-00-00 00:00:00',''),(40,29,9,'2013-08-07 15:02:09','','rent','0000-00-00 00:00:00','0000-00-00 00:00:00',1,'2013-08-01 00:00:00','0000-00-00 00:00:00',''),(41,70,14,'2013-08-07 15:48:10',NULL,NULL,NULL,NULL,1,NULL,NULL,NULL),(42,72,28,'2013-08-08 14:15:52','','','0000-00-00 00:00:00','0000-00-00 00:00:00',1,'2013-01-01 00:00:00','0000-00-00 00:00:00',''),(43,74,23,'2013-08-09 16:46:28','','own','2005-08-01 00:00:00','0000-00-00 00:00:00',1,'2005-08-01 00:00:00','0000-00-00 00:00:00',''),(44,76,32,'2013-08-09 19:42:31',NULL,NULL,NULL,NULL,NULL,NULL,NULL,NULL),(45,73,41,'2013-08-13 19:03:46',NULL,NULL,NULL,NULL,1,NULL,NULL,NULL),(46,50,42,'2013-08-13 20:37:52',NULL,NULL,NULL,NULL,1,NULL,NULL,NULL),(47,79,38,'2013-08-14 18:28:41',NULL,NULL,NULL,NULL,NULL,NULL,NULL,NULL),(48,88,43,'2013-08-15 15:22:36',NULL,NULL,NULL,NULL,NULL,NULL,NULL,NULL),(49,89,44,'2013-08-16 18:28:57',NULL,NULL,NULL,NULL,NULL,NULL,NULL,NULL),(50,91,45,'2013-09-03 15:41:30',NULL,NULL,NULL,NULL,NULL,NULL,NULL,NULL),(51,92,46,'2013-09-03 16:20:15',NULL,NULL,NULL,NULL,NULL,NULL,NULL,NULL),(52,92,47,'2013-09-03 16:20:17',NULL,NULL,NULL,NULL,NULL,NULL,NULL,NULL),(53,66,19,'2013-09-04 15:13:28',NULL,NULL,NULL,NULL,NULL,NULL,NULL,NULL),(54,94,48,'2013-09-06 18:42:22',NULL,NULL,NULL,NULL,NULL,NULL,NULL,NULL),(55,95,49,'2013-09-06 18:46:34',NULL,NULL,NULL,NULL,NULL,NULL,NULL,NULL),(56,35,52,'2013-10-09 16:52:12',NULL,NULL,NULL,NULL,1,NULL,NULL,NULL);
/*!40000 ALTER TABLE `Participants_Properties` ENABLE KEYS */;
UNLOCK TABLES;

--
-- Table structure for table `Participants_Roles`
--

DROP TABLE IF EXISTS `Participants_Roles`;
/*!40101 SET @saved_cs_client     = @@character_set_client */;
/*!40101 SET character_set_client = utf8 */;
CREATE TABLE `Participants_Roles` (
  `Role_ID` int(11) NOT NULL AUTO_INCREMENT,
  `Role_Name` varchar(45) DEFAULT NULL,
  PRIMARY KEY (`Role_ID`)
) ENGINE=InnoDB AUTO_INCREMENT=8 DEFAULT CHARSET=latin1;
/*!40101 SET character_set_client = @saved_cs_client */;

--
-- Dumping data for table `Participants_Roles`
--

LOCK TABLES `Participants_Roles` WRITE;
/*!40000 ALTER TABLE `Participants_Roles` DISABLE KEYS */;
INSERT INTO `Participants_Roles` VALUES (1,'Speaker'),(2,'Chairperson'),(3,'Floor Team'),(4,'Media Contact'),(5,'Testimony'),(7,'Turnout');
/*!40000 ALTER TABLE `Participants_Roles` ENABLE KEYS */;
UNLOCK TABLES;

--
-- Table structure for table `Pool_Benchmarks`
--

DROP TABLE IF EXISTS `Pool_Benchmarks`;
/*!40101 SET @saved_cs_client     = @@character_set_client */;
/*!40101 SET character_set_client = utf8 */;
CREATE TABLE `Pool_Benchmarks` (
  `Pool_Benchmark_ID` int(11) NOT NULL AUTO_INCREMENT,
  `Benchmark_Name` varchar(100) DEFAULT NULL,
  `Pipeline_Type` int(11) DEFAULT NULL,
  `Benchmark_Info` varchar(45) DEFAULT NULL,
  `Step_Number` int(11) DEFAULT NULL,
  `Benchmark_Type` varchar(45) DEFAULT 'Benchmark',
  PRIMARY KEY (`Pool_Benchmark_ID`)
) ENGINE=InnoDB AUTO_INCREMENT=34 DEFAULT CHARSET=latin1;
/*!40101 SET character_set_client = @saved_cs_client */;

--
-- Dumping data for table `Pool_Benchmarks`
--

LOCK TABLES `Pool_Benchmarks` WRITE;
/*!40000 ALTER TABLE `Pool_Benchmarks` DISABLE KEYS */;
INSERT INTO `Pool_Benchmarks` VALUES (1,'Reclaiming SW Orientation',1,NULL,1,'Benchmark'),(2,'One on One',1,'Leader name',2,'Activity'),(3,'Individual homeownership plans developed',1,NULL,3,'Benchmark'),(4,'Homebuyer class',1,'Class Provider',4,'Benchmark'),(5,'Barriers identified - Individual',1,'Barriers',5,'Benchmark'),(6,'Preapproval for financing',1,NULL,8,'Benchmark'),(7,'Home buying process',1,'Price',9,'Benchmark'),(8,'Home purchased',1,'Price',10,'Benchmark'),(9,'30-60 days late',2,NULL,2,'Benchmark'),(10,'Summons',2,NULL,3,'Benchmark'),(11,'In counseling',2,'Counseling Provider',4,'Benchmark'),(12,'Court Date',2,NULL,6,'Benchmark'),(13,'Mediation process',2,NULL,7,'Benchmark'),(14,'Resolution',2,'Resolution',8,'Benchmark'),(15,'Barriers identified - Structural',1,'Barriers',6,'Benchmark'),(16,'Referred to CWF',1,NULL,7,'Benchmark'),(17,'Referred to CWF',2,NULL,5,'Benchmark'),(18,'Referred to CWF',3,NULL,2,'Benchmark'),(19,'Referred to landlord',3,'TTM or non-TTM; direct or indirect connection',3,'Benchmark'),(20,'Placed in rental housing',3,NULL,4,'Benchmark'),(21,'Reclaiming SW Orientation',2,NULL,1,'Benchmark'),(22,'Reclaiming SW Orientation',3,NULL,1,'Benchmark'),(23,'Follow up call',1,NULL,NULL,'Activity');
/*!40000 ALTER TABLE `Pool_Benchmarks` ENABLE KEYS */;
UNLOCK TABLES;

--
-- Table structure for table `Pool_Employers`
--

DROP TABLE IF EXISTS `Pool_Employers`;
/*!40101 SET @saved_cs_client     = @@character_set_client */;
/*!40101 SET character_set_client = utf8 */;
CREATE TABLE `Pool_Employers` (
  `Pool_Employer_ID` int(11) NOT NULL AUTO_INCREMENT,
  `Participant_ID` int(11) DEFAULT NULL,
  `Employer_Name` varchar(150) DEFAULT NULL,
  `Work_Time` varchar(4) DEFAULT NULL,
  `Date_Logged` timestamp NULL DEFAULT CURRENT_TIMESTAMP,
  PRIMARY KEY (`Pool_Employer_ID`)
) ENGINE=InnoDB AUTO_INCREMENT=22 DEFAULT CHARSET=latin1;
/*!40101 SET character_set_client = @saved_cs_client */;

--
-- Dumping data for table `Pool_Employers`
--

LOCK TABLES `Pool_Employers` WRITE;
/*!40000 ALTER TABLE `Pool_Employers` DISABLE KEYS */;
INSERT INTO `Pool_Employers` VALUES (1,18,'SWOP','full','2013-06-07 19:29:05'),(2,18,'LISC','part','2013-06-07 19:35:54'),(4,25,'self employed','full','2013-06-12 16:49:01'),(5,28,'self-employed','full','2013-06-21 14:35:28'),(6,30,'United States Government','full','2013-06-26 17:39:50'),(7,32,'Employer','','2013-06-26 18:29:13'),(8,32,'Employer','','2013-06-26 18:29:31'),(9,32,'Employer','','2013-06-26 18:31:57'),(10,32,'Employer','','2013-06-26 18:32:56'),(11,32,'Employer','','2013-06-26 18:33:07'),(12,20,'Chapin Hall','full','2013-06-27 18:40:06'),(13,46,'Employer','','2013-07-17 21:09:03'),(14,27,'Chapin Hall','full','2013-07-19 16:22:09'),(15,55,'Employer','full','2013-07-22 19:18:53'),(16,35,'CTA','full','2013-08-06 16:19:26'),(17,74,'Self employed','full','2013-08-09 16:46:15'),(18,52,'Chapin','full','2013-09-10 20:57:05'),(19,52,'Employer','','2013-09-10 21:12:02'),(20,52,'Employer','','2013-09-10 21:21:34'),(21,18,'test','full','2013-09-11 14:48:43');
/*!40000 ALTER TABLE `Pool_Employers` ENABLE KEYS */;
UNLOCK TABLES;

--
-- Table structure for table `Pool_Finances`
--

DROP TABLE IF EXISTS `Pool_Finances`;
/*!40101 SET @saved_cs_client     = @@character_set_client */;
/*!40101 SET character_set_client = utf8 */;
CREATE TABLE `Pool_Finances` (
  `Pool_Finance_ID` int(11) NOT NULL AUTO_INCREMENT,
  `Participant_ID` int(11) DEFAULT NULL,
  `Credit_Score` int(11) DEFAULT NULL,
  `Income` varchar(45) DEFAULT NULL,
  `Current_Housing` int(11) DEFAULT NULL,
  `Household_Location` int(11) DEFAULT NULL,
  `Housing_Cost` varchar(45) DEFAULT NULL,
  `Employment` varchar(100) DEFAULT NULL,
  `Assets` varchar(100) DEFAULT NULL,
  `Date_Logged` timestamp NULL DEFAULT CURRENT_TIMESTAMP,
  PRIMARY KEY (`Pool_Finance_ID`),
  KEY `pool_person` (`Participant_ID`),
  KEY `housing_situation` (`Current_Housing`),
  CONSTRAINT `housing_situation` FOREIGN KEY (`Current_Housing`) REFERENCES `Current_Housing` (`Current_Housing_ID`) ON UPDATE CASCADE,
  CONSTRAINT `pool_person` FOREIGN KEY (`Participant_ID`) REFERENCES `Participants` (`Participant_ID`) ON DELETE CASCADE ON UPDATE CASCADE
) ENGINE=InnoDB AUTO_INCREMENT=29 DEFAULT CHARSET=latin1;
/*!40101 SET character_set_client = @saved_cs_client */;

--
-- Dumping data for table `Pool_Finances`
--

LOCK TABLES `Pool_Finances` WRITE;
/*!40000 ALTER TABLE `Pool_Finances` DISABLE KEYS */;
INSERT INTO `Pool_Finances` VALUES (1,18,600,'80000',1,0,'2000','SWOP','500','2013-04-24 19:58:43'),(2,18,650,'70000',1,2,'0','','5000','2013-04-25 15:45:34'),(3,19,650,'34000',4,1,'','','','2013-05-06 18:18:44'),(5,26,0,'',2,0,'','','','2013-05-30 18:22:06'),(6,21,0,'13000',4,0,'','','','2013-06-06 19:53:19'),(7,21,0,'15000',4,0,'','','','2013-06-06 20:05:03'),(10,25,685,'35000',3,1,'900/month',NULL,'','2013-06-12 16:49:01'),(11,28,685,'35000',3,1,'900/month',NULL,'n/a','2013-06-21 14:35:28'),(12,30,760,'80000',1,2,'',NULL,'','2013-06-26 17:39:50'),(18,22,700,'27500',1,1,NULL,NULL,NULL,'2013-06-27 16:10:17'),(19,20,700,'70000',3,2,'1200',NULL,'','2013-06-27 18:40:06'),(20,46,0,'',1,1,'',NULL,'','2013-07-17 21:09:03'),(21,27,720,'800000',1,2,'2000',NULL,'100000','2013-07-19 16:22:09'),(22,55,720,'2200',1,1,'1200',NULL,'15000','2013-07-22 19:18:53'),(23,35,670,'35000',3,1,'765',NULL,'','2013-08-06 16:19:26'),(24,74,790,'75000',1,2,'2000',NULL,'50000','2013-08-09 16:46:15'),(25,52,0,'20000',2,0,'',NULL,'','2013-09-10 20:57:04'),(26,52,0,'20000',2,0,'',NULL,'','2013-09-10 21:12:02'),(27,52,0,'34',5,0,'',NULL,'','2013-09-10 21:21:34'),(28,18,2,'',5,0,'',NULL,'','2013-09-11 14:48:43');
/*!40000 ALTER TABLE `Pool_Finances` ENABLE KEYS */;
UNLOCK TABLES;

--
-- Table structure for table `Pool_Member_Types`
--

DROP TABLE IF EXISTS `Pool_Member_Types`;
/*!40101 SET @saved_cs_client     = @@character_set_client */;
/*!40101 SET character_set_client = utf8 */;
CREATE TABLE `Pool_Member_Types` (
  `Type_ID` int(11) NOT NULL AUTO_INCREMENT,
  `Type_Name` varchar(100) DEFAULT NULL,
  `Pipeline` varchar(45) DEFAULT NULL,
  PRIMARY KEY (`Type_ID`)
) ENGINE=InnoDB AUTO_INCREMENT=7 DEFAULT CHARSET=latin1;
/*!40101 SET character_set_client = @saved_cs_client */;

--
-- Dumping data for table `Pool_Member_Types`
--

LOCK TABLES `Pool_Member_Types` WRITE;
/*!40000 ALTER TABLE `Pool_Member_Types` DISABLE KEYS */;
INSERT INTO `Pool_Member_Types` VALUES (0,'',''),(1,'Owner looking for loan modification','2'),(2,'Person looking to own','1'),(3,'Renter looking to improve/change rental situation','3'),(4,'New renter','3'),(5,'Established owner looking to purchase investment property','1');
/*!40000 ALTER TABLE `Pool_Member_Types` ENABLE KEYS */;
UNLOCK TABLES;

--
-- Table structure for table `Pool_Outcomes`
--

DROP TABLE IF EXISTS `Pool_Outcomes`;
/*!40101 SET @saved_cs_client     = @@character_set_client */;
/*!40101 SET character_set_client = utf8 */;
CREATE TABLE `Pool_Outcomes` (
  `Pool_Outcome_ID` int(11) NOT NULL AUTO_INCREMENT,
  `Participant_ID` int(11) DEFAULT NULL,
  `Outcome_ID` int(11) DEFAULT NULL,
  `Outcome_Location` int(11) DEFAULT NULL,
  `Date_Exited` timestamp NULL DEFAULT CURRENT_TIMESTAMP,
  `Activity_Type` int(11) DEFAULT NULL,
  PRIMARY KEY (`Pool_Outcome_ID`),
  KEY `outcome_names` (`Outcome_ID`),
  KEY `participants_with_outcomes` (`Participant_ID`),
  KEY `location_name` (`Outcome_Location`),
  CONSTRAINT `location_name` FOREIGN KEY (`Outcome_Location`) REFERENCES `Outcome_Locations` (`Outcome_Location_ID`) ON UPDATE CASCADE,
  CONSTRAINT `outcome_names` FOREIGN KEY (`Outcome_ID`) REFERENCES `Outcomes_for_Pool` (`Outcome_ID`) ON UPDATE CASCADE,
  CONSTRAINT `participants_with_outcomes` FOREIGN KEY (`Participant_ID`) REFERENCES `Participants` (`Participant_ID`) ON DELETE CASCADE ON UPDATE CASCADE
) ENGINE=InnoDB AUTO_INCREMENT=20 DEFAULT CHARSET=latin1;
/*!40101 SET character_set_client = @saved_cs_client */;

--
-- Dumping data for table `Pool_Outcomes`
--

LOCK TABLES `Pool_Outcomes` WRITE;
/*!40000 ALTER TABLE `Pool_Outcomes` DISABLE KEYS */;
INSERT INTO `Pool_Outcomes` VALUES (4,26,2,2,'2013-06-14 14:57:53',3),(8,22,1,1,'2013-07-15 18:24:52',3),(9,35,3,1,'2013-07-15 18:25:41',3),(11,46,2,1,'2013-07-17 21:07:28',3),(12,29,4,1,'2013-07-22 18:36:50',3),(18,24,1,2,'2013-08-02 20:18:56',3),(19,72,2,1,'2013-08-06 15:18:55',3);
/*!40000 ALTER TABLE `Pool_Outcomes` ENABLE KEYS */;
UNLOCK TABLES;

--
-- Table structure for table `Pool_Progress`
--

DROP TABLE IF EXISTS `Pool_Progress`;
/*!40101 SET @saved_cs_client     = @@character_set_client */;
/*!40101 SET character_set_client = utf8 */;
CREATE TABLE `Pool_Progress` (
  `Pool_Progress_ID` int(11) NOT NULL AUTO_INCREMENT,
  `Participant_ID` int(11) DEFAULT NULL,
  `Benchmark_Completed` int(11) DEFAULT NULL,
  `Date_Completed` timestamp NULL DEFAULT CURRENT_TIMESTAMP,
  `Activity_Type` int(11) DEFAULT NULL,
  `Expected_Date` date DEFAULT NULL,
  `More_Info` int(11) DEFAULT NULL,
  `Barrier_Notes` varchar(100) DEFAULT NULL,
  PRIMARY KEY (`Pool_Progress_ID`),
  KEY `benchmark_passed` (`Benchmark_Completed`),
  KEY `participant_progressing` (`Participant_ID`),
  KEY `test_idx` (`More_Info`),
  CONSTRAINT `benchmark_passed` FOREIGN KEY (`Benchmark_Completed`) REFERENCES `Pool_Benchmarks` (`Pool_Benchmark_ID`) ON UPDATE CASCADE,
  CONSTRAINT `participant_progressing` FOREIGN KEY (`Participant_ID`) REFERENCES `Participants` (`Participant_ID`) ON DELETE CASCADE ON UPDATE CASCADE
) ENGINE=InnoDB AUTO_INCREMENT=110 DEFAULT CHARSET=latin1;
/*!40101 SET character_set_client = @saved_cs_client */;

--
-- Dumping data for table `Pool_Progress`
--

LOCK TABLES `Pool_Progress` WRITE;
/*!40000 ALTER TABLE `Pool_Progress` DISABLE KEYS */;
INSERT INTO `Pool_Progress` VALUES (1,18,1,'2013-05-06 05:00:00',1,NULL,NULL,NULL),(2,21,4,'2013-06-07 14:25:58',1,NULL,NULL,NULL),(3,26,12,'2013-06-14 14:57:04',1,NULL,NULL,NULL),(4,21,5,'2013-06-18 21:03:42',1,NULL,NULL,NULL),(5,18,2,'2013-07-12 15:43:17',1,NULL,NULL,NULL),(6,30,17,'2013-07-17 16:50:44',1,NULL,NULL,NULL),(30,27,9,'2013-07-19 16:38:03',1,NULL,NULL,NULL),(31,27,10,'2013-08-02 05:00:00',1,'2013-08-18',NULL,NULL),(33,27,17,'2013-08-16 05:00:00',1,NULL,NULL,NULL),(35,27,12,'0000-00-00 00:00:00',1,'2013-09-15',NULL,NULL),(36,47,18,'2013-07-19 19:29:40',1,NULL,NULL,NULL),(37,47,19,'2013-07-29 05:00:00',1,'2013-08-18',NULL,NULL),(38,47,20,'2013-07-31 05:00:00',1,'2013-08-28',NULL,NULL),(39,48,1,'2013-07-25 05:00:00',1,NULL,NULL,NULL),(41,48,2,'2013-08-14 05:00:00',1,'2013-08-24',45,NULL),(42,48,3,'0000-00-00 00:00:00',1,'2013-09-13',NULL,NULL),(44,18,14,'2013-07-26 05:00:00',1,'2013-08-21',NULL,NULL),(48,57,2,'2013-07-24 19:06:18',1,NULL,NULL,NULL),(50,35,1,'2013-07-26 16:43:21',1,NULL,NULL,NULL),(51,21,1,'2013-08-08 05:00:00',1,'2013-08-25',NULL,NULL),(52,21,2,'2013-09-04 05:00:00',1,'2013-09-07',NULL,NULL),(53,57,1,'2013-07-31 05:00:00',1,'2013-08-25',NULL,NULL),(55,57,3,'2013-07-26 19:13:11',1,NULL,NULL,NULL),(56,57,4,'2013-07-31 05:00:00',1,'2013-08-25',NULL,NULL),(57,57,5,'2013-07-31 05:00:00',1,'2013-08-30',NULL,NULL),(61,57,15,'0000-00-00 00:00:00',1,'2006-12-30',NULL,NULL),(66,56,3,'2013-08-23 05:00:00',1,'2013-09-15',NULL,NULL),(67,56,1,'2013-08-16 05:00:00',1,'2013-09-01',NULL,NULL),(68,56,2,'2013-08-09 05:00:00',1,'2013-09-15',NULL,NULL),(70,56,4,'2013-08-30 05:00:00',1,'2013-09-22',NULL,NULL),(71,56,5,'2013-09-06 05:00:00',1,'2013-09-29',NULL,NULL),(72,56,15,'2013-09-13 05:00:00',1,'2013-10-06',NULL,NULL),(73,56,16,'2013-09-20 05:00:00',1,'2013-10-13',NULL,NULL),(74,56,6,'2013-10-11 05:00:00',1,'2013-10-20',NULL,NULL),(76,56,8,'2013-12-06 06:00:00',1,'2013-11-24',NULL,NULL),(77,21,3,'0000-00-00 00:00:00',1,'2013-10-04',NULL,NULL),(80,72,21,'2013-08-19 05:00:00',1,'2013-08-22',NULL,NULL),(82,35,1,'2013-08-16 05:00:00',1,'2013-09-05',NULL,NULL),(83,35,2,'2013-08-01 05:00:00',1,'2013-09-15',65,NULL),(84,35,3,'0000-00-00 00:00:00',1,'2013-09-19',NULL,NULL),(86,72,9,'0000-00-00 00:00:00',1,'2013-10-18',NULL,NULL),(87,29,21,'2013-08-08 19:31:30',1,NULL,NULL,NULL),(88,29,9,'0000-00-00 00:00:00',1,'2013-09-07',NULL,NULL),(90,18,3,'2013-08-13 15:08:13',1,NULL,NULL,NULL),(91,18,4,'2013-09-10 05:00:00',1,'2013-09-12',NULL,NULL),(92,18,16,'2013-08-30 05:00:00',1,NULL,NULL,NULL),(94,18,6,'2013-09-26 05:00:00',1,'2013-09-29',NULL,NULL),(95,18,7,'0000-00-00 00:00:00',1,'2013-10-25',NULL,NULL),(97,48,2,'2013-09-23 14:48:29',1,NULL,61,NULL),(98,48,3,'0000-00-00 00:00:00',1,'2013-10-23',NULL,NULL),(99,96,21,'0000-00-00 00:00:00',1,'2013-10-23',NULL,NULL),(100,96,2,'2013-09-23 14:50:09',1,NULL,NULL,NULL),(101,96,3,'0000-00-00 00:00:00',1,'2013-10-23',NULL,NULL),(102,21,5,'2014-04-01 13:28:21',1,NULL,NULL,'Alex has never had a credit card.'),(103,21,15,'0000-00-00 00:00:00',1,'2014-05-01',NULL,NULL),(107,52,23,'2014-05-12 17:24:02',1,NULL,NULL,NULL),(108,52,2,'2014-05-12 17:25:11',1,NULL,NULL,NULL),(109,52,10,'0000-00-00 00:00:00',1,'2014-06-11',NULL,NULL);
/*!40000 ALTER TABLE `Pool_Progress` ENABLE KEYS */;
UNLOCK TABLES;

--
-- Table structure for table `Pool_Status_Changes`
--

DROP TABLE IF EXISTS `Pool_Status_Changes`;
/*!40101 SET @saved_cs_client     = @@character_set_client */;
/*!40101 SET character_set_client = utf8 */;
CREATE TABLE `Pool_Status_Changes` (
  `Pool_Status_Change_ID` int(11) NOT NULL AUTO_INCREMENT,
  `Active` int(11) DEFAULT NULL,
  `Participant_ID` int(11) DEFAULT NULL,
  `Date_Changed` timestamp NULL DEFAULT CURRENT_TIMESTAMP,
  `Activity_Type` int(11) DEFAULT NULL,
  `Member_Type` int(11) DEFAULT NULL,
  `Expected_Date` date DEFAULT NULL,
  PRIMARY KEY (`Pool_Status_Change_ID`),
  KEY `Test_idx` (`Member_Type`)
) ENGINE=InnoDB AUTO_INCREMENT=170 DEFAULT CHARSET=latin1;
/*!40101 SET character_set_client = @saved_cs_client */;

--
-- Dumping data for table `Pool_Status_Changes`
--

LOCK TABLES `Pool_Status_Changes` WRITE;
/*!40000 ALTER TABLE `Pool_Status_Changes` DISABLE KEYS */;
INSERT INTO `Pool_Status_Changes` VALUES (1,1,21,'2013-03-22 18:51:01',4,NULL,NULL),(2,0,21,'2013-05-22 18:52:15',4,NULL,NULL),(3,1,21,'2013-05-22 18:55:51',4,NULL,NULL),(5,0,21,'2013-05-22 19:14:36',4,NULL,NULL),(6,1,21,'2013-05-22 19:22:32',4,NULL,NULL),(7,1,23,'2013-05-28 20:30:28',4,NULL,NULL),(8,1,25,'2013-05-30 16:19:19',4,NULL,NULL),(9,1,26,'2013-05-30 18:19:03',4,NULL,NULL),(10,0,26,'2013-05-30 18:20:03',4,NULL,NULL),(11,1,26,'2013-05-30 18:20:51',4,NULL,NULL),(12,0,26,'2013-05-30 18:25:10',4,NULL,NULL),(14,1,19,'2013-06-04 19:44:15',4,NULL,NULL),(17,1,26,'2013-06-04 21:07:46',4,NULL,NULL),(18,0,26,'2013-06-04 21:07:58',4,NULL,NULL),(19,1,26,'2013-06-04 21:08:00',4,NULL,NULL),(20,0,26,'2013-06-04 21:08:04',4,NULL,NULL),(21,1,26,'2013-06-04 21:08:07',4,NULL,NULL),(22,0,26,'2013-06-04 21:08:19',4,NULL,NULL),(23,1,26,'2013-06-04 21:08:21',4,NULL,NULL),(24,0,23,'2013-06-05 16:20:41',4,NULL,NULL),(25,1,23,'2013-06-05 16:20:53',4,NULL,NULL),(26,0,23,'2013-06-14 14:56:07',4,NULL,NULL),(27,1,24,'2013-06-14 17:05:36',NULL,NULL,NULL),(28,1,22,'2013-06-14 17:08:41',5,3,NULL),(29,1,22,'2013-06-14 17:15:14',4,2,NULL),(30,1,23,'2013-06-18 15:46:51',4,4,NULL),(31,1,28,'2013-06-21 14:33:35',4,2,NULL),(32,1,28,'2013-06-21 15:08:26',5,4,NULL),(33,1,24,'2013-06-24 15:34:51',5,0,NULL),(36,1,24,'2013-06-24 15:50:17',5,1,NULL),(37,1,28,'2013-06-24 16:24:59',5,2,NULL),(42,0,30,'2013-06-26 17:36:22',4,5,NULL),(43,0,30,'2013-06-26 17:41:03',4,NULL,NULL),(44,1,32,'2013-06-26 18:26:37',4,2,NULL),(45,0,32,'2013-06-26 18:35:24',4,NULL,NULL),(46,0,32,'2013-06-26 18:35:53',4,NULL,NULL),(47,0,24,'2013-06-26 19:48:05',4,NULL,NULL),(48,1,24,'2013-06-26 19:48:16',4,1,NULL),(51,0,30,'2013-06-27 14:29:58',5,0,NULL),(52,1,23,'2013-06-27 20:55:29',5,4,NULL),(53,1,27,'2013-06-27 21:23:54',5,1,NULL),(54,1,35,'2013-07-03 20:44:31',4,2,NULL),(55,1,33,'2013-07-05 14:19:46',4,2,NULL),(60,0,30,'2013-07-10 19:19:48',5,1,NULL),(62,1,28,'2013-07-11 15:32:27',5,4,NULL),(65,1,18,'2013-07-12 15:55:20',4,1,NULL),(66,0,22,'2013-07-15 18:24:52',4,NULL,NULL),(67,0,35,'2013-07-15 18:25:41',4,NULL,NULL),(68,1,41,'2013-07-15 18:26:13',4,2,NULL),(69,1,41,'2013-07-15 18:37:04',5,1,NULL),(70,0,41,'2013-07-15 19:18:50',4,NULL,NULL),(91,1,30,'2013-07-17 20:07:46',5,4,NULL),(96,1,30,'2013-07-17 20:28:02',5,2,NULL),(97,1,46,'2013-07-17 21:06:59',4,1,NULL),(98,1,41,'2013-07-18 16:24:45',5,5,NULL),(99,1,41,'2013-07-18 16:25:15',5,4,NULL),(100,1,41,'2013-07-18 16:25:20',5,3,NULL),(101,1,41,'2013-07-18 16:25:43',5,1,NULL),(103,1,41,'2013-07-18 16:57:56',5,2,NULL),(106,1,41,'2013-07-18 17:12:25',5,3,NULL),(107,1,20,'2013-07-19 15:53:52',4,2,NULL),(108,0,20,'2013-07-19 15:54:01',4,NULL,NULL),(109,0,27,'2013-07-19 16:55:14',4,NULL,NULL),(110,1,47,'2013-07-19 19:22:35',4,3,NULL),(111,1,48,'2013-07-19 22:17:06',4,2,NULL),(116,1,29,'2013-07-22 18:35:47',4,0,NULL),(117,1,55,'2013-07-22 19:16:57',4,1,NULL),(118,1,37,'2013-07-23 16:00:51',4,5,NULL),(120,1,57,'2013-07-24 19:00:55',4,2,NULL),(121,1,22,'2013-07-25 17:59:43',5,0,NULL),(122,1,18,'2013-07-25 19:32:17',5,2,NULL),(123,1,35,'2013-07-26 16:43:21',4,2,NULL),(125,1,21,'2013-07-26 16:52:07',4,2,NULL),(126,0,57,'2013-07-26 18:21:55',4,NULL,NULL),(127,1,57,'2013-07-26 19:12:46',4,2,NULL),(132,1,56,'2013-08-02 14:29:36',4,2,NULL),(134,1,20,'2013-08-02 15:03:21',5,0,NULL),(135,1,68,'2013-08-02 19:29:15',4,3,NULL),(136,1,72,'2013-08-06 15:17:31',4,1,NULL),(137,1,52,'2013-08-06 16:15:01',4,1,NULL),(138,1,53,'2013-08-06 16:17:17',4,2,NULL),(139,0,35,'2013-08-06 16:49:56',4,NULL,NULL),(140,1,35,'2013-08-06 21:01:25',4,2,NULL),(141,1,29,'2013-08-08 19:31:23',5,1,NULL),(142,1,74,'2013-08-09 16:45:19',4,5,NULL),(143,1,78,'2013-08-14 16:56:40',4,2,NULL),(144,1,27,'2013-08-14 20:34:05',5,0,NULL),(145,0,81,'2013-08-14 21:24:43',4,NULL,NULL),(146,1,32,'2013-08-14 21:32:46',5,0,NULL),(147,1,82,'2013-08-14 21:36:16',4,NULL,NULL),(148,1,83,'2013-08-14 21:41:58',4,3,NULL),(149,0,84,'2013-08-14 21:49:45',4,0,NULL),(150,0,85,'2013-08-14 21:51:21',4,0,NULL),(151,0,86,'2013-08-15 15:12:28',4,0,NULL),(152,0,87,'2013-08-15 15:16:09',4,0,NULL),(153,0,88,'2013-08-15 15:21:53',4,0,NULL),(154,0,89,'2013-08-16 18:27:28',4,0,NULL),(155,0,90,'2013-08-23 16:52:05',4,0,NULL),(156,0,91,'2013-09-03 15:41:01',4,0,NULL),(157,0,92,'2013-09-03 16:19:58',4,0,NULL),(158,1,85,'2013-09-03 16:49:24',4,4,NULL),(159,1,93,'2013-09-04 19:41:44',4,2,NULL),(160,0,94,'2013-09-06 18:42:14',4,0,NULL),(161,0,95,'2013-09-06 18:46:23',4,0,NULL),(162,0,96,'2013-09-06 19:56:38',4,0,NULL),(163,1,96,'2013-09-06 19:58:07',4,4,NULL),(164,0,96,'2013-09-06 20:00:22',4,NULL,NULL),(165,1,96,'2013-09-23 14:49:56',4,1,NULL),(166,1,96,'2013-09-23 14:50:06',5,2,NULL),(167,0,96,'2013-09-23 14:50:12',4,NULL,NULL),(168,0,57,'2013-10-01 19:02:29',4,NULL,NULL),(169,0,20,'2013-10-18 15:35:30',4,NULL,NULL);
/*!40000 ALTER TABLE `Pool_Status_Changes` ENABLE KEYS */;
UNLOCK TABLES;

--
-- Table structure for table `Properties`
--

DROP TABLE IF EXISTS `Properties`;
/*!40101 SET @saved_cs_client     = @@character_set_client */;
/*!40101 SET character_set_client = utf8 */;
CREATE TABLE `Properties` (
  `Property_ID` int(11) NOT NULL AUTO_INCREMENT,
  `Address_Street_Num` int(11) DEFAULT NULL,
  `Address_Street_Direction` varchar(45) DEFAULT NULL,
  `Address_Street_Name` varchar(45) DEFAULT NULL,
  `Address_Street_Type` varchar(45) DEFAULT NULL,
  `Zipcode` int(11) DEFAULT NULL,
  `Block_Group` varchar(45) DEFAULT NULL,
  `PIN` varchar(10) DEFAULT NULL,
  `Sale_Price` varchar(45) DEFAULT NULL,
  `Is_Vacant` int(11) DEFAULT NULL,
  `Is_Acquired` int(11) DEFAULT NULL,
  `Is_Rehabbed` int(11) DEFAULT NULL,
  `Rehabbed_Investment` varchar(45) DEFAULT NULL,
  `Disposition` int(11) DEFAULT NULL,
  `Construction_Type` int(11) DEFAULT NULL,
  `Home_Size` int(11) DEFAULT NULL,
  `Date_Entered` timestamp NULL DEFAULT CURRENT_TIMESTAMP,
  `Property_Type` int(11) DEFAULT NULL,
  PRIMARY KEY (`Property_ID`),
  KEY `disposition_id` (`Disposition`),
  CONSTRAINT `disposition_id` FOREIGN KEY (`Disposition`) REFERENCES `Property_Dispositions` (`Disposition_ID`) ON UPDATE CASCADE
) ENGINE=InnoDB AUTO_INCREMENT=55 DEFAULT CHARSET=latin1;
/*!40101 SET character_set_client = @saved_cs_client */;

--
-- Dumping data for table `Properties`
--

LOCK TABLES `Properties` WRITE;
/*!40000 ALTER TABLE `Properties` DISABLE KEYS */;
INSERT INTO `Properties` VALUES (1,6106,'S','Ingleside','AVE',NULL,NULL,'','0',1,0,1,'10,000',3,4,1,'2013-05-19 05:00:00',1),(5,5220,'S','Woodlawn','ST',NULL,NULL,'','',1,0,1,'',4,4,2,'2013-06-19 05:00:00',1),(7,221,'W','Test','ST',NULL,NULL,'','',0,0,0,'',3,0,0,'2013-06-19 05:00:00',0),(9,1806,'N','Zembla','ST',NULL,NULL,'1234567890','',0,0,1,'',1,4,2,'2013-06-19 05:00:00',0),(10,2608,'W','73rd','ST',NULL,NULL,'7777777777','',0,0,0,'',4,0,0,'2013-06-19 05:00:00',0),(12,1509,'W','68th','ST',NULL,NULL,'9876543210','',0,0,0,'',4,0,0,'2013-06-21 14:06:07',0),(13,909,'W','65th','ST',NULL,NULL,'','5000',0,0,0,'',2,4,2,'2013-06-21 14:12:44',NULL),(14,1755,'S','Paulina','St',NULL,NULL,'','',0,0,1,'',1,NULL,NULL,'2013-06-21 14:17:16',NULL),(16,6851,'S','Indiana','Dr',NULL,NULL,'1212121212','50000',1,0,0,'',4,0,0,'2013-06-21 14:19:58',NULL),(21,2609,'E','63rd','ST',NULL,NULL,'','',1,0,0,'',4,0,0,'2013-07-03 21:53:25',0),(23,1200,'S','Prairie','ST',NULL,NULL,'1234567890','',0,0,0,'',4,NULL,NULL,'2013-07-17 21:10:06',NULL),(24,17,'W','Hamlin','ST',NULL,NULL,'1234567890',NULL,NULL,NULL,NULL,NULL,4,4,2,'2013-07-19 19:46:19',1),(25,9500,'S','State','ST',NULL,NULL,'0987654321',NULL,NULL,NULL,NULL,NULL,2,4,3,'2013-07-19 19:47:51',3),(28,5235,'W','68th','ST',NULL,NULL,'0',NULL,NULL,NULL,NULL,NULL,4,0,0,'2013-07-22 14:25:47',0),(30,7890,'W','70th','ST',NULL,NULL,'1231231234','35000',NULL,NULL,NULL,NULL,1,0,0,'2013-07-22 14:38:16',0),(32,5411,'S','Woodlawn','AVE',NULL,NULL,'1233345567',NULL,NULL,NULL,NULL,'',3,0,0,'2013-07-26 18:49:34',0),(34,3131,'N','Test','ST',NULL,NULL,'',NULL,NULL,NULL,NULL,NULL,2,0,0,'2013-07-26 19:44:26',0),(36,750,'N','Western','AVE',NULL,NULL,'',NULL,NULL,NULL,NULL,NULL,4,4,3,'2013-07-31 21:30:19',1),(37,470,'E','79th','ST',NULL,NULL,'',NULL,NULL,NULL,NULL,NULL,4,5,1,'2013-07-31 21:33:22',1),(38,3330,'S','Lituanica','AVE',NULL,NULL,'',NULL,NULL,NULL,NULL,NULL,4,5,2,'2013-08-06 15:11:19',1),(40,5703,'N','Woodlawn','AVE',NULL,NULL,'1231231234',NULL,NULL,NULL,NULL,NULL,4,0,0,'2013-08-13 19:00:33',0),(41,6230,'S','Woodlawn','AVE',NULL,NULL,'2342342345',NULL,NULL,NULL,NULL,NULL,4,0,0,'2013-08-13 19:03:46',0),(42,622,'W','Aldine','AVE',NULL,NULL,'',NULL,NULL,NULL,NULL,NULL,4,0,0,'2013-08-13 20:37:52',0),(43,6824,'W','Delancy','AVE',NULL,NULL,'9999999999',NULL,NULL,NULL,NULL,NULL,4,5,1,'2013-08-15 15:22:36',1),(44,2601,'W','63rd','ST',60629,NULL,'',NULL,NULL,NULL,NULL,'',4,5,3,'2013-08-16 18:28:57',2),(45,2600,'W','65th','ST',NULL,NULL,'',NULL,NULL,NULL,NULL,'',4,0,0,'2013-09-03 15:41:30',0),(46,120,'E','Cullerton','ST',NULL,NULL,'',NULL,NULL,NULL,NULL,NULL,4,0,0,'2013-09-03 16:20:15',0),(47,120,'E','Cullerton','ST',NULL,NULL,'',NULL,NULL,NULL,NULL,NULL,4,0,0,'2013-09-03 16:20:17',0),(48,1800,'','test','',NULL,NULL,'',NULL,NULL,NULL,NULL,NULL,4,0,0,'2013-09-06 18:42:22',0),(49,908,'W','65th','ST',NULL,NULL,'',NULL,NULL,NULL,NULL,NULL,4,0,0,'2013-09-06 18:46:34',0),(50,5530,'S','Cornell','AVE',60637,NULL,'',NULL,NULL,NULL,NULL,NULL,4,4,3,'2013-09-27 17:01:33',1),(51,5522,'S','Western','AVE',60629,'170318351001009','',NULL,NULL,NULL,NULL,'',4,4,3,'2013-09-30 20:31:05',1),(52,4642,'S','Cornell','AVE',0,'','',NULL,NULL,NULL,NULL,NULL,4,0,0,'2013-10-09 16:52:12',0),(53,6106,'S','Ingleside','ST',0,'','',NULL,NULL,NULL,NULL,NULL,4,0,0,'2014-04-01 15:53:08',0),(54,6106,'N','Ingleside','ST',0,'','',NULL,NULL,NULL,NULL,NULL,4,0,0,'2014-04-01 15:56:33',0);
/*!40000 ALTER TABLE `Properties` ENABLE KEYS */;
UNLOCK TABLES;

--
-- Table structure for table `Property_Dispositions`
--

DROP TABLE IF EXISTS `Property_Dispositions`;
/*!40101 SET @saved_cs_client     = @@character_set_client */;
/*!40101 SET character_set_client = utf8 */;
CREATE TABLE `Property_Dispositions` (
  `Disposition_ID` int(11) NOT NULL AUTO_INCREMENT,
  `Disposition_Name` varchar(45) DEFAULT NULL,
  PRIMARY KEY (`Disposition_ID`)
) ENGINE=InnoDB AUTO_INCREMENT=5 DEFAULT CHARSET=latin1;
/*!40101 SET character_set_client = @saved_cs_client */;

--
-- Dumping data for table `Property_Dispositions`
--

LOCK TABLES `Property_Dispositions` WRITE;
/*!40000 ALTER TABLE `Property_Dispositions` DISABLE KEYS */;
INSERT INTO `Property_Dispositions` VALUES (1,'Purchased by owner-occupant'),(2,'Purchased by an investor'),(3,'Properties paired with renters'),(4,'N/A');
/*!40000 ALTER TABLE `Property_Dispositions` ENABLE KEYS */;
UNLOCK TABLES;

--
-- Table structure for table `Property_Files`
--

DROP TABLE IF EXISTS `Property_Files`;
/*!40101 SET @saved_cs_client     = @@character_set_client */;
/*!40101 SET character_set_client = utf8 */;
CREATE TABLE `Property_Files` (
  `File_ID` int(11) NOT NULL AUTO_INCREMENT,
  `Property_ID` int(11) DEFAULT NULL,
  `File_Name` varchar(45) DEFAULT NULL,
  `File_Size` varchar(45) DEFAULT NULL,
  `File_Type` varchar(45) DEFAULT NULL,
  `File_Content` blob,
  PRIMARY KEY (`File_ID`)
) ENGINE=InnoDB AUTO_INCREMENT=2 DEFAULT CHARSET=latin1;
/*!40101 SET character_set_client = @saved_cs_client */;

--
-- Dumping data for table `Property_Files`
--

LOCK TABLES `Property_Files` WRITE;
/*!40000 ALTER TABLE `Property_Files` DISABLE KEYS */;
INSERT INTO `Property_Files` VALUES (1,32,'Slide notes.docx','13178','application/vnd.openxmlformats-officedocument','PK\0\0\0\0\0!\0	$\0\0\0\0\0[Content_Types].xml (\0\0\0\0\0\0\0\0\0\0\0\0\0\0\0\0\0\0\0\0\0\0\0\0\0\0\0\0\0\0\0\0\0\0\0\0\0\0\0\0\0\0\0\0\0\0\0\0\0\0\0\0\0\0\0\0\0\0\0\0\0\0\0\0\0\0\0\0\0\0\0\0\0\0\0\0\0\0\0\0\0\0\0\0\0\0\0\0\0\0\0\0\0\0\0\0\0\0\0\0\0\0\0\0\0\0\0\0\0\0\0\0\0\0\0\0\0\0\0\0\0\0\0\0\0\0\0\0\0\0\0\0\0\0\0\0\0\0\0\0\0\0\0\0\0\0\0\0\0\0\0\0\0\0\0\0\0\0\0\0\0\0\0\0\0\0\0\0\0\0\0\0\0\0\0\0\0\0\0\0\0\0\0\0\0\0\0\0\0\0\0\0\0\0\0\0\0\0\0\0\0\0\0\0\0\0\0\0\0\0\0\0\0\0\0\0\0\0\0\0\0\0\0\0\0\0\0\0\0\0\0\0\0\0\0\0\0\0\0\0\0\0\0\0\0\0\0\0\0\0\0\0\0\0\0\0\0\0\0\0\0\0\0\0\0\0\0\0\0\0\0\0\0\0\0\0\0\0\0\0\0\0\0\0\0\0\0\0\0\0\0\0\0\0\0\0\0\0\0\0\0\0\0\0\0\0\0\0\0\0\0\0\0\0\0\0\0\0\0\0\0\0\0\0\0\0\0\0\0\0\0\0\0\0\0\0\0\0\0\0\0\0\0\0\0\0\0\0\0\0\0\0\0\0\0\0\0\0\0\0\0\0\0\0\0\0\0\0\0\0\0\0\0\0\0\0\0\0\0\0\0\0\0\0\0\0\0\0\0\0\0\0\0\0\0\0\0\0\0\0\0\0\0\0\0\0\0\0\0\0\0\0\0\0\0\0\0\0\0\0\0\0\0\0\0\0\0\0\0\0\0\0\0\0\0\0\0\0\0\0\0\0\0\0\0\0\0\0\0\0\0\0\0\0\0\0\0\0\0\0\0\0\0\0\0\0\0\0\0\0\0\0\0\0\0\0\0\0\0\0\0\0\0\0\0\0\0\0\0\0\0\0\0\0\0\0\0\0\0\0\0\0\0\0\0\0\0\0\0\0\0\0\0MO@&Wz0M.C~dgJKZ23J<*kROz,#m,eEDi\rl\rFt\0#6\"w9:0t[E[?N1~piM\0Pir1/C4^C,_R&+Hd\\CBwPV*h\"|x0gV5iy$4V\"e9BA)jT(y>vw\Zv(SLqWUDXQw4\ZS^	0F\"\\gsldYdLuHc\Z9>(hVD5{A7t	\0\0\0PK\0\0\0\0\0!\0\Z\0\0\0N\0\0\0_rels/.rels (\0\0\0\0\0\0\0\0\0\0\0\0\0\0\0\0\0\0\0\0\0\0\0\0\0\0\0\0\0\0\0\0\0\0\0\0\0\0\0\0\0\0\0\0\0\0\0\0\0\0\0\0\0\0\0\0\0\0\0\0\0\0\0\0\0\0\0\0\0\0\0\0\0\0\0\0\0\0\0\0\0\0\0\0\0\0\0\0\0\0\0\0\0\0\0\0\0\0\0\0\0\0\0\0\0\0\0\0\0\0\0\0\0\0\0\0\0\0\0\0\0\0\0\0\0\0\0\0\0\0\0\0\0\0\0\0\0\0\0\0\0\0\0\0\0\0\0\0\0\0\0\0\0\0\0\0\0\0\0\0\0\0\0\0\0\0\0\0\0\0\0\0\0\0\0\0\0\0\0\0\0\0\0\0\0\0\0\0\0\0\0\0\0\0\0\0\0\0\0\0\0\0\0\0\0\0\0\0\0\0\0\0\0\0\0\0\0\0\0\0\0\0\0\0\0\0\0\0\0\0\0\0\0\0\0\0\0\0\0\0\0\0\0\0\0\0\0\0\0\0\0\0\0\0\0\0\0\0\0\0\0\0\0\0\0\0\0\0\0\0\0\0\0\0\0\0\0\0\0\0\0\0\0\0\0\0\0\0\0\0\0\0\0\0\0\0\0\0\0\0\0\0\0\0\0\0\0\0\0\0\0\0\0\0\0\0\0\0\0\0\0\0\0\0\0\0\0\0\0\0\0\0\0\0\0\0\0\0\0\0\0\0\0\0\0\0\0\0\0\0\0\0\0\0\0\0\0\0\0\0\0\0\0\0\0\0\0\0\0\0\0\0\0\0\0\0\0\0\0\0\0\0\0\0\0\0\0\0\0\0\0\0\0\0\0\0\0\0\0\0\0\0\0\0\0\0\0\0\0\0\0\0\0\0\0\0\0\0\0\0\0\0\0\0\0\0\0\0\0\0\0\0\0\0\0\0\0\0\0\0\0\0\0\0\0\0\0\0\0\0\0\0\0\0\0\0\0\0\0\0\0\0\0\0\0\0\0\0\0\0\0\0\0\0\0\0\0\0\0\0\0\0\0\0\0\0\0\0\0\0\0\0\0\0\0\0\0\0\0\0\0\0\0\0\0\0\0\0\0\0\0\0\0JAa}7\n\"Hw\"w P^O;<aY`GkxmPY[g\rGino/<<1A$>\"f3\\TI	SWY\rig@X6_]7\Z~\nfao.b*lIrj),\Zl0%b\n6iD_,		|uZ^ty;!Y,}{C/h>\0\0\0PK\0\0\0\0\0!\0|;9\"\0\0\0\0\0word/_rels/document.xml.rels (\0\0\0\0\0\0\0\0\0\0\0\0\0\0\0\0\0\0\0\0\0\0\0\0\0\0\0\0\0\0\0\0\0\0\0\0\0\0\0\0\0\0\0\0\0\0\0\0\0\0\0\0\0\0\0\0\0\0\0\0\0\0\0\0\0\0\0\0\0\0\0\0\0\0\0\0\0\0\0\0\0\0\0\0\0\0\0\0\0\0\0\0\0\0\0\0\0\0\0\0\0\0\0\0\0\0\0\0\0\0\0\0\0\0\0\0\0\0\0\0\0\0\0\0\0\0\0\0\0\0\0\0\0\0\0\0\0\0\0\0\0\0\0\0\0\0\0\0\0\0\0\0\0\0\0\0\0\0\0\0\0\0\0\0\0\0\0\0\0\0\0\0\0\0\0\0\0\0\0\0\0\0\0\0\0\0\0\0\0\0\0\0\0\0\0\0\0\0\0\0\0\0\0\0\0\0\0\0\0\0\0\0\0\0\0\0\0\0\0\0\0\0\0\0\0\0\0\0\0\0\0\0\0\0\0\0\0\0\0\0\0\0\0\0\0\0\0\0\0\0\0\0\0\0\0\0\0MO0&V]5-Sht\n.MfIZUq\"=loO.Y$m.+gAT!,MQH(XI\\qZb\ZaG;_K\n/x#,/d}?eh7)mg;kk4Df2/wBmw4A^#FkPHxAt~9\'ozWnMtVWkJlNWz^>\\\0\0\0PK\0\0\0\0\0!\0a@ \0\0\0\0\0\0\0word/document.xmlWn7}/+_ X\n81PcAv	Ii<+I.._QaVd$*T$7	9/T&Jxl%/wY3+V\06$)7~W*ZR]r)SfpSvj#\\Uh^Km+]O_	ZcBo=8`$Y[5n:\\M@Gax`@oDZB}\Z_.cIlpt.5Z<{YTMB]q8x,#bp.JH-.NcUV8OlpO\0\\i+%\"#\nLP=d?O`t=:=9OG7+W/\rn~:/egw;n\0Khc9[nmqZsPvb>@\"Nq3\"E?evQ?UhO3IlA(\n\nX7&_%\nSGnQQu!K{+du-|!<H2(VdJ0hl\\\nFVx18ch\\>yFYX}]C&J0I(zZ ^\\ 2pML$tHMCH\0\r@0WaamJeZ0F~@4~EHM%.Dioq;\"/+9}p5{2\nUIFJ\nvQBWyJD\r` T{[<[IF~nIDdO\Zx3UBAGkR3@B^I}rOhc(|o^~+Gy;D^WwV($\Z/5f2FR3_x	l!&F7V(LQpW1j.x\r\0\0\0PK\0\0\0\0\0!\00C)\0\0\0\0\0\0\0word/theme/theme1.xmlYOo6w toc\'v\Zu-MniP@I}ama[4:lGRX^6>$!)O^rC$y@/yH*)UDb`}\"qJX^)I`nEp)liV[]1M<\ZOP6r=zgbIguSebORDqu	gZo~lAplxpT0+[}`jzA\0V2Fi@qv5\\|NleXdsjcs7f\rW+7`gJ\Zj|h(KD-\0\rdXiJ(x$(:;!I_TS1?E??ZBmU/?~xY\'y5g&/>GMGeD3Vq%\'#q$8K)fw9:\nx}rxwr:\\TZaG*y8IjbRc|XI\nu3KGnD1NIBs\nRuK>V.EL+M2#\'fi~Vvl{u8zH\n*:(W\r~JTe\\O*tHGHY\0}KNP*T9/#A7qZ$*c?qUnwN%Oi4=3N)cbJ\ruV4(Tn\n7_?m-{UBw<w_$#[8{(/$0hF{L)#7i%=A:s$),Qg20ppf\r\\}DU4p\nM{DB%J+{lC]=5\n2FhsF+Y\\n:3E[69`&45Z!*5k8`Fmw-\"d>zn\"ZxJZp;\Z{/<P;,)\'\'KQk5qpN8KGbe\rSd\\17	pa>SR!\r\r3\0K4\'+rzQ\nTTIIvt]KcK#v5+|D\Z~O@%\\w_nN[L9KqgVhn\nR!y+Un;*&/HrT	>>\\\rt=.T\n\ZS; Z~!P9giC!#	B,;X=,I2UWV9$lk=Aj;{AP79|s*Y;[MChf]o{oY=1k\ZyV\0V5E8Vk+\\80X4D)!!?*|fv\ru\"xA@T_q64)kuV7t\'%;i9s9x,-45xd8?d/Y|t&LILJ`& -Gt/\0\0\0\0PK\0\0\0\0\0!\0-w\0\0S\n\0\0\0\0\0word/settings.xmlVn8}_`:/HxN*\0JDxH;$(h\'s93\rh%,er5Kd`,p%al$.\rXff%kk<MMAAr z\nzX)QJ,;I:5K\Z-b(XQK\\r\\\nO?7x^ jfjaeYvJI9ZU`6HP L{@/G}GBQW}v7VjCq\0\\oVRiRrv4M.p~(%m^I8$u\n%bk,x[Dq\Z7sQy}D9Fyhs#\rf@\rJi2\r\rYs\'72&\'4]U .Pq 9YUOh{[qg+|aD8,44b!cNZc=5+lV<Qui\r\\D c(.6MY:H!1jFM_~_q@6!>lk\r\n;1^0Kc];&.+eclz}zy93{Ok9\ZeC>gK|D^_k@\"K~dMaP44[j2S_x`9VMy1h:rETw\0x|(Db@gp?,H]eGr5%\0)WN7vCmqt~C*WZwgh-z$&`7eQvNB|7Ms&NsdO_YNU>%_ FfMj;r/X69<Y;8j9zG:G;)TPgP#[D<\0\0\0PK\0\0\0\0\0!\0\reh\0\0l\0\0\0\0\0word/webSettings.xmlUMO0#YJE4!$Q_1>7NulW;/N.._Vy	 I/&0*iyM2LQr|zr(E#d1> lN58.j,R*Cq@]K./0S\'2i;[s[LM~#;P6C\nIZZHfnR6IJ}\\7jrY$\r4N6^B+Bid:{A?g`N _XrA	&@2M6[P{,?Utw~\"Mwg9,d$zs\nJ~Fd;?qT |SpR]\0\0\0\0PK\0\0\0\0\0!\0C\0\0+\0\0\Z\0\0\0word/stylesWithEffects.xml]S:_s&miB?i)m`z\n`[>Bd[q\\AjciQ!p4xyx}uHE$<zIP\0 mRl0D,\\:x:`E<GC_.xDNIvGdXRL9`)QAJ&?\0zN[`\'fC!m2+*TeGf84x&,-4Xr4m1.	%qa&EvI\r])wD#}\\$%,\\s[l81/Mztk0HMY&vtAytFWd(?KQ~,??xd1K\\mvr;DHLE&mLHv;C\\/\',2fJrbTcP \\,	A<BJx}~)Pv4e_XS(v\\f1OD\"<Of\'hKLfPG*^(Dm}Fcm!kk1Mc!q\".^7#?Lb*SuR(\'cd\Z?_ma~\\&$kTW^ic\\.xId[_G\n>Zs-c-W&*!JhaY0xwz2vlVxo?n2x:J-sN{Z9_4w~m0u)OXmjO0ue5nH-,JpEH;54mZN<7UMqAwSzOzQK\" 9JGI\rWVW{g,i928u96w$u#zNs\"Mq%]cRE{B\'%~wEQyFv`+\rx/pVbP1[-T*2P1Veub+E-.TpgP#P+XP1\nSBobP1[%Td$b+?BWZD]V`_]QhH\nS\\hPP1[-T*Fx#^BEO*.TpElyb{W P+\n\rYb+\r*x#BobP1KIBW~ZP1B5g;*w*XbP1[-T*Fx#$TLqUY]JQ#\\\Z\nBfN+*wQnM}o{Y	5.l~\Z|)txshw~\n:Cy;t>3fsh([4\0[R^6+*g5Cw5p\\HTZ`uWvc\ZN;*0+aw8t+3RbSau^Iye?N=)&Oi|#f&toGC8@-R<x)>Et;K*#BTS{scF=Q|:Z=Pe7jIBRN\r+&gW~1},)BE\r9Wd,U@v.D\0\0\0\0PK\0\0\0\0\0!\0l_c}\0\0\0\0\0docProps/core.xml (\0\0\0\0\0\0\0\0\0\0\0\0\0\0\0\0\0\0\0\0\0\0\0\0\0\0\0\0\0\0\0\0\0\0\0\0\0\0\0\0\0\0\0\0\0\0\0\0\0\0\0\0\0\0\0\0\0\0\0\0\0\0\0\0\0\0\0\0\0\0\0\0\0\0\0\0\0\0\0\0\0\0\0\0\0\0\0\0\0\0\0\0\0\0\0\0\0\0\0\0\0\0\0\0\0\0\0\0\0\0\0\0\0\0\0\0\0\0\0\0\0\0\0\0\0\0\0\0\0\0\0\0\0\0\0\0\0\0\0\0\0\0\0\0\0\0\0\0\0\0\0\0\0\0\0\0\0\0\0\0\0\0\0\0\0\0\0\0\0\0\0\0\0\0\0\0\0\0\0\0\0\0\0\0\0\0\0\0\0\0\0\0\0\0\0\0\0\0\0\0\0\0\0\0\0\0\0\0\0\0\0\0\0\0\0\0\0\0\0\0\0\0\0\0\0\0\0\0\0\0\0\0\0\0\0\0\0\0\0\0\0\0\0\0\0\0\0\0\0\0\0\0\0\0\0\0\0Mo0KZ\"\riHi,1&Q(K[(T[lylI:9\"\\ b\\3cXG$#BIPM*Fi0\r<Im	n vW&tKQpGp\ruGDG$Rh\0bPtLa^h*J^m`y\',rP11\\5\\^Q@yh|\'t5@2(NbmRf=yK\r?fjA[]q`^5uK{^<nzv1XmJZSOt|0\Z2~LI}8w}	/\0\0\0\0PK\0\0\0\0\0!\0^3\0\0)\0\0\0\0\0word/styles.xmls8oJ~4!03P\nigV\rZ;U6jkWo$%d6GaH\"[G/@i,\\o^T\0\0,\\kOy3\\\"e\Z>A(iXDx8<\r+L\"KmRi<ZjGmeR4)y)N(Q!\\gA|4$hzd	o;:	_Cb]%$ZuQ}>2*N7\"`_mU|N9SL	,Sf3e`dv~81Yq4?p+$*G5\r7/es\r_BDx{y]Y@y*>8v\\1Hn2=D\"2W\06o;g;2\r_sf-BMc!\'<q<I|\'OZ$`0Ff/7gz)U#_k6b_^tE|-\r+sAAj:|kkMPzN]%41m&9Z9c->0>y,e=-[(9iI|*re<m0qLd$=mEuZW\"Y@*Y#MLk{tTQ7eMnK`_a~y|Ee_\nixOBS_6R]1{_fx9^jp]]7w%F.I^HuS\\5rL\\\'t\"\\m_W+~Q{W\ZgJqAE*T*Ex\"J^B%*.TpEJl*}$*w\n*XRP)[-T*Ex\"J%TJqUY]JQ\"\\*T|^?Q{W P+\n\rYR+\r*x\"JBoRP)KQBW~ZJP)BW!Tj\n*wE!1+TJqABoRP)[-T*Ex	?JOP)Q*EUxB@PR{W\ZBW \Z+TJ*Ex\"JBoRPJ)*\"\\)juR+?\\Y]#]q|hm]n]l7zV=oE\"$}1[a:n.Shw~\n$>BL&Y;\rclz6V*?t<?wUT?M\r\Zj,/Z fl8{[\r\n\0W00pT#7{g$RRvSIe5.-X9	|2.\rqZHem_!7z)?Et;^T\'q%M&\0xcFQae-Z0hlSd+)8 r_V/A!Jl*TU-Av~j@h?\0\0\0\0PK\0\0\0\0\0!\0O*\0\0\0\0\0\0\0word/fontTable.xmlMO0+|vB-)B,a?um_HW3NzP1RH+ZMKgsR@v%{	zt(0BcDKR4fn/;\rxjgRZ= ?u[#mHKB8~+{)WFF	ua\\V^3F4<_id75YLpncv\\U]sW	Nd8,w(?>A*s@mb+|V-TXT^8)|RH\\TgJu<Br!	dH$bU\0`uTB_&x2B$`T\0O-7o|&>%1\r,\0\0\0PK\0\0\0\0\0!\0(\0\0\0\0\0docProps/app.xml (\0\0\0\0\0\0\0\0\0\0\0\0\0\0\0\0\0\0\0\0\0\0\0\0\0\0\0\0\0\0\0\0\0\0\0\0\0\0\0\0\0\0\0\0\0\0\0\0\0\0\0\0\0\0\0\0\0\0\0\0\0\0\0\0\0\0\0\0\0\0\0\0\0\0\0\0\0\0\0\0\0\0\0\0\0\0\0\0\0\0\0\0\0\0\0\0\0\0\0\0\0\0\0\0\0\0\0\0\0\0\0\0\0\0\0\0\0\0\0\0\0\0\0\0\0\0\0\0\0\0\0\0\0\0\0\0\0\0\0\0\0\0\0\0\0\0\0\0\0\0\0\0\0\0\0\0\0\0\0\0\0\0\0\0\0\0\0\0\0\0\0\0\0\0\0\0\0\0\0\0\0\0\0\0\0\0\0\0\0\0\0\0\0\0\0\0\0\0\0\0\0\0\0\0\0\0\0\0\0\0\0\0\0\0\0\0\0\0\0\0\0\0\0\0\0\0\0\0\0\0\0\0\0\0\0\0\0\0\0\0\0\0\0\0\0\0\0\0\0\0\0\0\0\0\0\0\0RMo0|otY!>\niLdIt\"\'{lUY&P}RLb\\),f>o(IM+.{4!8MMc\r>\'y]7	}U	f!`iBsVuBHx-f9RIb\r-r\ZF[~XB\r_G8rlk42w\nXXm;3pF /\0BG$Cq\rh9M~Chopana7XEl#\\r<[=F/U\0\0\0PK-\0\0\0\0\0\0!\0	$\0\0\0\0\0\0\0\0\0\0\0\0\0\0\0\0\0\0\0\0\0[Content_Types].xmlPK-\0\0\0\0\0\0!\0\Z\0\0\0N\0\0\0\0\0\0\0\0\0\0\0\0\0\0\0\0\0_rels/.relsPK-\0\0\0\0\0\0!\0|;9\"\0\0\0\0\0\0\0\0\0\0\0\0\0\0\0\0\0\0\0word/_rels/document.xml.relsPK-\0\0\0\0\0\0!\0a@ \0\0\0\0\0\0\0\0\0\0\0\0\0\0\0\0\0B	\0\0word/document.xmlPK-\0\0\0\0\0\0!\00C)\0\0\0\0\0\0\0\0\0\0\0\0\0\0\0\0\0\r\0\0word/theme/theme1.xmlPK-\0\0\0\0\0\0!\0-w\0\0S\n\0\0\0\0\0\0\0\0\0\0\0\0\0\0\0l\0\0word/settings.xmlPK-\0\0\0\0\0\0!\0\reh\0\0l\0\0\0\0\0\0\0\0\0\0\0\0\0\0\0\0\0word/webSettings.xmlPK-\0\0\0\0\0\0!\0C\0\0+\0\0\Z\0\0\0\0\0\0\0\0\0\0\0\0\0\Z\0\0word/stylesWithEffects.xmlPK-\0\0\0\0\0\0!\0l_c}\0\0\0\0\0\0\0\0\0\0\0\0\0\0\0\0\0\"\0\0docProps/core.xmlPK-\0\0\0\0\0\0!\0^3\0\0)\0\0\0\0\0\0\0\0\0\0\0\0\0\0\0$\0\0word/styles.xmlPK-\0\0\0\0\0\0!\0O*\0\0\0\0\0\0\0\0\0\0\0\0\0\0\0\0\0+\0\0word/fontTable.xmlPK-\0\0\0\0\0\0!\0(\0\0\0\0\0\0\0\0\0\0\0\0\0\0\0\0\0-\0\0docProps/app.xmlPK\0\0\0\0\0\0	\0\0[0\0\0\0\0');
/*!40000 ALTER TABLE `Property_Files` ENABLE KEYS */;
UNLOCK TABLES;

--
-- Table structure for table `Property_Marker_Names`
--

DROP TABLE IF EXISTS `Property_Marker_Names`;
/*!40101 SET @saved_cs_client     = @@character_set_client */;
/*!40101 SET character_set_client = utf8 */;
CREATE TABLE `Property_Marker_Names` (
  `Property_Marker_Name_ID` int(11) NOT NULL AUTO_INCREMENT,
  `Property_Marker_Name` varchar(45) DEFAULT NULL,
  PRIMARY KEY (`Property_Marker_Name_ID`)
) ENGINE=InnoDB AUTO_INCREMENT=14 DEFAULT CHARSET=latin1;
/*!40101 SET character_set_client = @saved_cs_client */;

--
-- Dumping data for table `Property_Marker_Names`
--

LOCK TABLES `Property_Marker_Names` WRITE;
/*!40000 ALTER TABLE `Property_Marker_Names` DISABLE KEYS */;
INSERT INTO `Property_Marker_Names` VALUES (1,' Acquisition of property'),(2,'Construction commences'),(3,'Certificate of occupancy issued'),(4,'Property listed for sale'),(5,'Property is sold'),(6,'Possession or occupancy'),(7,'Interest in property for acquisition'),(8,'Vacancy status'),(9,'For sale?'),(10,'Ownership status'),(11,'Property condition'),(12,'Contract Signed'),(13,'Disposition');
/*!40000 ALTER TABLE `Property_Marker_Names` ENABLE KEYS */;
UNLOCK TABLES;

--
-- Table structure for table `Property_Markers`
--

DROP TABLE IF EXISTS `Property_Markers`;
/*!40101 SET @saved_cs_client     = @@character_set_client */;
/*!40101 SET character_set_client = utf8 */;
CREATE TABLE `Property_Markers` (
  `Property_Marker_ID` int(11) NOT NULL AUTO_INCREMENT,
  `Is_Vacant` int(11) DEFAULT NULL,
  `Is_Secured_Boarded` int(11) DEFAULT NULL,
  `Is_Unsecured` int(11) DEFAULT NULL,
  `Is_Open` int(11) DEFAULT NULL,
  `Code_Violations` int(11) DEFAULT NULL,
  `For_Sale` int(11) DEFAULT NULL,
  `Price` varchar(45) DEFAULT NULL,
  `Owner_Occupied` int(11) DEFAULT NULL,
  `Absentee_Landlord` int(11) DEFAULT NULL,
  `Property_Condition` int(11) DEFAULT NULL,
  `Financial_Institution` varchar(45) DEFAULT NULL,
  `Second_Mortgage` int(11) DEFAULT NULL,
  `Owner` varchar(45) DEFAULT NULL,
  `Construction_Type` int(11) DEFAULT NULL,
  `Property_ID` int(11) DEFAULT NULL,
  `Date_Logged` timestamp NULL DEFAULT CURRENT_TIMESTAMP,
  `Home_Size` int(11) DEFAULT NULL,
  PRIMARY KEY (`Property_Marker_ID`),
  KEY `property_marked` (`Property_ID`)
) ENGINE=InnoDB AUTO_INCREMENT=3 DEFAULT CHARSET=latin1;
/*!40101 SET character_set_client = @saved_cs_client */;

--
-- Dumping data for table `Property_Markers`
--

LOCK TABLES `Property_Markers` WRITE;
/*!40000 ALTER TABLE `Property_Markers` DISABLE KEYS */;
INSERT INTO `Property_Markers` VALUES (1,1,1,0,0,0,0,'',0,1,5,'',0,'',3,5,'2013-04-26 16:57:24',NULL),(2,0,0,1,1,0,0,'',0,1,5,'',0,'',3,5,'2013-04-26 17:01:27',NULL);
/*!40000 ALTER TABLE `Property_Markers` ENABLE KEYS */;
UNLOCK TABLES;

--
-- Table structure for table `Property_Progress`
--

DROP TABLE IF EXISTS `Property_Progress`;
/*!40101 SET @saved_cs_client     = @@character_set_client */;
/*!40101 SET character_set_client = utf8 */;
CREATE TABLE `Property_Progress` (
  `Property_Progress_ID` int(11) NOT NULL AUTO_INCREMENT,
  `Date_Added` timestamp NULL DEFAULT CURRENT_TIMESTAMP,
  `Marker` int(1) DEFAULT NULL,
  `Addtl_Info_1` varchar(45) DEFAULT NULL,
  `Addtl_Info_2` varchar(45) DEFAULT NULL,
  `Addtl_Info_3` varchar(45) DEFAULT NULL,
  `Addtl_Info_4` varchar(45) DEFAULT NULL,
  `Property_ID` int(11) DEFAULT NULL,
  `Notes` text,
  PRIMARY KEY (`Property_Progress_ID`)
) ENGINE=InnoDB AUTO_INCREMENT=142 DEFAULT CHARSET=latin1;
/*!40101 SET character_set_client = @saved_cs_client */;

--
-- Dumping data for table `Property_Progress`
--

LOCK TABLES `Property_Progress` WRITE;
/*!40000 ALTER TABLE `Property_Progress` DISABLE KEYS */;
INSERT INTO `Property_Progress` VALUES (1,'2013-06-19 19:57:51',1,'30000',NULL,NULL,NULL,1,NULL),(2,'2013-06-09 20:09:20',0,'sale',NULL,NULL,NULL,1,NULL),(3,'2013-06-20 05:00:00',2,NULL,NULL,NULL,NULL,1,NULL),(4,'2013-06-21 05:00:00',3,NULL,NULL,NULL,NULL,1,NULL),(5,'2013-06-22 05:00:00',4,'5',NULL,NULL,NULL,1,NULL),(6,'2013-06-23 05:00:00',5,'40000','Alan Greenspan','90','n/a',1,NULL),(8,'2013-06-21 14:21:24',7,'vacant','','','',16,NULL),(9,'2013-06-21 14:22:39',1,'25000','','','',16,'The closing was held at 3PM.'),(10,'2013-06-21 14:23:32',1,'75000','','','',10,NULL),(21,'2013-06-26 16:39:42',10,'Unknown','Investor','Absentee',NULL,16,NULL),(24,'2013-06-26 16:49:07',11,'3','','',NULL,16,NULL),(25,'2013-06-26 16:51:03',9,'For Sale','50000','',NULL,16,NULL),(27,'2013-06-26 17:53:33',9,'Not for sale','','',NULL,16,NULL),(28,'2013-06-26 17:53:49',10,'Unknown','Owner Occupied Non-Landlord','N/A',NULL,16,NULL),(29,'2013-06-26 17:53:53',11,'4','','',NULL,16,NULL),(30,'2013-06-26 17:54:33',1,'75000','','','',16,NULL),(33,'2013-06-26 18:45:16',8,'Vacant','','',NULL,9,NULL),(36,'2013-06-27 15:26:04',6,'','','','',12,NULL),(37,'2013-06-27 16:41:45',4,'5','','','',14,'Decided to sell it.'),(38,'2013-06-27 16:45:25',5,'75000','Taryn','34','0',14,NULL),(39,'2013-06-27 18:43:09',8,'Vacant','3','',NULL,10,NULL),(40,'2013-06-27 18:43:23',9,'For Sale','50000','',NULL,10,NULL),(41,'2013-06-27 18:43:36',10,'Unknown','Investor','Absentee',NULL,10,NULL),(43,'2013-06-27 18:53:03',7,'vacant','','','',10,'Will be a lovely home once we fix it up a bit!'),(44,'2013-06-27 19:33:16',5,'25000','SWOP','45','n/a',10,NULL),(45,'2013-06-27 20:30:43',8,'Vacant','3','',NULL,13,NULL),(47,'2013-06-27 20:35:30',9,'For Sale','5000','',NULL,13,NULL),(48,'2013-06-27 20:56:26',8,'Vacant','2','',NULL,5,NULL),(49,'2013-06-27 21:02:15',8,'Not vacant','','',NULL,5,NULL),(50,'2013-06-27 21:07:47',7,'sale','','','',5,NULL),(51,'2013-06-27 21:10:57',10,'Calvin Coolidge','Owner Occupied Non-Landlord','N/A',NULL,5,NULL),(52,'2013-07-02 22:05:42',9,'Not for sale','','',NULL,19,NULL),(53,'2013-07-02 22:05:46',8,'Not vacant','','',NULL,19,NULL),(54,'2013-07-02 22:05:54',10,'GSDC','Investor','Absentee',NULL,19,NULL),(55,'2013-07-03 21:58:01',9,'Not for sale','','',NULL,21,NULL),(56,'2013-07-03 21:58:03',9,'Not for sale','','',NULL,21,NULL),(57,'2013-07-03 21:58:04',9,'Not for sale','','',NULL,21,NULL),(58,'2013-07-03 21:58:05',9,'Not for sale','','',NULL,21,NULL),(59,'2013-07-03 21:58:06',9,'Not for sale','','',NULL,21,NULL),(60,'2013-07-03 21:58:09',8,'Not vacant','','',NULL,21,NULL),(61,'2013-07-03 21:58:11',9,'Not for sale','','',NULL,21,NULL),(62,'2013-07-03 21:58:12',8,'Not vacant','','',NULL,21,NULL),(63,'2013-07-03 21:58:13',9,'Not for sale','','',NULL,21,NULL),(64,'2013-07-03 22:00:58',1,'12.00','','','',21,NULL),(65,'2013-07-09 20:45:56',8,'Not vacant','','',NULL,9,NULL),(66,'2013-07-10 20:19:59',8,'Vacant','2','',NULL,1,NULL),(67,'2013-07-10 20:21:21',8,'Vacant','3','',NULL,1,NULL),(68,'2013-07-11 15:32:12',9,'For Sale','50000','',NULL,16,NULL),(69,'2013-07-11 15:32:27',10,'Unknown','Investor','Absentee',NULL,16,NULL),(70,'2013-07-11 15:35:23',3,'','','','',16,NULL),(71,'2013-07-11 16:22:43',8,'Vacant','4','',NULL,16,NULL),(72,'2013-07-11 16:23:14',7,'vacant','','','',16,NULL),(73,'2013-07-12 18:15:06',1,'50000','','','',10,NULL),(74,'2013-07-12 18:19:39',12,'','','','',10,NULL),(75,'2013-07-12 18:29:23',2,'','','','',10,NULL),(76,'2013-07-15 17:48:02',10,'54','Investor','Absentee',NULL,16,NULL),(77,'2013-07-15 17:48:11',10,'54','Owner Occupied Non-Landlord','N/A',NULL,16,NULL),(78,'2013-07-15 17:48:20',10,'54','Investor','Living on premises',NULL,16,NULL),(79,'2013-07-15 21:02:54',1,'',NULL,NULL,NULL,7,NULL),(80,'2013-07-15 21:02:54',2,'',NULL,NULL,NULL,7,NULL),(81,'2013-07-15 21:02:54',13,'2',NULL,NULL,NULL,7,NULL),(82,'2013-07-15 21:06:22',13,'3',NULL,NULL,NULL,7,NULL),(83,'2013-07-16 16:07:22',8,'Not vacant','','',NULL,5,NULL),(84,'2013-07-16 16:07:26',8,'Vacant','3','',NULL,5,NULL),(85,'2013-07-16 16:07:30',9,'Not for sale','','',NULL,5,NULL),(88,'2013-07-22 14:22:05',8,'Not vacant','','',NULL,12,NULL),(89,'2013-07-22 14:22:19',1,'',NULL,NULL,NULL,12,NULL),(90,'2013-07-22 14:22:19',2,'',NULL,NULL,NULL,12,NULL),(91,'2013-07-22 14:23:09',8,'Vacant','2','',NULL,10,NULL),(92,'2013-07-22 14:23:52',8,'',NULL,NULL,NULL,0,NULL),(93,'2013-07-22 14:25:43',8,'',NULL,NULL,NULL,0,NULL),(94,'2013-07-22 14:25:47',8,'',NULL,NULL,NULL,28,NULL),(95,'2013-07-22 14:49:43',9,'For Sale','35000','',NULL,30,NULL),(96,'2013-07-22 14:49:54',10,'Unknown','Owner Occupied Non-Landlord','N/A',NULL,30,NULL),(98,'2013-07-23 16:17:38',8,'Vacant','2','',NULL,21,NULL),(102,'2013-07-25 20:20:18',12,'','','','',16,NULL),(103,'2013-07-26 18:49:28',8,'Vacant',NULL,NULL,NULL,0,NULL),(104,'2013-07-26 18:49:34',8,'Vacant',NULL,NULL,NULL,32,NULL),(105,'2013-07-26 18:49:47',1,'',NULL,NULL,NULL,32,NULL),(106,'2013-07-26 18:49:47',2,'',NULL,NULL,NULL,32,NULL),(107,'2013-07-31 21:27:50',8,'Not vacant',NULL,NULL,NULL,0,NULL),(108,'2013-07-31 21:30:19',8,'Not vacant',NULL,NULL,NULL,36,NULL),(109,'2013-07-31 21:33:22',8,'Not vacant',NULL,NULL,NULL,37,NULL),(110,'2013-08-02 15:41:35',9,'Not for sale','','',NULL,10,NULL),(111,'2013-08-02 15:41:41',8,'Not vacant','','',NULL,10,NULL),(112,'2013-08-02 15:41:49',10,'69','Owner Occupied Non-Landlord','N/A',NULL,10,NULL),(113,'2013-08-02 15:41:54',10,'69','Investor','Absentee',NULL,10,NULL),(114,'2013-08-06 15:11:19',8,'Not vacant',NULL,NULL,NULL,38,NULL),(115,'2013-08-06 15:21:11',1,'',NULL,NULL,NULL,5,NULL),(116,'2013-08-06 15:21:11',2,'',NULL,NULL,NULL,5,NULL),(117,'2013-08-15 15:22:36',8,'Not vacant',NULL,NULL,NULL,43,NULL),(118,'2013-08-15 15:30:55',10,'Unknown','Investor','Absentee',NULL,10,NULL),(119,'2013-08-15 15:31:23',10,'74','Investor','Absentee',NULL,10,NULL),(120,'2013-08-15 16:13:55',11,'3','','',NULL,10,NULL),(121,'2013-08-16 18:28:57',8,'Not vacant',NULL,NULL,NULL,44,NULL),(123,'2013-08-28 21:32:26',9,'For Sale','0','',NULL,1,NULL),(129,'2013-09-03 16:09:26',13,'',NULL,NULL,NULL,19,NULL),(130,'2013-09-03 16:09:51',13,'',NULL,NULL,NULL,19,NULL),(131,'2013-09-03 16:16:25',13,'',NULL,NULL,NULL,19,NULL),(132,'2013-09-03 16:16:49',13,'',NULL,NULL,NULL,19,NULL),(133,'2013-09-03 16:17:21',13,'',NULL,NULL,NULL,19,NULL),(134,'2013-09-03 16:17:49',13,'1',NULL,NULL,NULL,19,NULL),(135,'2013-09-03 16:17:56',13,'',NULL,NULL,NULL,19,NULL),(137,'2013-09-04 15:07:47',11,'2','','',NULL,19,NULL),(138,'2013-09-26 19:46:10',4,'1','','','',44,NULL),(139,'2013-09-26 19:46:13',11,'4','','',NULL,44,NULL),(140,'2013-09-27 17:01:33',8,'Not vacant',NULL,NULL,NULL,50,NULL),(141,'2013-10-21 16:35:20',10,'Unknown','Owner Occupied Non-Landlord','N/A',NULL,34,NULL);
/*!40000 ALTER TABLE `Property_Progress` ENABLE KEYS */;
UNLOCK TABLES;

--
-- Table structure for table `Property_Rehab_Progress`
--

DROP TABLE IF EXISTS `Property_Rehab_Progress`;
/*!40101 SET @saved_cs_client     = @@character_set_client */;
/*!40101 SET character_set_client = utf8 */;
CREATE TABLE `Property_Rehab_Progress` (
  `Property_Rehab_Progress_ID` int(11) NOT NULL AUTO_INCREMENT,
  `Property_ID` int(11) DEFAULT NULL,
  `Interest_Date` date DEFAULT NULL,
  `Interest_Reason` varchar(45) DEFAULT NULL,
  `Acquisition_Date` date DEFAULT NULL,
  `Acquisition_Cost` int(11) DEFAULT NULL,
  `Construction_Date` date DEFAULT NULL,
  `Construction_Cost` int(11) DEFAULT NULL,
  `Occupancy_Date` date DEFAULT NULL,
  `For_Sale_Date` date DEFAULT NULL,
  `Num_Contacts` int(11) DEFAULT NULL,
  `Sold_Date` date DEFAULT NULL,
  `Sale_Price` int(11) DEFAULT NULL,
  `Purchaser` varchar(100) DEFAULT NULL,
  `Days_on_Market` int(11) DEFAULT NULL,
  `Subsidy_Amount` int(11) DEFAULT NULL,
  `Possession_Date` date DEFAULT NULL,
  PRIMARY KEY (`Property_Rehab_Progress_ID`),
  UNIQUE KEY `Property_ID_UNIQUE` (`Property_ID`),
  KEY `property_rehabbed` (`Property_ID`)
) ENGINE=InnoDB AUTO_INCREMENT=10 DEFAULT CHARSET=latin1;
/*!40101 SET character_set_client = @saved_cs_client */;

--
-- Dumping data for table `Property_Rehab_Progress`
--

LOCK TABLES `Property_Rehab_Progress` WRITE;
/*!40000 ALTER TABLE `Property_Rehab_Progress` DISABLE KEYS */;
INSERT INTO `Property_Rehab_Progress` VALUES (1,7,'2013-04-01','Vacant','2013-05-15',0,'0000-00-00',0,'0000-00-00','0000-00-00',0,'0000-00-00',0,'',0,0,'0000-00-00'),(4,10,'0000-00-00','n/a','0000-00-00',0,'0000-00-00',0,'0000-00-00','0000-00-00',0,'2013-01-01',0,'',0,0,'0000-00-00'),(8,5,'0000-00-00','n/a','0000-00-00',0,'0000-00-00',0,'0000-00-00','0000-00-00',0,'2011-05-10',0,'',0,0,'0000-00-00'),(9,9,'0000-00-00','n/a','0000-00-00',0,'0000-00-00',0,'0000-00-00','0000-00-00',0,'0000-00-00',0,'',0,0,'0000-00-00');
/*!40000 ALTER TABLE `Property_Rehab_Progress` ENABLE KEYS */;
UNLOCK TABLES;

--
-- Table structure for table `Reports__Active`
--

DROP TABLE IF EXISTS `Reports__Active`;
/*!40101 SET @saved_cs_client     = @@character_set_client */;
/*!40101 SET character_set_client = utf8 */;
CREATE TABLE `Reports__Active` (
  `ID` int(11) NOT NULL AUTO_INCREMENT,
  `Value` varchar(50) NOT NULL,
  PRIMARY KEY (`ID`)
) ENGINE=InnoDB AUTO_INCREMENT=3 DEFAULT CHARSET=latin1;
/*!40101 SET character_set_client = @saved_cs_client */;

--
-- Dumping data for table `Reports__Active`
--

LOCK TABLES `Reports__Active` WRITE;
/*!40000 ALTER TABLE `Reports__Active` DISABLE KEYS */;
INSERT INTO `Reports__Active` VALUES (0,'No'),(1,'Yes');
/*!40000 ALTER TABLE `Reports__Active` ENABLE KEYS */;
UNLOCK TABLES;

--
-- Table structure for table `Reports__Activity_Type`
--

DROP TABLE IF EXISTS `Reports__Activity_Type`;
/*!40101 SET @saved_cs_client     = @@character_set_client */;
/*!40101 SET character_set_client = utf8 */;
CREATE TABLE `Reports__Activity_Type` (
  `ID` int(11) NOT NULL AUTO_INCREMENT,
  `Value` varchar(50) NOT NULL,
  PRIMARY KEY (`ID`)
) ENGINE=InnoDB AUTO_INCREMENT=8 DEFAULT CHARSET=latin1;
/*!40101 SET character_set_client = @saved_cs_client */;

--
-- Dumping data for table `Reports__Activity_Type`
--

LOCK TABLES `Reports__Activity_Type` WRITE;
/*!40000 ALTER TABLE `Reports__Activity_Type` DISABLE KEYS */;
INSERT INTO `Reports__Activity_Type` VALUES (1,'Benchmark'),(2,'Leadership'),(3,'Outcome'),(4,'Status Change'),(5,'Member Type Change'),(6,'Institution Link'),(7,'New Person');
/*!40000 ALTER TABLE `Reports__Activity_Type` ENABLE KEYS */;
UNLOCK TABLES;

--
-- Table structure for table `Reports__ITIN`
--

DROP TABLE IF EXISTS `Reports__ITIN`;
/*!40101 SET @saved_cs_client     = @@character_set_client */;
/*!40101 SET character_set_client = utf8 */;
CREATE TABLE `Reports__ITIN` (
  `ID` int(11) NOT NULL AUTO_INCREMENT,
  `Value` varchar(50) NOT NULL,
  PRIMARY KEY (`ID`)
) ENGINE=InnoDB AUTO_INCREMENT=2 DEFAULT CHARSET=latin1;
/*!40101 SET character_set_client = @saved_cs_client */;

--
-- Dumping data for table `Reports__ITIN`
--

LOCK TABLES `Reports__ITIN` WRITE;
/*!40000 ALTER TABLE `Reports__ITIN` DISABLE KEYS */;
INSERT INTO `Reports__ITIN` VALUES (0,'No'),(1,'Yes');
/*!40000 ALTER TABLE `Reports__ITIN` ENABLE KEYS */;
UNLOCK TABLES;

--
-- Current Database: `ttm-bickerdike`
--

CREATE DATABASE /*!32312 IF NOT EXISTS*/ `ttm-bickerdike` /*!40100 DEFAULT CHARACTER SET latin1 */;

USE `ttm-bickerdike`;

--
-- Table structure for table `Activities_Users`
--

DROP TABLE IF EXISTS `Activities_Users`;
/*!40101 SET @saved_cs_client     = @@character_set_client */;
/*!40101 SET character_set_client = utf8 */;
CREATE TABLE `Activities_Users` (
  `Event_User_ID` int(11) NOT NULL AUTO_INCREMENT,
  `User_Established_Activity_ID` int(11) DEFAULT NULL,
  `User_ID` int(11) DEFAULT NULL,
  PRIMARY KEY (`Event_User_ID`),
  KEY `event_id` (`User_Established_Activity_ID`),
  KEY `participant_id` (`User_ID`),
  CONSTRAINT `event_id` FOREIGN KEY (`User_Established_Activity_ID`) REFERENCES `User_Established_Activities` (`User_Established_Activities_ID`) ON UPDATE CASCADE,
  CONSTRAINT `participant_id` FOREIGN KEY (`User_ID`) REFERENCES `Users` (`User_ID`) ON UPDATE CASCADE
) ENGINE=InnoDB AUTO_INCREMENT=24 DEFAULT CHARSET=latin1;
/*!40101 SET character_set_client = @saved_cs_client */;

--
-- Dumping data for table `Activities_Users`
--

LOCK TABLES `Activities_Users` WRITE;
/*!40000 ALTER TABLE `Activities_Users` DISABLE KEYS */;
INSERT INTO `Activities_Users` VALUES (1,1,11),(2,3,9),(7,3,7),(8,2,14),(9,10,14),(10,2,54),(12,2,45),(13,2,6),(19,17,21),(20,17,24),(21,10,5),(22,10,9),(23,10,45);
/*!40000 ALTER TABLE `Activities_Users` ENABLE KEYS */;
UNLOCK TABLES;

--
-- Table structure for table `Aldermanic_Records`
--

DROP TABLE IF EXISTS `Aldermanic_Records`;
/*!40101 SET @saved_cs_client     = @@character_set_client */;
/*!40101 SET character_set_client = utf8 */;
CREATE TABLE `Aldermanic_Records` (
  `Aldermanic_Record_ID` int(11) NOT NULL AUTO_INCREMENT,
  `Environmental_Improvement_Money` varchar(45) DEFAULT NULL,
  `Date` date DEFAULT NULL,
  PRIMARY KEY (`Aldermanic_Record_ID`)
) ENGINE=InnoDB AUTO_INCREMENT=3 DEFAULT CHARSET=latin1;
/*!40101 SET character_set_client = @saved_cs_client */;

--
-- Dumping data for table `Aldermanic_Records`
--

LOCK TABLES `Aldermanic_Records` WRITE;
/*!40000 ALTER TABLE `Aldermanic_Records` DISABLE KEYS */;
INSERT INTO `Aldermanic_Records` VALUES (1,'5000','2013-01-01'),(2,'4000','0000-00-00');
/*!40000 ALTER TABLE `Aldermanic_Records` ENABLE KEYS */;
UNLOCK TABLES;

--
-- Table structure for table `Bike_Trails`
--

DROP TABLE IF EXISTS `Bike_Trails`;
/*!40101 SET @saved_cs_client     = @@character_set_client */;
/*!40101 SET character_set_client = utf8 */;
CREATE TABLE `Bike_Trails` (
  `Bike_Trails_ID` int(11) NOT NULL AUTO_INCREMENT,
  `Miles_Bike_Lanes` varchar(45) DEFAULT NULL,
  `Date` date DEFAULT NULL,
  PRIMARY KEY (`Bike_Trails_ID`)
) ENGINE=InnoDB AUTO_INCREMENT=5 DEFAULT CHARSET=latin1;
/*!40101 SET character_set_client = @saved_cs_client */;

--
-- Dumping data for table `Bike_Trails`
--

LOCK TABLES `Bike_Trails` WRITE;
/*!40000 ALTER TABLE `Bike_Trails` DISABLE KEYS */;
INSERT INTO `Bike_Trails` VALUES (1,'2.4','2013-02-01'),(2,'2.5','2013-03-01'),(3,'3','2013-04-01'),(4,'4.5','2013-08-01');
/*!40000 ALTER TABLE `Bike_Trails` ENABLE KEYS */;
UNLOCK TABLES;

--
-- Table structure for table `Community_Wellness_Survey_Aggregates`
--

DROP TABLE IF EXISTS `Community_Wellness_Survey_Aggregates`;
/*!40101 SET @saved_cs_client     = @@character_set_client */;
/*!40101 SET character_set_client = utf8 */;
CREATE TABLE `Community_Wellness_Survey_Aggregates` (
  `Community_Wellness_Survey_ID` int(11) NOT NULL AUTO_INCREMENT,
  `Date_Administered` varchar(45) DEFAULT NULL,
  `Question_15_CWS` varchar(11) DEFAULT NULL,
  `Question_20_CWS` varchar(11) DEFAULT NULL,
  `Question_21_CWS` varchar(11) DEFAULT NULL,
  `Question_24_CWS` varchar(11) DEFAULT NULL,
  `Question_29_CWS` varchar(11) DEFAULT NULL,
  `Question_31_CWS` varchar(11) DEFAULT NULL,
  `Question_30_CWS` varchar(11) DEFAULT NULL,
  `Question_32_CWS` varchar(11) DEFAULT NULL,
  `Question_69_CWS` varchar(11) DEFAULT NULL,
  `Question_72_CWS` varchar(11) DEFAULT NULL,
  `Question_91_CWS` varchar(11) DEFAULT NULL,
  `Question_41_a_CWS` varchar(11) DEFAULT NULL,
  `Question_41_b_CWS` varchar(11) DEFAULT NULL,
  `Question_44_CWS` varchar(11) DEFAULT NULL,
  PRIMARY KEY (`Community_Wellness_Survey_ID`)
) ENGINE=InnoDB AUTO_INCREMENT=4 DEFAULT CHARSET=latin1;
/*!40101 SET character_set_client = @saved_cs_client */;

--
-- Dumping data for table `Community_Wellness_Survey_Aggregates`
--

LOCK TABLES `Community_Wellness_Survey_Aggregates` WRITE;
/*!40000 ALTER TABLE `Community_Wellness_Survey_Aggregates` DISABLE KEYS */;
INSERT INTO `Community_Wellness_Survey_Aggregates` VALUES (1,'2009','1','2','1','1','2','4','2','2','3','2','90','4','1','4'),(2,'2012','3','1','2','0','3','1','1','1','2','1','30','1','4','2'),(3,'2013-8-1','3','4','2','3','3','3','2','2','2','3','90','2','2','3');
/*!40000 ALTER TABLE `Community_Wellness_Survey_Aggregates` ENABLE KEYS */;
UNLOCK TABLES;

--
-- Table structure for table `Corner_Store_Assessment`
--

DROP TABLE IF EXISTS `Corner_Store_Assessment`;
/*!40101 SET @saved_cs_client     = @@character_set_client */;
/*!40101 SET character_set_client = utf8 */;
CREATE TABLE `Corner_Store_Assessment` (
  `Corner_Store_Assessment_ID` int(11) NOT NULL AUTO_INCREMENT,
  `Corner_Store_ID` int(11) DEFAULT NULL,
  `2_plus_fresh_veg_options` int(1) DEFAULT NULL,
  `Lowfat_Milk_Available` int(1) DEFAULT NULL,
  `Health_Promotion_Signage` int(1) DEFAULT NULL,
  `Healthy_Items_In_Front` int(1) DEFAULT NULL,
  `Date_Evaluated` date DEFAULT NULL,
  PRIMARY KEY (`Corner_Store_Assessment_ID`)
) ENGINE=InnoDB AUTO_INCREMENT=5 DEFAULT CHARSET=latin1;
/*!40101 SET character_set_client = @saved_cs_client */;

--
-- Dumping data for table `Corner_Store_Assessment`
--

LOCK TABLES `Corner_Store_Assessment` WRITE;
/*!40000 ALTER TABLE `Corner_Store_Assessment` DISABLE KEYS */;
INSERT INTO `Corner_Store_Assessment` VALUES (1,1,1,1,1,1,'2013-01-29'),(2,1,0,0,0,0,'2013-01-28'),(3,2,0,1,0,1,'2013-02-04'),(4,3,1,1,0,0,'2013-02-22');
/*!40000 ALTER TABLE `Corner_Store_Assessment` ENABLE KEYS */;
UNLOCK TABLES;

--
-- Table structure for table `Corner_Stores`
--

DROP TABLE IF EXISTS `Corner_Stores`;
/*!40101 SET @saved_cs_client     = @@character_set_client */;
/*!40101 SET character_set_client = utf8 */;
CREATE TABLE `Corner_Stores` (
  `Corner_Store_ID` int(11) NOT NULL AUTO_INCREMENT,
  `Corner_Store_Name` varchar(45) DEFAULT NULL,
  `Corner_Store_Address` varchar(100) DEFAULT NULL,
  PRIMARY KEY (`Corner_Store_ID`)
) ENGINE=InnoDB AUTO_INCREMENT=4 DEFAULT CHARSET=latin1;
/*!40101 SET character_set_client = @saved_cs_client */;

--
-- Dumping data for table `Corner_Stores`
--

LOCK TABLES `Corner_Stores` WRITE;
/*!40000 ALTER TABLE `Corner_Stores` DISABLE KEYS */;
INSERT INTO `Corner_Stores` VALUES (1,'Cornell Dollar','5501 S. Cornell Ave'),(2,'Humboldt Park Food and Liquor',''),(3,'Farmer\'s Basket','6300 S. Cottage Grove Ave');
/*!40000 ALTER TABLE `Corner_Stores` ENABLE KEYS */;
UNLOCK TABLES;

--
-- Table structure for table `Funded_Organization_Records_Stores`
--

DROP TABLE IF EXISTS `Funded_Organization_Records_Stores`;
/*!40101 SET @saved_cs_client     = @@character_set_client */;
/*!40101 SET character_set_client = utf8 */;
CREATE TABLE `Funded_Organization_Records_Stores` (
  `Funded_Organization_Records_Stores_ID` int(11) NOT NULL AUTO_INCREMENT,
  `Store_ID` int(11) DEFAULT NULL,
  `Date` date DEFAULT NULL,
  `Sales_Data` varchar(45) DEFAULT NULL,
  PRIMARY KEY (`Funded_Organization_Records_Stores_ID`)
) ENGINE=InnoDB AUTO_INCREMENT=5 DEFAULT CHARSET=latin1;
/*!40101 SET character_set_client = @saved_cs_client */;

--
-- Dumping data for table `Funded_Organization_Records_Stores`
--

LOCK TABLES `Funded_Organization_Records_Stores` WRITE;
/*!40000 ALTER TABLE `Funded_Organization_Records_Stores` DISABLE KEYS */;
INSERT INTO `Funded_Organization_Records_Stores` VALUES (1,2,'2013-01-01','100'),(2,2,'2013-01-01','100'),(3,1,'2013-01-01','90'),(4,2,'2013-08-01','170');
/*!40000 ALTER TABLE `Funded_Organization_Records_Stores` ENABLE KEYS */;
UNLOCK TABLES;

--
-- Table structure for table `Org_Partners`
--

DROP TABLE IF EXISTS `Org_Partners`;
/*!40101 SET @saved_cs_client     = @@character_set_client */;
/*!40101 SET character_set_client = utf8 */;
CREATE TABLE `Org_Partners` (
  `Partner_ID` int(11) NOT NULL AUTO_INCREMENT,
  `Partner_Name` varchar(150) DEFAULT NULL,
  PRIMARY KEY (`Partner_ID`)
) ENGINE=InnoDB AUTO_INCREMENT=14 DEFAULT CHARSET=latin1;
/*!40101 SET character_set_client = @saved_cs_client */;

--
-- Dumping data for table `Org_Partners`
--

LOCK TABLES `Org_Partners` WRITE;
/*!40000 ALTER TABLE `Org_Partners` DISABLE KEYS */;
INSERT INTO `Org_Partners` VALUES (1,'CLOCC'),(8,'Bickerdike'),(9,'West HP Dev Council'),(10,'West HP Dev Council'),(11,'United Tap-Dancers of America'),(12,'Coalition of Expectant Mothers'),(13,'La Casa Norte');
/*!40000 ALTER TABLE `Org_Partners` ENABLE KEYS */;
UNLOCK TABLES;

--
-- Table structure for table `Participant_Survey_Questions`
--

DROP TABLE IF EXISTS `Participant_Survey_Questions`;
/*!40101 SET @saved_cs_client     = @@character_set_client */;
/*!40101 SET character_set_client = utf8 */;
CREATE TABLE `Participant_Survey_Questions` (
  `Question_Num` varchar(45) NOT NULL,
  `Question_Text` varchar(400) DEFAULT NULL,
  PRIMARY KEY (`Question_Num`)
) ENGINE=InnoDB DEFAULT CHARSET=latin1;
/*!40101 SET character_set_client = @saved_cs_client */;

--
-- Dumping data for table `Participant_Survey_Questions`
--

LOCK TABLES `Participant_Survey_Questions` WRITE;
/*!40000 ALTER TABLE `Participant_Survey_Questions` DISABLE KEYS */;
INSERT INTO `Participant_Survey_Questions` VALUES ('10','Have you heard of Humboldt Park Corridors?'),('11','Have you seen signs, fliers, programs, or local billboards in your community that address the importance of eating healthy and exercising regularly?'),('12','Are you aware of free or low-cost fitness opportunities in Humboldt Park?'),('13','Are you aware of free or low-cost nutrition opportunities in Humboldt Park?'),('14','How satisfied or dissatisfied are you with the selection of fruits and vegetables available at the store where you usually shop for food?'),('2','How important is diet and nutrition to you personally?'),('3','How many servings of fruits and vegetables do you eat in an average day?'),('4A','How many days per week do you do strenuous physical activity for at least 10 minutes at a time?'),('4B','How many minutes on those days?'),('5A','How many days per week do you do light or moderate physical activity for at least 10 minutes?'),('5B','How many minutes on those moderate activity days?'),('6','Do you have at least child between the ages of 0-18 that lives with you at least 3 days per week?'),('7','Yesterday, how many servings of fruits and vegetables did your child have?'),('8','On an average day, how many hours and minutes does your child spend in active play?'),('9A','Do you agree? I would walk more often if Ifelt safer in my community.'),('9B','Do you agree? I feel comfortable with my child playing outside in my community.');
/*!40000 ALTER TABLE `Participant_Survey_Questions` ENABLE KEYS */;
UNLOCK TABLES;

--
-- Table structure for table `Participant_Survey_Responses`
--

DROP TABLE IF EXISTS `Participant_Survey_Responses`;
/*!40101 SET @saved_cs_client     = @@character_set_client */;
/*!40101 SET character_set_client = utf8 */;
CREATE TABLE `Participant_Survey_Responses` (
  `Participant_Survey_ID` int(11) NOT NULL AUTO_INCREMENT,
  `User_ID` int(11) DEFAULT NULL,
  `Question_2` int(11) DEFAULT NULL,
  `Question_3` int(11) DEFAULT NULL,
  `Question_4_A` int(11) DEFAULT NULL,
  `Question_4_B` int(11) DEFAULT NULL,
  `Question_5_A` int(11) DEFAULT NULL,
  `Question_5_B` int(11) DEFAULT NULL,
  `Question_6` int(11) DEFAULT NULL,
  `Question_7` int(11) DEFAULT NULL,
  `Question_8` int(11) DEFAULT NULL,
  `Question_9_A` int(11) DEFAULT NULL,
  `Question_9_B` int(11) DEFAULT NULL,
  `Question_11` int(11) DEFAULT NULL,
  `Question_12` int(11) DEFAULT NULL,
  `Question_13` int(11) DEFAULT NULL,
  `Question_14` int(11) DEFAULT NULL,
  `Date_Survey_Administered` date DEFAULT NULL,
  `Pre_Post_Late` int(11) DEFAULT NULL,
  `Program_ID` int(11) DEFAULT NULL,
  `Participant_Type` varchar(45) DEFAULT NULL,
  `Child_ID` int(11) DEFAULT NULL,
  PRIMARY KEY (`Participant_Survey_ID`),
  KEY `User_ID` (`User_ID`),
  KEY `Program_related` (`Program_ID`),
  CONSTRAINT `Program_related` FOREIGN KEY (`Program_ID`) REFERENCES `Programs` (`Program_ID`) ON UPDATE CASCADE,
  CONSTRAINT `User_ID` FOREIGN KEY (`User_ID`) REFERENCES `Users` (`User_ID`) ON UPDATE CASCADE
) ENGINE=InnoDB AUTO_INCREMENT=71 DEFAULT CHARSET=latin1;
/*!40101 SET character_set_client = @saved_cs_client */;

--
-- Dumping data for table `Participant_Survey_Responses`
--

LOCK TABLES `Participant_Survey_Responses` WRITE;
/*!40000 ALTER TABLE `Participant_Survey_Responses` DISABLE KEYS */;
INSERT INTO `Participant_Survey_Responses` VALUES (1,7,2,3,2,35,4,60,0,0,0,0,0,0,0,0,0,'2013-01-01',1,1,'parent',NULL),(15,16,2,4,3,30,4,40,1,3,180,2,2,0,0,0,2,'0000-00-00',0,1,'parent',NULL),(17,16,3,5,2,60,7,20,0,3,90,3,2,0,0,0,1,'2013-01-18',3,1,'parent',NULL),(28,28,4,7,7,30,4,60,0,0,0,0,0,0,0,0,0,'0000-00-00',0,49,'adult',NULL),(29,28,4,0,0,0,0,0,0,0,0,0,0,0,0,0,0,'0000-00-00',0,50,'parent',NULL),(30,28,2,346,1345,0,0,0,0,0,0,0,0,0,0,0,5,'0000-00-00',0,50,'youth',NULL),(31,33,2,2,2,10,1,10,0,0,0,3,0,1,1,0,2,'0000-00-00',1,40,'adult',NULL),(32,33,1,3,2,10,2,10,0,0,0,3,0,1,1,0,2,'0000-00-00',1,40,'adult',NULL),(33,33,1,2,3,20,1,40,0,0,0,3,1,1,0,0,1,'0000-00-00',1,40,'adult',NULL),(34,28,0,0,0,0,0,0,0,0,0,0,0,0,0,0,0,'0000-00-00',0,49,'youth',NULL),(35,28,0,0,0,0,0,0,0,0,0,0,0,0,0,0,0,'0000-00-00',0,50,'parent',NULL),(36,28,0,0,0,0,0,0,0,0,0,0,0,0,0,0,0,'0000-00-00',0,50,'parent',NULL),(37,28,0,0,0,0,0,0,0,0,0,0,0,0,0,0,0,'0000-00-00',0,50,'parent',NULL),(38,28,0,0,0,0,0,0,0,0,0,0,0,0,0,0,0,'0000-00-00',0,50,'parent',NULL),(39,28,0,0,0,0,0,0,0,0,0,0,0,0,0,0,0,'2013-02-03',0,49,'adult',NULL),(40,40,0,0,0,0,0,0,0,0,0,0,0,0,0,0,0,'2013-02-01',0,40,'adult',NULL),(41,25,3,1,2,0,3,0,0,0,0,3,3,0,0,0,3,'2013-02-01',1,59,'parent',NULL),(42,4,0,0,2,60,0,0,0,0,0,0,0,0,0,0,0,'2013-02-04',2,50,'adult',NULL),(43,4,0,0,0,0,0,0,0,0,0,0,0,0,0,0,0,'0000-00-00',1,50,'parent',NULL),(44,4,0,0,0,0,0,0,0,0,0,0,0,0,0,0,0,'0000-00-00',1,50,'parent',NULL),(45,48,1,1,1,3,1,5,0,0,0,3,0,0,0,0,0,'2013-02-12',1,42,'adult',NULL),(46,7,2,4,4,45,4,14,0,0,0,2,3,0,1,1,3,'2013-02-15',2,69,'youth',NULL),(47,49,3,2,3,30,3,35,0,0,0,2,3,0,1,0,3,'2013-02-19',1,63,'youth',NULL),(48,49,3,4,0,0,0,0,0,0,0,3,3,0,0,0,0,'2013-03-31',2,63,'youth',NULL),(50,46,3,3,3,15,0,0,1,3,135,3,1,0,1,0,3,'2013-02-27',2,75,'adult',NULL),(51,54,1,0,5,60,7,10,0,0,0,2,3,0,0,0,0,'2013-02-01',1,63,'youth',NULL),(65,16,0,0,0,0,0,0,0,0,0,0,0,0,0,0,0,'2013-06-03',1,46,'adult',0),(66,18,3,3,2,30,4,25,0,0,0,2,2,0,0,1,3,'2013-04-04',1,51,'youth',0),(67,18,4,5,3,30,4,20,0,0,0,2,2,1,1,1,3,'2013-05-31',2,51,'youth',0),(68,18,4,5,2,30,3,25,0,0,0,3,2,1,1,1,3,'2013-08-16',3,96,'youth',0),(69,16,2,2,2,2,2,25,0,0,0,3,2,1,1,1,3,NULL,2,1,'youth',0),(70,16,1,2,2,30,2,25,0,0,0,3,2,1,1,1,3,NULL,1,1,'youth',0);
/*!40000 ALTER TABLE `Participant_Survey_Responses` ENABLE KEYS */;
UNLOCK TABLES;

--
-- Table structure for table `Program_Dates`
--

DROP TABLE IF EXISTS `Program_Dates`;
/*!40101 SET @saved_cs_client     = @@character_set_client */;
/*!40101 SET character_set_client = utf8 */;
CREATE TABLE `Program_Dates` (
  `Program_Date_ID` int(11) NOT NULL AUTO_INCREMENT,
  `Program_ID` int(11) DEFAULT NULL,
  `Program_Date` date DEFAULT NULL,
  PRIMARY KEY (`Program_Date_ID`),
  KEY `Program` (`Program_ID`),
  CONSTRAINT `Program` FOREIGN KEY (`Program_ID`) REFERENCES `Programs` (`Program_ID`) ON UPDATE CASCADE
) ENGINE=InnoDB AUTO_INCREMENT=122 DEFAULT CHARSET=latin1;
/*!40101 SET character_set_client = @saved_cs_client */;

--
-- Dumping data for table `Program_Dates`
--

LOCK TABLES `Program_Dates` WRITE;
/*!40000 ALTER TABLE `Program_Dates` DISABLE KEYS */;
INSERT INTO `Program_Dates` VALUES (9,1,'2013-01-07'),(10,1,'2013-01-14'),(11,1,'2013-01-21'),(12,1,'2013-01-28'),(36,40,'2013-03-15'),(37,45,'2013-03-01'),(38,45,'2013-04-01'),(39,45,'2013-03-15'),(40,46,'2013-03-22'),(42,46,'2013-03-28'),(43,47,'2013-02-04'),(44,48,'2013-02-03'),(45,48,'2013-02-05'),(46,49,'2013-04-01'),(47,49,'2013-02-04'),(48,49,'2013-02-06'),(49,49,'2013-02-08'),(50,50,'2013-01-01'),(51,50,'2013-01-05'),(52,42,'2013-02-05'),(53,42,'2013-02-12'),(54,42,'2013-02-19'),(56,43,'2013-05-01'),(57,43,'2013-02-01'),(58,44,'2013-02-02'),(60,51,'2012-11-15'),(61,51,'2012-11-30'),(63,51,'2012-12-15'),(64,51,'2012-12-30'),(66,52,'2013-04-13'),(67,56,'2013-01-26'),(68,56,'2013-02-02'),(69,59,'2013-02-11'),(70,59,'2013-02-18'),(71,59,'2013-02-25'),(72,60,'0000-00-00'),(73,60,'2013-02-01'),(74,61,'2013-02-04'),(75,62,'2013-03-01'),(76,64,'2013-01-01'),(77,68,'2013-01-01'),(78,68,'2013-02-01'),(79,68,'2013-03-01'),(82,72,'2013-01-30'),(83,73,'2013-01-01'),(84,64,'2013-04-05'),(85,75,'2013-03-15'),(87,69,'2012-10-01'),(89,69,'2012-10-15'),(90,69,'2012-11-01'),(91,69,'2012-11-15'),(92,69,'2012-12-01'),(93,69,'2012-12-15'),(94,75,'2013-03-01'),(95,63,'2013-02-19'),(96,53,'2012-01-01'),(97,42,'2013-02-26'),(100,77,'2013-07-01'),(101,53,'2013-02-01'),(102,94,'2013-02-04'),(103,94,'2013-02-11'),(104,95,'2013-02-01'),(105,95,'2013-02-28'),(106,77,'2013-02-01'),(107,96,'2013-02-01'),(108,96,'2013-02-02'),(109,96,'2013-02-03'),(115,59,'2013-08-01'),(116,59,'2013-08-08'),(117,59,'2013-08-15'),(118,59,'2013-08-22'),(119,59,'2013-08-29'),(120,51,'2013-08-05'),(121,51,'2013-08-19');
/*!40000 ALTER TABLE `Program_Dates` ENABLE KEYS */;
UNLOCK TABLES;

--
-- Table structure for table `Program_Dates_Users`
--

DROP TABLE IF EXISTS `Program_Dates_Users`;
/*!40101 SET @saved_cs_client     = @@character_set_client */;
/*!40101 SET character_set_client = utf8 */;
CREATE TABLE `Program_Dates_Users` (
  `Program_Dates_Users_ID` int(11) NOT NULL AUTO_INCREMENT,
  `Program_Date_ID` int(11) DEFAULT NULL,
  `User_ID` int(11) DEFAULT NULL,
  PRIMARY KEY (`Program_Dates_Users_ID`),
  KEY `date` (`Program_Date_ID`),
  KEY `attendee` (`User_ID`),
  CONSTRAINT `attendee` FOREIGN KEY (`User_ID`) REFERENCES `Users` (`User_ID`) ON UPDATE CASCADE,
  CONSTRAINT `date` FOREIGN KEY (`Program_Date_ID`) REFERENCES `Program_Dates` (`Program_Date_ID`) ON DELETE CASCADE ON UPDATE CASCADE
) ENGINE=InnoDB AUTO_INCREMENT=188 DEFAULT CHARSET=latin1;
/*!40101 SET character_set_client = @saved_cs_client */;

--
-- Dumping data for table `Program_Dates_Users`
--

LOCK TABLES `Program_Dates_Users` WRITE;
/*!40000 ALTER TABLE `Program_Dates_Users` DISABLE KEYS */;
INSERT INTO `Program_Dates_Users` VALUES (18,9,11),(19,9,54),(21,11,4),(22,11,11),(23,12,11),(35,12,4),(36,12,54),(38,12,6),(43,9,4),(66,52,16),(67,52,22),(68,36,33),(69,56,21),(71,53,40),(72,69,21),(73,69,25),(74,83,4),(75,52,33),(76,54,33),(80,58,17),(81,53,48),(82,85,48),(83,54,40),(84,54,16),(85,9,16),(86,10,16),(87,11,16),(88,12,16),(89,60,18),(90,87,16),(91,87,46),(92,87,25),(93,87,36),(95,87,17),(96,87,22),(97,89,16),(98,89,46),(99,89,25),(100,89,36),(101,89,56),(102,89,48),(103,89,17),(104,89,22),(106,90,25),(107,90,36),(108,90,48),(109,90,17),(110,90,22),(111,91,16),(112,91,46),(113,91,25),(114,91,36),(115,91,48),(116,91,17),(117,91,22),(118,92,16),(119,92,46),(120,92,25),(121,92,36),(122,92,56),(123,92,22),(128,93,36),(130,87,7),(131,90,7),(132,91,7),(136,95,37),(137,100,22),(144,60,56),(146,101,54),(148,10,54),(149,67,16),(150,58,6),(151,91,56),(152,87,14),(154,90,56),(155,90,46),(156,87,48),(157,93,7),(159,93,14),(160,93,22),(161,93,16),(162,93,56),(163,93,48),(166,95,54),(167,107,18),(171,95,17),(172,60,55),(173,61,55),(174,63,55),(175,64,55),(177,61,18),(178,64,18),(179,121,18),(180,120,18),(181,95,18),(182,105,18),(183,104,18),(184,109,18),(185,92,48),(186,92,17),(187,93,25);
/*!40000 ALTER TABLE `Program_Dates_Users` ENABLE KEYS */;
UNLOCK TABLES;

--
-- Table structure for table `Program_Types`
--

DROP TABLE IF EXISTS `Program_Types`;
/*!40101 SET @saved_cs_client     = @@character_set_client */;
/*!40101 SET character_set_client = utf8 */;
CREATE TABLE `Program_Types` (
  `Program_Type_ID` int(11) NOT NULL AUTO_INCREMENT,
  `Program_Type_Name` varchar(100) DEFAULT NULL,
  PRIMARY KEY (`Program_Type_ID`)
) ENGINE=InnoDB AUTO_INCREMENT=15 DEFAULT CHARSET=latin1;
/*!40101 SET character_set_client = @saved_cs_client */;

--
-- Dumping data for table `Program_Types`
--

LOCK TABLES `Program_Types` WRITE;
/*!40000 ALTER TABLE `Program_Types` DISABLE KEYS */;
INSERT INTO `Program_Types` VALUES (1,'Fundraising'),(10,'Nutrition Education'),(11,'Fitness Education'),(12,'Wellness'),(13,'Group fitness'),(14,'Fitness/Nutrition Education');
/*!40000 ALTER TABLE `Program_Types` ENABLE KEYS */;
UNLOCK TABLES;

--
-- Table structure for table `Programs`
--

DROP TABLE IF EXISTS `Programs`;
/*!40101 SET @saved_cs_client     = @@character_set_client */;
/*!40101 SET character_set_client = utf8 */;
CREATE TABLE `Programs` (
  `Program_ID` int(11) NOT NULL AUTO_INCREMENT,
  `Program_Name` varchar(100) DEFAULT NULL,
  `Program_Organization` varchar(100) DEFAULT NULL,
  `Program_Type` varchar(45) DEFAULT NULL,
  `Program_Created_Date` timestamp NULL DEFAULT CURRENT_TIMESTAMP,
  `Notes` varchar(400) DEFAULT NULL,
  PRIMARY KEY (`Program_ID`)
) ENGINE=InnoDB AUTO_INCREMENT=97 DEFAULT CHARSET=latin1;
/*!40101 SET character_set_client = @saved_cs_client */;

--
-- Dumping data for table `Programs`
--

LOCK TABLES `Programs` WRITE;
/*!40000 ALTER TABLE `Programs` DISABLE KEYS */;
INSERT INTO `Programs` VALUES (1,'Nutrition: Cooking','8','9','2012-12-19 17:23:23','oops, that was silly.  good now?'),(40,'Step Aerobics','1','11','2013-02-01 18:58:15',NULL),(42,'Meditation Workshop','9','12','2013-02-01 19:03:12','Pilot program'),(43,'Women\'s Self-Defense','13','13','2013-02-01 21:47:36',NULL),(44,'Argentine Tango','','11','2013-02-04 14:55:57',NULL),(45,'Youth Tennis - Spring Session 2013','11','11','2013-02-04 15:02:57',NULL),(46,'Adult Tennis - Spring Session 2013','','11','2013-02-04 17:11:55',NULL),(47,'Spinning - Winter 2013','','11','2013-02-04 17:15:47',NULL),(48,'Spinning - Fall 2012','','11','2013-02-04 17:16:22',NULL),(49,'Spinning - Spring 2013','','11','2013-02-04 17:17:17',NULL),(50,'Spinning - Summer 2012','','11','2012-02-04 17:26:23',NULL),(51,'Advanced Vegan Barbecue','','11','2013-02-07 14:46:50',NULL),(52,'DIY Kitchen Gardens','13','11','2013-02-08 22:24:12',NULL),(53,'Apartment Horticulture','','11','2013-02-11 14:55:05','This is a pilot program that may be expanded in 2014.'),(54,'P90X - Beginner','','11','2013-02-11 15:04:47',NULL),(55,'P90X - Intermediate','','11','2013-02-11 15:05:53',NULL),(56,'Pilates - Spring 2013','','11','2013-02-11 15:09:58',NULL),(57,'Pilates - Winter 2013','','','2013-02-11 15:23:41',NULL),(58,'Bike Maintenance and Safety','','11','2013-02-11 15:26:46',NULL),(59,'Family Cooking Class','','11','2013-02-11 15:28:00',NULL),(60,'Is Gluten-Free Right For Me?','','11','2013-02-11 15:57:16',NULL),(61,'Prenatal and Infant Nutrition','','11','2013-02-11 16:06:07',NULL),(62,'Nutrition Puppet Show','','11','2013-02-11 16:20:48',NULL),(63,'All About Artichokes','9','11','2013-02-11 16:24:06',NULL),(64,'Make Your Own Cheese and Yogurt','','11','2013-02-11 16:26:25',NULL),(65,'Whole Grain Baking','','11','2013-02-11 18:53:49',NULL),(66,'Intro to Family Meal Planning','','11','2013-02-11 19:03:42',NULL),(67,'Kids\' Food Safety Class','','11','2013-02-11 19:03:56',NULL),(68,'Water Aerobics: Theory and Practice','','11','2013-02-11 19:07:46',NULL),(69,'Nutrition Class - Fall 2012','8','10','2013-02-11 19:09:37',NULL),(70,'Nutrition Class - Winter 2013','','11','2013-02-11 19:11:04',NULL),(71,'Nutrition Class - Spring 2013','','11','2013-02-11 19:12:14',NULL),(72,'Nutrition Class - Summer 2013','','11','2013-02-11 19:52:44',NULL),(73,'Nutrition Class - Fall 2013','','11','2013-02-11 21:17:47',NULL),(74,'Swimming Class','','11','2013-02-11 21:28:10',NULL),(75,'Sunrise Yoga','','11','2013-02-12 15:18:22','Snowed on second session.\n'),(76,'test','','','2013-02-13 15:57:19',NULL),(77,'Test Ajax Loader','','','2013-02-19 20:47:07',NULL),(78,'Eat and Live Well','8','14','2013-02-22 16:09:58',NULL),(94,'Constellation Studies','','','2013-02-25 18:00:45',NULL),(95,'Consent-Based Relationship Models for Beginners','12','12','2013-02-25 18:02:46',NULL),(96,'Newer Program Name','1','14','2012-02-26 20:17:15','test, test');
/*!40000 ALTER TABLE `Programs` ENABLE KEYS */;
UNLOCK TABLES;

--
-- Table structure for table `Programs_Users`
--

DROP TABLE IF EXISTS `Programs_Users`;
/*!40101 SET @saved_cs_client     = @@character_set_client */;
/*!40101 SET character_set_client = utf8 */;
CREATE TABLE `Programs_Users` (
  `Program_User_ID` int(11) NOT NULL AUTO_INCREMENT,
  `Program_ID` int(11) DEFAULT NULL,
  `User_ID` int(11) DEFAULT NULL,
  PRIMARY KEY (`Program_User_ID`),
  KEY `prog_for_user` (`Program_ID`),
  KEY `user_for_program` (`User_ID`),
  CONSTRAINT `prog_for_user` FOREIGN KEY (`Program_ID`) REFERENCES `Programs` (`Program_ID`) ON UPDATE CASCADE,
  CONSTRAINT `user_for_program` FOREIGN KEY (`User_ID`) REFERENCES `Users` (`User_ID`) ON UPDATE CASCADE
) ENGINE=InnoDB AUTO_INCREMENT=143 DEFAULT CHARSET=latin1 COMMENT='User signed up for program, not specific dates';
/*!40101 SET character_set_client = @saved_cs_client */;

--
-- Dumping data for table `Programs_Users`
--

LOCK TABLES `Programs_Users` WRITE;
/*!40000 ALTER TABLE `Programs_Users` DISABLE KEYS */;
INSERT INTO `Programs_Users` VALUES (1,1,11),(5,1,54),(6,1,4),(10,1,6),(15,1,5),(18,1,16),(28,1,22),(56,45,16),(57,49,17),(58,49,28),(59,50,4),(60,50,11),(61,50,28),(62,50,30),(63,42,16),(64,42,22),(65,44,6),(66,40,33),(67,42,33),(68,42,33),(69,43,21),(70,51,18),(71,51,17),(72,45,14),(73,40,40),(74,42,40),(75,52,41),(76,56,16),(77,57,8),(78,59,25),(79,59,21),(80,53,54),(81,60,36),(82,60,16),(83,60,6),(84,61,14),(85,61,24),(86,62,56),(87,64,28),(88,64,41),(90,73,4),(93,44,17),(94,42,48),(95,75,48),(96,67,7),(97,52,54),(98,69,16),(99,69,46),(100,69,25),(101,69,36),(102,69,56),(103,69,48),(104,69,17),(105,69,22),(106,69,14),(107,69,7),(108,75,46),(109,63,18),(110,63,17),(111,63,37),(118,77,22),(119,64,9),(125,51,56),(126,51,39),(127,51,40),(128,51,37),(129,51,53),(130,95,18),(133,96,18),(134,96,22),(135,96,43),(138,53,55),(139,46,4),(140,46,16),(141,60,59),(142,52,56);
/*!40000 ALTER TABLE `Programs_Users` ENABLE KEYS */;
UNLOCK TABLES;

--
-- Table structure for table `User_Established_Activities`
--

DROP TABLE IF EXISTS `User_Established_Activities`;
/*!40101 SET @saved_cs_client     = @@character_set_client */;
/*!40101 SET character_set_client = utf8 */;
CREATE TABLE `User_Established_Activities` (
  `User_Established_Activities_ID` int(11) NOT NULL AUTO_INCREMENT,
  `Activity_Name` varchar(100) DEFAULT NULL,
  `Activity_Date` date DEFAULT NULL,
  `Activity_Created_Date` timestamp NULL DEFAULT CURRENT_TIMESTAMP,
  `Activity_Type` int(11) DEFAULT NULL,
  `Activity_Org` int(11) DEFAULT NULL,
  `Notes` varchar(400) DEFAULT NULL,
  PRIMARY KEY (`User_Established_Activities_ID`)
) ENGINE=InnoDB AUTO_INCREMENT=21 DEFAULT CHARSET=latin1;
/*!40101 SET character_set_client = @saved_cs_client */;

--
-- Dumping data for table `User_Established_Activities`
--

LOCK TABLES `User_Established_Activities` WRITE;
/*!40000 ALTER TABLE `User_Established_Activities` DISABLE KEYS */;
INSERT INTO `User_Established_Activities` VALUES (1,'Fitness Program Session','2012-12-17','2012-12-17 21:36:50',0,NULL,NULL),(2,'Nutrition Program','2012-11-01','2012-12-18 19:00:50',0,0,NULL),(3,'Nutrition','2013-01-01','2012-12-18 19:01:41',0,0,NULL),(10,'Get Out The Vote','2012-11-05','2012-12-18 19:32:42',0,0,'check'),(17,'Potluck','2013-01-29','2013-01-23 17:15:39',0,0,''),(19,'Test Event 1-29','2013-01-29','2013-01-29 16:40:08',8,8,NULL),(20,'Healthy Me, Nutrition, Session 2','2013-02-11','2013-01-29 19:34:34',11,9,NULL);
/*!40000 ALTER TABLE `User_Established_Activities` ENABLE KEYS */;
UNLOCK TABLES;

--
-- Table structure for table `User_Health_Data`
--

DROP TABLE IF EXISTS `User_Health_Data`;
/*!40101 SET @saved_cs_client     = @@character_set_client */;
/*!40101 SET character_set_client = utf8 */;
CREATE TABLE `User_Health_Data` (
  `User_Health_Data_ID` int(11) NOT NULL AUTO_INCREMENT,
  `User_ID` int(11) DEFAULT NULL,
  `Height_Feet` varchar(45) DEFAULT NULL,
  `Height_Inches` varchar(45) DEFAULT NULL,
  `Weight` varchar(45) DEFAULT NULL,
  `BMI` varchar(45) DEFAULT NULL,
  `Date` date DEFAULT NULL,
  `User_Count` int(11) DEFAULT NULL,
  PRIMARY KEY (`User_Health_Data_ID`),
  KEY `User_ID_health` (`User_ID`),
  CONSTRAINT `User_ID_health` FOREIGN KEY (`User_ID`) REFERENCES `Users` (`User_ID`) ON UPDATE CASCADE
) ENGINE=InnoDB AUTO_INCREMENT=29 DEFAULT CHARSET=latin1;
/*!40101 SET character_set_client = @saved_cs_client */;

--
-- Dumping data for table `User_Health_Data`
--

LOCK TABLES `User_Health_Data` WRITE;
/*!40000 ALTER TABLE `User_Health_Data` DISABLE KEYS */;
INSERT INTO `User_Health_Data` VALUES (1,5,'5','8','139','21.1','2013-01-15',1),(2,5,'5','8','135','20.5','2013-01-17',2),(3,16,'5','4','119','20.4','2013-01-17',1),(4,7,'5','6','145','23.4','2013-01-18',1),(9,25,'6','0','150','20.3','2013-01-25',1),(11,14,'5','0','100','19.5','2013-01-25',1),(13,56,'5','6','143','23.1','2013-01-30',1),(14,25,'6','0','180','24.4','2013-02-04',2),(15,25,'6','0','175','23.7','2013-02-04',3),(18,25,'6','0','170','23.1','2013-02-04',4),(19,25,'6','0','172','23.3','2013-02-04',5),(20,4,'5','8','140','21.3','2013-02-11',1),(22,54,'4','11','100','20.2','2013-02-26',1),(23,54,'5','0','100','19.5','2013-02-26',2),(27,16,'5','1','141','26.6','2013-02-28',2),(28,16,'5','0','141','27.5','2013-02-28',3);
/*!40000 ALTER TABLE `User_Health_Data` ENABLE KEYS */;
UNLOCK TABLES;

--
-- Table structure for table `Users`
--

DROP TABLE IF EXISTS `Users`;
/*!40101 SET @saved_cs_client     = @@character_set_client */;
/*!40101 SET character_set_client = utf8 */;
CREATE TABLE `Users` (
  `User_ID` int(11) NOT NULL AUTO_INCREMENT,
  `First_Name` varchar(45) DEFAULT NULL,
  `Last_Name` varchar(45) DEFAULT NULL,
  `Zipcode` int(11) DEFAULT NULL,
  `DOB` date DEFAULT NULL,
  `Gender` varchar(45) DEFAULT NULL,
  `Age` varchar(45) DEFAULT NULL,
  `Race` varchar(45) DEFAULT NULL,
  `Address_Street_Name` varchar(95) DEFAULT NULL,
  `Adult` int(1) DEFAULT NULL,
  `Parent` int(1) DEFAULT NULL,
  `Child` int(1) DEFAULT NULL,
  `email_address` varchar(150) DEFAULT NULL,
  `Notes` varchar(400) DEFAULT NULL,
  `Address_Number` int(6) DEFAULT NULL,
  `Address_Street_Direction` varchar(3) DEFAULT NULL,
  `Address_Street_Type` varchar(15) DEFAULT NULL,
  `Phone` varchar(45) DEFAULT NULL,
  `Block_Group` varchar(45) DEFAULT NULL,
  PRIMARY KEY (`User_ID`)
) ENGINE=InnoDB AUTO_INCREMENT=61 DEFAULT CHARSET=latin1;
/*!40101 SET character_set_client = @saved_cs_client */;

--
-- Dumping data for table `Users`
--

LOCK TABLES `Users` WRITE;
/*!40000 ALTER TABLE `Users` DISABLE KEYS */;
INSERT INTO `Users` VALUES (3,'testing confirmation','lil box',60601,NULL,NULL,NULL,NULL,'Ingleside',0,0,1,NULL,NULL,6106,'S','Ave',NULL,NULL),(4,'Jessie','Murdock',60603,NULL,'F',NULL,NULL,NULL,1,0,0,NULL,NULL,NULL,NULL,NULL,NULL,NULL),(5,'Jessie','Dilts',60637,'2012-12-09','M','20','b','4425 W Haddon Ave',1,0,0,'',NULL,NULL,NULL,NULL,NULL,NULL),(6,'Jessie','Jean',0,'0000-00-00','F',NULL,NULL,NULL,0,1,0,NULL,NULL,NULL,NULL,NULL,NULL,NULL),(7,'Justin','T',60611,'1985-09-01','M',NULL,NULL,NULL,0,1,0,NULL,NULL,NULL,NULL,NULL,NULL,NULL),(8,'Jessie','Lil J',0,'1900-01-01','F',NULL,NULL,NULL,0,0,1,NULL,NULL,NULL,NULL,NULL,NULL,NULL),(9,'James','Murdock',60611,'2008-10-01','M',NULL,NULL,NULL,1,0,0,NULL,NULL,NULL,NULL,NULL,NULL,NULL),(11,'Lafayette','Virginia',60611,NULL,'F','12','w','9 Salisbury Rd',0,1,0,NULL,NULL,NULL,NULL,NULL,NULL,NULL),(12,'Checking','Survey',60606,NULL,'M','12','l','676 W. Halsted',1,0,0,NULL,NULL,NULL,NULL,NULL,NULL,NULL),(14,'Karl','Lagerfeld',60610,NULL,'M','60','w','',0,1,0,NULL,'user testing',NULL,NULL,NULL,NULL,NULL),(16,'Donna','Moss',60101,NULL,'F','20','w','3232 W. Hirsch St.',0,1,0,NULL,NULL,NULL,NULL,NULL,NULL,NULL),(17,'Charles','Young',60624,NULL,'M','20','b','4101 W Carroll Ave.',0,0,1,NULL,NULL,NULL,NULL,NULL,NULL,NULL),(18,'Zoey','Bartlet',60651,NULL,'F','12','w','4106 W Augusta Blvd.',1,0,0,NULL,NULL,NULL,NULL,NULL,NULL,NULL),(19,'Toby','Ziegler',60651,NULL,'M','45','w','4430 W. Haddon Ave.',1,0,0,NULL,NULL,NULL,NULL,NULL,NULL,NULL),(21,'Maggie','Wilson',60613,NULL,'F','20','w','Byron',0,0,0,'mwilson@chapinhall.org','',1340,'W','St','',NULL),(22,'Joshua','Lyman',60606,NULL,'M','35','w','',0,0,0,'j.lyman@gmail.com','',NULL,NULL,NULL,NULL,NULL),(24,'Leo','McGarry',60611,NULL,'M','60','w','',0,0,0,'leo@whitehouse.gov',NULL,NULL,NULL,NULL,NULL,NULL),(25,'Claudia Jean','Cregg',60611,NULL,'F','35','w','',0,0,0,'cjcregg@gmail.com',NULL,NULL,NULL,NULL,NULL,NULL),(26,'Testing','Type Choice',0,NULL,'M','12','b','',0,0,1,NULL,NULL,NULL,NULL,NULL,NULL,NULL),(27,'','',0,NULL,'','','','',0,0,0,'',NULL,NULL,NULL,NULL,NULL,NULL),(28,'Jaimerais','Terevoir',60611,NULL,'F','35','b','7 Place des Etoiles',1,0,0,'voeux@fr.free',NULL,NULL,NULL,NULL,NULL,NULL),(30,'test','twe',60654,NULL,'F','20','b','slkjfgh',0,1,0,'drge@yahoo.com',NULL,NULL,NULL,NULL,NULL,NULL),(31,'','1234',0,NULL,'F','','-----','',0,0,0,'',NULL,NULL,NULL,NULL,NULL,NULL),(33,'Rishi','Desai',60647,NULL,'M','20','a','2550 W. North Ave.',1,0,0,'rdesai@bickerdike.org',NULL,NULL,NULL,NULL,NULL,NULL),(34,'John','Doe',60647,NULL,'M','12','b','1926 N. Kedzie',0,1,0,'',NULL,NULL,NULL,NULL,NULL,NULL),(35,'','',0,NULL,'','','-----','',0,0,0,'',NULL,NULL,NULL,NULL,NULL,NULL),(36,'Pilar','Soto',0,NULL,'F','35','l','',0,1,0,'',NULL,NULL,NULL,NULL,NULL,NULL),(37,'Graciela','Soto',0,NULL,'F','12','l','',0,0,0,'',NULL,NULL,NULL,NULL,NULL,NULL),(38,'','',0,NULL,'','','-----','',0,0,0,'',NULL,NULL,NULL,NULL,NULL,NULL),(39,'Sam','Seborn',0,NULL,'M','35','o','',0,1,0,'',NULL,NULL,NULL,NULL,NULL,NULL),(40,'Test','Participant',60637,NULL,'F','35','w','9 Salisbury Rd',1,0,0,'test@test.net',NULL,NULL,NULL,NULL,NULL,NULL),(41,'Joy','Aruguete',60647,NULL,'F','35','l','North',1,0,0,'joyaruguete@bickerdike.org','',2550,'W','Ave','','170312406001019'),(42,'Jaimerais','Terevoir',0,NULL,'','','-----','',0,0,0,'',NULL,0,'','',NULL,NULL),(43,'Jaimerais','Terrar',0,NULL,'','','-----','',0,0,0,'',NULL,0,'','',NULL,NULL),(45,'check','check',0,NULL,'','','-----','',0,0,0,'',NULL,0,'','',NULL,NULL),(46,'Amy','Gardner',0,NULL,'F','35','b','North',0,1,0,'','',2550,'W','Ave','773-202-LUNA',NULL),(48,'Chris','Brown',60647,NULL,'M','20','w','North',1,0,0,'cbrown@lisc.org',NULL,2550,'W','Ave',NULL,NULL),(49,'Elle','Fanning',60683,NULL,'F','12','-----','',0,0,0,'','who is this really?',0,'','',NULL,NULL),(50,'Ruben','Garcia',60651,NULL,'M','12','l','Broadway',0,0,0,'rubengarz5@yahoo.com',NULL,3103,'N','',NULL,NULL),(53,'Testing','Phone',0,NULL,'F','35','b','',0,0,0,'','',0,'','','555-5142',NULL),(54,'El','Rousse',60606,NULL,'F','12','w','71st',0,0,0,'test.tester@php.net','Everything changes',900,'E','St','555-314-9256',NULL),(55,'a','galvan',0,NULL,'F','20','l','',1,0,0,'','',0,'','','000-000-0000',NULL),(56,'Check Youth','Number One',0,NULL,'F','12','b','',0,0,0,'',NULL,0,'','','',NULL),(59,'Claire','T',60660,NULL,'','','-----','',0,0,0,'',NULL,0,'','','',NULL),(60,'Test','Block-Group',0,NULL,'F','12','-----','Milwaukee',0,0,0,'',NULL,3600,'N','Ave','','170311612001000');
/*!40000 ALTER TABLE `Users` ENABLE KEYS */;
UNLOCK TABLES;

--
-- Table structure for table `Walkability_Assessment`
--

DROP TABLE IF EXISTS `Walkability_Assessment`;
/*!40101 SET @saved_cs_client     = @@character_set_client */;
/*!40101 SET character_set_client = utf8 */;
CREATE TABLE `Walkability_Assessment` (
  `Walkability_Assessment_ID` int(11) NOT NULL AUTO_INCREMENT,
  `Date_Evaluated` date DEFAULT NULL,
  `Cars_Stop` int(1) DEFAULT NULL,
  `Intersection_Assessed` varchar(100) DEFAULT NULL,
  `Speed_Limit_Obeyed` int(1) DEFAULT NULL,
  `No_Gaps_In_Sidewalk` int(1) DEFAULT NULL,
  `Crosswalk_Painted` int(1) DEFAULT NULL,
  PRIMARY KEY (`Walkability_Assessment_ID`)
) ENGINE=InnoDB AUTO_INCREMENT=5 DEFAULT CHARSET=latin1;
/*!40101 SET character_set_client = @saved_cs_client */;

--
-- Dumping data for table `Walkability_Assessment`
--

LOCK TABLES `Walkability_Assessment` WRITE;
/*!40000 ALTER TABLE `Walkability_Assessment` DISABLE KEYS */;
INSERT INTO `Walkability_Assessment` VALUES (1,'2013-01-07',1,'56th and Dorchester',1,1,NULL),(2,'2013-01-08',1,'61st and Ingleside',0,0,0),(3,'2013-01-22',1,'6200 block of Ingleside Ave.',0,0,0),(4,'2013-02-08',0,'1800 block of Halsted',0,1,0);
/*!40000 ALTER TABLE `Walkability_Assessment` ENABLE KEYS */;
UNLOCK TABLES;

--
-- Current Database: `ttm-enlace`
--

CREATE DATABASE /*!32312 IF NOT EXISTS*/ `ttm-enlace` /*!40100 DEFAULT CHARACTER SET latin1 */;

USE `ttm-enlace`;

--
-- Table structure for table `Absences`
--

DROP TABLE IF EXISTS `Absences`;
/*!40101 SET @saved_cs_client     = @@character_set_client */;
/*!40101 SET character_set_client = utf8 */;
CREATE TABLE `Absences` (
  `Absence_ID` int(11) NOT NULL AUTO_INCREMENT,
  `Participant_ID` int(11) DEFAULT NULL,
  `Program_Date` int(11) DEFAULT NULL,
  `Absent` int(11) DEFAULT NULL,
  PRIMARY KEY (`Absence_ID`),
  KEY `FK_Absences__Participants__Participant_ID_idx` (`Participant_ID`),
  CONSTRAINT `FK_Absences__Participants__Participant_ID` FOREIGN KEY (`Participant_ID`) REFERENCES `Participants` (`Participant_ID`) ON DELETE NO ACTION ON UPDATE NO ACTION
) ENGINE=InnoDB AUTO_INCREMENT=110 DEFAULT CHARSET=latin1;
/*!40101 SET character_set_client = @saved_cs_client */;

--
-- Dumping data for table `Absences`
--

LOCK TABLES `Absences` WRITE;
/*!40000 ALTER TABLE `Absences` DISABLE KEYS */;
INSERT INTO `Absences` VALUES (5,3,4,1),(6,6,7,1),(7,4,4,1),(8,1,2,1),(9,2,1,1),(10,6,8,1),(11,4,12,1),(12,11,21,1),(13,2,20,1),(14,3,23,1),(15,27,19,1),(16,15,29,1),(17,27,3,1),(18,20,2,1),(21,4,3,1),(22,4,34,1),(23,9,1,0),(24,11,1,0),(25,27,1,0),(26,9,16,0),(27,2,16,0),(28,11,16,0),(29,27,16,0),(30,9,18,0),(31,2,18,0),(32,11,18,0),(33,27,18,0),(34,9,19,0),(35,2,19,0),(36,11,19,0),(37,9,20,0),(38,11,20,0),(39,27,20,0),(40,9,21,0),(41,2,21,0),(42,27,21,0),(43,2,4,0),(44,13,4,0),(45,25,4,0),(46,3,5,0),(47,2,5,0),(48,4,5,0),(49,13,5,0),(50,25,5,0),(51,3,6,0),(52,2,6,0),(53,4,6,0),(54,13,6,0),(55,25,6,0),(56,3,13,0),(57,2,13,0),(58,4,13,0),(59,13,13,0),(60,25,13,0),(62,2,17,0),(63,4,17,0),(64,13,17,0),(65,25,17,0),(66,5,15,0),(67,3,15,0),(68,25,15,0),(69,5,22,0),(70,3,22,0),(71,25,22,0),(72,5,23,0),(73,25,23,0),(74,5,25,0),(75,3,25,0),(76,25,25,0),(78,3,27,0),(79,25,27,0),(80,1,28,0),(81,15,28,0),(82,4,28,0),(83,42,28,0),(84,43,28,0),(85,44,28,0),(86,1,29,0),(87,4,29,0),(88,42,29,0),(89,43,29,0),(90,44,29,0),(91,1,3,0),(92,20,3,0),(93,4,7,0),(94,21,7,0),(95,4,8,0),(96,21,8,0),(97,6,9,0),(98,4,9,0),(99,21,9,0),(100,6,10,0),(101,4,10,0),(102,21,10,0),(103,6,11,0),(104,4,11,0),(105,21,11,0),(106,6,12,0),(107,21,12,0),(108,5,24,0),(109,9,24,0);
/*!40000 ALTER TABLE `Absences` ENABLE KEYS */;
UNLOCK TABLES;

--
-- Table structure for table `Assessment_Responses`
--

DROP TABLE IF EXISTS `Assessment_Responses`;
/*!40101 SET @saved_cs_client     = @@character_set_client */;
/*!40101 SET character_set_client = utf8 */;
CREATE TABLE `Assessment_Responses` (
  `Assessment_Response_ID` int(11) NOT NULL AUTO_INCREMENT,
  `Question_ID` varchar(50) DEFAULT NULL,
  `Response_Select` int(11) DEFAULT NULL,
  `Response_Text` text,
  PRIMARY KEY (`Assessment_Response_ID`)
) ENGINE=InnoDB AUTO_INCREMENT=244 DEFAULT CHARSET=latin1;
/*!40101 SET character_set_client = @saved_cs_client */;

--
-- Dumping data for table `Assessment_Responses`
--

LOCK TABLES `Assessment_Responses` WRITE;
/*!40000 ALTER TABLE `Assessment_Responses` DISABLE KEYS */;
INSERT INTO `Assessment_Responses` VALUES (1,'BYS_1',0,'N/A'),(2,'BYS_1',1,'Strongly disagree'),(3,'BYS_1',2,'Disagree'),(4,'BYS_1',3,'Agree'),(5,'BYS_1',4,'Strongly agree'),(6,'BYS_2',0,'N/A'),(7,'BYS_2',1,'Strongly disagree'),(8,'BYS_2',2,'Disagree'),(9,'BYS_2',3,'Agree'),(10,'BYS_2',4,'Strongly agree'),(11,'BYS_3',0,'N/A'),(12,'BYS_3',1,'Strongly disagree'),(13,'BYS_3',2,'Disagree'),(14,'BYS_3',3,'Agree'),(15,'BYS_3',4,'Strongly agree'),(16,'BYS_4',0,'N/A'),(17,'BYS_4',1,'Strongly disagree'),(18,'BYS_4',2,'Disagree'),(19,'BYS_4',3,'Agree'),(20,'BYS_4',4,'Strongly agree'),(21,'BYS_5',0,'N/A'),(22,'BYS_5',1,'Strongly disagree'),(23,'BYS_5',2,'Disagree'),(24,'BYS_5',3,'Agree'),(25,'BYS_5',4,'Strongly agree'),(26,'BYS_6',0,'N/A'),(27,'BYS_6',1,'Mostly A\'s'),(28,'BYS_6',2,'Mostly B\'s'),(29,'BYS_6',3,'Mostly C\'s'),(30,'BYS_6',4,'Mostly D\'s'),(31,'BYS_7',0,'N/A'),(32,'BYS_7',1,'Yes'),(33,'BYS_7',2,'No'),(34,'BYS_7',3,'Not sure'),(36,'BYS_8',0,'N/A'),(37,'BYS_8',1,'More than 3 hours'),(38,'BYS_8',2,'Between 1-3 hours'),(39,'BYS_8',3,'An hour or less'),(41,'BYS_9',0,'N/A'),(42,'BYS_9',1,'Never'),(43,'BYS_9',2,'Once or twice'),(44,'BYS_9',3,'3 or more days'),(46,'BYS_T',0,'N/A'),(47,'BYS_T',1,'Very important'),(48,'BYS_T',2,'Somewhat important'),(49,'BYS_T',3,'Not at all important'),(51,'BYS_E',0,'N/A'),(52,'BYS_E',1,'Very important'),(53,'BYS_E',2,'Somewhat important'),(54,'BYS_E',3,'Not at all important'),(56,'JVQ_1',1,'Yes'),(57,'JVQ_1',2,'No'),(58,'JVQ_1',0,'No response'),(59,'JVQ_2',1,'Yes'),(60,'JVQ_2',2,'No'),(61,'JVQ_2',0,'No response'),(62,'JVQ_3',1,'Yes'),(63,'JVQ_3',2,'No'),(64,'JVQ_3',0,'No response'),(65,'JVQ_4',1,'Yes'),(66,'JVQ_4',2,'No'),(67,'JVQ_4',0,'No response'),(68,'JVQ_5',1,'Yes'),(69,'JVQ_5',2,'No'),(70,'JVQ_5',0,'No response'),(71,'JVQ_6',1,'Yes'),(72,'JVQ_6',2,'No'),(73,'JVQ_6',0,'No response'),(74,'JVQ_7',1,'Yes'),(75,'JVQ_7',2,'No'),(76,'JVQ_7',0,'No response'),(77,'JVQ_8',1,'Yes'),(78,'JVQ_8',2,'No'),(79,'JVQ_8',0,'No response'),(80,'JVQ_9',1,'Yes'),(81,'JVQ_9',2,'No'),(82,'JVQ_9',0,'No response'),(83,'JVQ_T',1,'Yes'),(84,'JVQ_T',2,'No'),(85,'JVQ_T',0,'No response'),(86,'JVQ_E',1,'Yes'),(87,'JVQ_E',2,'No'),(88,'JVQ_E',0,'No response'),(89,'Solve_Problems',0,'N/A'),(90,'Solve_Problems',1,'Not likely at all'),(91,'Solve_Problems',2,'May be likely but probably not'),(92,'Solve_Problems',3,'Could go either way'),(93,'Solve_Problems',4,'Very likely, not absolute'),(94,'Solve_Problems',5,'Definitely will'),(95,'Stay_Safe',0,'N/A'),(96,'Stay_Safe',1,'Not likely at all'),(97,'Stay_Safe',2,'May be likely but probably not'),(98,'Stay_Safe',3,'Could go either way'),(99,'Stay_Safe',4,'Very likely, not absolute'),(100,'Stay_Safe',5,'Definitely will'),(101,'Alive_Well',0,'N/A'),(102,'Alive_Well',1,'Not likely at all'),(103,'Alive_Well',2,'May be likely but probably not'),(104,'Alive_Well',3,'Could go either way'),(105,'Alive_Well',4,'Very likely, not absolute'),(106,'Alive_Well',5,'Definitely will'),(107,'Manage_Work',0,'N/A'),(108,'Manage_Work',1,'Not likely at all'),(109,'Manage_Work',2,'May be likely but probably not'),(110,'Manage_Work',3,'Could go either way'),(111,'Manage_Work',4,'Very likely, not absolute'),(112,'Manage_Work',5,'Definitely will'),(113,'Friends',0,'N/A'),(114,'Friends',1,'Not likely at all'),(115,'Friends',2,'May be likely but probably not'),(116,'Friends',3,'Could go either way'),(117,'Friends',4,'Very likely, not absolute'),(118,'Friends',5,'Definitely will'),(119,'Happy_Life',0,'N/A'),(120,'Happy_Life',1,'Not likely at all'),(121,'Happy_Life',2,'May be likely but probably not'),(122,'Happy_Life',3,'Could go either way'),(123,'Happy_Life',4,'Very likely, not absolute'),(124,'Happy_Life',5,'Definitely will'),(125,'Interesting_Life',0,'N/A'),(126,'Interesting_Life',1,'Not likely at all'),(127,'Interesting_Life',2,'May be likely but probably not'),(128,'Interesting_Life',3,'Could go either way'),(129,'Interesting_Life',4,'Very likely, not absolute'),(130,'Interesting_Life',5,'Definitely will'),(131,'Proud_Parents',0,'N/A'),(132,'Proud_Parents',1,'Not likely at all'),(133,'Proud_Parents',2,'May be likely but probably not'),(134,'Proud_Parents',3,'Could go either way'),(135,'Proud_Parents',4,'Very likely, not absolute'),(136,'Proud_Parents',5,'Definitely will'),(137,'Finish_HS',0,'N/A'),(138,'Finish_HS',1,'Not likely at all'),(139,'Finish_HS',2,'May be likely but probably not'),(140,'Finish_HS',3,'Could go either way'),(141,'Finish_HS',4,'Very likely, not absolute'),(142,'Finish_HS',5,'Definitely will'),(143,'Pay_Attention',0,'N/A'),(144,'Pay_Attention',1,'None'),(145,'Pay_Attention',2,'One'),(146,'Pay_Attention',3,'2-3'),(147,'Pay_Attention',4,'More than 3'),(148,'Check_In',0,'N/A'),(149,'Check_In',1,'None'),(150,'Check_In',2,'One'),(151,'Check_In',3,'2-3'),(152,'Check_In',4,'More than 3'),(153,'Compliment',0,'N/A'),(154,'Compliment',1,'None'),(155,'Compliment',2,'One'),(156,'Compliment',3,'2-3'),(157,'Compliment',4,'More than 3'),(158,'Upset_Discussion',0,'N/A'),(159,'Upset_Discussion',1,'None'),(160,'Upset_Discussion',2,'One'),(161,'Upset_Discussion',3,'2-3'),(162,'Upset_Discussion',4,'More than 3'),(163,'Crisis_Help',0,'N/A'),(164,'Crisis_Help',1,'None'),(165,'Crisis_Help',2,'One'),(166,'Crisis_Help',3,'2-3'),(167,'Crisis_Help',4,'More than 3'),(168,'Personal_Advice',0,'N/A'),(169,'Personal_Advice',1,'None'),(170,'Personal_Advice',2,'One'),(171,'Personal_Advice',3,'2-3'),(172,'Personal_Advice',4,'More than 3'),(173,'Know_You',0,'N/A'),(174,'Know_You',1,'None'),(175,'Know_You',2,'One'),(176,'Know_You',3,'2-3'),(177,'Know_You',4,'More than 3'),(178,'KnowImportance',0,'N/A'),(179,'KnowImportance',1,'None'),(180,'KnowImportance',2,'One'),(181,'KnowImportance',3,'2-3'),(182,'KnowImportance',4,'More than 3'),(183,'BYS_6',5,'Mostly F\'s'),(184,'Cowardice',0,'N/A'),(185,'Cowardice',4,'Disagree a lot'),(186,'Cowardice',3,'Disagree a little'),(187,'Cowardice',2,'Agree a little'),(188,'Cowardice',1,'Agree a lot'),(189,'Teasing_Prvention',0,'N/A'),(190,'Teasing_Prvention',4,'Disagree a lot'),(191,'Teasing_Prvention',3,'Disagree a little'),(192,'Teasing_Prvention',2,'Agree a little'),(193,'Teasing_Prvention',1,'Agree a lot'),(194,'Anger_Mgmt',0,'N/A'),(195,'Anger_Mgmt',1,'Disagree a lot'),(196,'Anger_Mgmt',2,'Disagree a little'),(197,'Anger_Mgmt',3,'Agree a little'),(198,'Anger_Mgmt',4,'Agree a lot'),(199,'Self_Defense',0,'N/A'),(200,'Self_Defense',4,'Disagree a lot'),(201,'Self_Defense',3,'Disagree a little'),(202,'Self_Defense',2,'Agree a little'),(203,'Self_Defense',1,'Agree a lot'),(204,'Coping',0,'N/A'),(205,'Coping',1,'Disagree a lot'),(206,'Coping',2,'Disagree a little'),(207,'Coping',3,'Agree a little'),(208,'Coping',4,'Agree a lot'),(209,'Handle_Others',0,'N/A'),(210,'Handle_Others',4,'Disagree a lot'),(211,'Handle_Others',3,'Disagree a little'),(212,'Handle_Others',2,'Agree a little'),(213,'Handle_Others',1,'Agree a lot'),(214,'Negotiation',0,'N/A'),(215,'Negotiation',1,'Disagree a lot'),(216,'Negotiation',2,'Disagree a little'),(217,'Negotiation',3,'Agree a little'),(218,'Negotiation',4,'Agree a lot'),(219,'Parent_Disapproval',0,'N/A'),(220,'Parent_Disapproval',1,'Disagree a lot'),(221,'Parent_Disapproval',2,'Disagree a little'),(222,'Parent_Disapproval',3,'Agree a little'),(223,'Parent_Disapproval',4,'Agree a lot'),(224,'Parent_Approval',0,'N/A'),(225,'Parent_Approval',4,'Disagree a lot'),(226,'Parent_Approval',3,'Disagree a little'),(227,'Parent_Approval',2,'Agree a little'),(228,'Parent_Approval',1,'Agree a lot'),(229,'Self_Awareness',0,'N/A'),(230,'Self_Awareness',1,'Disagree a lot'),(231,'Self_Awareness',2,'Disagree a little'),(232,'Self_Awareness',3,'Agree a little'),(233,'Self_Awareness',4,'Agree a lot'),(234,'Self_Care',0,'N/A'),(235,'Self_Care',1,'Disagree a lot'),(236,'Self_Care',2,'Disagree a little'),(237,'Self_Care',3,'Agree a little'),(238,'Self_Care',4,'Agree a lot'),(241,'JVQ_12',1,'Yes'),(242,'JVQ_12',2,'No'),(243,'JVQ_12',0,'No response');
/*!40000 ALTER TABLE `Assessment_Responses` ENABLE KEYS */;
UNLOCK TABLES;

--
-- Table structure for table `Assessments`
--

DROP TABLE IF EXISTS `Assessments`;
/*!40101 SET @saved_cs_client     = @@character_set_client */;
/*!40101 SET character_set_client = utf8 */;
CREATE TABLE `Assessments` (
  `Assessment_ID` int(11) NOT NULL AUTO_INCREMENT,
  `Participant_ID` int(11) DEFAULT NULL,
  `Baseline_ID` int(11) DEFAULT NULL,
  `Caring_ID` int(11) DEFAULT NULL,
  `Future_ID` int(11) DEFAULT NULL,
  `Violence_ID` int(11) DEFAULT NULL,
  `Pre_Post` int(11) DEFAULT NULL,
  `Date_Logged` timestamp NULL DEFAULT CURRENT_TIMESTAMP,
  `Session_ID` int(11) DEFAULT NULL,
  `Draft` int(11) NOT NULL DEFAULT '0',
  PRIMARY KEY (`Assessment_ID`),
  KEY `FK_Assessments__Participants__Participant_ID_idx` (`Participant_ID`),
  KEY `Session_ID` (`Session_ID`),
  CONSTRAINT `Assessments_ibfk_1` FOREIGN KEY (`Session_ID`) REFERENCES `Session_Names` (`Session_ID`)
) ENGINE=InnoDB AUTO_INCREMENT=32 DEFAULT CHARSET=latin1;
/*!40101 SET character_set_client = @saved_cs_client */;

--
-- Dumping data for table `Assessments`
--

LOCK TABLES `Assessments` WRITE;
/*!40000 ALTER TABLE `Assessments` DISABLE KEYS */;
INSERT INTO `Assessments` VALUES (1,5,29,28,24,29,1,'2013-08-15 20:49:30',8,0),(2,5,0,30,26,31,2,'2013-08-15 21:10:50',8,0),(3,0,30,31,27,32,1,'2013-08-19 18:59:38',8,0),(4,0,31,32,28,33,1,'2013-08-19 19:00:33',8,0),(5,15,32,33,29,34,1,'2013-08-19 19:01:40',6,0),(6,31,33,34,30,35,1,'2013-08-28 13:21:46',8,0),(7,3,34,35,31,36,1,'2013-08-28 20:05:43',8,0),(8,16,35,36,32,37,1,'2013-08-28 20:34:16',8,0),(9,16,0,37,33,38,2,'2013-08-28 20:35:26',8,0),(15,25,0,43,39,44,2,'2013-08-28 20:40:13',8,0),(16,25,0,44,40,45,2,'2013-08-28 20:40:13',8,0),(17,15,0,45,41,46,2,'2013-08-28 20:42:04',6,0),(27,4,45,55,51,56,1,'2013-09-10 20:10:38',7,0),(28,4,46,403,52,57,1,'2013-10-02 21:29:40',7,0),(29,4,0,404,53,58,2,'2013-10-02 21:30:53',8,0),(30,27,47,405,54,59,1,'2013-11-18 21:36:26',1,0),(31,33,48,406,55,60,1,'2013-11-18 22:21:12',11,0);
/*!40000 ALTER TABLE `Assessments` ENABLE KEYS */;
UNLOCK TABLES;


--
-- Table structure for table `Baseline_Assessment_Questions`
--

DROP TABLE IF EXISTS `Baseline_Assessment_Questions`;
/*!40101 SET @saved_cs_client     = @@character_set_client */;
/*!40101 SET character_set_client = utf8 */;
CREATE TABLE `Baseline_Assessment_Questions` (
  `Baseline_Assessment_Question_ID` varchar(50) NOT NULL,
  `Question` text,
  `In_Table` varchar(45) DEFAULT NULL,
  PRIMARY KEY (`Baseline_Assessment_Question_ID`)
) ENGINE=InnoDB DEFAULT CHARSET=latin1;
/*!40101 SET character_set_client = @saved_cs_client */;

--
-- Dumping data for table `Baseline_Assessment_Questions`
--

LOCK TABLES `Baseline_Assessment_Questions` WRITE;
/*!40000 ALTER TABLE `Baseline_Assessment_Questions` DISABLE KEYS */;
INSERT INTO `Baseline_Assessment_Questions` VALUES ('Alive_Well','When I think about the future Iwill be alive and well.','Participants_Future_Expectations'),('Anger_Mgmt','I don\'t need to fight because there are other ways to deal with being mad.','Participants_Interpersonal_Violence'),('BYS_1','I live in a neighborhood where people know and like each other.','Participants_Baseline_Assessments'),('BYS_2','People in my neighborhood are willing to help their neighbors','Participants_Baseline_Assessments'),('BYS_3','People in my neighborhood generally get along with each other','Participants_Baseline_Assessments'),('BYS_4','People in my neighborhood generally share the same beliefs about what is right and wrong.','Participants_Baseline_Assessments'),('BYS_5','People in my neighborhood can be trusted.','Participants_Baseline_Assessments'),('BYS_6','In the past 12 months, how would you describe your grades in school?','Participants_Baseline_Assessments'),('BYS_7','Are you receiving special education services (IEP)?','Participants_Baseline_Assessments'),('BYS_8','About how much time do you spend working on homework on an average school day?','Participants_Baseline_Assessments'),('BYS_9','In the past 30 days, how many times did you skip school when you were not sick?','Participants_Baseline_Assessments'),('BYS_E','How important is it to your family that you continue your education after high school?','Participants_Baseline_Assessments'),('BYS_T','How important is getting good grades to you?','Participants_Baseline_Assessments'),('Check_In','How many adults in your life would say something to you if something in your life wasn\'t going right?','Participants_Caring_Adults'),('Compliment','How many adults in your life say something nice to you when you do something good?','Participants_Caring_Adults'),('Coping','When actions of others make me angry, I can usually deal with it without getting into a physical fight.','Participants_Interpersonal_Violence'),('Cowardice','If I walked away from a fight, I\'d be a coward (\"chicken\").','Participants_Interpersonal_Violence'),('Crisis_Help','How many adults in your life could you go to for help in a crisis?','Participants_Caring_Adults'),('Finish_HS','Thinking about yourself and when you get older, how likely do you think it is that you will finish high school?','Participants_Future_Expectations'),('Friends','When I think about the future I think Iwill have friends and people that care about me.','Participants_Future_Expectations'),('Handle_Others','If a kid teases me or disses me, I usually cannot get them to stop unless I hit them.','Participants_Interpersonal_Violence'),('Happy_Life','When I think about the future I will have a happy life.','Participants_Future_Expectations'),('Interesting_Life','When I think about the future my life will be interesting.','Participants_Future_Expectations'),('JVQ_1','At any time in your life, did anyone steal something from you and never give it back? Things like a backpack, money, watch, clothing, bike, stereo, or anything else?','Participants_Baseline_Assessments'),('JVQ_12','At any time in your life, did a grown-up you did not know touch your private parts when they shouldn\'t have, make you touch their private parts or force you to have sex?','Participants_Baseline_Assessments'),('JVQ_2','Sometimes people are attacked with sticks, rocks, guns, knives, or other things that would hurt. At any time in your life, did anyone hit or attack you on purpose with an object or weapon? Somewhere like: at home, at school, at at a store, in a car, on the street, or anywhere else?','Participants_Baseline_Assessments'),('JVQ_3','At any time in your life, did anyone hit or attack you without using an object or weapon?','Participants_Baseline_Assessments'),('JVQ_4','At any time in your life, did you get scared or feel really bad because grown-ups in your life called you names, said mean things to you, or said they didn\'t want you','Participants_Baseline_Assessments'),('JVQ_5','Sometimes group of kids or gangs attack people. At any time in your life, did a group of kids or a gang hit, jump, or attack you?','Participants_Baseline_Assessments'),('JVQ_6','At any time in your life, did any kid, even a brother or sister, hit you? Somewhere like: at home, at school, out playing, in a store, or anywhere else?','Participants_Baseline_Assessments'),('JVQ_7','At any time in your life, did you get scared or feel really bad because kids were calling you names, saying mean things to you, or saying they didn\'t want you around?','Participants_Baseline_Assessments'),('JVQ_8','At any time in your life, did a grown-up you know touch your private parts when they shouldn\'t have or makr you touch their private parts? Or did a grown-up you know force you to have sex?','Participants_Baseline_Assessments'),('JVQ_9','At any time in your life, did you see a parent get pushed, slapped, hit, punched, or beat up by another parent, or their boyfriend or girlfriend?','Participants_Baseline_Assessments'),('JVQ_E','At any time in your life, were in you in any place in real life where you could see or hear people being shot, bombs going off, or street riots?','Participants_Baseline_Assessments'),('JVQ_T','At any time in your life, in real life, did you see anyone get attacked on purpose with a stick, rock, gun, knife, or other thing that would hurt? Somewhere like: at home, at school, at a store, in a car, on the street, or anywhere else?','Participants_Baseline_Assessments'),('KnowImportance','How many adults in your life know what is important to you?','Participants_Caring_Adults'),('Know_You','How many adults in your life know a lot about you?','Participants_Caring_Adults'),('Manage_Work','When I think about the future Iam sure that Ican handle work or school.','Participants_Future_Expectations'),('Negotiation','If I really want to, I can usually talk someone out of trying to fight with me.','Participants_Interpersonal_Violence'),('Parent_Approval','If a student hits me first, my family would want me to hit them back.','Participants_Interpersonal_Violence'),('Parent_Disapproval','My family would be mad at me if I got in a fight with another student, no matter what the reason.','Participants_Interpersonal_Violence'),('Pay_Attention','How many adults in your life pay attention to what\'s going on in your life?','Participants_Caring_Adults'),('Personal_Advice','How many adults in your life could you go to if you need advice about personal problems?','Participants_Caring_Adults'),('Proud_Parents','When I think about the future my parents will be proud of me.','Participants_Future_Expectations'),('Self_Awareness','I usually can tell when things are bothering me or getting on my nerves.','Participants_Interpersonal_Violence'),('Self_Care','If things are bothering me or getting on my nerves, I do things to relax.','Participants_Interpersonal_Violence'),('Self_Defense','It\'s okay to hit someone who hits you first.','Participants_Interpersonal_Violence'),('Solve_Problems','When I think about the future I am sure I can handle the problems that might come up.','Participants_Future_Expectations'),('Stay_Safe','When I think about the future Iwill be able to stay safe and out of danger.','Participants_Future_Expectations'),('Teasing_Prevention','Anyone who won\'t fight is going to be picked on even more.','Participants_Interpersonal_Violence'),('Upset_Discussion','How many adults in your life could you talk to if you are upset or mad about something?','Participants_Caring_Adults'),('US_Born','Were you born in the US? (optional)','Participants_Baseline_Assessments');
/*!40000 ALTER TABLE `Baseline_Assessment_Questions` ENABLE KEYS */;
UNLOCK TABLES;

--
-- Table structure for table `Campaigns`
--

DROP TABLE IF EXISTS `Campaigns`;
/*!40101 SET @saved_cs_client     = @@character_set_client */;
/*!40101 SET character_set_client = utf8 */;
CREATE TABLE `Campaigns` (
  `Campaign_ID` int(11) NOT NULL AUTO_INCREMENT,
  `Campaign_Name` varchar(150) DEFAULT NULL,
  PRIMARY KEY (`Campaign_ID`)
) ENGINE=InnoDB AUTO_INCREMENT=6 DEFAULT CHARSET=latin1;
/*!40101 SET character_set_client = @saved_cs_client */;

--
-- Dumping data for table `Campaigns`
--

LOCK TABLES `Campaigns` WRITE;
/*!40000 ALTER TABLE `Campaigns` DISABLE KEYS */;
INSERT INTO `Campaigns` VALUES (1,'Youth Violence'),(2,'Immigration'),(3,'Public Safety'),(4,'Job Retention'),(5,'Working Groups');
/*!40000 ALTER TABLE `Campaigns` ENABLE KEYS */;
UNLOCK TABLES;

--
-- Table structure for table `Campaigns_Events`
--

DROP TABLE IF EXISTS `Campaigns_Events`;
/*!40101 SET @saved_cs_client     = @@character_set_client */;
/*!40101 SET character_set_client = utf8 */;
CREATE TABLE `Campaigns_Events` (
  `Campaign_Event_ID` int(11) NOT NULL AUTO_INCREMENT,
  `Event_Name` varchar(100) DEFAULT NULL,
  `Event_Date` date DEFAULT NULL,
  `Campaign_ID` int(11) DEFAULT NULL,
  `Address_Num` varchar(45) DEFAULT NULL,
  `Address_Dir` varchar(1) DEFAULT NULL,
  `Address_Street` varchar(45) DEFAULT NULL,
  `Address_Suffix` varchar(45) DEFAULT NULL,
  `Block_Group` varchar(45) DEFAULT NULL,
  `Type` int(11) DEFAULT NULL,
  `Note_File_Name` varchar(100) DEFAULT NULL,
  `Note_File_Size` varchar(45) DEFAULT NULL,
  `Note_File_Type` varchar(45) DEFAULT NULL,
  `Note_File_Content` longblob,
  PRIMARY KEY (`Campaign_Event_ID`)
) ENGINE=InnoDB AUTO_INCREMENT=29 DEFAULT CHARSET=latin1;
/*!40101 SET character_set_client = @saved_cs_client */;

--
-- Dumping data for table `Campaigns_Events`
--

LOCK TABLES `Campaigns_Events` WRITE;
/*!40000 ALTER TABLE `Campaigns_Events` DISABLE KEYS */;
INSERT INTO `Campaigns_Events` VALUES (11,'March','2013-06-01',3,NULL,NULL,NULL,NULL,NULL,1,NULL,NULL,NULL,NULL),(12,'Meeting with Alderman','2013-06-08',3,NULL,NULL,NULL,NULL,NULL,2,NULL,NULL,NULL,NULL),(13,'Second Day of June','2013-06-02',2,NULL,NULL,NULL,NULL,NULL,3,'Enlace walkthrough agenda (July 8).docx','16542','application/vnd.openxmlformats-officedocument','PK\0\0\0\0\0!\0!}\0\0\0\0\0[Content_Types].xml (\0\0\0\0\0\0\0\0\0\0\0\0\0\0\0\0\0\0\0\0\0\0\0\0\0\0\0\0\0\0\0\0\0\0\0\0\0\0\0\0\0\0\0\0\0\0\0\0\0\0\0\0\0\0\0\0\0\0\0\0\0\0\0\0\0\0\0\0\0\0\0\0\0\0\0\0\0\0\0\0\0\0\0\0\0\0\0\0\0\0\0\0\0\0\0\0\0\0\0\0\0\0\0\0\0\0\0\0\0\0\0\0\0\0\0\0\0\0\0\0\0\0\0\0\0\0\0\0\0\0\0\0\0\0\0\0\0\0\0\0\0\0\0\0\0\0\0\0\0\0\0\0\0\0\0\0\0\0\0\0\0\0\0\0\0\0\0\0\0\0\0\0\0\0\0\0\0\0\0\0\0\0\0\0\0\0\0\0\0\0\0\0\0\0\0\0\0\0\0\0\0\0\0\0\0\0\0\0\0\0\0\0\0\0\0\0\0\0\0\0\0\0\0\0\0\0\0\0\0\0\0\0\0\0\0\0\0\0\0\0\0\0\0\0\0\0\0\0\0\0\0\0\0\0\0\0\0\0\0\0\0\0\0\0\0\0\0\0\0\0\0\0\0\0\0\0\0\0\0\0\0\0\0\0\0\0\0\0\0\0\0\0\0\0\0\0\0\0\0\0\0\0\0\0\0\0\0\0\0\0\0\0\0\0\0\0\0\0\0\0\0\0\0\0\0\0\0\0\0\0\0\0\0\0\0\0\0\0\0\0\0\0\0\0\0\0\0\0\0\0\0\0\0\0\0\0\0\0\0\0\0\0\0\0\0\0\0\0\0\0\0\0\0\0\0\0\0\0\0\0\0\0\0\0\0\0\0\0\0\0\0\0\0\0\0\0\0\0\0\0\0\0\0\0\0\0\0\0\0\0\0\0\0\0\0\0\0\0\0\0\0\0\0\0\0\0\0\0\0\0\0\0\0\0\0\0\0\0\0\0\0\0\0\0\0\0\0\0\0\0\0\0\0\0\0\0\0\0\0\0\0\0\0\0\0\0\0\0\0\0\0\0\0\0\0\0\0\0\0\0\0\0\0\0\0\0\0\0\0\0\0\0\0\0\0\0\0\0\0\0\0\0\0\0\0\0\0\0\0\0\0\0\0MO@&f]`pP<*v\nY\Z4@Q}+]DIY72{a&55 zHm0e(g&z-)wB~)NKk{Oy>$\ndcJpPR\"H7		)=8So	JUH\"4ak:Crfs%n[	Ts]$lr\'A\ZV*yKOm{\Z@>%{m7V%Lb$I\'Th[!\r{6Ges,sC\ZbNRS;AA3yHA9b3dj\0\0\0\0PK\0\0\0\0\0!\0\Z\0\0\0N\0\0\0_rels/.rels (\0\0\0\0\0\0\0\0\0\0\0\0\0\0\0\0\0\0\0\0\0\0\0\0\0\0\0\0\0\0\0\0\0\0\0\0\0\0\0\0\0\0\0\0\0\0\0\0\0\0\0\0\0\0\0\0\0\0\0\0\0\0\0\0\0\0\0\0\0\0\0\0\0\0\0\0\0\0\0\0\0\0\0\0\0\0\0\0\0\0\0\0\0\0\0\0\0\0\0\0\0\0\0\0\0\0\0\0\0\0\0\0\0\0\0\0\0\0\0\0\0\0\0\0\0\0\0\0\0\0\0\0\0\0\0\0\0\0\0\0\0\0\0\0\0\0\0\0\0\0\0\0\0\0\0\0\0\0\0\0\0\0\0\0\0\0\0\0\0\0\0\0\0\0\0\0\0\0\0\0\0\0\0\0\0\0\0\0\0\0\0\0\0\0\0\0\0\0\0\0\0\0\0\0\0\0\0\0\0\0\0\0\0\0\0\0\0\0\0\0\0\0\0\0\0\0\0\0\0\0\0\0\0\0\0\0\0\0\0\0\0\0\0\0\0\0\0\0\0\0\0\0\0\0\0\0\0\0\0\0\0\0\0\0\0\0\0\0\0\0\0\0\0\0\0\0\0\0\0\0\0\0\0\0\0\0\0\0\0\0\0\0\0\0\0\0\0\0\0\0\0\0\0\0\0\0\0\0\0\0\0\0\0\0\0\0\0\0\0\0\0\0\0\0\0\0\0\0\0\0\0\0\0\0\0\0\0\0\0\0\0\0\0\0\0\0\0\0\0\0\0\0\0\0\0\0\0\0\0\0\0\0\0\0\0\0\0\0\0\0\0\0\0\0\0\0\0\0\0\0\0\0\0\0\0\0\0\0\0\0\0\0\0\0\0\0\0\0\0\0\0\0\0\0\0\0\0\0\0\0\0\0\0\0\0\0\0\0\0\0\0\0\0\0\0\0\0\0\0\0\0\0\0\0\0\0\0\0\0\0\0\0\0\0\0\0\0\0\0\0\0\0\0\0\0\0\0\0\0\0\0\0\0\0\0\0\0\0\0\0\0\0\0\0\0\0\0\0\0\0\0\0\0\0\0\0\0\0\0\0\0\0\0\0\0\0\0\0\0\0\0\0\0\0\0\0\0\0\0\0\0\0\0JAa}7\n\"Hw\"w P^O;<aY`GkxmPY[g\rGino/<<1A$>\"f3\\TI	SWY\rig@X6_]7\Z~\nfao.b*lIrj),\Zl0%b\n6iD_,		|uZ^ty;!Y,}{C/h>\0\0\0PK\0\0\0\0\0!\0D,\0\0>\0\0\0word/_rels/document.xml.rels (\0\0\0\0\0\0\0\0\0\0\0\0\0\0\0\0\0\0\0\0\0\0\0\0\0\0\0\0\0\0\0\0\0\0\0\0\0\0\0\0\0\0\0\0\0\0\0\0\0\0\0\0\0\0\0\0\0\0\0\0\0\0\0\0\0\0\0\0\0\0\0\0\0\0\0\0\0\0\0\0\0\0\0\0\0\0\0\0\0\0\0\0\0\0\0\0\0\0\0\0\0\0\0\0\0\0\0\0\0\0\0\0\0\0\0\0\0\0\0\0\0\0\0\0\0\0\0\0\0\0\0\0\0\0\0\0\0\0\0\0\0\0\0\0\0\0\0\0\0\0\0\0\0\0\0\0\0\0\0\0\0\0\0\0\0\0\0\0\0\0\0\0\0\0\0\0\0\0\0\0\0\0\0\0\0\0\0\0\0\0\0\0\0\0\0\0\0\0\0\0\0\0\0\0\0\0\0\0\0\0\0\0\0\0\0\0\0\0\0\0\0\0\0\0\0\0\0\0\0\0\0\0\0\0\0\0\0\0\0\0\0\0\0\0\0\0\0\0\0\0\0\0\0\0\0\0\0N0HC;M;`Ch.+qNSh*=-+=:5	`+S$}r$arQ[	;\0Mz}~Z/j0.V5,AmguZ]!?E|EK,x<an`wh|?UJUG#jg@z?\n]B8[\'+\Z:cbNvs7{g)\ZY7 fO/(N	~}\0\0\0PK\0\0\0\0\0!\0e_\0\0 \0\0\0\0\0word/document.xmlZn6_@N?Ld&)zYmq#*Iu1@I#%9\";LgXD#:%M)^@e|pv4 PD\n6\nVLoj9dLBY8\nbcaT<TReYw)U={[d*T%)51^3RjTnJCzF\rh+2rJK-BRPOh[,-8vK :\ZJ\r*HmJ,Z\'*KEp#\'ZWm$2\"Bg%IJX4EF|N|_+gkq2ynMH;v_DI4cI\\HE	$ZFd0XLe,\0vzo.Ouf4O{r\rVO&-GdwZ.kB3\'PrCr%\Z2=n*P/b>1rJ\'+\0;<hg\ZH#137&$b4sD+R6\\,r/\"OdTDJrdsDLPPS_SqX\rQPx`s{jPgQ)Z`L\"DVm.1AQR7DqTCWLS|p!EX\\--vxv4DK@\n-$)SHk5MPEzwT8x#d\0?DVZ\\\0 h>,QTK~a]:i%yxN3\06%\\0BFlC15D2O\"Hf.bP1i_\n\0e&L\"SvU\";$FYd\0${pv*\r$Au\np@1LDm{`JVlcXM07m[Soh2$Aw[v{I[6c\n ^Lt@0}Y8=	{catN&LfrA)G>@QS:E_	K\Z^YeC [LJ\\lupk&i&V!}JJ_7],Y2nJWn1/^bN7x\",J Pg{DI\r$k/6\rQ`c\0^6!!SFun	_Kd}@%	 I57Jl-\0\'gE2G?65	h&XmOwly)XemqNn\nCCPy\r:QnDVv#+-Fb< *gX>Z\rtaF9y~->So^Z[Bmn\\hYz\\P=,B2<fi.>rnXvpy?:|PuB`$l7\nf5,nH~;2W]m()Lc2\r	n	.R2h90e&FMk@zH6h;{moM+$%4Ff\"1X~oh<gWv7$N}[wv)6*(<t t*nwI*aa&H#*g*}q\0F<2TFZW1Cu(g;go\'{P7=^nWwE3[I0m{{TJ3ND|5^^_n\\s>BHoE3R]%9fh*|`je+}7TUYh&5~o;ljw\"wx[p0py)cd6\nN1\"14F6n5\nNsk[(-aGnByx\"1x3{	\0\0\0PK\0\0\0\0\0!\00C)\0\0\0\0\0\0\0word/theme/theme1.xmlYOo6w toc\'v\Zu-MniP@I}ama[4:lGRX^6>$!)O^rC$y@/yH*)UDb`}\"qJX^)I`nEp)liV[]1M<\ZOP6r=zgbIguSebORDqu	gZo~lAplxpT0+[}`jzA\0V2Fi@qv5\\|NleXdsjcs7f\rW+7`gJ\Zj|h(KD-\0\rdXiJ(x$(:;!I_TS1?E??ZBmU/?~xY\'y5g&/>GMGeD3Vq%\'#q$8K)fw9:\nx}rxwr:\\TZaG*y8IjbRc|XI\nu3KGnD1NIBs\nRuK>V.EL+M2#\'fi~Vvl{u8zH\n*:(W\r~JTe\\O*tHGHY\0}KNP*T9/#A7qZ$*c?qUnwN%Oi4=3N)cbJ\ruV4(Tn\n7_?m-{UBw<w_$#[8{(/$0hF{L)#7i%=A:s$),Qg20ppf\r\\}DU4p\nM{DB%J+{lC]=5\n2FhsF+Y\\n:3E[69`&45Z!*5k8`Fmw-\"d>zn\"ZxJZp;\Z{/<P;,)\'\'KQk5qpN8KGbe\rSd\\17	pa>SR!\r\r3\0K4\'+rzQ\nTTIIvt]KcK#v5+|D\Z~O@%\\w_nN[L9KqgVhn\nR!y+Un;*&/HrT	>>\\\rt=.T\n\ZS; Z~!P9giC!#	B,;X=,I2UWV9$lk=Aj;{AP79|s*Y;[MChf]o{oY=1k\ZyV\0V5E8Vk+\\80X4D)!!?*|fv\ru\"xA@T_q64)kuV7t\'%;i9s9x,-45xd8?d/Y|t&LILJ`& -Gt/\0\0\0\0PK\0\0\0\0\0!\0/^y~\0\0	\0\0\0\0\0word/settings.xmlVn6w0t=G-aZkQ@IM\'\ZQbL>33V$\Za^2F ^#*8^Fv\Zlz*YN<uu!1 C>1fH=5r\\	&!%\\INXFybHcErq8\nw?AB]/U07b0\'\"u6\nhk-.VEgR\nk\rb/jT@co;@<M\\WU| B\ZzJ\nMYtM6jsUEvL(\0#A%gE1em~TAg-#Oq25>GTFH`:#y1TV\'Pe*$@Fp\r|G\rt$z\'|Zw1S\Z[\ZE^%KayU\ZP\rxr\0skLEF4O\\%v=QJUcq(-\',Z!L(CgI|.,[4n:[#|6LV I2eY:dy:!4u<<Y\rq4`6wCdr<Q V*F{^a(X^5/1=R4e\0ch(-D->8tqA*//%\Z\nI\\e>aRVwPOge}zeu1t#e<vD\r|pGytae1*pw=z4=\rnz,f=mh/OS,\'XiAhqw .W$}BC]#tA9~kb$5CplhduT#@JJ6qE+ssDKLF(?\0\0\0\0PK\0\0\0\0\0!\0v\0\0C\0\0\0\0\0word/styles.xml\\n8}_`A{K.nE6@u}e:f#^I_!Ee\r#e}JDsf83{I*d<@D|?n/^xBS?tf/!O=0Q0Y<`#KL\"erXZ2ZLLE(?bE\"g2XE<p~/!Xq4D$2OS:\nTE\"Hd*;=)S0}>	xOLg|Va&1\n\\8KcBH\'q*|YmPOmY1~O!#p*6Bc<=vh\nv>K&\'X]nWaCQ@(P\Z^ZWA\0V4Z|~%>dpc#]$B&Pc	b6jx!fR>[73phU/U_	P8:ko@	!:[Q;0Uk\0uu&m^\0BU@_q?(Y5RE3*E8R#3*%8R3*	oQoJ:wWq5HVd!Ww%V\'lTc-,\'iFsd97tgu_rR\\[uJP_%&<lma7!B3xYga&\\^EMrj~%+\ZLG54\'.3!F4;.^jB%n!}W9[+>viCG^#{*CWa\Za--MlHb7;	FS\\y9\Z7=hosJXCv\\\0L?P6di{l5+\0-tYzXyT.IGCyT4SO9]s\0jB?Hiiv1,;23&U{k7	(	MsvJMVg}U5sTTfuCn\0\ryw3HwMrE&\0#.-P	@|g=mM@qNP	(#o>R	%,Kun\0\ry!oP7M\0	@;&`9s\"y\0pV]M@qNP	()=TMG\\`aq\ry\"	@7&\0\'f\rSM\0rT$o37l%ooNUZ#`9\'e	@k\\\"	uCn\0A#o37XN-7,P	@q9yPT%osvJj:V7M\0lM |@\\\ry\"	@;&`9s\"y\0\r=[x_zo55I\09O@di	GXSH^)2B+/NA?$~}<,7o@=T<I	e	ef!2 ] zdQTe9,@+$Q_2[SyP\n6 TYjCp6|1Z0)9wn;1gTgCt\0kHQ8_^eYWM9h!jF~\nr|B\"7U4jWa~4L-g R+K/R?5q-:wAc-+eX[)&J)n-u2$J7KZ$(?q.}nQ&kBzhKXsY6y\rk\Z};eU0BA0bD-;|FNrUAgW?{g\Zj2_.c/@LiSp7#GC>W}<LMe~~ZZEg\n~U4	UwT\nxmpJai&hPyDv*\r5yp>p-\"o.(F5(Q]T\raTmj?vPQx}wHi+qad%rb?$Z@d\nFHO`KN-\0\0\0PK\0\0\0\0\0!\0[gx	\0\0zF\0\0\Z\0\0\0word/stylesWithEffects.xml\\[s~4zO}I\Zuwd:Lt$j%9i/R,Yh)g<%H|\0|\"3\n\'fBsf{<Js;rX(c>_x?|/!<gI07y\\FYD\"He&@F#^e\ZM12YhW,~boEMi21`e\Z<{#QmrE9i|a:\n%Z!X6W^`8GQCAF$J7JOxbs29kY)>N3g3VzQ}P-Z82xD:PT,4}K*U\'VJKyU2\']lX}/\n.nbe\Z=O<m<S<\'Yy=_,(D~32lMiJ#2X8bJi3CK;YzTFhfbnc<<*	 \0s$,pB;[lK\0*k;L\roV|G,\n&.x$aXnx|U9gg#18ga3I3ojp\nmEDp/3U< Z\r4UU\r@Nq_\"0xp;5>?jE#:W4sE#F:W4BsE#:W4\rw\\0$znN!:Sj,e)K6*ubi\"O<#PUd2.[>TMx0[,xIoOtx\nU;ooE{p%l;_mTl\r4r5T)5\n\0	\\	._.EG\'1>ik^3LNz9gV>$fCe\'7J:QgwhL6-N\"gXt\'v--;\0%ts+3(71|]qvyT4O9_s\0WBh?H_iV1;23&g5&;Zf&kIj\Z>rQu\ndO!o0M\0\Z	@d8&`9s*ypG}T%o37h3up;\0yP$owS\\\"e5y!o0M\0\Z	@7?ywG,gnZ%o3=X*yp7%oW\'oM@qNP!\Z%oNq	b0Mh&\0\rCa\0A#o37XN7,P	@1_	(j7;5B<GrvP\r77yp@.\rC!o0M\0O 7,V\0LJ gnK#Ng5\ZZ&`9;e5y00{7Ya`0M\0O 7,V\0LJ gnPl(z%[\rdi|S*Cz: R>z-BPHt*w\\y_uLca{j=Zvf\rB\0aO\r4XDl2w[C3O&^kWL	Iw}FRZ^R+U0co}LU\"c07;gzb\Zi0{<\Z:2|lCw-8YvrxuC\Z:khRdolSVl{4XHFq:1R	\'N8=pF^i	8>LR\0-PN2\\uK\08-izwuJshK$S~vBjj936{k*}zm~\r,CM&Mi4uiiQKG.!_+VA1k2e>^VUe2}mioR->87@{Fnm\'m[PGz/%S=~KoUcyV@{\"KGCEQ\\jtist Gz*HWaTm*m9h$<~._cRzh<\\EoYR *9d\n-M!\")=).d\0\0\0PK\0\0\0\0\0!\0\0\0\0\0\0docProps/app.xml (\0\0\0\0\0\0\0\0\0\0\0\0\0\0\0\0\0\0\0\0\0\0\0\0\0\0\0\0\0\0\0\0\0\0\0\0\0\0\0\0\0\0\0\0\0\0\0\0\0\0\0\0\0\0\0\0\0\0\0\0\0\0\0\0\0\0\0\0\0\0\0\0\0\0\0\0\0\0\0\0\0\0\0\0\0\0\0\0\0\0\0\0\0\0\0\0\0\0\0\0\0\0\0\0\0\0\0\0\0\0\0\0\0\0\0\0\0\0\0\0\0\0\0\0\0\0\0\0\0\0\0\0\0\0\0\0\0\0\0\0\0\0\0\0\0\0\0\0\0\0\0\0\0\0\0\0\0\0\0\0\0\0\0\0\0\0\0\0\0\0\0\0\0\0\0\0\0\0\0\0\0\0\0\0\0\0\0\0\0\0\0\0\0\0\0\0\0\0\0\0\0\0\0\0\0\0\0\0\0\0\0\0\0\0\0\0\0\0\0\0\0\0\0\0\0\0\0\0\0\0\0\0\0\0\0\0\0\0\0\0\0\0\0\0\0\0\0\0\0\0\0\0\0\0\0\0\0SMo00|odY!9N A_?ngi>=~\nQ;.giYUv./W\"&5\Zgi])7;xSHb6}J~%DT{j1Nlb0k\Zlt)5a3IkT=PQ\r&bH@J$\"xE9xvrqc@=9[,s0VE -lIr\nbWm#pl\ZM$>fpHB/^,~`l<`h[danqmcEep.\\&-Cl,KazG> 6g|erg[*ogyk;_[>y\'s`T~>]7|p)?r|	O$\0\0\0PK\0\0\0\0\0!\0Q\0\0\0\0\0docProps/core.xml (\0\0\0\0\0\0\0\0\0\0\0\0\0\0\0\0\0\0\0\0\0\0\0\0\0\0\0\0\0\0\0\0\0\0\0\0\0\0\0\0\0\0\0\0\0\0\0\0\0\0\0\0\0\0\0\0\0\0\0\0\0\0\0\0\0\0\0\0\0\0\0\0\0\0\0\0\0\0\0\0\0\0\0\0\0\0\0\0\0\0\0\0\0\0\0\0\0\0\0\0\0\0\0\0\0\0\0\0\0\0\0\0\0\0\0\0\0\0\0\0\0\0\0\0\0\0\0\0\0\0\0\0\0\0\0\0\0\0\0\0\0\0\0\0\0\0\0\0\0\0\0\0\0\0\0\0\0\0\0\0\0\0\0\0\0\0\0\0\0\0\0\0\0\0\0\0\0\0\0\0\0\0\0\0\0\0\0\0\0\0\0\0\0\0\0\0\0\0\0\0\0\0\0\0\0\0\0\0\0\0\0\0\0\0\0\0\0\0\0\0\0\0\0\0\0\0\0\0\0\0\0\0\0\0\0\0\0\0\0\0\0\0\0\0\0\0\0\0\0\0\0\0\0\0\0\0\0QO0M2N,Q\'83[Fh[`C6}ssK6Uc9#Lq!Qi$\0)/Fi0N\r<Im)m625uhJ)%	!G9uPDtDr6 :\0g*A:(?^tYw1Y/iI>]PvWPq2)S,iY\nJfx[uK\0p463v}&+_\r<IY\'O*&$NBr*6|[Px&:7\0\0\0\0PK\0\0\0\0\0!\0\Z\0\0	\0\0\0\0\0word/fontTable.xml_o0\';D~/qB(P:=l[=ElG!NA\"=7?\"S)zTdr:E?7#hCRFI.zm)\'a\rDdIRqbZ$/aKV0scoQmqy2(8J7[u[%T2Zy8ah%gFeJjl&+\nLle-\"UQ5AbThK\"I\"!1c<wZlCx!rN8+*GJfM3gfkPwzS	c?,+(JKq\nd|%|Yn\'$qGo\0HXN<u^M@$D~A&m-V7g6b/+Q4RonjTKg(\\ Ru}8~R8l\r!N8t1\'[*J\"W[$Ppl\'-t	/p_$ <_4\Z	G4\Zs}$mDY\rXf1qp*x4<USRbyRZf>|+b2p\'	[OKCZ\nNZ\ZJSKoi(?=\r\0\0\0PK\0\0\0\0\0!\0N\0\0\0\0\0\0\0word/webSettings.xmlJ1;,\"t R\"\0ivvdLjOo ^z$@_f^\nS/$0O:QbgH(AZ[n)B(#1TJ4\Z~%&.U]_oQh;;l]-e!2Y)?yh\\e?e\Z,OUxB*sP}br>aM|XKd\0\0\0PK\0\0\0\0\0!\0j[#\0\0%\0\0\0\0\0word/numbering.xmlZn6w0te5nb@S(LWh)$mM<?xGo~l!JS)fAt\\Rq7^M6X,1WNEDzY6&Nc}i+sJ$J(BLh\rz`6VRqlTw!kFIF\\!+2u?J	NLsN),0A\n4j)K6MbY9nEq^5Y\noa)c8s8_Czl2**~.sW%r\'v#Vlfv%E;)h5H0NH<FFdp	/Q85r>hw\"4]B3h	BaZa3C?\racm}n+Gw$]\n\"|5\"b\Z!4*|ZL)99(tj\\Si%.Y:Yg(;*$m,~+\n(AVE+\'0\ZN)%jl<s.\nh{K	X EG@s*\r,q?I6l6.Z^5D\'%UlV@.^Ly6\nZC7h4s/)_b~\Zzfv9m\nnw\Z7H%`ZC7h.ZB/z(TxPqI7Oq\')cNu;8&nKyd>GQ\'u6WdN6?(xklp=~Oy8Oy8OydHyeawyQ#Oyn[S<m>{\'<}\"<}0<q2Myu\0_o8\r1osO\nkN=\0\0\0PK-\0\0\0\0\0\0!\0!}\0\0\0\0\0\0\0\0\0\0\0\0\0\0\0\0\0\0\0\0\0[Content_Types].xmlPK-\0\0\0\0\0\0!\0\Z\0\0\0N\0\0\0\0\0\0\0\0\0\0\0\0\0\0\0\0\0_rels/.relsPK-\0\0\0\0\0\0!\0D,\0\0>\0\0\0\0\0\0\0\0\0\0\0\0\0\0\0\0\0word/_rels/document.xml.relsPK-\0\0\0\0\0\0!\0e_\0\0 \0\0\0\0\0\0\0\0\0\0\0\0\0\0\0Y	\0\0word/document.xmlPK-\0\0\0\0\0\0!\00C)\0\0\0\0\0\0\0\0\0\0\0\0\0\0\0\0\0\0\0word/theme/theme1.xmlPK-\0\0\0\0\0\0!\0/^y~\0\0	\0\0\0\0\0\0\0\0\0\0\0\0\0\0\0\0\0word/settings.xmlPK-\0\0\0\0\0\0!\0v\0\0C\0\0\0\0\0\0\0\0\0\0\0\0\0\0\0\0\0word/styles.xmlPK-\0\0\0\0\0\0!\0[gx	\0\0zF\0\0\Z\0\0\0\0\0\0\0\0\0\0\0\0\0%\0\0word/stylesWithEffects.xmlPK-\0\0\0\0\0\0!\0\0\0\0\0\0\0\0\0\0\0\0\0\0\0\0\0\0/\0\0docProps/app.xmlPK-\0\0\0\0\0\0!\0Q\0\0\0\0\0\0\0\0\0\0\0\0\0\0\0\0\02\0\0docProps/core.xmlPK-\0\0\0\0\0\0!\0\Z\0\0	\0\0\0\0\0\0\0\0\0\0\0\0\0\0\0$5\0\0word/fontTable.xmlPK-\0\0\0\0\0\0!\0N\0\0\0\0\0\0\0\0\0\0\0\0\0\0\0\0\07\0\0word/webSettings.xmlPK-\0\0\0\0\0\0!\0j[#\0\0%\0\0\0\0\0\0\0\0\0\0\0\0\0\0\09\0\0word/numbering.xmlPK\0\0\0\0\r\0\r\0I\0\0?=\0\0\0\0'),(14,'Fourth of June! (what, no fireworks?)','2013-06-04',2,'1800','W','26th','Stt',NULL,4,'TTM EAP Summary for LISC.docx','25520','application/vnd.openxmlformats-officedocument','PK\0\0\0\0\0!\0I\0\0\0\0\0[Content_Types].xml (\0\0\0\0\0\0\0\0\0\0\0\0\0\0\0\0\0\0\0\0\0\0\0\0\0\0\0\0\0\0\0\0\0\0\0\0\0\0\0\0\0\0\0\0\0\0\0\0\0\0\0\0\0\0\0\0\0\0\0\0\0\0\0\0\0\0\0\0\0\0\0\0\0\0\0\0\0\0\0\0\0\0\0\0\0\0\0\0\0\0\0\0\0\0\0\0\0\0\0\0\0\0\0\0\0\0\0\0\0\0\0\0\0\0\0\0\0\0\0\0\0\0\0\0\0\0\0\0\0\0\0\0\0\0\0\0\0\0\0\0\0\0\0\0\0\0\0\0\0\0\0\0\0\0\0\0\0\0\0\0\0\0\0\0\0\0\0\0\0\0\0\0\0\0\0\0\0\0\0\0\0\0\0\0\0\0\0\0\0\0\0\0\0\0\0\0\0\0\0\0\0\0\0\0\0\0\0\0\0\0\0\0\0\0\0\0\0\0\0\0\0\0\0\0\0\0\0\0\0\0\0\0\0\0\0\0\0\0\0\0\0\0\0\0\0\0\0\0\0\0\0\0\0\0\0\0\0\0\0\0\0\0\0\0\0\0\0\0\0\0\0\0\0\0\0\0\0\0\0\0\0\0\0\0\0\0\0\0\0\0\0\0\0\0\0\0\0\0\0\0\0\0\0\0\0\0\0\0\0\0\0\0\0\0\0\0\0\0\0\0\0\0\0\0\0\0\0\0\0\0\0\0\0\0\0\0\0\0\0\0\0\0\0\0\0\0\0\0\0\0\0\0\0\0\0\0\0\0\0\0\0\0\0\0\0\0\0\0\0\0\0\0\0\0\0\0\0\0\0\0\0\0\0\0\0\0\0\0\0\0\0\0\0\0\0\0\0\0\0\0\0\0\0\0\0\0\0\0\0\0\0\0\0\0\0\0\0\0\0\0\0\0\0\0\0\0\0\0\0\0\0\0\0\0\0\0\0\0\0\0\0\0\0\0\0\0\0\0\0\0\0\0\0\0\0\0\0\0\0\0\0\0\0\0\0\0\0\0\0\0\0\0\0\0\0\0\0\0\0\0\0\0\0\0\0\0\0\0\0\0\0\0\0\0\0\0\0\0\0\0\0\0\0\0\0\0\0\0\0\0\0\0\0n0D\'(,&@WZD:+V887kggHh/U1x*x_D|lP\r|60jXR^SXW\"~M GRO)FCLV+K?oIXvcU\n5Zg_\nlDd!{s4TMUCT*3ez8C]\r]}S;[t+N+~:+\rlND,!1I@X\'hdhyW_y^l-j>u/Cw/0a 5[8! | =;c\'eS9;Ggoe\0\0\0PK\0\0\0\0\0!\0\Z\0\0\0N\0\0\0_rels/.rels (\0\0\0\0\0\0\0\0\0\0\0\0\0\0\0\0\0\0\0\0\0\0\0\0\0\0\0\0\0\0\0\0\0\0\0\0\0\0\0\0\0\0\0\0\0\0\0\0\0\0\0\0\0\0\0\0\0\0\0\0\0\0\0\0\0\0\0\0\0\0\0\0\0\0\0\0\0\0\0\0\0\0\0\0\0\0\0\0\0\0\0\0\0\0\0\0\0\0\0\0\0\0\0\0\0\0\0\0\0\0\0\0\0\0\0\0\0\0\0\0\0\0\0\0\0\0\0\0\0\0\0\0\0\0\0\0\0\0\0\0\0\0\0\0\0\0\0\0\0\0\0\0\0\0\0\0\0\0\0\0\0\0\0\0\0\0\0\0\0\0\0\0\0\0\0\0\0\0\0\0\0\0\0\0\0\0\0\0\0\0\0\0\0\0\0\0\0\0\0\0\0\0\0\0\0\0\0\0\0\0\0\0\0\0\0\0\0\0\0\0\0\0\0\0\0\0\0\0\0\0\0\0\0\0\0\0\0\0\0\0\0\0\0\0\0\0\0\0\0\0\0\0\0\0\0\0\0\0\0\0\0\0\0\0\0\0\0\0\0\0\0\0\0\0\0\0\0\0\0\0\0\0\0\0\0\0\0\0\0\0\0\0\0\0\0\0\0\0\0\0\0\0\0\0\0\0\0\0\0\0\0\0\0\0\0\0\0\0\0\0\0\0\0\0\0\0\0\0\0\0\0\0\0\0\0\0\0\0\0\0\0\0\0\0\0\0\0\0\0\0\0\0\0\0\0\0\0\0\0\0\0\0\0\0\0\0\0\0\0\0\0\0\0\0\0\0\0\0\0\0\0\0\0\0\0\0\0\0\0\0\0\0\0\0\0\0\0\0\0\0\0\0\0\0\0\0\0\0\0\0\0\0\0\0\0\0\0\0\0\0\0\0\0\0\0\0\0\0\0\0\0\0\0\0\0\0\0\0\0\0\0\0\0\0\0\0\0\0\0\0\0\0\0\0\0\0\0\0\0\0\0\0\0\0\0\0\0\0\0\0\0\0\0\0\0\0\0\0\0\0\0\0\0\0\0\0\0\0\0\0\0\0\0\0\0\0\0\0\0\0\0\0\0\0\0\0\0\0\0\0\0\0\0JAa}7\n\"Hw\"w P^O;<aY`GkxmPY[g\rGino/<<1A$>\"f3\\TI	SWY\rig@X6_]7\Z~\nfao.b*lIrj),\Zl0%b\n6iD_,		|uZ^ty;!Y,}{C/h>\0\0\0PK\0\0\0\0\0!\0*BC\0\0\0\0\0word/_rels/document.xml.rels (\0\0\0\0\0\0\0\0\0\0\0\0\0\0\0\0\0\0\0\0\0\0\0\0\0\0\0\0\0\0\0\0\0\0\0\0\0\0\0\0\0\0\0\0\0\0\0\0\0\0\0\0\0\0\0\0\0\0\0\0\0\0\0\0\0\0\0\0\0\0\0\0\0\0\0\0\0\0\0\0\0\0\0\0\0\0\0\0\0\0\0\0\0\0\0\0\0\0\0\0\0\0\0\0\0\0\0\0\0\0\0\0\0\0\0\0\0\0\0\0\0\0\0\0\0\0\0\0\0\0\0\0\0\0\0\0\0\0\0\0\0\0\0\0\0\0\0\0\0\0\0\0\0\0\0\0\0\0\0\0\0\0\0\0\0\0\0\0\0\0\0\0\0\0\0\0\0\0\0\0\0\0\0\0\0\0\0\0\0\0\0\0\0\0\0\0\0\0\0\0\0\0\0\0\0\0\0\0\0\0\0\0\0\0\0\0\0\0\0\0\0\0\0\0\0\0\0\0\0\0\0\0\0\0\0\0\0\0\0\0\0\0\0\0\0\0\0\0\0\0\0\0\0\0\0\0\01O0w$C8)\" u\"X]Xvd_{T-axOw^>Mq\"{<\\( U~~|Z ]\nnBD]lXrdF5`D9oRK&J$s?_5opdk	P0c?e\'12~rJB!z~1r7b[b15[4c1D:%l:JE^\Z|J>\"e28 b!\\`.8twh\0\0\0\0PK\0\0\0\0\0!\0C\"(\0\02I\0\0\0\0word/document.xml}nF=TSittUUn-$Sv9c%N(8(_8	D~a<?wvyKR/PD#Ov?y2\"JN&;4yG|%{DAoD_Xy.Kvw\"{i\'e]}m#=6w8:DsE<+*W]Q71%`2~,~Ip3{xb3|u8T@wTwuD\ZYf%c/<okl/g~{cXYXr^%n0#ow0wbECFsaq+GzSNQ#xYseL/Xq7H94h;7WR.M+Io)xS#Iszq_WqE|wOw?gCHS-cAWLiZ;[~Q1~\rk>Z/NI!c1O/?7838O.j<zl@!J\\.cIz%pUO>bOa6&\rf)tyj]O?n|kg_}Pk=U>>>|\'?q+4nS%iogI\rGN]m;!{pqpp#__H+cB/PHrkI{goM%wr}f[kV	zPe	%$(,4B@ccO\nyTC/$3P|G$gsG9h9\Z\\U8BsX\ZP|RZ9I<UTe@ng70EIhe+\n\rn\\;;)\'Uj/g2O&6 )L?DTrk8;g^[6{w<PW)Tv9oL=z>3M_QbR<=9F\\	/ ^&&9mX0Ob<H$iw9#uG~-F25X?E|.	pe13~02t\"T.r$DI,naz8\'8\"/^rGuD	T}JCU|gRu9zMW&1?.zP\"eyUS+	Oz	L8HX@vHyGtX03q6a(88\nNn:cxKqZHGXO`BO \r.7Ms6I0`P#7\09DRz~DgD-y8?3jv|P0^Y?QDc;\Z|<z?/-B1:[\".(A^I,6zK/7)(*T\ncQTTPWS/\\=pzG]v=LVJ@e;2`eW\Zl]n^\Z\"50UF;;8NOY|D\ZmpiG	(\rog0?HS\0]/S\'~%J\rldG8uy6[e)YgSbl\Z^9[YwrSE|)O7l_UN;;##VKUr6CT\nXF<B\\HdYP/s>l6\'	5D$6ph_Hz8WL5;>|bd(z$/j&$d>Wn]K=I&(cP,FBP*	) zqSFrh@3Y>[Sg2%&_XkEZH2,%\"\"Ps!49e?:G-xHr1DF<MXu:LBe\0Q5}7V5L ,=;Z8m\0G9U*<;jhRznHkfjY\0ozZe~oCu]OJKi#V$~[o[\r]P\"}n6~\\iB`uFuj-Jrc\ZG0T{1KL8EeJweJKi@A43_OQhMk;*FVs:/UQ)@	.lD1;QkD#t8J)vIO89)-$Art\nYn _Y(lBWqSA>:+PIF^O;z.FBj,7#e>\rB\n\r%GV GyKKb8M#N6&OFkBh\rd2*+\r OYfCvg;A2T, 4?5`~MxVB:oe,Sc(lx24\0Q{>aId2nPG;zeFz\rEp!B5PV\\+XIQsZJu%oj46^&iq_&,A^}.f\"0wx`Dj,wo]5CZ;({qG\\r0Vg^(hukT46VlYuAhO?.BM4Zc[>p\Z\"\r\0@aFH	K08n qxEeX;,:o{1<NC\\@#l\nc9\n@yuVu##K}6-.f)`8nt6Z4\Zj*z9[^Dll)#^K\0j Uo02J4q I(04&0\'at* %Y6zQ}qeGFX]#7H#\rfj:7fr/Yb	1dLb; mkP%qXr=SN/G4AX58fpj@cLT6b 0*VT-vyC[/k(n}.1(!L~|z}#X\n]Vz^\0cuepWRA82\'lS~]drjN5vFC(LR.#.Ij4o\0*ZUk6n`~\"a(CE.T?\0f\nL*LDnbpu;\'\ny]-(m[\\ImJ|\r=K		i6-?.*})T\n%`[/O!?(\'!BMyD~$HB7,c\nvlS3rPOi}-/O&#spi\0q$~(Nu9LF#h0k+>Dy{d@= dB\n\r\Z.yn6.TYZwo\"`-1!F\raGd	UM#&Vn[:LF	j\nN<w30-7`qVT\'o:0nQ<G!#Y>Mf93>EyT\\ TF[lO[\0jezZNs4VTq^?\nR?v07z\0@WG\\P2BT~	0aav^fN3|gb^avqS%*u&\\\Zk]-\"eE-{-#!`)m1<])y=Rpc9O$Wqvj&~Q#`D|:^S8{*Va$]+1\"Ws\Z4Q.G#`cy(&)\0^	3E}4$0&c$ve3>2p$rz%uon#/n~\ra>|G}>\r?E35`~p&,A.apYJ/Uxo_\0L3R.\Z3U.\Zhc\"ri6MD=0b}dN4\rL\rU5tS3Iz}>e\0eLfS\'@Lm*4C	|X`	\0O^4\'g(fpCd^usN=I\Z`I_B\\d@\'V*	R$OsUVn&\\Z2pZ3hW}Ap4=~tNKd9HW9t6747-*SIs(Km@9uO-R_,bGdXFZ%5\\>}:<~G@zk-F#.G,Muz\nQ\n.IXxxu6je^|N)+L<lx6hK\ndF,\rcd+GBV*ZK.R \ZFLIlMQd829N*uU0^`&!F!KE	=j f%	I^TfNppp(@\09%.4=\"Z`gMH>u0(	%X}mS0q+\\ 7Y\r{YV\r	dM)MZ;kqVh^h^sX9D9RJ+\'g3gCO|~-[r	 pX-]r	\'W-(\'Zu\07-0)\0I<u5Y=!*X[3u1\09F-UZ\ZQi/*ZFcj/^q\Z|OT^pNt6YWxhm\0d~|rp|\"m2;%H\'2P*EI8se\"pa547T+4PQ/@DWgl\\l{,Fd\041Kep:<l1z#~/A\0 6\Z1wu\nX\0y\n|F;p\r+RH\"d*.8)Fe\0eV.7`:du(	tO!$j\\B-$\'bncJ$f`3Q{\r$[sZIi}-XB3P.}5hkdnb f(mT[*b eyTX6`:C<JXEf11+o\nT0a}(URNa\0SqPZJoSn}c+lTF\Z	%]yx_ J@j+ggrS]l|_\rG@)vl?G#<mk\"n&fRUD10Iby4qZ\0m`IQ6?SA-i(vzvQU\Z<z\0j>]YFQ	a.yO\"\Z[LC,V{9[ 4\\G2.7(w)u\r)lEYvN%#iYo_zl7WY,PO7[eA0(V<_E{\'*}z6.=c00b:59g=Y67MF7;O(azdU;!NtcigV90^qDqvB$`IY:z~tWCUKUl},1[+mL#Hh{	U	>rCClKmhE+AO4-iyKdQK@Fh@-/(@QdveOd;XExS5+e$VU4k_uX!+\Zyy\0&ol	jbJj_0uwcIYgNro^Yk\na\'Gl+y~e+&piQ*$r&)GL{5	S47i\nT$|Mvoi0Tw	.QDz4inE:(R0zTi}z0C	^Qvjgq!Yb1R&!W\\}noFpm}AuMr&^5Hrvl=p.\0!\']$UDRzvpvNmz3\\U!\nr	c1?Kj5\"CH).JPxBE		yc}vG\0\Z~Ap@?\nB?B./B$-HJ$,QOsY/N$c@i5	Jzq3s#gfWR8X2y$KvrW_%6sPx0\nwEX7X]:p<nH<Gmo/Y	C8sJg8X7g \r4C4\"BC]82CPLpu^q;KxGD[0\r;U5neZSun~L@JnFp90mK.\riY	)>]ZTyY%[6.L>x%^YAwnXYe%{f0Tm\\J`aHHfpu)e!~k0\0XtIz[/RZ(xbbDNs$i\0.a~vG>JvURq+k&GoJ\Zy\Zc+qGtk$rW[B@5fO\\d<vXTA#3iOq*MrS\rynvkjG,-|_8Q=Ip7ni$o\nAo_/7 w#R`B|V+,&O&e$EDkfzO(e $2\r-9UV0+	c3)9$7%F:-bPFMJa0 \03=Y]g_.H@5{Y:b?3R^@y|\n	gDhq0IqatdEXs;n(~%^TzZus/| LP<[-`jr`\nF[Nh/-hW_c/Dk,?aidkP]\0V(UgUw]?p}}	-+SbK-BJ+T/PKrd\\m5*iF=zY/J5.%=gQ0G\'1OpzB:_PRX;VA}EZ&HEtU>jB1nO3 Gj)(H)\0!>&XR	m-jmYjv>L+rbi1f%kw`uBT>E# wV\nmg@E\nMul9bbuyV-THcQBaRd\\$g0J\Z|$]1r2CL<	]	\0 1330sG^\'\ZDdBvkW\r17DKK\"Bwvy{6`8h\".\0--((gaZ_lq\rPDF%23y)$xsB	#K3b)J\nEub`,M$ez=9:K8ov3(lPRP\0+pKDeD(I Xh1!~g:_(y@M\n_H(Je?~[boDOs;;Vb+@QOGTE tr<kOUt86k2S;1]OG}{6em/:I(6C\Z(\'POxvk7wKZz,S6${vr-qaU (.\n{R*`}L1-\rzJ\06w	 d!duD;Y%O+:U\Z82b=93ngrFO)+$NN0BKG\"hQmevzG$\Zeco(GB#$/o%mfQXnqsrd@o[f[7-RKBnG_+5PmKA;XW6UqT,U-Sz;USrBW_ 7YUC07Ux\\hyHl\\iVh(zD?:YmRVg(X\r	{MM<j!LzPN\rT?yF]O*V&.ops^mu	\\:Ssv>ymn\'UOXz@y\rZ G<0YPW-&,39yhvc\\]^PfA8\"VFW\"@49<u@F.65q(w~r0\reVNwZL]fv	~0+4y \0U	&+k:6oj;2\\K$Rv9JEjHl\0ytCwKjkG1/7<0RSc0 Wu6S9E|h@Pfc0dh\0i\r	:}@O!)-4}&Iy\0a\00H;<C/y_\n[D{MH=T-;wBS#5agq1/u@gOT;j\n2Z]3~V+7\ZY5=|:\0dgk1`QcWpt>|Kp1Q	FbPj\'9`(\Z~nht#vduLvU\'BMzSpJ!NqfTH=NKqDv=yg\'23j4/4Ei2H\"QjqYN[ XA0GWA5XtU@,<{UYQYq\"lES$:<\rD|>\"n#Yks#!m=VInOaUVw4wzyD~{R18p\'VOpHs/o?B\"&)b_4D/qHD2HX2V$#H/\0\0\0\0\0PK\0\0\0\0\0!\0\0\0P\0\0\0\0\0word/theme/theme1.xmlYOo6w toc\'v\Zu-MniP@I}ama[4:lGRX^6>$!)O^rC$y@/yH*)UDb`}\"qJX^)I`nEp)liV[]1M<\ZOP6r=zgbIguSebORDqu	gZo~lAplxpT0+[}`jzA\0V2Fi@qv5\\|NleXdsjcs7f\rW+7`gJ\Zj|h(KD-\0\rdXiJ(x$(:;!I_TS1?E??ZBmU/?~xY\'y5g&/>GMGeD3Vq%\'#q$8K)fw9:\nx}rxwr:\\TZaG*y8IjbRc|XI\nu3KGnD1NIBs\nRuK>V.EL+M2#\'fi~Vvl{u8zH\n*:(W\r~JTe\\O*tHGHY\0}KNP*T9/#A7qZ$*c?qUnwN%Oi4=3P\n1Pm\\\\9M2aD];Yt\\[x]}Wr|]g-\neW\r)6-rCSj\rid	DAIqbJ#x6k#ASh&t(Q%p%m&]caSl=X\\P1Mh9MVdDAaVB[fJP|8\ZAV^f\rHn-\"d>zn	>b&2vKyD:,AGm\\nzi.uYC6OMf3or$5NHT[XF64T,M0E)`#5XY`\0;%1Um;R>QDDcpU\'&LE/pm%]8firS4d7y\\`JnIR3U~7+#mqBiDi*L69mY\Z&iHE=(K&N!V.KeLD{D	\ZvEdeNe(MN9\ZR6&3(a/DUz<{YV)9Z[4^n5!J?Q3eBoCMm<.vpIYfZY_p[=al-Y}Nc4vfavl\'SA8|*u{-0%M07%<\0\0\0\0PK\0\0\0\0\0!\0\n9\0\0s\0\0\0\0\0word/settings.xmlVn6}/0\\G%[entP-\r$eE14O9r.Fg4(X`^~9,67\nu_n\\ccL/@Ep2FafH_	9G2!e-DTs	WQ	FQ(dVB.8I~f_u07b\\^_58t3Yj^=~&<  Fq\"U&N	^\\u\"L]IriQ:rPE8\r-\\bUC&\nBY4``YS@[V8diu|AUi3(YBF	\Z0[(Rwp%kq?xpKI4F){a2^-C\Z~F}Ji&&a4gu^q||M17dGpFfg\'dg}M]2>hY9amPJ2ER-pR{0LU\\.\0!\07D>	v-,\n4~Wn^!7\047y\\wU847TOgez<\":|PTOHJJ0(iO&a7d,7|5pK\Zx,0.a}~}?\nJE?<X w	$-/^s7,Ijh[dt }Ha\0\'>opMiyDKF(80~w\0\0\0PK\0\0\0\0\0!\0Da	\0\0I\0\0\0\0\0word/styles.xml\\msF,jOg3uT@_=8#+Hg2Sx}*Tx_}a]:iXg_9<:6QEFpq0yE^e9U2GI(Rj%}NH%\"*Nr)Ul4IGy2b5AU\n&32\Z(>>oQ:~[`,(Xy0Kar~\\8Ks/H8.\\^]{q{O2H#@W/IqRks.eM=sKZY|<*g\0	|jzL (\0bbq	`*VE.]7T	=;pr!\"y-@|k\"OEr+\\qOga\ZF-=Oz\0\nm6DOS@3A[p@=P.K\"Nx_o?[k#&6JQIwj||e;QQQ5wsD#|\ZE\'h\rRb,z|+{R]^j[/ovtaF2tz8Y.DS`N~m^*aaIOU{\"N&jsvzX0s\'G?)gaVt\ZKn\'0?mLt	\'p?@n49TDEv\0e\n\\	}L7@e3;xhuH5c\nUEt6v[$3x>\'7J};\n&}.lThoA	2Y| Kfg:4X\0Ji\rVekIQQnbx]\nvyT<Lc_c\0~k[ #Mayff+M!{c^7	(l&J-u5X$`5Tf93)v,\0aF7h&\0\rC\r2y`9L oM\0bsaQQPJ\0M@a;Nwp\"e5y!o0M\0\Z	@7?ywG,67XN-7ML \r{7:yP]`Y&`-`09\Z	3\Z	@7h&\0\'ne&\0\0vP	(lT\n%oKo&\0-qf4yf4y!oP	XlnZ&o,P	@lnK#	(lNP-y`Y#`\rC M\0[\0,i&h&\0\'ne&\0\0@48\nOXD\rA[8\'\rBP*tJ\'N?.k\0S!B@y-;bg\rB+ohz`7bSU~\Zowh{>~78\ZWE|+*5G^5\n}/+sM86l;{[t=s*ui\\>O3n<#\n_0aZ6bcQKe*jqd\00kYs\'lx-E_-6tM`5`Bjfl,ASSgA/r#wstr\n{mJS3\"Exj\"-4B/IW8w|.C	te6\"\Z]A%4p!wf_\r7S6D\'IGfkPYsw1y`fAY]?lU;`1|GYO#MOqSc!-{mI9u\0IA,bR/\"\"~/@WI?\nwm_hB0+$d~O?*u$d?P+<Y\nkTi\n\\%l>P|B96O\'6fE\n(|(8kD-Y<)v:3h-+w*1DP8!W@N:R_lyo<gZ\\\\6uQ)\ZpP=O_/A}^)zaga.\0\0\0PK\0\0\0\0\0!\0&en\0\0\0\0\0\0\0word/numbering.xmlWN@W;X4\"(@KylcXBg$a!lfwvg(M1=\"b9b9Mo\rs #Myy>=zOIAp9racXTBTJDk`/>LRqlTcGbCgQl`Y|Tj/guW2881PAR4AI$VU4S~\\)Ul\0!c8s<.b^JQ\"\Z5MrAoJfiNJv+j,~fjtv)3a/[6\n.-B90p3f7\"lNI\'Yk1:r+le(<jRM?O)S8?ht762OtT[#rsC\\IZ?q$X,{G\"f|F1RNwGrJ<XS<s\ne<?PeHE,\ZghnD:),\Z# pjve[v(FDfe	ncZcY{z^ehmY\"|++WDHre5AA7|&k]0&**I!(W7bvsjvN:~X++A))d%5iQsG!(cV9!X8SP~o`jvXvvRc\Zag1$\0\0\0PK\0\0\0\0\0!\0/\0\0\0U\0\0\0(\0customXml/itemProps1.xml $\0( \0\0\0\0\0\0\0\0\0\0\0\0\0\0\0\0\0\0\0\0\0\0\0\0\0\0\0\0\0\0\0\0\0Mk0kkmJ2z:Nb`;ecax$EL|2u^x(Da;19Xvt(Bt^]2(5t</3eup}..^WPRt&0c9*#a1{-wr1FSHLy~_Tqx_U_\'/H?^\0\0\0\0PK\0\0\0\0\0!\0t?9z\0\0\0(\0\0\0customXml/_rels/item1.xml.rels (\0\0\0\0\0\0\0\0\0\0\0\0\0\0\0\0\0\0\0\0\0\0\0\0\0\0\0\0\0\0\0\0\0\0\0\0\0\0\0\0\0\0\0\0\0\0\0\0\0\0\0\0\0\0\0\0\0\0\0\0\0\0\0\0\0\0\0\0\0\0\0\0\0\0\0\0\0\0\0\0\0\0\0\0\0\0\0\0\0\0\0\0\0\0\0\0\0\0\0\0\0\0\0\0\0\0\0\0\0\0\0\0\0\0\0\0\0\0\0\0\0\0\0\0\0\0\0\0\0\0\0\0\0\0\0\0\0\0\0\0\0\0\0\0\0\0\0\0\0\0\0\0\0\0\0\0\0\0\0\0\0\0\0\0\0\0\0\0\0\0\0\0\0\0\0\0\0\0\0\0\0\0\0\0\0\0\0\0\0\0\0\0\0\0\0\0\0\0\0\0\0\0\0\0\0\0\0\0\0\0\0\0\0\0\0\0\0\0\0\0\0\0\0\0\0\0\0\0\0\0\0\0\0\0\0\0\0\0\0\0\0\0\0\0\0\0\0\0\0\0\0\0\0\0\0\0\01;xxYt23iS(O+,1	?S4T5(zG?)\'2=l,D60&+Jd2:Yw#u]otm@aCo J6\rwE0X(\\|6(`xk\0\0\0PK\0\0\0\0\0!\0~*\0\0\0\0\0docProps/app.xml (\0\0\0\0\0\0\0\0\0\0\0\0\0\0\0\0\0\0\0\0\0\0\0\0\0\0\0\0\0\0\0\0\0\0\0\0\0\0\0\0\0\0\0\0\0\0\0\0\0\0\0\0\0\0\0\0\0\0\0\0\0\0\0\0\0\0\0\0\0\0\0\0\0\0\0\0\0\0\0\0\0\0\0\0\0\0\0\0\0\0\0\0\0\0\0\0\0\0\0\0\0\0\0\0\0\0\0\0\0\0\0\0\0\0\0\0\0\0\0\0\0\0\0\0\0\0\0\0\0\0\0\0\0\0\0\0\0\0\0\0\0\0\0\0\0\0\0\0\0\0\0\0\0\0\0\0\0\0\0\0\0\0\0\0\0\0\0\0\0\0\0\0\0\0\0\0\0\0\0\0\0\0\0\0\0\0\0\0\0\0\0\0\0\0\0\0\0\0\0\0\0\0\0\0\0\0\0\0\0\0\0\0\0\0\0\0\0\0\0\0\0\0\0\0\0\0\0\0\0\0\0\0\0\0\0\0\0\0\0\0\0\0\0\0\0\0\0\0\0\0\0\0\0\0\0\0\0Sn0?TM5ACYj%Hd_rS}}xv8NgAY<H[+u(L-5[lu	|[1;fT6TiD6xgK&r>_2|hjHC_/<UGG9T9-\"I6&QJuJlE6\0x\\\0 l<\\\0$sZIWMIomb;%` Wv(_GN#!|U,>\0i/pa\'\r=7BvN=P$qu@E-,[0KmCcBRQ7)Vd-lLA.CCo[L\Z98uc;\']eyx,Y	IY	LJKvz\"<\':MStTOlNN9#\0\0\0PK\0\0\0\0\0!\0~\0\0\0\0\0\0\0(\0customXml/item1.xml $\0( \0\0\0\0\0\0\0\0\0\0\0\0\0\0\0\0\0\0\0\0\0\0\0\0\0\0\0\0\0\0\0\0\0\n0Fwwy88PP\'!K4D||ptf\r&><PaeZr)yW=ghA&-gR3K8\r\0mL9]\\E5t6wo\0\0\0\0PK\0\0\0\0\0!\0h?\0\0\0\0\0\0\0word/fontTable.xmlK0\"8!MhkcGk{$T) B8`>/ZEG@ZdDI$[iv9<3[99	 Ea\r,4rB3R|XXnk~;nuH%)N)\'-\n,snqr{LM]i[n&nVVp4_|F!*U4R*f53dHTNh{:\'3i#LKuT|C})=w9Y/|O5i$\'+T,i2>+8AJi:f.\'X59u\0	$@S?MpOJcy :=8)\\=WhL)J6[LBN%%1.F=_`\'t\"<Vc1{uX|?UW8L0bbS1axR_+1(X/:&mf9,)32)hD 5)o\0\0\0\0PK\0\0\0\0\0!\0UIv\0\0?\0\0\0\0\0word/webSettings.xmlRn0W?D^\"$*p\'j{-wI8y3|UK0I1PJSg}<fJ\'a(D#d1><#M6Fh`bNWWS8h,aOGq<#\'\ZwTb|	:og\\ip=LodrE%w\nCC\nIEZH6Xpm2!9;:6eFxLIW/k;\ZBQs6\'{@<?l2\"mcC&.	>6H-b\rnX\0\0\0\0PK\0\0\0\0\0!\0O\0\0a=\0\0\Z\0\0\0word/stylesWithEffects.xmlmS8}CH4P3m60Z|~ pV;wcUcoWa<$2Z\'}=,GNg}^KSD6&$6<dq(Dr{2Zx|?LOOq\"=@bK\\&ck-eL&!K,+lfp:\\I#=\\3ZzyL\'	8\Z)]z\n)!crp-bgandfPyPenqzLeq5$d\"fzR_Xv=Z[jY<;9+\ZZJ2X\rC$\nQw,T}LncIYFYl/X	qVB^Fp2~^~iGziV1Q(h{b\'WW=xtt:p],9Z^*cio%UI3p:C dD|ey&6\0YXt\'mIXon!Pb%W\\}>g??k.,z22p|!HOR$P@ v(;o\ZU?DNMR6h;A:|0h\"|=nl7M6^^fhFLmTLzpdFhMFhDFh$wD##\Z1-\\*:Zw\"U(te	{HXqTo%|\\rzX.Dg@wVK`M\nN8_;S|do\r72ygQY]FsM<l26[&}&o\"s[B3yK]} v#F	i!StR\\]Q`B04}chi\\_\\_Vdr\r-y[(W+t.=~s)9;%P0R)!\"rj5Lk	 OBJfr>mhA=\\f{Ya)7$vL#xX#u@hX+$Z}c{\"29XdY]LZde Zo\"_-}A!\'7rvjMk`tU5oVAv\'hFohFw?d<F`5*~U\"kQoFeVAr&~R	5:kFohFohFw?d<F`5*Y,*~\r{[.\n9AMFP	\"XXV,\n\n.nJP7\"q\ZGq\Z.\"kx#@dyx#@dm+z1vFP	j7BNMP!XXV,]/\nD4x#\"\ZGq\Z.\"kx#@dyx#@dm+zvFP	j7BNMPx#XXVq9X  (i\ZG#p\'YV\"U\"k:gES-E=gPj@g-I\05Ob!?2XFH 6R>:-FU >OT.\";n}|5`\ZtI>y$uq^b\'5 vWT\\Q=xQ_*-3&\0Q=-#+f:	>)9G~d \\.y)[pe?3c\nAi_\r:3NOtZ,aD3\0Pu|TAI+[KRu}uI-oO\0\0\0PK\0\0\0\0\0!\0?jLO\0\0~\0\0\0docProps/core.xml (\0\0\0\0\0\0\0\0\0\0\0\0\0\0\0\0\0\0\0\0\0\0\0\0\0\0\0\0\0\0\0\0\0\0\0\0\0\0\0\0\0\0\0\0\0\0\0\0\0\0\0\0\0\0\0\0\0\0\0\0\0\0\0\0\0\0\0\0\0\0\0\0\0\0\0\0\0\0\0\0\0\0\0\0\0\0\0\0\0\0\0\0\0\0\0\0\0\0\0\0\0\0\0\0\0\0\0\0\0\0\0\0\0\0\0\0\0\0\0\0\0\0\0\0\0\0\0\0\0\0\0\0\0\0\0\0\0\0\0\0\0\0\0\0\0\0\0\0\0\0\0\0\0\0\0\0\0\0\0\0\0\0\0\0\0\0\0\0\0\0\0\0\0\0\0\0\0\0\0\0\0\0\0\0\0\0\0\0\0\0\0\0\0\0\0\0\0\0\0\0\0\0\0\0\0\0\0\0\0\0\0\0\0\0\0\0\0\0\0\0\0\0\0\0\0\0\0\0\0\0\0\0\0\0\0\0\0\0\0\0\0\0\0\0\0\0\0\0\0\0\0\0\0\0\0\0\0QK0C{tMJL|m\r6iH}{vKr.UG{N6@iBP7B]e\"n4-MM1`v77WKB6	!33<06#He 8\ZhpG*gAP*&t{|Hm6^8 q7t9W3Wa[	HX+%gt5{(:c\rADm6vlO	I1Lg<#vU.g\0_\r\0\0\0PK-\0\0\0\0\0\0!\0I\0\0\0\0\0\0\0\0\0\0\0\0\0\0\0\0\0\0\0\0\0[Content_Types].xmlPK-\0\0\0\0\0\0!\0\Z\0\0\0N\0\0\0\0\0\0\0\0\0\0\0\0\0\0\0\0\0_rels/.relsPK-\0\0\0\0\0\0!\0*BC\0\0\0\0\0\0\0\0\0\0\0\0\0\0\0\0\0\0\0word/_rels/document.xml.relsPK-\0\0\0\0\0\0!\0C\"(\0\02I\0\0\0\0\0\0\0\0\0\0\0\0\0\0	\0\0word/document.xmlPK-\0\0\0\0\0\0!\0\0\0P\0\0\0\0\0\0\0\0\0\0\0\0\0\0\01\0\0word/theme/theme1.xmlPK-\0\0\0\0\0\0!\0\n9\0\0s\0\0\0\0\0\0\0\0\0\0\0\0\0\0\08\0\0word/settings.xmlPK-\0\0\0\0\0\0!\0Da	\0\0I\0\0\0\0\0\0\0\0\0\0\0\0\0\0\0D<\0\0word/styles.xmlPK-\0\0\0\0\0\0!\0&en\0\0\0\0\0\0\0\0\0\0\0\0\0\0\0\0\0E\0\0word/numbering.xmlPK-\0\0\0\0\0\0!\0/\0\0\0U\0\0\0\0\0\0\0\0\0\0\0\0\0\0\0I\0\0customXml/itemProps1.xmlPK-\0\0\0\0\0\0!\0t?9z\0\0\0(\0\0\0\0\0\0\0\0\0\0\0\0\0\0\0J\0\0customXml/_rels/item1.xml.relsPK-\0\0\0\0\0\0!\0~*\0\0\0\0\0\0\0\0\0\0\0\0\0\0\0\0\0L\0\0docProps/app.xmlPK-\0\0\0\0\0\0!\0~\0\0\0\0\0\0\0\0\0\0\0\0\0\0\0\0\0\0\0O\0\0customXml/item1.xmlPK-\0\0\0\0\0\0!\0h?\0\0\0\0\0\0\0\0\0\0\0\0\0\0\0\0\0P\0\0word/fontTable.xmlPK-\0\0\0\0\0\0!\0UIv\0\0?\0\0\0\0\0\0\0\0\0\0\0\0\0\0\0WS\0\0word/webSettings.xmlPK-\0\0\0\0\0\0!\0O\0\0a=\0\0\Z\0\0\0\0\0\0\0\0\0\0\0\0\0T\0\0word/stylesWithEffects.xmlPK-\0\0\0\0\0\0!\0?jLO\0\0~\0\0\0\0\0\0\0\0\0\0\0\0\0\0\0\\\0\0docProps/core.xmlPK\0\0\0\0\0\0\0\0~_\0\0\0\0'),(15,'Some Sort of March','2013-07-31',3,'2756','S','Harding','Ave',NULL,3,NULL,NULL,NULL,NULL),(16,'July the 8th','2013-07-08',2,'2020','W','63rd','St',NULL,10,'TTM one-pager.pdf','49282','application/pdf','%PDF-1.4\r%\r\n7 0 obj\r<</Linearized 1/L 49282/O 9/E 44868/N 1/T 48993/H [ 498 164]>>\rendobj\r                    \r\n26 0 obj\r<</DecodeParms<</Columns 4/Predictor 12>>/Filter/FlateDecode/ID[<0C4008D6B43A01376445D87960F57884><3FA024A86E89DD4EBFA188785FD165BF>]/Index[7 42]/Info 6 0 R/Length 97/Prev 48994/Root 8 0 R/Size 49/Type/XRef/W[1 2 1]>>stream\r\nhbbd``b`j6@`[	$~\0	k  b $@,\' Hp@B^HHP&Fi iMg| \0>NI\r\nendstream\rendobj\rstartxref\r\n0\r\n%%EOF\r\n         \r\n48 0 obj\r<</Filter/FlateDecode/I 96/Length 85/S 41>>stream\r\nhb``d``c\05E9\Z;:/=z&\Zvs{iF b0\0`\r\nendstream\rendobj\r8 0 obj\r<</Metadata 1 0 R/Pages 5 0 R/Type/Catalog>>\rendobj\r9 0 obj\r<</Contents[12 0 R 15 0 R 16 0 R 17 0 R 18 0 R 19 0 R 20 0 R 21 0 R]/CropBox[0 0 612 792]/MediaBox[0 0 612 792]/Parent 5 0 R/Resources<</ExtGState 27 0 R/Font 28 0 R/ProcSet[/PDF/ImageC/Text]>>/Rotate 0/Type/Page>>\rendobj\r10 0 obj\r<</Filter/FlateDecode/First 158/Length 1351/N 21/Type/ObjStm>>stream\r\nhWmo8+x$K\rY{]+M7lkv\"PL2-}PL,TLyi!\'Yzpk)&d4nFD^P-dR))<&}WU)T8>}T>|3	y*}Z!rd!i;:1w+IMMKO-_6`=F2A31|$V`\\:c\ZvGN@	1L`\rp7M\"fI-,\n!Zl^DVQn*IU4e`qZp}=[`\nYZ%w,<M(Oi`--/g&7QO{ubQ\\qz}!Iig%YQxUfC?*,\r?TNj8E()LJB7x+0Y_d ;fqd|3yk4B$W6j7Im}#v+W]J4VXP{=F&[YYJjnvWW6Or/-\"xjK9e11+0rFuc)foujZ^2|<	_&	d;	=zsz*/9.:	<rtUo^xa}\0^a|mO7~H$oxUB\ny^as>Rp s`W`Hd<>#H\'H	rw&>CPWSdQx4:9X}0n`_iDWtB|\n@^h\\9NyeWI}Di-9jlQr *fD];NF(2o\'``~Y\r!0vpB7#T?xOl!?	.	3p/+lKWA.sk(4=	lWDX[xp;Fc5D6cc7Usuxdtu|x3[^e\"m +\r2:f%;W\r.yR{n|A |IxK[d(:2mNWN}oJ=+^bu|N},v<]=^)2^\\4%n?KfdLsxZ>R?TUhA3\0\r\nendstream\rendobj\r11 0 obj\r<</Filter/FlateDecode/Length 4002/Subtype/Type1C>>stream\r\nxeW	TR\"nAEdAAQFeqJ\\H\nP QiAC&m1Us{S\"`%F$\'H_9V\"a0a??IR{DFbddP=fT`3\nN@GX$*V]\'nd._^oRnZJ|\"\'geg$ey}i+)EDUyiiYI>vrgSkr	`yxR(jf\'E+Bf%N\nMI\Zfa`&N;Lqti;gQB)_ZBQ~5Z@	?5([j!HRTFEQ({jL-BT45fR5\ZA1eBL)J>xjeFPNAPRbGGd+m6aXz(qp-$K$K^/:\"em\'~~c#\Z5#s_,6cB+RjJQFh3xBhc\\)2!$4`#\Z,	|q1\rFTb,lJdhtRp^5s]raI*l+al~t}<%Zz]}u9wujs+{9\n:+:cn;fyCJ,W/Ii\nX<	k@0Cxl]2cY/b>yswPRP-PT3H@6N}o&P@\n.JY4nI]Xa$yTAm]/U[96\'W6Y\r^Shdz#UB+MXDr9S[#-q\"!\n`m\\^+$<(N1XaT-Z:\r%h$;VHZ &9O)V\Z5bLpsR`7d<#C}RlQ{W~`zj?DM33BC Un\\):*;S}$;_^AqYK*se!|dSnbD@v`\nI$xpm6,<\nLzz(n.X/\ZO=h#nMB3y>l*y)(\n-=u-~?m+Z\0ii\nX8	[cG\\!Yp\r\r A`XSJp0&\'GdC\0(gI)R5NBc>Ak[-Gx>maXub@MI[kTOz)l-b\\;uB gS)zb[<=O?ean<^/(uGgs$HF{z~A5a{z)l=DW-b8FD,Dp&ff3[	kTbi~WW_Av6AgI_V%]y{+61v:sRw {3LXb<!@llGEvu^8D~$ qh(JJRWkT\n6\n?hzIu>JY9wiR|/*e]xdK?\"cQEc2n%av}F/QR>Rz`~Su	,4F\nG!J4h\0zmpto2N(\rBK/\0I5z`K	{<sR%z6R?l5L:`~JNO$%x;DO	w$N3x__tr:TF[eoH;[~\rje1CYP	!d=Y;SWKk3fXk\Za[i:P5\\v`c=I&.\rrdD{.9%H_Y>y}d}) F*Kem4>0i4z`~-Lhmvo&TwApT`f&1nmw7$\n2CJ@/{z~BQ$Sgm(4\"38J2t^X.x!$~D$z%De?h^]is$C.YxR\':98@\nN9IO3gptu	TP>x_/2?8$3gILfowQ h\Zn#Zn~Nz,gBV_!6Peo;:(k 6(X#2	8/|).q!d`q`$?sIUMpO]\0)~TbRlK_M8P,{-_\"4LkfHigqvXjxh 4y64YBp,J:i!O+Tzo>y|K6/K|IA*oG_\\ynyzOR%6RzISCy)iUZ%arvt}d[NhiMYEd7\\}XEV>a;;h+E]O \"rlb&R52y\"T\r SC-i5i\"A\Z\Z\\~1u\";jYy\nbILd`Dtl/ZhF8DAjPdBT?\0b8QhfrL\\H\"~M=WS5&7	@qqSc(jxR6Tj1mjm&\nl^H%	bkNSqRW\r@SQ[}X5u5/jEl+I3lB:K5m0Zad%t#\'a/W\"Ov\"9v%\0Bqi\Z\rs=][&n0irl_Hg)`N|5v:%VfE~ V7\'(#3YBJ`c!yweA~8294m[wqgxzMO<	B>a+&0Z[b<\ZOq-6\\uo[=@?\\y\'HB</\\\ri%[!$yYw7Fxi_# YBF{3dzv^~W-\\&l\Z=#\'Zg%&[-oi>|JN*A0MFG$OM\'d=!,dw|veU>y? b]r@(ZJ&066.[P%!o_D=[+kfp[T7\0Vy@/T!I](vc+{[,M\\O\"&OD!h>V[NnCMrfvz\r`|hW-T+lp5kN\r\nendstream\rendobj\r12 0 obj\r<</Filter/FlateDecode/Length 2191>>stream\r\nHWYUEp!dtXG%$>8`6>[U[CgIZi%Z*~7}u\\tX<;X<]V]=>y!7;pf\'oR([/K)Rf[=(nTPr;o.)]6$+^XV	\'UMLa}qwG*O|9\0919\'hC=dSWmY~Gdkg[F6D~3y\ZW^\Z^k!8)yBAsb:SIf^_~=bCH\nni19{odg\n|2JQ)OZPzxGchR8~8*&}y)qXeE}PX2+W\n9x$ .)2\0m?$Xo~?\n~OC @V2TN\ra-LLz|U^V`Jb}-L\0Q\r<Dc *7\Z	d<w5[?!]F)3_\"{!$uWRg~,a\"&7fOA%g-GkJi[KB,%VC7yN*J%Z1cdG{	@\Zo5^2.;M+p:$\'4\r[y<4$P(NR@0c5)-vmw$aLS\r?Xw*}^rD--R;=a_@Mh)mU+K]%y\\Z@KZI.{9%Qu2wtAXT3$v\'	ky6jr6g\"I9\"t&Y@\nOBGaW rc/&*OA^BGf1)xu}}<Q]Wkb3IAFXf4mk3\ZTy6fgs|jx#BK^6	3\'oFq)s\rklJxm4I2_fAc6\\$n(Lxa77LGhfsECeLD1pG58Z\"\ni_,<JLXV*3X,HgP\"EL\\ko\n69k	kMIKsS!5VH~gp	w#KTZ\n%G|@ ]\"#C5i`s*i\0R7 BLb3K$Gua2EJ@\r=:RZ#QU73by44 G+DxJo)iC%5rA<FPpLK6e6\nYs 5\n!~\"\rA	1by$q11`oK6$;@oR2mqpMbhB(U!+mO WINsSz,)sR6r:3vMJgw6\\idZ*6v]~`b]+=,Z<Krv<y<3e\r>(pg;n.!#n_k6\Z7\'O\0@-|bj*/qJ\'z-	V=dx	J`L1]/oQc`,4&-\\Weo\rY<53@cV~	seX#*Z#J~:I{F)fbG50;Q,cScbY6mXRF>^#m,4{LbavUa@ms sSH2d=:z\rslt1v\Z[T_7C[Z1Uwjryzghl/Ptb)3\ZU0\0v\n\r\nendstream\rendobj\r13 0 obj\r<</Filter/FlateDecode/Length 424/Subtype/Type1C>>stream\r\nxjSAgi\0W(~.iA54{M&3	-us_H!t\Z|p1^1UIxZ-2$armu}Y	MV6e9\r_oV#y=p]c\'Cg[[/_@!\rrvvq{\0	q_:2E	Z< 5:$	 [Le4IZ`1a&HqVn4u&R]NZHz*QFFBj\'TqV\"rc)z@LZX%yTy#X	GY.??#Vjx>ars{t{6Nvn^>?^,o1)\r\nendstream\rendobj\r14 0 obj\r<</Filter/FlateDecode/Length 286/Subtype/Type1C>>stream\r\nxeOJ@M]0 HK[Hc!z5]T/K(gg`02416\'Lz?-qyM+4i<#v^1~t(Y0Ou];mf#@Y5,(#Ae:rsn y4O>pz(\nr0~j!q&odiDp)h@@FqiY6AI_Aa4mW}QN5);inVf/<g\r\nendstream\rendobj\r15 0 obj\r<</Filter/FlateDecode/Length 2072>>stream\r\nHWMoE\"D 8 %8(;H\0	$!v{8Do=3U=S@WU5lqq~1Vb^2LdL>.DYK^b.KUKQ2`&?pYUW\\bJ`m_s7iGLoOFxl+TM((y7S1M>;Z1G)\Zh#X~\r\0#^-6Zu.Wwo3Tvtcd3fq|<%[u\'/f,fw11VV2[7iX&.X-t<Z<kz8c=?).:g:2W[Y]7UKDi}oLtU2	&pIM1`/Zd~x9[YH7/]VO]+6Vn`g/02EUjOYt.nNQ8js qV~r	Csht\\]r;@[nBZSnl)Ws 4(SN_em!na(\0(z3(t6`^T1^s%&S]Jh#5\r~RTp4B\\vx\rC8 >pOMOg$S.x8B`m!C/_Yg;#[ #U\'b+$G\raru`dYT[`a1gII+89 aX+Kt;]) \n  RKjB&i%AiUFp&cvGi=:\r#11N&n:F,`o	HPz1,w*@X TL\"C>K`m\"f$K\\_/p~~jn\\[ERek#.@-.g=k?)b3C.I*#$\rBDIZ9($qFthNQ)gqR!HMbLPaW`!Pfm?)ctgUlaO%H.g#H=%Bj\n\0:TkL-5#O\r\"qC`C)\Z+#\'p?\0dE@yK)*Xov*. 5d U\Z 8}}-ruP|c}eA:#7G3fJH,bDM+}O4Zu?(K^O)AT\'lfv(D\'Z%7*H&WtTM\r?Io)]WD(y\Z|8$X~D&tVp-Lf;JO>er(_gD-!.ene,d=_NG+>WIEHLx e	RdZSdF$?y-d,5#4Ri\Z9:7@.P8Q3.t	Yv\rn\'E%XT7HYFiBi29A;`X=i]&$JS!SrFF&&<N7ClCqyvA\'N\"![PN4fL\ZhAjgH2q^8vk.# \rD @+;f$a9\rg5Va\n,(<jalMr~h4eJv>I%ZA4	p\"3z\'soFr0RmpT<OI#KR8uHoReG@\0J\r^i	k\nAYiWom]\0\0>\r\nendstream\rendobj\r16 0 obj\r<</Filter/FlateDecode/Length 2223>>stream\r\nHWpE\ZlGxX5#da1e\rp&yBGw!U)*T0JJ9Tr\":Jg73V1R5\\DEI7->\r\\^/\rMME2aS0DT^ D4Q2[\Z:\"YH=/,D6p#y!D$t\Z0-Bu04znBPEK5TLo(I@TSp nIJ8^-:&O=DITS\'UME2e/O0o_T;*\rMQx.xSpuA\r.ezhjgDxN7(\'3;X}TRu	gOHO`^jnJD MUwbSAWmjDMBl1q\02d8k2DwD!LU`*l>Eij&i))S	PbtUf(F;\"*sr:J5A\Zi4_\r,FPSL;)@S..G@H211ible-,eu7c{!F&\0Yf5iITF1eRf.:qfT2g*z\"udMq\r=Yb^$Kw.<Bj&{GIN|CHGJ/<:S<:&Mzaubeqm\"\ZXp&IaszI\n\Z*.;C{nzOpm\n%ZpYWWp\ZZ\\t\ZhESSU&Ew&y%DGj\Z\';x+W\'uvvU.)X(}qW9e R|Et3,~ DuOC/UQH@B<Ig@_KN>ydLLZh/Vs ;bO@65tkO~2p C+o\Z#h]P(Q-mli1vM4M IKN}C(soYS\0*f@jkM)^/?~Mw*6+VWuy	k/$0(;2o_wUy>\Z%\n$+,~}M@U2a_-|\rBfSGk-)6d+N>v\rlL\\Ujd=rGnHN?Wv|KkNTi>y<iv=oYER}Cux\rEUb_	PP7?<CAE?_`Qw(\Z&.@R<,n4)ng	U(v,nhpIFq8oiur[kAM/\"yKOO[L>QMM\rr#PJ\no\n>f` h5\'V<\r69Xn!M|\r9\\zk\"1DJq6JG6no(M7\\)\06w\"wXX$G>b	ZX0Xf\\) AEG,Xx?aJ*7;|Gw8\nxA~Fy{c%mH8a9Pj!D$G728ms\\]/JD4y AL\'/Oq_q\'|b;Riw3?\r11R6G\\f	cU[tzfOD9n\\\"\\w[+\rpen6rr4~A?}U&(ph+@\"	MI_sYD\"-7tT{i$,$M4	0\0$o\r\nendstream\rendobj\r17 0 obj\r<</Filter/FlateDecode/Length 1701>>stream\r\nHmlSUZ2^\ZE-NRttu\nx!?@3.`jB26h$30\"\'E4\r{op?a}s\n(,/e\nsv+.5%9fz%e5K)L8R9oe/F_y8*V+Z-\"KElYb\rekPtn(L;Q=8s)9zn\n(47JMXIxPMoUc	y*\n&Mp!$5ZMAqx<8u&:xZwNDA	N-k_W~CrQg_u*~p~`_[O(0`*:e\ZNXa*lnX`[g[>~sF.Sp7)\n&CIk\"6RXBxxsk3i([\'Gj,8J(U\'B7CX`H!ASc8!pM	0],~M}_<[(j49a2x))GBjzMF#t\'?azxW g)z*5OWg~er):_A3\'W	F\0h\'Ckd*J{`&d#VyedI8F}uxqukxp91~fQM^}OGeZsoOL43\0hgeD(c+&0;sA2&tpAV|2;7_?\0.Pl:yqqUrV350dC\']\"$YX\"w}`V<_{ge\"6KZ&oK!}48^q2\\2O&t8SD8W97;wpF8XcDYz8f;5$4\\2egzN\r{TcDNF	Fn&f8dP$gp3JrEPuwuvz)ylH\Z%p5v\rN#?dvi#Li\nz)ne0\"bw]1r%U=p#V^9.Nz2wk?2v1_v\0cDNYI{SVFkB\"4@EZ#BjI>tAxB_F_\nt\Zp\Z<AW|u\rd~yMS@Z\r)tkZZ\Zr A0 |E1j_`\nEL2$=w\"+>;QqYgz]y]CwK\nh8}z$rQ,F}MT!hBpQHTB1kBr:tq^rOV&c1oOgV9\0S8M:_kWm:C\"Tt M.l#TdE?l\rip&#v=A~VQmM HKDP@\Zf6*1W\0c9b\r\nendstream\rendobj\r18 0 obj\r<</Filter/FlateDecode/Length 1955>>stream\r\nHWkPTeXp68Sp\nltJws\"\r	 j*%&k\Z`ZNPN^Xf&/J%DepTX	ows=9a?>=Qrq:`f\'*\'ONx>Y]DY&[S&u%:%JF3iR;S;sZ;\\*09]?SN9I;l).N{0HbT(A$1 080bL<$/%Xkr8}\rWFA,9p=>Ic[BIx	g\Z# c$\nlnshci7;}mM6k1Dt=ZY	H E>+]X+3rp17v\'vRnsn)0zzLy\nTw8tmIS;O&JP2GxScakq69Zh^ d[sF9]lp]1k5[:1h~\0we,&E\ZNDZN_;S\Z>?\ri7eB^fapzyuScqKZ5oMn7-crF\n7z-teNb34DsI!ZB4\')`q+>\0@FQiQU`o0c}gZ;=+s@e!)2%6\'\"\"b)g|`=oim]qh &,?:$|rd`eDkuB6u2wcp)JE^_gE^O@4+,,30/zDf1{+`>s{*f;B	_]v@{:\\\noJm\Z\0VWaHch16o#+A71kx\Za,c26&DU585=7$j5ja<5du\\3,		pI@JzNo7=\ZhcyP\"*~\0-\\exy?& b=vg{8Ps#<*tc-vgV\"&JpQvp0x8(41WBM#m{uq7;RU	A4RiB=VcX,\nvK`JxAwB6O\nD,6WeyZA#O3JskS|J5q/d}e6.*O:VP0pMw<L wQ=ZhqT\\`@~LUQ`\\#9E\"k@Bh+W|n+URPf\'| }BbD_)wvXX\n \'@\0\0CTdY~g,wVd2$p,\rXqsD8 .\Z_7z^kDL8|6Hf`Bca{7#;U=Hdyg\"g*ZE@\Z,nI/\ZocG%A%OD%+`C9%!\Z	_bc%5{/7\"?zr$v@,j6w=>\n}d +p9 \rhrpO-[moK6$A\'\0/e\r\nendstream\rendobj\r19 0 obj\r<</Filter/FlateDecode/Length 1531>>stream\r\nHW]hU*J)SPvgvfvg0Ij@&EL6` PPA*(&i1`X\ZFJ=c{.J;;1rtzvx^\\oGGDf$HdFwszbYC8Ao;6,<{!d&Icq	jPxn\"UJ_cW\'mdnZ	EM,D1^W4a\r\")l>\\\".;#&{M}];?e:Yu|D8%\nccY.BWQ\n\"~nazGvYAi(\"nA+	&I.S,)Q*\\;<h6VurlN $@oj?%\nB^XPP,5c#)\\\rXsY\0cp,{5%fc2vn#,\\;/ 		@Hs)ptzN8b!KCmUF#vo~fKb)QIz~X.=[rNU;k8U.gVW=yvd%W[$tbA  MM.$B|CLSD(\'?dq/b>88!E/D(?3E{	wmD|\Z*AY*}iv2Pe_\\PF/Yj8Pid)UmRq21p\0U`x	b=Jzce;^\Z~\r-),cNCMCQZ?0<4Kye[Ni+GweXy$`b^IqL~`J7VatJ\ZT/1X>6rJ\ZdRyRVq&\0qPJf;` JsRDD;7*iQ^Okh \n,=	RX\0jUZMp=vP/m-VErs|m\'Fgeab.,P0i%Itt|#J|2J?TjZ0S]6T.rQL5BHZ$gX|3WcdcKLS8`IxHm{lxvN1Cxw^Pu44U/>wfZW6?}9V9sc*zM1*<= MZp\'X<``9\'H8i,+7DXL8i8X\rp\0\r\nendstream\rendobj\r20 0 obj\r<</Filter/FlateDecode/Length 2666>>stream\r\nHWkTSgxklpN77JX\nbG%h\nEa,YRJV\ZabU\"Z)2%&7pd}P&G94S4\Z%#9W$PL,QdsT$2Q~ks4*#Q\\$t h a8f\0llvHaH`,$nuQqJ_F@=\ZM#Q%_TX\Z%Iy^wp^ur_RS`+?P<xMeRZ+5lmbAb)T<R1} .P,L7P+f{+$<IH65_XS[TwO,26(p5AgewI3\'t v*$ByjLg<AjEj%[d\rW\r-V0Ci+\n2sn	d}.Jn|W9>uh{Z9$wV-	DBp1r0kM\"(1t@_^\\#nv)#pLLG^(87Q*Oark&PbJet`p2KSpy\r8Z (WSe%|-d?`J&W=NS~t~BBP;*j;*@Ib#y%@#\ZsZ&0f^xUrUR	dHTV\r\'a	b|2q:&\\gQ=	(i:%mg=)_Ta4~An~!Gb<@D=PHr5o#(Y:(bA>[c]LQ3,\\02Dx\Z%go\n#z%\n?+}A^%elh&oz2\rC`\rY[ 1,g\Zz_!V|U(CbZ\ZT2(S@6XE:r z1><uM3Cb8Cq)?,|z%(j8y%/s-[:R&78k-\0J% 0~6BWsSL0^~H#%:2MsEi\Z*NP6(<Af[{r\n96g?@jKTstE]Af}\"4#G\'|)LHoDI$W7_\\\09\n8.L($9i#.* vBY)&46947PR	[sc+9#kZ|MXF+/qsnoOl7\\O,ZbH,P4*(\\\\~\\L\ZR~B\"D|NNDF*\Zjn$-a=#rAV72\'&r{{\\i|\0\\RSS^f~\"4Bg]eX0W)##cdn{[bL~=t-5$8*0;WJ^UO.(R*+EZ^	:J:k0.NZo!Cb,}zwY\'X+6)gmJo1sk8]d\"VE~=|@ x/K<uKkG6_`nJ\\q(p\".~|meJ+-CZ3\'[qV7Ln\\$s\\0CG0\r.KV3+X\rNmTWf%]h+4\r$|G|\\G\nN\'qfn%V\nCQw;\\LqN%-QP\'SYL/hnH!j;%8S6_>x	#/vBF7zL	zeD}Mcsh3kp3f$H,@0+3R\nw&PO1xt,{mXhX[:X@UX@ a)|X	S4\0wwq%S.BG&Q5p 4l;+	mI! Af|?gi}q@rK7+1MKFx/oQYFnQ8_u<u^-ak5|TUJ?(%a+_S0Xz>_V:LE^3q?AhPzJh0\"ae(joaLGl=!YPt?=0UA+1=0q9&_7Dh>bT7?8L F+(<fa*(G\rhma&\n tw0Yt4sS2`M  \\*rBX9#(B>MFwwO\'*P	nv9tCnZKr{OfocLN	fge^t=!_\0c\r\nendstream\rendobj\r21 0 obj\r<</Filter/FlateDecode/Length 2744>>stream\r\nHW{Wee%-l,vFsg,<\naYl\">? 	lTR`u![MHq#%\Zpi9]w7w9s|{z3_f1	<nw\Z3Ysg\ZVLdg62]c~N{-?og.pNG	*GK.^zXUN5R\04`ldR4\"#`imJM] wl0<r-_;3o?n\"SFQ\08RWHObi;xoxHr[[;H0*tITNIe\0c\"\n/8	>t+Tm3\'}XJmOH}>()X\nTQ1	ciA_\nuyQ++uOpxoTNi;[&f<[SUp~D_m2(/~VWv_gwuD:K	\\j)(B2(c-x?qvu[VeffUf%B^D+5UM\'uei~ K2=WNU8pf3Qgaz|8)Hf4dtYBfiHTe,ug\"zqk@:\"2\0\r_q<zksko%clfX}Kg}r*1#4U\ZKd>,\Z>^\\RuO!w*+P,IE2?>PrOk@Bnt%.)Kdp\nroj9e>}i8sK&u`Cq9\n\r\r|g7n^xjZP9Vj	fm,}\rh^YNm4q#uJYIWN_h[{S7nPIJ7CJeVneLGccS6n\rkwUeV^h!\'q\'-+2eGSr(x}{~|]Zq\"Lp\'-QE)A[/}{7q#3{^7.b\ZV\r3V}*\r%&Ok[vku#q|@BgQ(4Z {V\Z\Z\rfp=d%k/r{97#j;lYzLl<	6[:%;-y]91 X$DkrllAE!GPa\09K,-pLi,\rEZhwGx(4;PIck#GVb.l`6z-vHPP2.sq\nBHkMI?`c]:03\rTK`c|yvJ6N\rjMVP#nR0;(P7`!l\\O9NB0xYsu\"mY.rm5fp::sEIq4&/|BPY	\rq6$FJT\'cuQSVSK]WJ1{U-j-;3C)WUxC-pi*&B\ngu0_aA0&&$H<<*\n/o4\n~^JeRGAISJLs)@\'(8L\Ziq{p(4NLY(B`V!z*K.KAebU\r;H\\@Ie;&9	Q&)}U\nK%eMB\nwAkye%$hb:ZYOb%vM\rz% 	JDT\r0$\'rh9+\'SHB@Dq[`\\o0!G48SG8ijv\reXI+9?\'[\rj9&0v\Z9R>AF!\ZS[ IafCS\0W\njJ$	57hM`0$sN)w>l?:{N@\n,{jU;*Jz\n\0F`EXH$T|peGS`a.P{g<D3ah+$32+lA=]e$nv=CRhP8rV;*\Zz0_m6,RBn0CFMPLK!d\"^#0\r+_(]Bh#TG\0/,j/.Kz\nH]XQ*DP\Zi*\rH&.s39\0B02c%9lv\r\00j$nP4[;-xd=q)1=ij2B ?q>-?0DG\rhP]=\0;B8(7WA\03\Z,b/wdC?QQZt\\-0@9_(>?\0(:2~.x\\`\0\Z\r\nendstream\rendobj\r22 0 obj\r<</Filter/FlateDecode/Length 4611/Length1 7520>>stream\r\nxYxTE>ut;M@\'$`I.:@$1J#L`bO01aUY>t1720	E3@Yqv 7{v~}{+9UNuT\00`zPSY[Su+\0$@bgoGv0{\0ToT{z\0X6@d6>;HKT=c3~k-5lB[gbn}S}Og\':s;|J)j{4o?&R#j2^0tUB=O!)3h6bsI>{xGM2`7$$Nf\\\'kH&1-xm=I8\0YEp~^hiS&O&wb Nd]NffiyZiDrNO3Kl_U<_z\nJWB{$bBl7HN@Er7$\" )@yn4#mI0Y$kPbrcZ%7L\Z5CQ2gKqDRK\Ze\\_$Kvg\0+ACC~9\"W6k^DqQJ4$_db\0#<PRbmy#YIt==1WV{z}/j4u=\0_k-B!JlvZ}=f\\kk\ZRo/EJ	\"tiQj8EZ/+<e\"I%(]VsoO\06-Yc*R_KW{I\\!$ZRsDOOeW\Z2=UU=Z^CG{=RZIH4Y=RR{Z}\nRXze:I2,}xqS~::nq\Z6QcxOwHX>Xy\nP#A5/kfe\0CCgX,8ucJ/Mq.;D\"?9p& 	AI?)	\0t/b=W %)Lp&p`T#HD(#E][-+[3o#H\0irF8 x\r\0~<ev|kDJEOrj3TpJ8{[zthyC+R;F`X\r\rspX8Ek.m$]ak?b{fHltY{~$h.qbgWpJzme\'sWwsg39=K\'nwfopft83;!DW-m[2<o^smf*>jjqxZvOcsrMw#B.n$RVNHui;v,Hw!uyoi+;6#+uxrx\r]T&0A#~<Q(pXg:!;y6iSSL2M5L>y6F3hfb0MNoPkx@Zk{bE:B$kT-*leR$X@.*^$ZJ!16`a-_,>DTTA-;<W`P0.gJa]SELEG*KUt\r?.n[V\ZP%[\\J>W ,32k\"SYY.y>KY]+MF#H$4\Z\Z\rZQ(T58#G\'9E*V($x&+3-~rKORRwvq?yv#|n/Ol{c;K+\"e.Ox_4<RO9pyhJzjxDX\0:Emgad/j;uF\"}RZSSWiIAI[5#.Zi	] ^rrw- !Q67#&xu\09-,gT25ShNeeY\ZNw#zSuX\'\\?j)N[uP,!u@~%47U\Zyi\0[K0\0\ZBb&`\0y#	JNqh~O[P0m|Wx[]qz7~50EtpVFKvrjqZ[]$$CP:VRFIuFTqR$d9(#Fk,1gEVuN[V\"gSYfwAqlNfb,crVWd-g,igKwl\"EPX%\0EBa4R2Z\'Q0MAa&H8DR;m|h&xo{s}mEwou/e\\(Nq8$YYbEE}ZVVIMO{`H\Z3*Zt+c;:-hUjC})!8}|LYZzGg|U-_x|~lUXLhQ~g>L,IpG\Z,SMd4\ZDS0\"7\n,|#;/ne~^~XK \'{v|h\\ezIwtFHWoR5ZSI~.`/9#16[XC^Ni>J ()D0Qxz(\'>T~A2cKzNLt=z87/n!`/p\Z<\r\nhUer4l;\ZhVOI|\ZI\Zo:5amz3>gsSFMo#<;:\"r	ncp$seCPQrM}yl6bBqQN48BG4[\r1$\0\r>9.3`fwVtgQFM4W;t@~.XDquxjl_q[ngS7>\Z^cxENm$mgW|~2H=:1R_@dTop}%$FIa]Wl P jQr\ZWgq_I{{3(\Zvx=FqBVkjKLVY]f2cR0Ly&LD4\"P}WxW\0u@eK4T5D<A*|}KhEYE+$teGQ2@Y/F0{Ta0hg!F\"yUqQ\"9j%yxQgc8LMw|]ZOdJ3mOEQv<&6iX6,=n*X*(	l[`@s_%zuIbypMm[~W8EFcjOrlLL+?V}tVs[_nviiCniq^l\r;3\Ze#}TL8KQ^9_ys=SvjG32\'Yf !E%~N^t3Jc`YAps!N	\nQux\rQB\nq7&6?O+nB-p**\ry:g?LY1vslJOmw/Qu#~j=2u^LNAISh$ uIihu(KD,_>xcN>qOgo9*?IM)VSKcg5;i*%cz{&CucS1v2sg*`562b~4o7/Rq	Nq0n*XC\r\"\nQ%Jk+bJT-\n[hE_0~\\nF_^_EW	?O^JRN@7%*\\+Uuah+%oN`4bjY\'A+%\'pzLjk4wb[uxz\r\nendstream\rendobj\r23 0 obj\r<</Filter/FlateDecode/Length 7871/Length1 11628>>stream\r\nxz{|Tzy=d2$3$f@ c 	!$1#	A$MC\Zb49\\X! xRKkqmo({^ 2EK^cmck=QwlwkhzZ9?\"DN!9Ztk1BSs*0n#Uk7\\o|hg76?+}w\'#uv]oJ6`wy+>owi\0p`8	\'{\'4\ZOWp|4P7FzFNj~>&h?Z6	V-jESdYHh\0n 9JjhaV4<04`J009i	+#}3bY-f\"\rzVQQ9}NSlLsOoxWU;\Z->|E(F[[JIeM-Q1$*Vjssa:qLVHyi9Q/J2D\r__FN~5K^\r7FvS};o65\Zfbt,c	=U>/#Gxzg^)geY7lIRWYkMAXYK)l%e-M-@\0kS_NRRODey2hcSi*@Uu5*k]`SG\ZfzX\\3!mLdt]t3nDwhq^-dBU<fUeVT/Q7xG~wcOcGTDZ-o+\Z\ZoXf\r*\r45%Njj$,B-ujX\n	w!AlF+gV0	>F+zkMF+GP~4SWGlK#7xa9Y[TuOVU_LG-j&jIYMkPMA}oTESZb+[qk]$z\nd*?]RX]F	uK`..WS?\Z?R1t+l!11pxBfD?)bp:OWn=MST)E/St\\9Ncc^haw}3M=b~0@{Gw;]wMvpz\rw.wt\\\\Xv8^{fMvg=mjpj])Zkcv;IkV6gjUVU=1=\0vlx xXD\0;i\\z\0	pG M4.\Z\0\ZN\nl)69hldo~7\'Y	x3\\FtC#`AVLz:}8C5zz9]i\\HB\ZWeG4jP.)}@\"*TVsj7J`	YucQ-qdY[K6U,Fpz-PHT|}#)M4KlMK6n\rpm]m\0LmD$@\n<Lx`z+.Ai1#\ZdDa#BR3c,p)d$R0\nL\r r\'[3n<4u]UFqz<#$69?g_y78w`y`90s}fqa+r)=d+>\0\\JFnsg\ru53$|5oYdEU\ZH a.)	B=aV0D3nQ4GPjIqqqIq6z;RpGPdr>b/P/aRD{7i?;OWJu\\\0NElCGw56HK=X62%EA?U_uvzE!./RQtu\':K^XvGF\"&sJe@=~hr>D< =;YdA^S0\0Q1UKde\rl|w_mKw__>/t>-5?MwL~Kef[0)l\Z\Z25wa-&Z\'jq1p0x?R#HA%dZDGmgR Oey#_$~$~\Zd4~!gWSx2O?(s}FrLM{YJZ-4|j02u2Fk9JDA4b:f}Nh	\r<.\"GCMA;}J>|vF\0\'*=./D5{tf8_[jj:@X1P,\0\rx45%+#\"~jaYY{HK@Uh\'2HBb+F%!	)cz`*\0MnsW>;wP94&X8HS#0O!-\0*)=;>+<Jt/	 #mWmob3!L=^4I^sV^9* vr\"	u<y-HGyAH>	IxBtbLE0,H:H&w(gLU+L-Ua/fT\'//<\n)*W|\Zh*p.\\.dh$0cf)C:\r)\0\0^|%x\\l+u<E&,D0P=h0 w`eLgR3]-ilvPa\0{,U*QTu#\n\n :/oy<OpQuxs<kp?(o{2>x\'6_2j12@_Et%Gy\rleX48df5b6Yq~[G/\\mmyei)x5;@r,.<UvY~\ZZYkF#\0JJAC5ZLhv /;x2\0)L2#I)ov7j{fmxKOgP){w.Y1xNz^j^[zV`{(]~c<h\\gfB2	x:&jJU4RH\rO1I?y!^\04#g[CVJ}QlVH-rJ(Mt~yI3}wC$smM;\Z/F#;sQ\n.+X,gv%#>\rcYS>\\DpvV\"VJaFY\ZdU_jGo8FSo =w3?^)nwzVf 7G@fE6f*Y\'y`b%I\rF;{G.O^OAA>\rW&iuX/?Jup^w~e%;1;bb%Vl3GKo\ZJ\rqUW:|...&+Gv\"e<p*6+BTwd?j\nvS`FY5Fd\nL35#x0@=3+&6v7l;[^7%ixu\rX9w,t,Yw`?HbfVm|O1eS2\rhVbVD,6p:/L\0m1%d}h\rEV?kC3NY-nwj>JA;pNV{gXm!f4));C`\nZ~IEb0B[vA7w/C4Q>OM,$vM!&\0\r>?~IxaKG]:3_;Z>OB\n*je\rwtr\05T!.Fb,XHd4GOS8~J?[]K=7\'L~q2wnoSXdrHl!nl\n	`lZG&&bRv-#w[+Rm|y0%b<.#`<\"oez)v]GY7OOe_7X_Ha7/xcRM0`qK(s`Bfc1Fcn?*Z/)\nA:?T#{KAl`L\\;4Qy$tLOx\Z\"4 DQ1&MgZSL--yS<d	)&sl14M00&PN& 44<T%Os\nYa\n$nRU7}4Y%)dL\\0a%in)?HSR=x\n) w?~(KO1;U<cLQH24bJ/OR|LS| >E_07fXvX7@G`j,%f({K\'}\'kV>]o:j^Um u{^x(T7myv=ySviS5Ms\"m3ssVnK*\n{MqHBg8)ZY#H540>RD}KXl!aFMM{d=/Hfe\rz>dg(.@H6e)In$+[~Oy$e\"3{ 5,{\0(p8p8hw	xUWq.UXNqeE&*V\"pqv .|3q<_9C%xgINpCcq\Zy,DBK`rYyByDcC@Kf0)G:.,`4\'Jq	b5kGD,!s`\"~E<xrhg\0y.\\k|82B=:\n0%ZOYqQz \\16`Rdj1yF :f#,a#dH^*XKLE/;zRKKY\r=\Zaq#/|/|\"L)H\0d1g%c\Zs\'5XAO)58F}]\Z#f4%lfANe,hNXc:nQ51%XkA_^8_]0Tl~g{WlXTr7A\'4#/ijzT	nCT/z\0EF ,J=;~}`/{=\Zqm\\GZe@cAN\0Yj-?t<h$-p*N,	Ip{fMWWUo/_B;\\fz.e@Brk5$G\"\n*\'	 %XLR Zai8H?tcKm;_p ;A2rA2EsD!8fE			zFPM W.tjpbv;[ZuLj\rql7e3*lksqiigtU<:J8<Y$T<U)+\'V*l7kxC\Z>.M)baK%bP\n8	^1l	(8dKWnX3~d`vv3/jmC!35 b3Ua|PfjD>n[KNU= b]6)[OU{\Z!vclj\r<]AXl6dZ6qyuir	XHS@H7+F)+O>Doj;49`9IdMaw$qJ)fS.M@vCP-S1dnj+)_]\"{C\'y\"\"+\nh}is@&V63rmAnOs2O9DW A t@TWShA8A9ZeF?+5@	~/=8?Ni~-Gy9pkX$ZHZF(\nz\nR[i5A#\"DEG1^Ur\r{(#s:3qbh7SAd\0	zWPlWb$qUxKQg~I:+	zJ>!\r<(NCZ\n\Zi I8 w\"$$J<<ZIl7	z/\"$j5l(g5j!`<qgxax.?}-gz CR	91VCAQe\Z~vP	kg\'2J\0S1A!1lA2E}=K~3}_(.0xPH?oL\nb(8L*k;`&Gq_\'y)cg}wpk|{\ryH_-[\\)/\0?*,v7k454?&HKg)jw]BpV$2uP4\0*teusKu~$vQ%s[&f&OfJgS-oh4wl=>-F5h@uh.FCh> ZQEP%ZP=Z@r-h\"B~T&	(jBQ6JiSgUF._BG\rk\Z\"O>&@.50\nEH*B	\Z\0/zvp8\nJ?`vETk1pl]P|s-h>m\0sV|b|K\'!<j?|8zrKL0{{/\ZNj\ZhJW?D|\'\r\nendstream\rendobj\r24 0 obj\r<</Filter/FlateDecode/Length 6073/Length1 9548>>stream\r\nx:tSU$77%IBJ-b#P@Si`P\no 0>\r0\"~ae4}[o[}9iFPPA=|(joM_<A@DS/oAAt-Mb!g.>7,haBxmVhYR+`y+7GAX!~-k?U[W7KQu	R05\rd_g.\raX0}XA}W9m|7&\0f!%zCK0xJ]gDpd3`2t-z}Boo01bB7KlK!<\rD=h:.XX0a|(8.?0vLt9#LWaY-f$KF^xN24E0	GiSwy1~5B@U\\_RY_L KW:U0* 	lI lNJalYYPW=@*EW(C\"`ma\\~-\Zq1y	 #TXoo*33GNmr\n[T\'N;,Omy:P\0(Ww<e*Tk$h\\+\\0)ktTr5A\nqK#q)WB,a\'iEu9ynWW7;rW-kkkp2l-8cR8	P\\=syzm]kw5c_YC}pVy\rA PzLZos\"|S])G`lp`:l,$NTkDMxUu[	ft}#vRr@bGuj-S\"?JoMu\Z*s\"%.v[5E R XP>PUG MZ)UA<NMQ!^*b$:fGR}Zz~G:sjpz:183:EkH\\|Mtcj>a.P.Rj?hzq(0_B\')WqG6PwrkH\nR#iLgcT^%9\nm=\0Ztp=D#d@g00\0wO,:AOTh=:<|~fugDzZ5Uw]7:-NCJ~cwW?qyg*@o;t?+t+w>}=r{%v	=u_~~\nav\0)QcxF[[zk-cj;#kEZyuM3[ekf2ijlK\0v\0l  	 w?{\0vC`\\\r.xsoA@;z \0Dj8\\8w@p>5\0Bj`U[Ul\nXXki8*Wi>B=^i28nP$zQ>8=E3z%\";%k87UD]	UVOI17NI@92WZMG1DzQR:o~(v[4Gq;\\CZVH56Tjk~RH?W_$ASRF)r5r]5k4XL:B	+,0C4_\n\r5yM#\"\'4@7\\dbLYc o(`[bLD,\\L-(jm7=i?\r\0*-Q[PTT[(8bi7|4?K+`P{bIg]5S(8a#czw	??0! @G\"^+j{ fi!\nL#Ud)Jv>@ktq<MS,.e71f6{0X]\Zh*).B)\nD{3c\0(9UgpLrfHQYf]RaBUiBV2 >e;4MaKQ{0/S^LJ&y/-8jakBS@fTszy>&   nC5\r5&zH[&r;pD/\"+,6O\np:7\ZUC%tp\roZh/BAs|?QH^&kG\'Cu-@EZ[7F	b!/%C3\\vc1\r>OQ2OnLw{h/dYv~\Z\"EV&6BhJ{{&&{QPh7jdD~},H9\r,S0~x(H+gfTYk{zic3>IxMe_I,*c{-O`16a5bh:FE3bYRJ @#U%5#\'T\\(fL_|@oa~BTHhm?` A.\ni4PD 1%G1F:#d\'a 36w*nGqr2_PI0Xb\ni&w //28\07w8U~}ieM\'/^x\0Y@[=pR#Fb7`l0\"#|L(-z(fP2,U:%6me)v\rY6 1&21|_9@CyNzF>sGS_\n oHl!	?6><qy8\"\nV?m0f\Z.XGEA\rQfXkZZlR= =V9_WzFGTd/t(igo0R\n oOmZW_{?gHuGe5QS8H7X_SF*!`(z(3Xz$\Z|Ca%`DlKd`hrbQQIq8Mj{zv21.A>e0}\Zo\\wW)z(jF.4=<\Z	-90[bVlTcLe,Ft0	,^6T>a;rpGQ3w_H\\5&W\"j\\ZOGn4\np-/oLfz\\d70s;%dS=@pd:%[zdg~&BKotTi\Z*4EEE|!;dewa\Z\nBTPCjX]Fg{oo\'A~xvu2&j3v1yW=+=/vKedLX7\nc2H f+\\52%cx>.Dd2!8U3,IQxB*\"$>ML`Tr\"BYlVXE\\v)W]c&@@B}Xj]`l]\ZOTOX \'	A\\$I,7JQOP-Q2\Z$H%(*cgd	Xu}CB<>uIUnp7\'WWO3a\'}`R6 @o]Ov{1,c[-lm#S)SZX@:)K(`bnM\n\rf5	>iEiqr1W<W\0DeV<$wd\"yDc\08b4GQ(=CD**^awwM@LLgOH|elunnd$6j;<7f6x1a):qY=%$W1JR4N\"RBA%96Vbt#1Q8Nvx[nNVx[W\"En%@\nW} td~2L~U\'wV%?Z	Tu\'\"%qo:%%H--HX|{pG!Y T7[,fDJ|i.\nV8q%,T\r-`&\"t2s5EtuK39q.9(f3%w-E_v[G?MGC@\0c\0|\".4}kVz,;[P\'*~O?_rj\Zx2s*l<{K.~`M-Z\'>yW0}u<?X7^O=7APZ0MFL\\!vA\\g=O<GTCH\Z(\r\nCjQrP# T=v?+qp<c_Fl92W/\0d\ZSD=&4\ZRs:WNX\Zu\ZsEYad%BcXSP57+\rn`i\05_\0~cd#\"f;:F3M&sFE\r{2e}QK\n:5ng9I\'DmW9)Sh{\ZM	JP<>2h*ZWF& HU<;yC?.fo7ss,/_?2?\0OE.pw\Z1fr@bvr8<`J[z]eA&XtAqE)!eL+d4~p+-Gi!M5%lf_a<7U?]wwK7={.Hm?GG:n;h&czL1S\'3MQ,(<bA^ GO$L!%QOh^0	^!lX[\0J$bil?fhL*\"#+4{#|7S7QMydfR)m+Yj>rSWx*8hhYG$\r8CJOH3\"$8%IW\"l\'\"%~@@ZmW\0M$f!MKCNt VMP0O]NThqYcO=\r\0$tSOT~o|\r_^O~Kn3f>fzxd[W-	g\0|9T`llfVT4QV*}2j	}HQDr4@sv4F~AUB\\oB3Q[p)@s-V`|m~6.72<`bhA\nCG!Xb\0T5z\ZU@]N[>\ZM&4IZ)}HcNh@]P7xl:xG+CL:7~AnyPk\r\nendstream\rendobj\r25 0 obj\r<</Filter/FlateDecode/Length 955/Subtype/Type1C>>stream\r\nxURL[U{4;6gB@n1a\'1P#K4h];.K\"K75M&KNF1Ks1y?ns!qWWqlXB2sdlx~$&\0cV*Hqw?l\nGzUOzRo_DjdA\ZRc\'dPLki/7EU\"j=:7+#1g &IZ m_h9ZA\\UF$#A]\\a.\0+3cH!2V,X?Ty2*A@$9EVH!Z9{KJ\':MNF#aF46r\nlypjI?k;P)W\n^8K{c{o=u96S%&j7s`vh=ic`FF\0=5~Os0Zl96gjY9`E(	\",kZ91(6L4?HtZ\'uHX:Z+apYG*F( Smf\rhGiFxWO8H\nLTerR/w_}DMN/-.pGLLOn:S:S\nI)5/mdvRSVwi6{kVzEj:Nqj],l\"LDxS$\'Tdr`bOiMfek~895cp22\'	d~(<3zpLb({OLPvdF/6\r\nendstream\rendobj\r1 0 obj\r<</Length 3652/Subtype/XML/Type/Metadata>>stream\r\n<?xpacket begin=\"\" id=\"W5M0MpCehiHzreSzNTczkc9d\"?>\n<x:xmpmeta xmlns:x=\"adobe:ns:meta/\" x:xmptk=\"Adobe XMP Core 4.2.1-c043 52.372728, 2009/01/18-15:08:04        \">\n   <rdf:RDF xmlns:rdf=\"http://www.w3.org/1999/02/22-rdf-syntax-ns#\">\n      <rdf:Description rdf:about=\"\"\n            xmlns:dc=\"http://purl.org/dc/elements/1.1/\">\n         <dc:format>application/pdf</dc:format>\n         <dc:creator>\n            <rdf:Seq>\n               <rdf:li>TRoch</rdf:li>\n            </rdf:Seq>\n         </dc:creator>\n         <dc:title>\n            <rdf:Alt>\n               <rdf:li xml:lang=\"x-default\">Microsoft Word - one-pager.doc</rdf:li>\n            </rdf:Alt>\n         </dc:title>\n      </rdf:Description>\n      <rdf:Description rdf:about=\"\"\n            xmlns:xmp=\"http://ns.adobe.com/xap/1.0/\">\n         <xmp:CreateDate>2013-06-12T17:13:14Z</xmp:CreateDate>\n         <xmp:CreatorTool>PScript5.dll Version 5.2.2</xmp:CreatorTool>\n         <xmp:ModifyDate>2013-06-17T12:04:36-05:00</xmp:ModifyDate>\n         <xmp:MetadataDate>2013-06-17T12:04:36-05:00</xmp:MetadataDate>\n      </rdf:Description>\n      <rdf:Description rdf:about=\"\"\n            xmlns:pdf=\"http://ns.adobe.com/pdf/1.3/\">\n         <pdf:Producer>GPL Ghostscript 8.15</pdf:Producer>\n      </rdf:Description>\n      <rdf:Description rdf:about=\"\"\n            xmlns:xmpMM=\"http://ns.adobe.com/xap/1.0/mm/\">\n         <xmpMM:DocumentID>uuid:38c9e2f7-1f4d-478d-99d8-925e8a115fd4</xmpMM:DocumentID>\n         <xmpMM:InstanceID>uuid:e709e5cf-722e-4391-bb95-4f7caa431f8d</xmpMM:InstanceID>\n      </rdf:Description>\n   </rdf:RDF>\n</x:xmpmeta>\n                                                                                                    \n                                                                                                    \n                                                                                                    \n                                                                                                    \n                                                                                                    \n                                                                                                    \n                                                                                                    \n                                                                                                    \n                                                                                                    \n                                                                                                    \n                                                                                                    \n                                                                                                    \n                                                                                                    \n                                                                                                    \n                                                                                                    \n                                                                                                    \n                                                                                                    \n                                                                                                    \n                                                                                                    \n                                                                                                    \n                           \n<?xpacket end=\"w\"?>\r\nendstream\rendobj\r2 0 obj\r<</Filter/FlateDecode/First 4/Length 48/N 1/Type/ObjStm>>stream\r\nh2U0Pw/+Q0L)T$\0w\r\nendstream\rendobj\r3 0 obj\r<</Filter/FlateDecode/First 4/Length 164/N 1/Type/ObjStm>>stream\r\nhT\n@@tW&AJ\nx:mZGB6? \\G:jb)rO&;ZRfAJ$\"RLv3@=\r\\Lt\\ppvqG\0y:8\r\nendstream\rendobj\r4 0 obj\r<</DecodeParms<</Columns 3/Predictor 12>>/Filter/FlateDecode/ID[<0C4008D6B43A01376445D87960F57884><3FA024A86E89DD4EBFA188785FD165BF>]/Info 6 0 R/Length 37/Root 8 0 R/Size 7/Type/XRef/W[1 2 0]>>stream\r\nhbb```b\\70100\0,9\r\nendstream\rendobj\rstartxref\r\n116\r\n%%EOF\r\n'),(17,'Just Another Monday','2013-07-15',2,'','','','',NULL,9,NULL,NULL,NULL,NULL),(18,'Regular Monday Meeting','2013-07-22',2,'1900','S','Kedzie','Ave',NULL,1,NULL,NULL,NULL,NULL),(19,'This Is Not a Campaign Event','2013-07-30',0,'1313','E','60th','St',NULL,NULL,NULL,NULL,NULL,NULL),(20,'Also Not a Campaign Event','2013-07-28',0,NULL,NULL,NULL,NULL,NULL,NULL,NULL,NULL,NULL,NULL),(21,'Testing an upload of excel files','2013-07-30',4,'','','','',NULL,10,'Data Entry Template - Enlace.xlsx','14101','application/vnd.openxmlformats-officedocument','PK\0\0\0\0\0!\0!F:v\0\0\0\0\0[Content_Types].xml (\0\0\0\0\0\0\0\0\0\0\0\0\0\0\0\0\0\0\0\0\0\0\0\0\0\0\0\0\0\0\0\0\0\0\0\0\0\0\0\0\0\0\0\0\0\0\0\0\0\0\0\0\0\0\0\0\0\0\0\0\0\0\0\0\0\0\0\0\0\0\0\0\0\0\0\0\0\0\0\0\0\0\0\0\0\0\0\0\0\0\0\0\0\0\0\0\0\0\0\0\0\0\0\0\0\0\0\0\0\0\0\0\0\0\0\0\0\0\0\0\0\0\0\0\0\0\0\0\0\0\0\0\0\0\0\0\0\0\0\0\0\0\0\0\0\0\0\0\0\0\0\0\0\0\0\0\0\0\0\0\0\0\0\0\0\0\0\0\0\0\0\0\0\0\0\0\0\0\0\0\0\0\0\0\0\0\0\0\0\0\0\0\0\0\0\0\0\0\0\0\0\0\0\0\0\0\0\0\0\0\0\0\0\0\0\0\0\0\0\0\0\0\0\0\0\0\0\0\0\0\0\0\0\0\0\0\0\0\0\0\0\0\0\0\0\0\0\0\0\0\0\0\0\0\0\0\0\0\0\0\0\0\0\0\0\0\0\0\0\0\0\0\0\0\0\0\0\0\0\0\0\0\0\0\0\0\0\0\0\0\0\0\0\0\0\0\0\0\0\0\0\0\0\0\0\0\0\0\0\0\0\0\0\0\0\0\0\0\0\0\0\0\0\0\0\0\0\0\0\0\0\0\0\0\0\0\0\0\0\0\0\0\0\0\0\0\0\0\0\0\0\0\0\0\0\0\0\0\0\0\0\0\0\0\0\0\0\0\0\0\0\0\0\0\0\0\0\0\0\0\0\0\0\0\0\0\0\0\0\0\0\0\0\0\0\0\0\0\0\0\0\0\0\0\0\0\0\0\0\0\0\0\0\0\0\0\0\0\0\0\0\0\0\0\0\0\0\0\0\0\0\0\0\0\0\0\0\0\0\0\0\0\0\0\0\0\0\0\0\0\0\0\0\0\0\0\0\0\0\0\0\0\0\0\0\0\0\0\0\0\0\0\0\0\0\0\0\0\0\0\0\0\0\0\0\0\0\0\0\0\0\0\0\0\0\0\0\0\0\0\0\0\0\0\0\0\0\0\0\0\0\0\0Tj0Fb+\'.6klL;vJiK5o8^UTfN[k?IY*g!@1\rgqTDYJJ&ZBz-Tr=YK15b4|\\-+U27VD/s\rU*P$vyn2.[4\0TW\ny3@Hwlai<>3yWOh&*\\WErkk%2v{eXHcO::V0W#m*^c.U\0=%~c_=	#G]jS{@z9z4Am~\0\0\0\0PK\0\0\0\0\0!\0U0#\0\0\0L\0\0\0_rels/.rels (\0\0\0\0\0\0\0\0\0\0\0\0\0\0\0\0\0\0\0\0\0\0\0\0\0\0\0\0\0\0\0\0\0\0\0\0\0\0\0\0\0\0\0\0\0\0\0\0\0\0\0\0\0\0\0\0\0\0\0\0\0\0\0\0\0\0\0\0\0\0\0\0\0\0\0\0\0\0\0\0\0\0\0\0\0\0\0\0\0\0\0\0\0\0\0\0\0\0\0\0\0\0\0\0\0\0\0\0\0\0\0\0\0\0\0\0\0\0\0\0\0\0\0\0\0\0\0\0\0\0\0\0\0\0\0\0\0\0\0\0\0\0\0\0\0\0\0\0\0\0\0\0\0\0\0\0\0\0\0\0\0\0\0\0\0\0\0\0\0\0\0\0\0\0\0\0\0\0\0\0\0\0\0\0\0\0\0\0\0\0\0\0\0\0\0\0\0\0\0\0\0\0\0\0\0\0\0\0\0\0\0\0\0\0\0\0\0\0\0\0\0\0\0\0\0\0\0\0\0\0\0\0\0\0\0\0\0\0\0\0\0\0\0\0\0\0\0\0\0\0\0\0\0\0\0\0\0\0\0\0\0\0\0\0\0\0\0\0\0\0\0\0\0\0\0\0\0\0\0\0\0\0\0\0\0\0\0\0\0\0\0\0\0\0\0\0\0\0\0\0\0\0\0\0\0\0\0\0\0\0\0\0\0\0\0\0\0\0\0\0\0\0\0\0\0\0\0\0\0\0\0\0\0\0\0\0\0\0\0\0\0\0\0\0\0\0\0\0\0\0\0\0\0\0\0\0\0\0\0\0\0\0\0\0\0\0\0\0\0\0\0\0\0\0\0\0\0\0\0\0\0\0\0\0\0\0\0\0\0\0\0\0\0\0\0\0\0\0\0\0\0\0\0\0\0\0\0\0\0\0\0\0\0\0\0\0\0\0\0\0\0\0\0\0\0\0\0\0\0\0\0\0\0\0\0\0\0\0\0\0\0\0\0\0\0\0\0\0\0\0\0\0\0\0\0\0\0\0\0\0\0\0\0\0\0\0\0\0\0\0\0\0\0\0\0\0\0\0\0\0\0\0\0\0\0\0\0\0\0\0\0\0\0\0\0\0\0\0\0\0\0\0\0\0\0\0\0\0\0\0\0\0\0N0HCnHLH!T$$@Jc?[iTb/N(A3b{jxVb\"gi\ZaWl_xb\Z#b4Or0Qahe=P-<j{><4Mox/}bN@;vCfBI\"c&\\O8q\"KH<s@.h<MdaT_\0\0\0\0PK\0\0\0\0\0!\0Ja\0\0\0G\0\0\Z\0xl/_rels/workbook.xml.rels (\0\0\0\0\0\0\0\0\0\0\0\0\0\0\0\0\0\0\0\0\0\0\0\0\0\0\0\0\0\0\0\0\0\0\0\0\0\0\0\0\0\0\0\0\0\0\0\0\0\0\0\0\0\0\0\0\0\0\0\0\0\0\0\0\0\0\0\0\0\0\0\0\0\0\0\0\0\0\0\0\0\0\0\0\0\0\0\0\0\0\0\0\0\0\0\0\0\0\0\0\0\0\0\0\0\0\0\0\0\0\0\0\0\0\0\0\0\0\0\0\0\0\0\0\0\0\0\0\0\0\0\0\0\0\0\0\0\0\0\0\0\0\0\0\0\0\0\0\0\0\0\0\0\0\0\0\0\0\0\0\0\0\0\0\0\0\0\0\0\0\0\0\0\0\0\0\0\0\0\0\0\0\0\0\0\0\0\0\0\0\0\0\0\0\0\0\0\0\0\0\0\0\0\0\0\0\0\0\0\0\0\0\0\0\0\0\0\0\0\0\0\0\0\0\0\0\0\0\0\0\0\0\0\0\0\0\0\0\0\0\0\0\0\0\0\0\0\0\0\0\0\0\0\0\0\0\0j0qP:{)0Mlc?y6$41f9#u)(\n^OW 3H./6kNOd@\"8R`T[4e>KAs\Zc+EY5iQw\Z~om4]~-i^Yy\\YD>qW$KS3b2kT>:3[/%s*}+4?rV\0\0\0PK\0\0\0\0\0!\0eF_n\0\0i\0\0\0\0\0xl/workbook.xmlRn0W?XF$U[KU!\ngowDIo=XKN&^JeoyF\nm\r/Emao1/yRP\'H_9\0X \nqP\neaaLjc	$@\Z<YdJ%}iM*?XlxrLB&\Z7dNyE(\Z77(\nj5%;`L^nSbPy4tB uc03:F	(6\\\Z]i!W]e,9ssE-O&\" V&\nRDRG:$?\0\0\0\0PK\0\0\0\0\0!\0B||\0\0\\\0\0\r\0\0\0xl/styles.xmlXm8~+} A[JI$Xu(1[l\n.y}`T5<q SQLA<Lp8[R;f6!^\'Jru\"$*jeEpV+S\"=I.(ry9H\'\\Tx\0q4D-rvs(c7vl.k53J+\\6f;zv|MSD$XbNcFUr\\P5lTSaBs{<eKN|=?7\Zb2TA3BHR9Fi[BLrne\0WQ<LXmZIcxhS\r C06nm!0G=(8@WNt@nd\0\0a4 7B0n0x87eEg!&AcfSFr	zUtRRJK!%4x)8ft[flS6wG{#.Qb\",\r?\0@.K.aFKwZ{F 9K%$ItB\0[ l6,/@\\;M[GdC|YBii+htX&QJT;Rr\nCsaztlQzPZNtQm<Wy.&L3O\nDXocawv|\'#qq{g}pD6mv*T?&u`im=oaxyE*}?Q k$H0NTSH&2{U?F!C0@dq7	HE28\"eL({B]}VkSilf?aR$sgp|LOuU9>Y$~I\rjohn?|z{7xNmwPpfpU56{c=\n[g\0\0\0PK\0\0\0\0\0!\0,\0\0\0B\0\0#\0\0\0xl/worksheets/_rels/sheet2.xml.relsj0D{$;P%_J!&\0E^Jh%Bc0]Yc\"n@!4D,|>X<\r~IKZ9fVBlaopqSFdLeRcLOhvM7S0N\\8)H%`9H=UbAGw	sw\0\0\0PK\0\0\0\0\0!\0;m2K\0\0\0B\0\0#\0\0\0xl/worksheets/_rels/sheet1.xml.rels0ECx{CS7\"Ub{ep6<f,ch{-A8	-<a.NNJXQ$~	>Iy0jm_/N,}W:=RY}<nHI9`>H9EbAwk}m	\0\0\0PK\0\0\0\0\0!\0Ed\0\0	\0\0\0\0\0xl/worksheets/sheet2.xmlVr0o!H%B[YT-$B1(K 4Bd-b;u\\^\\G*R$oT7_&.RSwTLv4\'%-(/KAIjVC,.\rK\'\"4#\n+e\'D<%(,cN56/}%(t~y}0&){&f~3zgGhh25P\0Fi4#I{4@<@V1L\00?7`\rg?(H9	\n^&<~N*Uohd/hcvzv80B$v_;bmZ\rkh?	y]{bmB`}-kR-Y8&sM^UUM\"adIc *S/k[j0YMeR6iuo!sYXB,dE|(m\"CKnu`plG>F-da!KyU9n[]2h9`\rM+B?f^6\r|\\	]ujc7\\l\'zIYT\n,mMVI6\"^Oa{bUuTlNzqL\r5)QnEW-f]I[VH\'	:\ZY\n#yC2<s }j_:\\0Xm3uK. L!B+Sof\0\0\0\0PK\0\0\0\0\0!\0bm\0\0\0\0\0\0\0xl/theme/theme1.xmlYOo6w tom\'uMniXS@I}a0l+t&[HJKD\"|#uC\"$q]z>8h{wK\ncxLH]*$A>J%a<!1MWTUf%4P# {{2>ACMJ&M;4Be	tY>c~4$\n&^\nL1bma]ut(gZ[Wvr2u{`M,EF,2nQ%[NJeD\r>f}{7vtd%|JYw2\ZO~J=L8-o\0|(<4	X}.\0@\'d}.Fb\0o\\C\\\ZMT0zSt--g.~?~xY\'y92h!/>%mGEFD[t3q%\'#qSgv	\n9feqwW@(^wdbh	a\08g.J\rpC*Xx8rbV`|XcYU3J8b3+(QuK>QELKM2#\'vi~vlwu8+zHHJ:)\r~L\\E\\O*t@G1lm~C*uG.R(:-ys^Di7QR8,b?SQ*q7C;+};4pDZ_^\'M01UJS#\Z]flmgD^<	dB[_WE)*k;ZxO(c5g4\rhA:I~KBx\\ YWQB@^4@.hKik<6b+j9#U`uMDAaVB[f-WYj0[:X	~\Z;Qt>z/f\"Zx\nZp;+e{/eP;,.&\'Qk5\Zq&pT(KLb}\rSdL17	jpaS!\r\r3\05\'+ZzQ\nTIIvt]K&#v5-|#4b3q:TA1pa*~9mm34bg1KB[Y&[)H V*Q Ua?SE\'p>vX`3qBU(	8W0\rAw 9K5$\rPeD)jeI2b!aC]zoPnIZdidks|l2Rn6\rMf\\=XvYEEgY\n[A+M[XK\Z52\Z`%p7!?&aQ}6HH;8`iI[-/0,>eE\Z;ck;)\nC cc?f}p|61%M0*<\0\0\0\0PK\0\0\0\0\0!\0\nmI\0\08\0\0\0\0\0xl/worksheets/sheet1.xmlX[s6~Ll!$\\!i#rmK}W%K$>iW+41>hQ,rLf[fdLMa\nMK_x/r4dr]F[r/kV!.+)&8=;\r4El#:a.4	9_nT4,w9xKFl\"|K /	#[~A8*Xuv(y`l4b@,Q kC><1.0bAHIxc]g&4a0|K\0tRev\\=]-I.@24aG,i\'XKoaZ	hWrQ\"n-	$VyIQI%a%{g}?dt0|\'c{%b\0Ru]!RFox@ZF%K\n)jNRVLRVU`gjekWHD({Z <W\"%@,qzb,#ALj.V\\9(\nr]/n@DzTbq{2nWG6I`)Cq@@h-Z7iFt/\04Vs<%B&B!A!#!y@#BB\r	YuFYsR	M8si8d2ABF\rBfE!wGBg,DB^BC<JkuKB	\"d+Lrry@((4GEq<\"	!Y?g9VTV9ZQ1b8u}sh%ftkrO*{w\\4<4\\>A}(734\Z	{xy	3H#;\'%(	JcM^NP\ZZQ^\ryJ9\nop)#I62\\=RJ|,FvQkFW@^\0C/7sp[dn}Xl4nE srBoR}_b{hW_|+E9+x,jdy\0\0\0PK\0\0\0\0\0!\0I8\0\0f\n\0\0\0\0\0xl/sharedStrings.xmlVQo@~`!\r`j3*i9t|%(iJ;};Zh;eM?:LfselmQ[C&\'[=<QlF=[r^4v%nFT&VW\"h0SI\'9k9S,I\\aGCVI39=/vYyU)q\Z8r%f%p2/v[f+[#dr\"rzm_O\Z`ZFu$2-gVPUNPnB7rt;C:@O04Zn)-zI2f\"WrQ%BOOrvX@<4X\r\ZTa$Y~Xot/L(KwCS<c`/.b\rLu]EsLfr\\tlfrr89.03w	,Svk8s2(+Lr!n:CdOM#e;kMH4V\Z^mAr_,-%yc\ZNje{}+amaGM\0K.TZ74!f\\VZ	E;h]~B\0i)TAPXAA( vl= fB*Qz	i^i\r)A\nyjOH%]NEVYEB085S*\\pS?I~E_.Xw\0\0\0\0PK\0\0\0\0\0!\0,}zH\0\0k\0\0\0docProps/core.xml (\0\0\0\0\0\0\0\0\0\0\0\0\0\0\0\0\0\0\0\0\0\0\0\0\0\0\0\0\0\0\0\0\0\0\0\0\0\0\0\0\0\0\0\0\0\0\0\0\0\0\0\0\0\0\0\0\0\0\0\0\0\0\0\0\0\0\0\0\0\0\0\0\0\0\0\0\0\0\0\0\0\0\0\0\0\0\0\0\0\0\0\0\0\0\0\0\0\0\0\0\0\0\0\0\0\0\0\0\0\0\0\0\0\0\0\0\0\0\0\0\0\0\0\0\0\0\0\0\0\0\0\0\0\0\0\0\0\0\0\0\0\0\0\0\0\0\0\0\0\0\0\0\0\0\0\0\0\0\0\0\0\0\0\0\0\0\0\0\0\0\0\0\0\0\0\0\0\0\0\0\0\0\0\0\0\0\0\0\0\0\0\0\0\0\0\0\0\0\0\0\0\0\0\0\0\0\0\0\0\0\0\0\0\0\0\0\0\0\0\0\0\0\0\0\0\0\0\0\0\0\0\0\0\0\0\0\0\0\0\0\0\0\0\0\0\0\0\0\0\0\0\0\0\0\0\0\0QK0C{f1CN&6iHi;ku99N6@$IQ7B@U@LV7\Z\ntE\rG^I;M{P%kb>m\ro<K9V`NHGyuC\r\nw${=XSI4)- m!?/j,u+-$D[YFxt[q{m>7r_dB4:RfYJ8Ifzc:\\S,6$n(\0eG	\0\0\0PK\0\0\0\0\0!\0k\0\0\0\0\'\0\0\0xl/printerSettings/printerSettings2.binV}lvblTF4nH@9zwvE4iboj	iC(\"DQ\0!)m(8j+2I=(htv-\"lDQt<%sF5KP	:ZI*V.C\n8Iw!Ls9M\nrxUv-@ 3g+4gNEBbB9)\\NGtZ][HF\Zx9tMlT7l\ZTuVdqU[[g(L#V$ALEeX-Tl^fS_[5TNmYSiGIl)dMIA2Cq-8qielDCI*d/`%:>i&mjZ)wXhtQ/BCM|W\r/nB!<V\nV8\'gXP#(/	JPZ VY1v,4 yQb+!	c\rlj\'FqVXnll\Z	YU:)CdUtUHRn\Za\\SXgk$gFu<i78NXL6l[-lx6-0!IWpZMK~J5-b	X@xRvh1	hpGc\no,ON[Fff(3AX-D\\y9m`&$3	lSLe7`7TkXq/\'\r.7C=9\06luALD` %Spt^&\ZJ|F)#a\"F7N)\"\'wMNsB&1C&bJ2gIlX\"  .I>\\wKFX3|(wT8+$JPHs@Q>@PHkR4\\OI9s9~xMv#`xE&tc\\Q>ytS	\n[b@&s&i8_H!.!\0CaEH&lk\ZE\0\n\0Rs$.s$7\0pF,18\'\ZE\0si3\0u?a_]~5W[C}cpm2}IDU`InWZ?>q{8kjz{k6>CWf[y9yom=kt9wx}{-#?v}-VqFO]7~#O.|{xi|$tN|{Ik`;}zwF77xg[oCU>{_v\rwI]8^/%Gejdqhan H{npKZE},U3LcgR\'<uc7}6}~|Jhi3qw=wzz}^HZW)T=`@[=]{nwH_gc=~;lz?o>g6LyE]|!!!!!!!!!!!!!!!p\"?\0\0\0\0PK\0\0\0\0\0!\0B5\0\0\0\0\'\0\0\0xl/printerSettings/printerSettings1.binUn0}(RcFo]4Z\rdvm3pECcS>Sb7$;)*XPy;\Zzjdqiv=,wxlp{HAC{^w7}wflgv\Z[7{\n4O7/@Di}>>&c``0-*B4|q(*g+ro3R8T-kBVI \nZScP1fv=KB$f#YR,BQ9)\\PFdyMZalXey\\Q!Vg!\n\\wH59q<EX4]`R@(./eb!&<RL `{5S)p\n)7ju\n8N\0\0\0\0PK\0\0\0\0\0!\0YF\'\0\0^\0\0\0docProps/app.xml (\0\0\0\0\0\0\0\0\0\0\0\0\0\0\0\0\0\0\0\0\0\0\0\0\0\0\0\0\0\0\0\0\0\0\0\0\0\0\0\0\0\0\0\0\0\0\0\0\0\0\0\0\0\0\0\0\0\0\0\0\0\0\0\0\0\0\0\0\0\0\0\0\0\0\0\0\0\0\0\0\0\0\0\0\0\0\0\0\0\0\0\0\0\0\0\0\0\0\0\0\0\0\0\0\0\0\0\0\0\0\0\0\0\0\0\0\0\0\0\0\0\0\0\0\0\0\0\0\0\0\0\0\0\0\0\0\0\0\0\0\0\0\0\0\0\0\0\0\0\0\0\0\0\0\0\0\0\0\0\0\0\0\0\0\0\0\0\0\0\0\0\0\0\0\0\0\0\0\0\0\0\0\0\0\0\0\0\0\0\0\0\0\0\0\0\0\0\0\0\0\0\0\0\0\0\0\0\0\0\0\0\0\0\0\0\0\0\0\0\0\0\0\0\0\0\0\0\0\0\0\0\0\0\0\0\0\0\0\0\0\0\0\0\0\0\0\0\0\0\0\0\0\0\0\0\0\0n0@VQr`I*PY$m$qH$ed+E1pEvzECb}#A+nUiA#UHi*epDp%7lMzK>!X_FG|\n>@Eb5J_\nbjVpFY2ilNu*\Z)cF\0`\Z{`!\ZqoBQmUjC@g)8ymPFFY2l(Wl&k/t{N.]\"~)\r%w5&=OE-O9]YM\0\0\0\0PK-\0\0\0\0\0\0!\0!F:v\0\0\0\0\0\0\0\0\0\0\0\0\0\0\0\0\0\0\0\0\0[Content_Types].xmlPK-\0\0\0\0\0\0!\0U0#\0\0\0L\0\0\0\0\0\0\0\0\0\0\0\0\0\0\0\0\0_rels/.relsPK-\0\0\0\0\0\0!\0Ja\0\0\0G\0\0\Z\0\0\0\0\0\0\0\0\0\0\0\0\0\0\0xl/_rels/workbook.xml.relsPK-\0\0\0\0\0\0!\0eF_n\0\0i\0\0\0\0\0\0\0\0\0\0\0\0\0\0\0	\0\0xl/workbook.xmlPK-\0\0\0\0\0\0!\0B||\0\0\\\0\0\r\0\0\0\0\0\0\0\0\0\0\0\0\0\n\0\0xl/styles.xmlPK-\0\0\0\0\0\0!\0,\0\0\0B\0\0#\0\0\0\0\0\0\0\0\0\0\0\0\0Q\0\0xl/worksheets/_rels/sheet2.xml.relsPK-\0\0\0\0\0\0!\0;m2K\0\0\0B\0\0#\0\0\0\0\0\0\0\0\0\0\0\0\0T\0\0xl/worksheets/_rels/sheet1.xml.relsPK-\0\0\0\0\0\0!\0Ed\0\0	\0\0\0\0\0\0\0\0\0\0\0\0\0\0\0V\0\0xl/worksheets/sheet2.xmlPK-\0\0\0\0\0\0!\0bm\0\0\0\0\0\0\0\0\0\0\0\0\0\0\0\0\0\0\0xl/theme/theme1.xmlPK-\0\0\0\0\0\0!\0\nmI\0\08\0\0\0\0\0\0\0\0\0\0\0\0\0\0\0\0\0xl/worksheets/sheet1.xmlPK-\0\0\0\0\0\0!\0I8\0\0f\n\0\0\0\0\0\0\0\0\0\0\0\0\0\0\0 \0\0xl/sharedStrings.xmlPK-\0\0\0\0\0\0!\0,}zH\0\0k\0\0\0\0\0\0\0\0\0\0\0\0\0\0\0$\0\0docProps/core.xmlPK-\0\0\0\0\0\0!\0k\0\0\0\0\'\0\0\0\0\0\0\0\0\0\0\0\0\0&\0\0xl/printerSettings/printerSettings2.binPK-\0\0\0\0\0\0!\0B5\0\0\0\0\'\0\0\0\0\0\0\0\0\0\0\0\0\0-\0\0xl/printerSettings/printerSettings1.binPK-\0\0\0\0\0\0!\0YF\'\0\0^\0\0\0\0\0\0\0\0\0\0\0\0\0\0\00\0\0docProps/app.xmlPK\0\0\0\0\0\0\0\02\0\0\0\0'),(22,'','0000-00-00',0,'','','','',NULL,0,NULL,NULL,NULL,NULL),(23,'Summer Picnic','2013-08-03',0,'','','','',NULL,0,NULL,NULL,NULL,NULL),(24,'Back-to-School Event','2013-08-17',0,'1902','W','Erie','Ave',NULL,8,NULL,NULL,NULL,NULL),(25,'Let\'s Add a New Event','2013-07-31',2,'1313','E','60th','St',NULL,5,NULL,NULL,NULL,NULL),(26,'bla bla','2013-08-07',4,'2342','S','Valor','Ave',NULL,3,'5 Dysfunctions of team.pdf','238347','application/pdf','%PDF-1.4\n%\n4 0 obj\n<</Type/XObject\n/Subtype/Image\n/Width 1704\n/Height 2200\n/BitsPerComponent 1\n/ColorSpace/DeviceGray\n/Filter /CCITTFaxDecode\n/DecodeParms <</Columns 1704 /Rows 2200>>\n/Length 115587\n>>\nstream\n\0b\0`\0X)\0\n@`\0X)\0\n@`\0X)\0\n@`\0X)\0\n@`\0X)\0\n@,5hujj t:CPVZ\\\0Yjht:^:B:bXNBuhtuNCCCCu!Cuit:COVC\'CuPNCt::Zt:NCNMMBrP5kUE$*!\nV:tttt!uht:CCNCCNCt>:Cttuht?t::t:C|t:c|v>:t:Bxtt:u\n;PN:Bt:Z|t?ht:P:!\n!(GU!$!-!P:r#T:]H\0RC!t>;CCt:~xt>:CCC|t:Ct:t:Cy!!t:Ctt:k=S*.CP:\".^buNzbU htj* Z@Mz%jkJH\0G\\B:uj,ND+PB:t\rZZtt:^GCWbt(NCj:	uhtt$]r:tt:B!buu	TSCt.CjBt-T(D!H(U%hQ\'HCU\\lN1rT\0RPVBB,C\'XCXCD!.Ct]bu4::htt:Nbz\n(CXPNZPVC\'C(^(NQBk(AXB!V(TXNt:uEit::VVBi:#M~g\0+CCTCNCpNCCP:t(SCut:Pb\nVCPXCZ(JUT$*!epD+Z!(Cu\nk(\\M:B:::ujj	:W:!btZu<EZVE4ta%X!j#qBBtC\'CPN:t:t:::t\Z:Buhu\nGVBB\n:ut)SC!XbBCD\Zt:	!+XCCPMVI!CNrtt1$J\Z!bj::B\rZVNNF`Ft::4:tt\'\\zut\\\\BCC\\MBhuu	(C:!BCCN^!jCC!^!!PVXz\nTTPBBBuQ\'GPbNZBD]NZ!:*+SCPJMw\0(NBVzC!PB:F:t:::\ZEju	\'JE\n!,Pr:T 4uu\n.PziBB**)CACu\nkDu\"5h!l\rwjXpJMZPr:u\nu*!!\\z:Bt::Btzit:::!hQBu(CA(PU!PXB::kC.NQ(NzthVVfiuwZ<MCCt!uNC\\VZhtCCV%Et:BuuD:Zut::BNBtCCNb*,HZSHCD(D*!htD 4Z/Z[CC )\0)S\\C.D\'CCCNC\'PF:utEtCC!iBBht:t:CCPAkC^:u\'\\Z\r\"\n\\Vzuj)5Z\niBbt/PZ!\n%):u!CVCV\\bNNNCtu<IkEtt:tu\nt:ZutBBBu	\n)\ntB\Zbj!-U,Bht:ZVPB!h:B(\\jq\Z	h$\0V!CXCNB:bB5k\'^HC5hu!!K\'PMZ::r!Bz!r!5ZIh8jPCKd\0RCZ(G\\CCCCCN^rD::huNz	\'Nt:P^Bi:PPC! )Z,HNz\ZB.NMZX$!.@ff4:0<\0VX^PPC\'HX!B:\n!!XC\\\\P\\GZ*.XBA\\CD4:uD::u\"Mb::t\"u@ZiMM:%5a%=EPJt:::t:uht::u	Z*\'VV^U*\"(^r:^BVCkkDUj!I !M:u5FjHECP`PQBt:CC*t:t:ZBttu(E(Vbht::1B\r!:^,GXXV/NW:EYB!MTPV@+t:t:(VZ!+NNNXr::MZN^:MP\\BjkD\Zt:ttBbM::C\\PVSIhUzBP!ZjB+Z,u9T@m:ZujtCXC)Zu\'^zB:\nSSSXBZ\\T\\*huB:	XQbh\\\r\n:t:kPCX:Z:\rzru#\'NZM^EIBu%5D:.VO:1zBTV[Q3gJb:MZt:4:bu(PC(D\"t1:	+JujD+C\"-\r,TE\n*iUS\0Vt::MBPCPXzht!Z5k^+CNACNB:BRuhGP\n4X[TB=\0+tB!ut::/NZ:CNBhuRBZ!(VZTGBHuZEj\nHNbMZWRzRuti \0NBCC,GU+PQBu!hV:uj*/^r6Z:Z:t:IB$G]EKt?.\0)Pjuu4(CPZb:\rz\Zb\n,D*(EVVbQ*#CTBK\nu7Mh\0+t(P:BBCCS\\XZ:zYbi]X:BTUA\"a@u4:B\ZXU\0\nBVbZEttMh$X-P.VBB!\"555ZZk\'VNUX\0Btuj!ZD:buk\'XNPVz\r$bb@z)C#$\0X!MMNbhZzt::: #SN)Tb(XAMJ\0\nGP:j+Z!D:0+V\\5ZU+B=SN	<]\Z&\0nk\'C+CC*/PVB:u\nkE:jt:5kk 3hBt:BjO+Jxi\0V!D:jh\rZ(IN:X@JjTI+SF:\0Z:!EEEh54\Z:rr*G\nl	n@[Z:B:\nuE5jjjtt:-iCT:%N\0+wCCCZ&ZjDk\ZKL`l4ui)CVSC\\+\\C|(XY$B{L[HP:::mBKN:t\rz~E~MZ\0+}^BjkMh$t	Ka!nuA\"\'^QZV~E|T\ZMy\n]Zt:DVbR8Db::$NV::5i\"hl\0iPQZCCNE7`\0VD*ht:j\nE5@ok0D6@o::xVrbq(\0V^P[\rM\r(Ej`\0@A:A[+V:Rj\nR.<7OsCLT,\0V x5M\0Er&P\0%t\nL\n\0\nV(SX	Cdh\0RC-Id\0bWt:I\04X\0)Z4J}\0R\" J\0)^*,P]1\0d`(\0RDL\nV,\04V\0)Rh\0R\Zi \0IJE`&*M\nT+\04X\0)Rh\0RX\0IJE`&*M\nT+\04V\0)Rh\0RX\0X\0IJE`&*M\nT+\04V\0+m4V\0+m4V\0+ni4$\0+m4V\0+m4V\0+m4V\0+m4V\0+m4V\0+m4V\0+m4V\0+m4V\0+m4V\0+h}4V\0+m4V\0+m4V\0+rh\0Vh\0Vh\0Vh\0V`\0[E&\0nM\0\n,\0+\04X\0+rh\0V`\0[E&\0nM\0\n,\0+\0+\04X\0+rh\0V`\0h\0Vh\0Vh\0Vh\0VX\0X\0X\0ZE&\0nM\0\n,\04X\0+zh\0Vr\01@oM\n,\04X\0+zh\0Vh\0X\0CX\0X\0X\0ZE@nM\0\n-\04Z\0+Rh\0Vh\0I[I[E&@nM\0\n-\04Z\0+rh\0Vh\0Vh\0ZE&\0oM\n-\04Z\0+rh\0Vh\0I[E@nM\0\n-\0,\04X\0+rh\0VlP[4T\0Vj\0IE\0of@[(\0+s443Dnf1&h\0]\0+s4f\n$3I4\0V`\0[EV5T\0Vi$T\0.3U\0n6!..3U\0o6\"dK&j\0s\\\0,<>Fh\0\'7f\0\nlk`\"=h\0^_\0u[4L\0V`[4L\0Vm,=1WY`h;Ay\Z`T*~\r0[6A83DiI:h\0^&\0+{)d}[4L\0Vmuh\0K`h\'P`k*4H\0Vi*ODofU Z{4H\0Vi 7f\n%Z6iP\0^4\0Vi.}R\0+sHyP\0+S9l[aH[+cY84\0Vm=1Xg[)\'\\j)\0%MX8VhhT\0+M7sX0	:j+\04e\0aWQUcQ35\Z7|AujUZ|lj\0\Z1~`iH\0+Sq/( < }ZsTi#&ih\0HyhQ\ZDep|HFiX\00$ a_^4(+ysf\0\nN-\n@yS]uj#}x\rt@7(bW\ZWB?N_Hh68q7 7luJ:a6 ZQ!D/QpZ@tv!Ll[|1x/WR\n%\Z!|F4\0Vf\'2cP\0+M&Bof#!dY0HU#P\0+Mp6S\nrI&1-\0\nL+F!\\F+F6o<5 \06QLUw^LA\\8x\\8nH6r`eyU`]RoUC)cU\\<\0Vq`\r,OpB9ql\0nn7l7fqn,\n	rg[E5N}6qgWU2\'bIt7,\r\"0/a:q%Zm1X/0n X\0>*D`y1Fm8` p?H $1:\0nn%6`icw(I|\Z\Z<HR?`,>QQOQSuiGC}x?+G 8+|;J}P\0VtU1!/WvvgZ\0s`N+cO!EyY?\'\r6w\0Hhg+c_pgLn*? (Rt:Bj\0+sq p=:PPO1c]<xo?i\r`!ADxWj6!ZBd\0+MLk5f4	rwdcYg~{!]BP\06H+O\rq7GVo,i\ryH~+CT6Zma!R|ka2>Ou4:6\0+sr|lQK(wtIN\nn[n 0}+1APA{ukT\0V|wtHI%>+Zm\n7!><q{P	sSD\Z;c]!EXPCSm\n@%x`n\Zp\Z_:MMb\0+MFa\r{\rpJ#~OhBBrh\0N}20?k:Oe^2\rIt:&@ZmQdc]YS~uhtt\r\0V_oGB}=4Y~a,m@7|xg;B1~`U 0IZ6Wot`Hb}1C@@:CS@\0\ZHl  LH\Z7CCTPP\n\nK \n!`XCT:k\\	\nn%oB\0o<j6crD:uj(CGGm@b`Qz$eT!jP\r\0\nn\'[I\Zh<|i=St:tuDm\0`.B>5}]]U*xzCSP\06\rT}K.jtZ\06yUL[+Zv!t:u\0Vq#o>U=@@_:::::t:M\0hf3k(.  _O*TXV\nKh|H&\r1)PCOI`\06q1!D!6ee~W|\'CXNCCCX\nn7x	fX\ZOSbutBE@mCWCZ0<WJ{N::\'6\0ijWy`P$pCT:u6\0q+ +7f#b*d,VCNC \0Vq2Ar;jW\n)Vb:M\0VqC$	gF`yj:vV:kDi}gf\rZ2SBt!N::i)z;17N=Bt:j(V0\0VnFfq+\nhwi	$,Ct:!Q!@\03`g1P #p`srhtt,PCXZY\r1AA,`Ty\ZNQQZ\Z\n!V\Zy\rG*\'C^Oy\0V(9p8=)Pb::t:x|6S Zfc[%\n6W%\Z\r]\rGR	uuuTZ3b{o LkF6KTN/VCViYl}\\V`ULrYMt:bB6\0+FlC;cSQx\n+%PzD:)(\0=hp\rkpB::t::::::but/lmp<Sw\rthh-*k0*\06t\"}}\Zbgu~t:zU Z6@Zb7}y>jNXZ::hu	(e\0n6lF<n~ <LL(g\"^!!!+NPD.PPZm=BvH0 q1D%E*+XE\n\0VgtT88+-Mr:P:)X\0q${l*`]-1dD}t:k+\\rm\0VKsFo+YEt::t::j)@\0q%y0?yH:B:t:u!PCH6Q`Z6i:U`Og|*Xbt:!CCTCN{e\0n5n#`Q=<ZuEw*,\\Dh{RP,]}ag9\'CCACPPBu<XVBe\0n67yH?EEV!E[e\Z\0n676H-ur	NC!!(N\nGl@m(n{ 04oobAvObu|)Cw\rb`\0V|LQ;1Y	M3rx4:tt::|4:utvL\0Vmg}5q\"W^O\rCXC\'V\\XU\n-`yFfD0 n4$C\\Z:SNB\0\n-`Y|Qgl4\r?uXN:zt+6Rm`Q,t!DB\Z\ZNPZbte\0+Fk<1 0nF\rR::htBhCTmQf#^0n\rC>\ZX[zsCi:P\0q@<?>96Qx\r+IXNbPPM!\0+Fl(\n5f$\rx`yaP5#**S\r:Rbut m0Z6h>5t6+chG;j7*Z9R:D\'N:M_!!6T\0\n\Z)a|.^BYDu!^N[e8\0qZKj2~Q1%P\'CHVC\'Nr	#\06 +u,<G_\r;~(:)Nguji~!t:6_\0n*B|y{@\"d5af \'rBB4(^VQ{eZ6b[2g:A;b\r?xCX\'V_\nBtv`m1{<Z -1/(+r:VZ}it:ZP\\\0V<|=F\'g*x!Z:hue4:CVSX\nF\0[<Y|&gx?uu	N!:N^l`mQ8@FYQ	^.R>t:PNXXCPPj!sd2\0n74nMB{  =qU)C^B4:t:\rbu\"P\0qna4`Z2dV_*X:ut:)BhMl`m[\rr*xCNHPr:ht:Bj!\rd\0Vy#`z1cfJP:\n1!X:jm{d%\0n7}}1/!,8\rGE\'PXP:\nt\0VY\'!\'L>]r=~!\'A/NPV:~.SCX\\\0h8gW`LqN(CP\\jZ5u)\0\n7YcDp~\Z[c\0e?qoXVBZ4BVbt:\0+Flf(@yD:5)S:iCHNNPrd\06K8c]o5a\r+?E	ttuD!,PZB:\0+Dl\\@ty|o;prtt:u\nuu4B!Qcd,\06Xj}~aq\Z>+;\'V:bztBC!P6BZ3eSW<([,C!vZ::PZd)\06J|@8![+hGPruhu+CUD*!56.\0+DleFc$k<6k0,};CPCGXBD.ZC^hc@\\yt{%huC!NB5EP\0V	yg<;Snv:b!Xrb!Bu \0:L8W*`QoA?f:v::tt:vft5G+l@fu<Et:u!^Pb\0VfPG|{S^\\Bt\'V|AW{d0\0+D-%E\\?:uEt::t:B!+QzBuh5I \0q p.b0 l |kG\'NZt:Ihu\"X\0q`|l 	F7\ZFozB\nu	(CvZH:6\0V\Z\rV!0}|=*(NCCCv:5kCSCGZ\n\ZVo<cWCVo\"v?#XPNQc\nNHPr/\0\n7\Z0/au/:SCCCNCCA$\Zh Z6y<cY_q:\Z	~^:tkT:;d\0VD?`y`l;90IR:bCC#CPCPNU(C^5\0RD<:]/{;z=z[Tzh::::\nI;Nl\0\nuo0.j)yPbt:jjG\\PMzDu\nmZ5lV;,[xBR/+VPVBt>NZz:tMZuuJmm`LQE!CCXZjkNV,T\'l\0n4.{A8BP^|uhtR)Vu$\'PPV\"d\0qw-L4n!>;?*tCVb::hu\nT:5tQR0\0VLTlT6@5yN::Mz:i(N]Z:\r:uuj.C+^,\0VF$(t%}->6IPzZuP::SIVG\0n[\'i{a1pT:tt:Bj(CZrGD!X6AhcONL?(CQ!B^E\n\\!:huht\Zd\Z5\0V|k0x}xey^&::+AC.Q:\n5)G\0p= 0x`Qm=^6drQ:ZZZ>::_(SNHf`M+kx\rMp0AMH|ut(C,W!!B:4uh5F\0qA{	,b`G46BZ\Z(C!EZ<\0q_q-tF2VCXCC~GCQr:j(C@/Xf\0M]f4`kFF}#r5+Wb\nP\'XfMCz0<00yR\'ViBbiz[7T\0n4~00-<R8^ZBBt:4:::\ZZ,\\\n7\ZE7Rt5\n#CCSVZ:u\nZ:k$!]b\nn\0+D\'%:\ZJ*P^CNQ.AZ,WfMneRhGQ\r4TZtuXCSPg*!PUI4C7\0n4	Eo+`opq#8P^Y:4:XC.GCVN.fM\"Vwo:)Lj1O(H7VjNC\'UGCA:r\r!\0\n7\ZVYH_c#x\rNBrP^B:VCVBua\0\n7!bB\r|w	4`Z1de*NPQ#G^\\Z:t:\Zh4vn.\0+Cnq6ct^HF7[c6	#rt:Btt:t:,V^VSQ(P\0\n#1G1q+Yl>%4	*7D+b:!::!+PD,h6n(\0+Cn\ng!|y(GSCu! #Zn$\0+D%y86K?b`O(b4::h\\Bt:b:j,SC/Eh\0Vv%`Y,x(8iX7x8Bku+CCpTVrhuD\r\n7\Z\Z?)A#Vz~w\niBNC!t8SGTX!ST^$\"C70\0+DjBh$xP7q^$9B]:uj.Z8NCCuuPhr.At6Y0*p\n0<0zD!Pb!Zt:eBQQZuh\":!\0n\Z\r080C\Zv~Auup@j!h5t!\0nW\reV6\";fS:ubBBr}CC(SC\"Z{7\0+CnRmlPAL#\Z|S8CPPQ:::GO\\P:Bf\0h0*ZXcY<Kw?8_bR:Zht::i(\rZuB:BN\ZCTSfh+FWC0q1Fr	!uk;Xz\no:j_Z\ZP\0+DV[FW_$	>QBZ$!\'SNQBMBU\0+DLbavbZ0<q,}5,CCVNXCZ:BE\\bL\0K\n:@A\'p\n>$ ~{i#\Z<XOBZ!BkD\ZE@Zqh\Z\Z*PU\'\\C!|.P:\r:!:.!QP\0+DjS\Z\rl\n!:ut:Ct:u4zm\0\n7\Z <cW1>wJ!!C?BtABaP\0+Cn+GE~yHSZ:tu}u	!WQZ:uu5u/S@Ht6=\0\n7F$`|yu-s[Z\Z|o_B,NV:\nSSC!C*, /I8P\0+D>-%\\CXMQrt:bQ(ZMA}P\0+Dk?@A&\0s{h[9whtut::\'Z:BuD\ZmC6P\0+Cn$ 87&.[P~S|Bu\nTNBG!SPC_Mh**~P\0+DoO0j~b\Z|j\'PCHTCPMW!BjQ(TCTq\0h +h|[yRt:ZVNSXNBuj$+N46\0\n7\Z\r*``&U+b{d}&1,n?/BCN:t\\|uh4:tQ*d6(\0n5yf,!\r)#:4(V::k@I\'\0VSWLRGcO!pNG:vZBh5j\"\\D-~\0V+en%cp0><|hk|N:MMWZ\nkH\0f,4`}}f8$9Ek,PZu,CbZ!bjkj\nj @\0h\ri57	\n?C@(CVb::+CB:ut:NIt`Fq5l&t7x5|kN:u5CQ;C\'PVZ)`q\nycY<J`Z0*ECCXVNBuECSruZ-Z\r)s_e3dg~cULNqF+VXv:b\n>rr!:BkVZ?goo#&f,uhui,VZvPrB!j!T]\rU\ZV@h{?%n\Z@z12\r\'CXGkXb::Z4t:::u\"\nPTYl\0Vc\\%\Z\r !/X,CCjHt&!cMp6\n\0+\"R?H\'v~y+VVPCCNCTb:t\Z0\"\0-l<\"M5N\'VC*!!!P_u4:i\n$/Vt3aPZ\":\ZLut:\nuVNHS^At(\rpSP\0qV(PQ:Nb1Lk,m!c!(Yb::kTGu5-D!%k `+q!FH>45?^:+C+Obf:Et!Z/PHS^mr=\0\nCV*H\r\",9Nu\\B\n|sE$!_NA-qz-\0n4\ZH~C3B9^qF29Oui(ASCr:,GNPMRN,emqn{-\0`y?\'hkNHb@YN\\ZNBb:4:ji:V!jB0h\\N@hmJx|a0(|<\ZgI\'PZ\nUjE	:\'5O\0V\n>H+\\F$`nTz:uk!+C+!u5k@h\ZH|\0jn	@R0.\0Np=fWBz\'VYB:::!bCHm;(\0\r|%C|GxI ,ca$(PVM:VZ!(XXNNP]uE5bk[\0N`WO|LExNBTC\'NG/SJ\nEj\r!Ufhg;5o1`Q^<r$bk-zt::j(C*,U%V\0+\"\ZCfFWS\Zlm##uh~Cujt:	VCb\Zj^B\r^r#)\\j\0+Cn\Z	\0o\n,,cY:u:tq4Z!:wHVWL0Zp0A:!$YxZcPL .j5t:BuusPZr:Vz	Bm\0+0wDK%TZ::uu5	u	SS\\rCG*#68\0C\"\ZEbQS(cYF)\ZyS::_hut1r:EC+NZH$L\0VEn4,l\ZAKd\"A<uhr:n4\'CNCSTXbD&Z@k+,qh[WR/XCC\\uuw.^NXC+,Nhm/Zx:_6-\nF%bE\n(XBtN\'C^:Dq{(\0[P%2q Y` NPBz!\"ujK.S\\VC=]?\0fyH	e@o<,y\rr\n\'Vb.VXBBttt]BURAmzP\0+XH:\n;hj?*\\CPSPBz.CU!!XEEkED6,@\0{\n)k>4:Cy<U?l*qNXD:F\Z:i+NSXj~{(\0v[rk!!7Y}K	$MBuEhuuD:NGi-PtU	\n\"ke\06e*i\'QG:ZZZX:t:!ND.Zg\\\\=\0\nn5lC ;@``z00p n>EVXB:bb\nhtuuZukb)!*@_UZm{?\Z|%\Z08%l	x\"\'PN\\PV:E4:!:!BUh	NF^@\0yA(g9^:h5\n(V.X#Egg\0kylWhlo>4\"N8N\\VB.V}ui+C@huk(V.Z\n-\0\nnSlWhi\r|D,D!V4\ZujE\n*\'J!B\rch\0b~yg1(\n&`rCP:u	uht::u>jiCC\\e.ChGR3=\0\nrHQ.+x\"oOr%y\'Vzt!(CPNN\r(HC[B:X\0hHcck5\'T-A.W5B/CC\'C	(ZyD::?Dj`ewBGi\Z\ZE`+%:VZr:i,YB:uJ,^bz!*U\0<	E!C\n]p/k+NPZjw/CCEVZ\'SrrOQL\0Vg@q1\'\n!!F[s:!Z!G\\ZEUSBGCj-%GYxN+A\\nca@(CCNVCVB+PSV\\ZjuVC\0VgyF#\Z)Z\nH6\\P:tBrNBBB:R:\n!55)G\"KeyF\n7	et	N	+:Z:+CV4Bjw+AN)IImH\0Vap/;WC]1>&[JPNbuGn\n4C$9`w^\n;ZeJ<SNrbtB:ttu!!P:jj,.B@1E\\=\0\n;np>5u4E)D+XTXBMrZh|uhmB?!!HI!fuyzE\'\0+,yC\Z\Z`glo>5}l	r/c(V]QNMbuu5/J-e}Lk\Z\"4\r@V\\B:jPTPC^Qz\nPZ)fN@fxV\'thE|kP$Zu\nTV]PPP::ud2\n=\n7+\ZqTpg|PPGNruht*\'HNCt	BWkv>Wr?@Yc! }\"S#fGg#r(C\'GCQCCNPVG]Qz&Ue`<B}00$`y,rk!Qu\n!u	,NV(I!W\"!:NONp7 =\0\n;n\rt!=4y!=t:~uuhuKDuH(h|\\W+m\n#\Zl O0<`]!10/+,CPBt!NB:t:tt:bt:t:ut:}jC:/h1m@Q*7:Mj0 q\'SCPZt:+P*P	_\Z*\0+,y0yVQqO eq::>9t:\'CXQMjZH\\UZ:E\nEXpe#\Z!Y(s70MzZR\n.CCt:	CBzABYCnYmg\0\n>I.H]*gN:=(TPCQ:ubEDz!,zhBdnpYc]3qRXcYh@t@H01TG(NT:]rui(\\NVZ.iy[o0YcJJpZ\nh@RBqt:tuht:~h|ut:B?tu\n5kXB\0\n;nWY\r{C\'\ZAfI!XbBet:D:\n.b _E--)\0;nS\Z?t_oK:^^NzrB:/C,CCtBy8N*]\"@ce m7!\rh[>L\Z!\'#)VCCC+X$^YTuZB>]N\'#{(\0p0A\\W>pjhD*!!CC!(V]:EjqtCKT8e\0/4(oP\'\n!+VAU)C(CP\\Q~))j_\0VDnb*;O5bPckiVX:Zb:BCX*,(TYY\0Vgmeu1q;oM=ICXBj}PPQ*)CAuE=KYre\0mev47Bf{	t:t::|(PBu\nCV:BrQ(MB9!/Ct#@\0sX8X	[T`_q\'%VBZuujN::ut::\n(CZ8vBv&NF-\0\nMCOdZ::tXCXB:hu85k.W$bZYH@fvS=-`RP:t:5\n!ZCt:!rW@mof}-\nt|j)Vc#ktxr|t:!C	t.X\n(Z-:*rI.e@;nWb^vnGrtuuPHVZ	Z:Sbv0f2ce1famg4l*\\:\'VjGPVCVO:kG41~ fEY6YZF_`]1@Zt+yt,XCuX!rC#t:u5,H&X{ \0p4UW\\)LMOhS:BBuu,\\PB	!UNZ}fV@ey^w`y q}xQ)BZ:#.\\SPZ1cEks{l\0Vgm` @Cm#Qq\'8\'PBuj.Qbt:5!XxN^\Z- )g{-|\n\0+,vLl8y8z:+E%M\nhu,x\\:\nBBQBu1OR\0;nb7|ytY`XNNCCXNP+Pr5#CiEB1\0+,v,(`y>\0cYr/:u4NCZNCPVxv*CjxY-0Y@L00`l6YB\nP<NCBG4uju\nG@f){\n{\n\0snc5gk0<>WE!+NBt:/CTSW\":B:zEMG0J\0+,v|k>51n8^7awB>j(PCNCc!8C`*!u+N5h12]YL\n&4:j!NG,VB=5wj5bF\0+3XhQ4{[ Btt:\'V/|ZC:uuw.vSD\"+ND*Cl[`m0:\Z>5tN@hC(Ck\\TXZ@zFcS)l\0VX0~QB[Rq.C\'A}ZuujC;P=t!*(Sbi*C\r_SRP%@f$}\n+Gg,r?u4:PPCip!C:kNA/+<2ocj8Z\0+,v\nBW}iyH\r*r\n\\::u;8T|bA5&\"qa=\nr=EFRJ/C!huvM]h\'C Bbh&C@\Zq\0VDn,<CqL|,Z\'CXX#Cn\nBt!bjaAU}Pv=\0\nO(`o\rG6L[FW!!!Pu+Vs:bu\'Nk\nkQPP\n11!`bG|G)P:tZVC:CAzeKb^@dFwP|=*gPN:zui(\\Zgrjv5|Lu0}\0\nj0+Cylo5Zxoe|:tgYu::|D!HGHWBv\ZE<9R_<]G)\0sn6B$Yp0B%HWB!bu5.cr)#_4R_YcB\r]+^4\ZEl|u`+@G\nBBOZ:!R:!PKT_cy.!S5~\0f@%\rW\r$``\'\"P:BBud/:NBVq-{O_YcWHl&FlLl6_ht<Pb;T\'NN\'#!vW@]m=\0\ne}08};:@g+Pb:iW}(5kt>\'W=\0\n1^Ae!0KgHZ:.:kQQHZ.GWQG*=\0\n1mXM<J4rtCt+t::u\'VC BsL [=\0\n<[Rv{F|7q~D/~CrC;SAB	8ruI+Buo\0Vauyw{DUz\"OCNYCVubiW:8<-@Yc] (&hEaqZiqB:P}8CQ0cxO\'I\r\'N7<^`sk}PlD 9VCb,Wg: Nr	&*uh\0p?O>!.~@YPCtu>A\'NuV^>C:!PJ,ZvxWs-\0eXh1L^{0	\"^`{:t\ZAQ9:	Vr:FE<@&jQZr%\0;qG	+Bb{?(1@`y,nBLG:LPvQb\"N4SYKfN-\0\n^4nbB}}>TLTA-wI-^(P1CZ4b(PbU7Zgj~jYyIa6\0+0$kBCF;Xo>9R::i:\n!	::WBh\\4-)~ \0-)Z1)yV5\rgGQNz;CYC!:jw(AF;\rU\nW<h\0sw>\rKhT2!<N=kV+7BujWjK }\n1tX ePt,T:rzGGSHz_/GGx\ns\Z0)d<BAFZ0>\'JtwJ(NP]\nZ\\C]:B]5M[G{l\0VDn1O+Z0;Y@$5|WsXQb:N_Ib:K+S]ZZ8-T\0V[`yF|J`Z00n+CIut::t:5.u\rzE:_B3\ZM\n!2x+p}H;|\'ZuBu4~!,VM::VC+Hk;;=r\0w+TGN|3Lk-(PC)Pt\ZPGP]!jC#DW Ycb\\<\\tHNN\\Ntu\nx?$j$omQl(\0Vgr<|h6n4!p6 2CQ]jO^C}/Z$b4l\0VLzI=D-\r\0A! 36	*PZNZ:=j`I\\B:B_{\0;vY8 ;Ha3H!(t:(W;huhu!4:iub#D}l\"[3h\0[-u\"`@qe`<kGoz+qNGV^Bt:B5:C!xx_):!q~[f-\0wYmc+tI3GLl6%>ck^QU!^Z-l^`xC!ZFUMYc\'B,\'ch>l0:1rzu0GWB)+gZ+QpxvbjdJ{\07rB_\\+E\ZzhtB\0\\:ukVNkU=_9W%[-\0pAS<U?ez0ak+h:X\n+Pua\\\\\Z\'^!gG/Ycc t\Zpc@{X\rYfPt:?ZzNR:X`VT{h\00p[Jwm;`UHBb] !Ct>:}uCQi]\n!Xi\"\0VXE{Kv(X7<b@<tB^CEyCCB\n!{9USRW=-\n:1dg>5R:g~Qr.D\'NBX, %Z\0+,sn?g*]!,pQZ:u4bWZBktGDz\0Va}``o3(Y\\>:kXljtG:OV*g_-\0C\n{Y wy0xuZt:\':h5hu{W=E\"Z:+QS#eV\ng`Ob;}K}ysC\'PM\\M!!BK5|A2\"@\0<;h1J5@$bBb:9:t:Z:j_if+W4*bOeEYnXgKg;c}1Wx\Z-1!cHz\n!}BuATZWzBB!~ZY!k\0+,w$8{Y1.,LHp11GBQuPCQ|B c.]K\"\0VX*+{NMxHAcZrGytX	.:\'!`\')rheZz[0[\n\0t;WYmlAk5$+@!Pz\"\"!_u	,_ukht:	ZID$b{`E*8{JNQa3x<B{8>tpNcwE4u(S>SUvqT}\0VX*>PHa;0XC3ux=ukL!]\nbZT1;QPNx\0f[,	\'uA\'Hn(AsS6w;9Cu5\n\\\\4D}*r&7Y8^G0G,}6 |\rpR?YB9\'C\\	kDUM\'JOOWlJe$\Z%Y1[C]*NCQNj\nN2\Zy>a>\0+-}15%\Z0>P!bP\\uj|~PG+n0{,ET5b~`}\0Vg67Eq15^|0*9Ny^:Zt:::[Jq\n^Ap;J!e[\0t;n`n\Z,\ngcVq|CXeu\\guXz>(=emt|xi,^)d/vBt~i/Zuu\nCU:tUksHfR=\0\n:I|Wy__)X:B:;CSZ!SH)vA%5em#O\\Wy^qbG*VbutmZ8QrB:rCPbuK:T]- \0D\Zy	0/<[5Zw\rOE\n!:5/r\niPN:Eht:/Xb!UPD= \0r7|$\Z	X@voQE)PPZ^:C\\eD(I8S/ez-\09IRh7SpW4q\'Gg	Z	*<vBuEjh<59=[-\0LbZ046WmQ\'$(Nht:uNHuBaC<|dE-\0rn`j]K(U\nSWb::t!!+\\44PZW?e0HFuXCC!.XVwjhu:ZsN%tJof~\0em@G3O.c &HXVcu|N	B\Zb\"\rGBl\0Vg6=y\ry={#F4r?	!1TXc-U_zG4:VU\rykB(\0VLv\'ep7\Z2}4``t:uhu)B!\"uuhujSGD4y(jS\09*Ooj>;9S!:tt:`	WNj%ih\\gDpG\\4eP\0f}6<`dTJ|!!!H\\r>.RBV(A_z+=\0\n:*wF:eg.Bu\n(VPNBt::;N@Hax-\nvl}Nov!d&BWqvcXCSC>C|C:boQBZ )nY#e^+{$CA\\CXZpSV\\t:I,Ub7 =cW?{-\0{`Ao)V)\\CSqI.$+Y,Re9*Q6k>Q\"0)j<5qo\'V\\VBEYVNrMZTTT\"$r\0fw[(y71TC1!u!PtuMk.C\\@hxdHj3eH+5|j#\'NVZ:xVCXD!(Z*\'Jm\0hO+Y6u@U0;MV+\\Zu:!CukS*4d\0o![\"  A\'$:!bhuk>Pb4:\rC{[ux\0*w\r+lS!u+XPZtE %EE#o9\Z=pLuA?HcXXVCD/Cu\'CcC\\dZ5<@#lf7GpHI3Qw*PVF:r:ZdrS\\E!+NWM T\0V[VC|y\r\"G!@n\Zui\\b!!VTCEQ<Y\0+,snbk0p90,GW	XrujPZ:)XX^dt]!l(\0VXyWDL1/:VrBt::|4:N6u!UGv\0fsnF5>5Us	ZJ}-.CCPZuD:\'UG^)+ \0M x>:ycU9ui.PSNwWb:BtukjAC.jp\\$OeI,@+\r5PPt::\r:)z:z:t:$h\r9$h\0t0(t6\r(H8~TM:u\n!!$(ZvB\ZA/UVZ, 7#-\0LU$SzuGu!TCSCQb]D:+PCPCr >\'Z(Ub)q!\0\neY\Z\ZJ}J(u>t:4:5jE3_)	Y\0VgC_l\r_A`QA\nJi:ZD:t*!Jt:Z%nB\09p@ hxDR2\'8VB:}!3/V^::t:AAxT\\\0+.&bl0V(@|-v<U[.V:Cu;uPu$s\\\\B.7\0rn6{,|\n<\Z;U\rez068E\ncCuuhu5uhukx5CUYcY|i[*bTnVb?tVD+CZ.Ptu\'$>!)\n8aLQ,\"\\:(CHC^X:z\'X.`>fWfG1@|Nz;VWbbt::HB]\"W;\Z\"@en?|l(FE6o-yN:ttSV!SCN\rce\0Cu >l\Z<VCU!\"XD+TZ+PZ\n\\!,E#?e\06>LR7gx0;7F;C+CTCD!u\'NQ:tuRK+^@\0 &	_7C!Q:zQZG\":bu\n\",^UA6\0dZ\ZBQ }1\'xexyc/CU\\\nC!ttMebVvjW@en?hj?Y	\"Tc_qh*P:t:tBt:t:XhEi jn@v697lk+b\Z<}JNCCV:t\"HVVZWn\0+,t<ePhli[x|s7##C,BuNB\nZXW\0+&pGPlQ+l!#g:\\VZ+CSC:k\";+^JU~\0an8k?!g[p_6oG)PXCCP:GE	(PZtkP0Z:(q\0V[c_*C]<\ZoWpV:huhu\n(SN]\nB:5jjII=\n9\Z\r<{[#,J\\M!rBN$,CVT\\-0ij{-\0 :x>-/rNCCPTCSZC(UZ\'Pzt)>{-\0`~\rgdWTBkI*.:4uk\\HB4:-/\'\0+:vpp8NF+uiuuPB_t::::HZBSZ\"v\0:~|ilW-kCN:uu})CSC5U:GpdX>[?e Xut:(C^:t:ti\\z:|4\ZU$\0\nuHS+tHI\":t:NCXGtButuuh\ZkJ\07P(:!B:QBuCC\\C\Z-Y\nt;ncT]j/{%NQ}\n.Vt55gVIte Cu]\rutGu`CCN:\rzZ\"t3BIl\0Va!plC@YJ#TTNB5Vt::MB\nkUVM\n\0\n:)<CBfzZt::::uujt!Z(Z(JT 	:: VY7m`y91NO9\nEq|!!5t\ZE^MB:\Z\nC%?#\\K@\086l0<.Gtq6{;t:PjOuSXtB\Z!VMq?e\0&8&t`y\'30\0x{Gru!!!t:r\nu^b	Z`h\\te\0C8W0<\Z#7)Stu/CXZ,Wj!\'CiPrj.@\0v;7g`y-{,yR.PZ+QQBbjT]bhFVGX76\0,Z0<g?!,Pbbuuj/YBrZ.YZb5xU\0VXv%	\'mvy8pF|h/{\"$qbrbbbhuM:EjjhtBP.%=\0\nIA;7N\ZGC`W_<::t\\MZ:htrB0\r(\0`n!K<n0-\Z\\S:?htuDt)bb!.]ZMMZBYnm\"L%sqp|{Q)B:D::\'_BZ\n\n)#VZNZ!kw\0VsP@(\'WSVCTDI!$,AJkt]?@YC\'`yhP\rg/CCB\nu?CC/^rtGu!$J\n=\nP\"%5@cZr!(]B^(XBbB:uBkvh\0i(F:&Xwl:x^\Ztut::r:t:\"B\n*!#*KyLE	\0\n}9G4\ZuX>GLiARj\'GXrZ<~\\BVQ:D\\ \05 Am l3/\n(CVZ!Z.GkX:B2]h\\~*,\0Vt;63>5 7HBTyl&\r#q	u~bD:MTHr!(Z*IpUavF4>:t}0.\0z<\"8CCCP\\SQbB\nuj\"j(X*kj9v+	c]5f9+Cuht\Z:|ut:uXVrk,HJH<hq\0Vs6^V	SY <|!r>SWCI-W)MZvR8\0+t9(CY.6@!fy(CNCVC(SV?\'NSVPNukT\r5q\0Va\r) &)r}J.HCuj\'\\rbu+ND|^{-\0snQ]\roAD`t>A*RuiN:B::hu4:\\MQ,xQ\0Vn`h `Vey5\Z|)X::j+BrMz^+TPvU5xC\0@`Qa<\n?!A(D(CB::CC\\SB]r\ZS \0|QQ^|ilKH\nG)ZuNXPuAt\ZejK-W-1\rtdCrz5$K8DazSND+SPWbBu\nw^\0em1r;<:Tu!PPBMMBN}4\ZB)k-\0\nmgLwL!xN!!)_\rQ!D!4]\nmgCAGOgHRs{# $[*%OAD,Vzyuu4:\ZxBwjmwl\0Vs6l.EqN*w#ru+C,V\\tBBr*jCn`cqOn;dqdeP\'NBrZuu*(^Vrzh?NB{-\0t9n>\Z^O\ZGJ<htQPG\'C*!t::HNdGX,^7h\05\"\'c\Zu?dqS^GCt::::tB#0TV/h\01%xF4!h7NVT\\XUC]z:huht::BZ#C kx`6+Ep5,^_k5T#.SIn6\n\0+t9\'gjK@pog[(PbSZuitzkkV!Z::vE@Xc;8gp{#q0\"Y:\'NI\'CCCu*+YHP!%X!?Ck|V=mY	rNZj!,PQZ\ZRu4:4Ei::\Z!\'\0VsnO1><z%4c\nVVrb<Ft:\nPAV*6=\nt;nO1}y3=uiK?},V^:WB!ZZB:zBtkiY`Ct\\y{\r#I#zAz06:)?\n!~hu$.^	D)bBu4].`Ct5ug8.LAPz0<rz:?h|t:T\\C!q*!V\0+\rx;hg@7P\ZG:Pb\r:N:t:!BPCp%+?oi_\r$wINZCCNB4t\Z\rZh:u(CZ*3z`Cn@qv;y)RB\'P!XQ:tt(I}\"7\0+qT\'R+y\'Sry*\"XNWbb5tB57\0+qH\r2Y\\:qmOFNQBu	NCr:t:>,B%In\0VrnL\"aF_\nKFZuDB:ZBht::!-Pt:d$u\0N,QhtgRXWbQC\\ej\'Nz:#n\0Vt<`y^t%sEOh[Vxc]0>z!HVV:MEB:/E::\nqW\Z+\r;!QH/\\CP\\:::uuSPCCtBNB\rB,\0\n;n=7<|4+M!CEjvt!\'Th(f`ct8U64(W|^::ut\\:NB!z:N@k#qXcN8\reZ1>O*cr4TPt::BZBtn$\0+t9H6[Fg[4!C`t:/C.VBTBtV\'VTS\0`Cu`NYF)3@Bw/bD:utt+CNQBBB:*T\0VsnN+|OQJ\r(Y\'CPzujbtSCV_ztn.\0+\rUvT6Jj\Zy_jPPzb:NXHA(X H\0vSwL5Yd8c]5ak<S8CX:u5NZ:ZhujNbArX1mq!bc\ra:::uj).VbX`\016!R[zE O)AR,CSNbX:!-t\'\\+Z3p@Xcb	}\'Kh>T:t:BBV:kPMbhukpPX1_Lo\ZpMr}G<NGbz!::Bk?CkE5,\0Vr`~k=a|kVCCV}4:\nPOb:R\0+t97&5[~*e$t:Z:BXNt:::.Xb=CGeHCu}=><\"j?Q@QGGNBt:Z:rEttZBNey\0`&Hj>5hYy=::=t:ujit::XB(V+CU;n>cyg1a@y0uZrB:B:u\Z+NBWz:\0+97`r1,asp~1qA:tt:buj\'VHDvN!$\\C\n78\07Cuz00A{ 0K1 A#s\ZC!,Q!zvt:B5*,h^s\n\0+t:WzYc$k,t<. UR<PV^Gu,C+CPB\npjH\0]8k4Er5X#QXO,KYbtub:DnXcm3U(\r}S:Buhu(HXC/CVz/z3t\0\nM\ZpevWsNbuiCCPBVD!XB\"2L\0Cu}2+egTHN:5ErZ#Mg78\0F5qg(*T:tCHCPGAVGCNbQ\0>9WW	:k&9>t:\nVCS^CGh:XPZtEh9`nU!C8\Z%Ju\njj/C)C<CPMz:t$`&``B	_t7PZ:Zi(CPZ!Guk6C\nn<Ilt;?k6q`TC\\CZWrZka\0\nV>p<4	&^{Xc+CNC\'QE5\nPr:+\\\0t{d\"*vC,PBMVEhu	Pb\01raD0?A1S7GVPB:b/ADh6P\0cx,pc#:tux^:\'CCVrBuD_2\'\0:sn+]$J,H\n?)PrEEuTD,S\\\ru6ACrh>wSf{X_+VCC]:\nt:u;C\n3nwY30c)N#f:Z4::uuuxm\01vm_5zGfN+PPN\\B::*\'U+PUGl\0am	`v9FTbrCCN\njDugl`V+c~q5{Wt;9C-uC!(_:SN\0\nM_qXbS:MB:\\CC:BzZt2\0\nvMl\'uoi@\'+%N!!Uhu!CQNb0MWd\0q^9W9Bj\'C!\"+CX^Zkl\0VQ)wjFQGi!#\\Q:::]d\0kCSJ\\urtCCN<:;GCBk!	P\0VxRM\n=Z\'Cuht:Qb;VNBbv,\0+t:)~}Kt`\r\'PN:kV$6ApX1lcc5:0>5,XB\":BR\0+}{t\Z?!P>zSBt:::Qb::\nVbZBt:uV\0+t8`yP8f#	bu\nD$/BBB\0\n)lo,lSZ\'CHCHCUlCGxFSxGoQPz:::BuVSVr\rMMP\\@`3`2=CJFCPCS\\ACWz:tSI X\013lIV:5-FxiE)bF:huk$#TPZuIL\0VrnMz`y+\Z9O::+C_tu4i!*\0\nC*a7X8O1V:u!8_rBkFH\0+t:t<5=(|j0ZUpB!VR\rQB\n8^	@am{/{mo!DS:uu5D:R]\nuxd\0VXh	\Z[5M\nzqI,ttt?{CVCS:tj`pPhJK E,|w)NNNX:!QBu	Z/amKsED%>\'VCCCXr!MBt:d\0+xsn6l,=	\rFWgA:tw.b:bk(NPi:d4\0rn	\n1w$5WcNh;fukCN\\PCCPb+PBhtj\0+t:\'DyOy_V^^XWzBl\0+:.$v{FW\rfNT:\\\\XZ:E4:Bjm\0aCqD(jPCluf\n)(rZtt!CZBMr:Vp\0V	7p#OqFcVqLn;Rut:BC^Z\\B:Ml\0+>9VQwJ|+XNz\nhuR\"::!,auek]~p:`acJB;CCC\\:::\\\\tuR:e8\0NucP3uI}\'\njCCC#C[YF\0`cus*(&b=?>)vXC(C!+TQ!!kYpX1utw&l3uCGsVB~|NNNMrB.C>;VhcNnKHCNZuCT^b?Xcr}d=+Jiu	VB5\\PzB!\0+$;|<Qd-kVbB::uZ.GSl\0`Cr`qhcF?\"^SSCNBu4:e.\0+xsnCf$`]4~B `U;ICt<:QEht:F\0V	p?`]0,z\r	\rAWzzVV_r;eP\0+m\r}(M5Cw/Z!\n(GPSClaM_qt``u=kDSNVCNz:!Ej)*@X(6k4w#|yJC\\\\CC\\@am\"<k4VLNTw,SBh:u/CNl`NMW:@|y	\n%1F+.<>huz.CPNX:ruw(Al`CJKHca1!DN5uj,Vjse\0<9HQq<v51Y_LlSB:\njht:\nP\0V	68c>\0{F|jk6*GXB\'Bv,\0+xt< w0<O=N\0<tu\nB/GXl&u0> R\0@\\ET\\SP:+Xt:FR\0+[4\Z\r\rG{ 8h>5Gj^rr:U)X\0\nFi7\ZyVj4)r:\"CVC]\0V\'T0(+c*l#^,VVBZu6\0+<<]HFc#2r+>b:huuj*!\']\"e\n\0<pF3yU2t:\'CA+\\r6PX(6`z0,\n1VXHi#Nt55l`c`z0>p#p><nkGr\n\'CSA]\0+:7\'scU~Mc\\Y`Q\'NV\\CCSNNCCPI\0a6A	Gn& ~{(	gJ\\bb:z6\0+mw\'~,j)SBbt:>Va|W0u->X!,CSTPBZZ*\0\r],!q6\Z9S!UCHQ[eJ\0:V\Zc]u<>bJp{gJ\\:b>:Be2\0G&@Bk7pO7S.U!)\01:CC8\ZJ;\'F|\',@`Gu.I!(A`Cub1N+nc\"~tz2\nHSNtu4C\nmp}t1(lcj?y?#D(Nu(_4X\0snW36\Z}ncY0A0yS:NTP:bChXcCuJ;z>7cbn4H<X:CCkUG\nCp#7<;+D1[8VZ!:ujtuD`&|FcYlO\"M:.pXcc5gCyc	eySiu4:uB\0`Cuz 8a-bwH,HCBku\n@`1uk*^V[&(7eu\n!PC@`.A$2\'aFBi4V\0+t:s.LOaru(Z\'CHm	`c*Ey+T\"t:B\n\'A0$Llhk(NC	ApX!FZImFh[@ #\n!M\0aF4k:FDu,NZku6\0Vhxk|>4uDCC!\r\0r6t:j 	F9	#1myX800q!s:htui/\\\0`W3kv7%88 LkG*vz4\0+vmqVWr$kWCY`8LkG*W+CX\r\ng`U!Aae1p=G	!.\\`C#Y2i4pXeLh0$|P\n\0\nfC,WeXF\Zc)C^`Cp#cIL{iC])SPj\n\0a6\ZG^Q F,P\\B^:R\0+806\rgN\Z1H\\Bu6V\0+M[@ H\Z\ZcbI!\'Psh,\0:ngs`]lCvo\rgQ:B\0+8pYs\Zh`a$:t:BBC6Xu 3[QmC<4NCAXcu?F4Qcdw^xh8JGz5L\0Vq[}>\\{K04\r:CCCCX@`Q`]j,_o`y`<r6@XcFx0 q<b;-Q`q=TNP,\0\n&7GxN1H&x1fP(A+C|wl8lHJV-\njz , O7<`nBl\'XZ?\rqL \01&v$P00ESd;Yrtyqtn\0VxvO<\n>czZ9S: \016E`xh >qgI\"8cxk0={?`@\\Ju<\0\n8hB%:CQE|\n=0 E$\01Fxl  b^<sCl\0+>:Q\Zp`lq\nn9l\0+M,O`\Z1~>5f t6z\0\n&d];A)5\"s\0V|t9PCCz~Mm[,5t6r\0`c	IS\ZPPoC3\0+v97P\Z]4 }WbGxJ\0+:mg	v\Zk]=\rvw*N\0+|t97	\'ngk>1/1O:pXt9	\'b?yo,!7rm@\0|rn+Wvk@o1WxN_J|L`r5wkvk ohy6p7rqvl=u-O7\rX\01n\r}{S,y3\0QC_]h\"-c(YRg0\0+t:fSSQc8\01la];^q3J@cl[\0+H 6(w	^I4\0Vt8-	:7t	f\nfhZB_H-Lg!\0:O,y\Zv\0IDrn{>eY`8RhH+Z\0	+xt9&d2wC`Cuf:\0?LlimF0<\0Q\ZGCpg}`zt\0V!q[+`ykXz  i\0$:Q\0y`cgsHXnMT!?Lo:\Z7K:xLl64\0>8:``}>57\0J#u*#1z\n%x)3Eacu<Gp0NGLU@Yha,\0+u\Z!tFJHX3E@ EWm68h?s\'HNG\0cu1U}\Z\rL4\0Vnh18l]V6\Z3%cr6`mH6&XTJ7br\Z!yn!3J\0bMO<U\rNeYK\0aNM2{jXLViX\0t8cLHn}~i@Jcn8*\n9$Th<J;f\0\n(=Bj}17\0Jcvj\r}+f\0	)mg|Oh1t<:7|5\Z6h\0|sn=@}kx;<61wj>f	)&#B+`Q7#W4\\\0IXtrn?}~+{E12eqE ncAw}GP\0$v:x{U~l%!@};B<k3l%cC{?]2s`JcXAxO,Qj8>!aC\0c1E%yV4	\rX1@c7y\\t:Lu)\Z;@J3kpCEp|+wUJ?iH\08#7X@Z11hf\0	)NME<{Kf	+Nx{8qkZ1m#.\0$p_qk!`YWf	+CF>9}e!DT\rvf	+pLt<7fyVq3J\0C@v\Zk61\0JC%8kXQwqh `:iT\0$smt=1<@X!rn>7B	enx{2~vj\0rn?odTWxIZf\0	(CLEcq/+d%MR\0$t;oWEXm!7JJ rnhnc`&jR\0$8c0}0 8oz	jo<4(\0V;M\rqb>t\0Jc5>\r=>(.4\0IDqRlo}>u<}P\0$|xrn>fW6zX6i@\0	+nW*:jf	(n>mZ1,y8sQo\\f	+V:@QHY4E\n5f\0	(nxFCO0AeR+;4\0IXn4$rv<4)\0SF		3NSiH\0t8\r[y<4l%t8^0<wl8V\\4\0II7-G1X.f	)yIl\nXZ4exb#f	)#pkeE?Q2\\W<\0Q+t]Z(g;s%ct]*e 0a\'u;4\0IC;s]1lT;@qqPFiH\0n+\rLzkF48]\0$|pEvlTGz\n7wb5P\0ILxqhOiT\0V8;s]DY\0Rt8ef6\0C@J1&C\Z\0RD\0C@J\n\Z\0Q\\D\00%c4\0$4\0$:p0%c&c&N4\0$ph\0IF:\"h\0ILt:q@`J&C&)@J4\0$<>8\0:LI\0J1M	).$JCM\0QGC4\0IB\"L\0	+|v8&\0Qje`\0IHv^IP%!p\0SRL\0Rd\0IX8IXBIJ(rEhhB\r\'I@%!iru4+\0V>::%\n\0PGNIC!!dtfJ uj4a^\0@JlbQzICC.\\ h\r&	(CTVF,^QVJCBkTH\0RCj\"T*&A\0IXx|st.PQTU*-m*\0	)1!\nji-&\0	+TTSlh\0ILppC\'PC-5Dz	(C{E	VG^B5jjm\0	+\nMC%+U!\"t4\0Srt.XPNEi\0$|b!u\nhthu,PB\rz:\r6\0	+C!uZ:\n!D\Z6\0IXt;BZ::B:DtBX!!:Ei\0$C,C!jCPP\'@k\nB:B48\0t:p:uhuhu$t4!Z%4B%t8_XCNPBBPP:.b\ZS\\FiZ\0$:PxZCVNbutBu4R!BRtrmP\0IX9:ttt::t:tuk5\ZB:H*JCjC\\:\rBu4:QB@.D 6u\0V;BuDt::\r:_BrrB!NZ%iBl\0WCP:VCjiYr:\r!ZB\r6BC(NVNuht,\\XBBBt+VB\Z\r\'Id \09z\"!\'TPb:\nt:Z]MQMGC4\Zl	+VPNbt:bbt::!!J.A(IB!G[X`JCCVPPNbZtt:t:buDMMKsIk	(CC^B:utPBVzu5uZD1X\0$t:vZu\n\'C+PPZuut:!B::\\r4EjtN:!rV&@\0GPVB:t:B:NPjXBuEil4\0P	CCWZ:iCVCNNC^P	:\rH	5RCjVbb::t>ttt:rhtB:MU!:kJNBNPBJjh5AVZ?\\C!+PC\\CCCuktZ(Fj,TZt([@%ct8::r::::uu,H^MMrQzr!+J%BD ST\0IX<8:u	ujN:u	V^PV\\Pbh5\nDuD:B:5CSEkX\\\'U-B%t>>8N\\Bt:u	N::+CCNB:ujt::::!:rBt:uE5P,@f4(\0Rct:Zt:ZZ:t:uX:\nttuj*+^zZ!PSCXBBtVhZt	 #Y5@t::(NBttX^:Vz:hbt^:z:r:TV-(\0||qmZuuhuu	!CCVCSPBhuuk!,S^NCX+CI		5I@At::CCNBy\'X:	!CCV::j,B\nhuCt:rV\\ND(D)\nPNG^*)nJC{Ct:Z:ut:\'V:OP:ut:jXCCXBBt:Cht\Zjht )Th\\ \0IF>>8Q4\\Pru\n\'CNu	VP!buu)!t:PM:^::Zu/NTZ 4ZJ:CCCCPCCP>:uht\"(XCCNt::k!!.TCSTPZb\\B5TDBhb\nM2\0CCNN:biVP!:MzCCVZjhuCY:tzBt::::5Bh\Z\Z&X\0<\'NB|uu4u|t:uj8:BQ:Z:ut:u,C!CNU\'CCCNC!t\rzri**-+PTEH4B\0}:B::t:CCCNXCAuht:tuiC!!/NC(TVTXNb:BCCSTPVCNVT\\P/AU\"$~\0$xt;$!z!NuiCNCTPbt:!~:BBNTzB,N::Z:!dtBC$SSZUED\\C@JC:ut::tZzt:u\n(CCVPZzMrb:Duht:u	+XB:XrPVCAN\'NrPHTTVM\n)H\0IB8HCNCP:t:t:u5	!PPCCCV\\F(CPNZt:uD:PPBB:t::Prt:ht::0Bb:\'@H\0J:|t:>?t\':Cbhtuj\'Nzt:tBiCPruuhuiCCPZ(GUXMQzD1VB:NAXBbU!SIhUlQ3	)t:?:t:u	NPCbPCCNCNr:ut::u\n\'CCZu\ntut:t:t:t:kB:B(WujCj#Aj.NbTCi-BiZ\0$r8u\n|u(NNBt:tt:rZbZCCZ:::t::u5RZuu	Vrh\Z:BBbtt::uu\n(CVz:CNSXCXBr!:t:rB:u	MM:h*-R1l\0IDuu\n1P:Btuk,C^PuY\\:CNB:tCP:QCXZVZTC,THVM(VVSCD,TNVr!Zu\"t1BB/PNR3@C]:B=j(C:t!t:t:PQPC:ut:u\n!CPCC^zt?j(CXB:tuu!t:MCNZ\n+C+\\P::]Zt	\'NXV:-B]hP(t::MBt:t:::N+^u\n\'CCP::BOukX:ukCXbBuD:tED:NZ:t:QrzZt:rQB::htt:jGNb!bB5\nt!B\r30\0IXuatt!C!(TNbtNQBuE\n^Zutuuu!\'VCX:4:bb:u\'CCCXCYbVCPD!(HTS^Z:B::Bb\Zj\0\rNBxt:::yCPNFt::ZtCCNCt:ZXZuS^z:uuj)CCP:B)CVMMZj!t:!buj.JD:ta:b\rM\rR\0$|rt::CCCN:uytt?|nME\'XPXNzu!CN:uiC!::u\'CC(VD!uV:u\n(Vb5j!t:t:Bt:kU,C.CNT\\TCJHSC^)%Dt\ZeY\0Xt<:u\n|t:Ct:::u\n+VMB:t::t|tttuu	V:::ht:t+C(NCPZtuhu4:4:Euuhu!(VQMbP\'XB:4:CGNbMQS\\\n,^TP+U$(Vj\nSP%p\":t:>:t::Ztt7CQNC{:PP\\CCNN:\\CNCu,CtPVBuk!|:t::Z)BVCTSVZ:	uu\ntuu!VCNCD,\\ BaZB!	Zctt:t:u	:O::?\nt:ucCTCCNZ:uut:ht:t::BuVCCN:k+P^ZNB:ht:t:h~+V:Zu\nuttuiTVjz,N:t:E		/Vh\nk!\\XbNB&S %!CCt!::>:Z|t:tt:ttt::C!Ct:t:ZNCCZu	!!,V:tCCP:4utcNM!NBBBb:\n(CCVCSXB:rD:tUttDEj\nkBi\n$B%c\'CN:z!CC}PCCt?t:t>>:tt:NCSNCNNCCBt:>t:CCYt::Zu\\::!+Xg	C!+CP:ZBt:Zt:utuhuuhut:ukXb:B:jt::B\\C(D,XhIhu\nEj^bSI7\0IXt<8/t:CC\\CBuu|t:iu\n!c!ttCCNCTNNPCNCNNPB:B:uuP:NN?\n^CN:::t:tCC!(XVXb:TXD.C+CB:biCCD#D kD:!4B\r(Z#qJxpqt:CCCVt::B:t:Z::\'N:t::zBtt:BVF:Xb	PC:ut::::u\n!uD:CXCCNv:,\\:CHPN:tB/CXB:>CXjD)XZQb:ht:tu!::ut::ji%ju4MQZZ\"\0IX|pCt::?toQO::}utt:|t::t:CNNC!+VCNz::uD:iCujt:uuP:u\nVBBBBXZZNPPB:htt:t:tut!!(Nuht:ujtt:uhu\nNBuDt::EEj!*u\"56\n\0V:Ct:t:CCZBt:Btt:t>=iN:C(^VVBP:NZLtujui:utN:tt:uC\'CPZu)CV::ESCGVCCt::::BPPMZuD,CSBiuD:\n!\nZ(XB\rCSHD(AZ+D!jU*#`J(|p^t::CCtOZ|t}tt\'NVC/Ctu!X:P:t>t>>?i,NQ:uVB:rt:\nCNZt:ZB?j\'XB:bB:uuut:kD::rt,\\TNZuju:	uCPBbtCNBM!XZ:r\Z!zB:!XZ\n,A\080:t:Ctt:pQNCCNtNCCCu	!CCP:t:uj!utNtut:::::Bu{\\VCCZb:\n(PNZ::buuu	ut:t:Bb::::bzu\'C!(GX:ht\'VZ]rkuuiCTPQbb!Bzk*\n*P7T\0QC!}C!!NNB:t:tCVBtu	CCCCbBC\\Zut:tuD::F:Zt:t:ut>::t:!!!Nr::B::B:hu\n\nTCVPC!(Nz:Bu\nitVPBuE+A\\:4U\n.X^BNB:BM:5t!/B%ct8/OC!(CO?4>>:~1\'CN:Nbt:u\nt::ut:?	CPC\'NXBBB:bBNZb:Nbb:::t>Bu\'N:::N\\CPNBuD,SSXCPC(NBb:ttu\nt:5i/C(XXPMZu\n(GCSSXzBukHu\nGXZ:5iUt\r7\0V<>8gCCCC:|!NBuiP::t<:tPiVn:+XVPZpNC:CCPNPZ~:t>:Bu	C:t::tt:ZMB(VTC\'SC!}C!!/D,N:::uCCCCN\\VCVPC^VBtVNXr.:u	\n:ht,D)PND\0C:t:t:1u|t:CCNNPCNNBF::::t:CNCCtt:V:u	tt+CP\\Yi\'CNNNCCNBut:ZZ:u\'Nbt!,Ot:	VZuut:Z:buNzu\nhui+X:Brhj\ni\\V^\'N^@Hb+T\\!B(Z@iZK\0V:9C9N\\CCnN>:t>::BW:tXPC(CC!!\'NC\'C:BuhuiCPNNNbhut:t:Z!NQ:CCNNPBt:\'CV:Bb\nCPCCPBt:t:B:!/NZt:\r:BkZZtuju+P::::bhuE/XbBbt::t:uhu\njjJ:ttB\'A%8(}C}t:bt>t:	Nct:B:<:C\'CCCC:t::pC~iNrut::OC\'^C	t:B:uhut?tt:PCCNBb::tt>i+N:t:u\n+\\:BiPQZr::huXBj+PbuuDPBP:uujjPCCuu5k\r:\"+PCNB4]Z\rJkE@`J3xt>>:t:C+cCQNCNzC^|t:t:::ZN:\'WBhut::tNwCxCt~t:TNb:FNQ:u+CNPNrXCVZz:+CNBEht:u\ni\'NVBQVBt:^ZXBE+PBNru4:i)Z)u\nCXb^\0	)n\ZCt>>:CCCCNOCN:t:B>:t:\n|PTCC(NN:|t:t>tt>=\nCNP^:t:O:ZGuuC?iCC\\?C\'CC:Z:ZB\'C\\XNC]PZ:,PPCNZ:+^bt:u|tu\nVr::uuhtN:t:B\r:!B:BVV\\XANQBt:^B!Br:M:bt:b\r+Xz+P^\'Bh5%!xt<:BCt:ZCCPC\'CVt=	NZPCNSCQt^Zttt:tt::\'NCOP:t:>uu}1CPt+C\'V:t::bQ:t(::t::huttPZuCt:(VZ::t:j*!utBZQrt\Zt:t:t:t:PZ5t:uNNV:Cj!!u#Vzu\nCEhuJiji:V*R\0$s4F:CCN::txt>:t>t:Ct:Ct::?ht:CCCCVCCVPPCCNBut:CP::ucCZ:CCCCCOt:BusCCN:::CSCX!OVM:ZTTPCt8NXG	\nCtt:rkUD:t:bt\'CCVNiVCVb:B!:Ct:\rhB)X:Z	t::NZ!:]\".\0$87Ct:::C+NCCNCtt:t:BCCt:t::tut::NCCt:t:B}\'CCPC>:|t:::tP:BPNNBC\'CVCFt:u!Oxt>:ut:CCCCt:u?Ctu\nt:t:tuj(CQ:Zt:t\'C!NP\\:b:t::bV^:VC\'Ctt::\ZCXVVN:Bt:BuhtB:TCVJ.GVp%!t>>>tCCCxt:NCv>::NNC!CNWCP:t::Ct::tt::BMNCC|t:NNN:BtC\'\\C:COt:r\nht::bj=kt},rt::CCCNV:>:N>ujNNXZ|t::B:BVQZC!!\'NGNCPPC*:PC!(Nj^Cu	%ct:>:B:tt::1|}C!CNCCCt:t:PNCCt8NQ:t|t:t:ZPCCSQt::t?x::Z:!o:ut:t:v<<:t1!t::NF:::::t::\\Z::N:buCCCCcCCZZt\Zjt:::t:VC\'ct::|t:t:Cxqc:\n:Ctt:}hk!\0Jct?|t:|t:C!8C:NCNCCt:t:CCV}u	7OZht:B?h|utC?v>t1CC>u	|yPCQC!tt::txt|~+!CNB:<:rzu	C}t:C\\CNX::VCCCz<:z:btt<:1p8:F:VCt;:CV(p4\0J@t9C|t:t>:C:PCt:t:>:YC(:C>:Cv:Q7c:nO:Bt|t<:t:Ccy|xt>:CNnct>::C]|tCBtCCt;O!Z^Ctt:t:NNt:|t<8Ap:C8)\0P:A|t:Cuvp :t:t:vtt:t\rZ:p:s\0	+Ct::t:t:ut:::B:xt>::BCCCCt:t:yCOb:t:t:X	PbF:::ypPBt\'Ctuxt|uitt:CCs:t<9p p;ct:C!Ct8*c0|p<0;CVN:!t:;vCGcCCMSCCPBt::B\"4%8eCt:1ct:WCt>:OCtt:CcC:Cr(cxp  <:C|s8s8k(8dt<8>;CcCv:v:\\XZ6MQB6UNB]\0V: x|xpv;!CG8586\nPv><8Ct9C~:ccxt:Ztth{^ANCJCjNZBBhtuui/VE!!Vbbu	.NB:D!jVeQ9\ZC8fCv8ACp\\|v<::;Ct:NMB;?\n\nkD]ZDM:B:].ESC.TND+ZN:t:b:\'C(UCTN!tGXXPXNz\ZPVQMB:JJJuh\0:Cuc||}+VXCCVOEPV\\:Zt:t:B:BjCXZ	U)tBtht::tBCNZ:ut:r:\nPZ:,C$!\nC\'^:zt:thu5\n)j),U(P\\A\nj\\UVVrhD\'\\D-D(XJJkdr\0R\rNCN>:	\'CCN:b:t:PCCPNCCCNCC!!VCtNCCNCC\'CC!!Ct:\njCBt::uCXNZNF:::BCPz\nSW:zCCCPV^PQ::(X:hX: VB\ntuu	BBBRr^\'UG^	\n zC@|u!\'CCu(CCCP:Ctxtt>t::r:t!Ct:(HVPVCPVCPC^CCtCuk\\Bt:\nZtPt:xt:!:Mz:\rZt:zuGC!j+CTD+SNB:t!B.XBtuht:R\rGNbZhGGC:17%cCC,CCNPCCCCPONNt::uhtB:CCNzutj!uk(\\bz:MBht\'VZuj\'C(XbPUVBXC^bXPZtNTC^:ZXBBr:jB4	\"iEkTtt1Chbn(\0$:t>:>|t:ZNCCCV>:uhtt:Put:\\=kCnN:tt::t:t:tut:BuVt::bCut:::bBBZQBB:=^zC*(Nbbz:Vb:u\nXXQ\n(\\TPCGC j5Z5h46(ACJEUhL\0IX\0DCBCNCVt:t:r|t:u\n\'CXSVtt(CPP:\\Cuj\'XP>:t:tt:+Nz::::ttt::M:ZuD!iU!!t\Z::tRD+CTSCCCSNzBuE5Ej4\'XrB\rM+A 4\"&\0	+CqQBt\'CBBB:_Pbt:VQuB:B!C(Ob:uk(CPNPV^rt:B::Zt:t:tuu\nhtBBNNr:\n\'CNTPZt\'XBSGHVN:u\n:ZjGP\'Z\'I.X!B4\r$jBZM\0	+:t>:uxPCP::~XCCV:u\noCxNBZC(CB:Bztr<:\n\'^X:z!t:Bu\'TC\'C.\\Xz:VZuu55\\XPV!^CPj(VZu5DrIBB*@hH\0IX\0|t:tNCVOPB:Bt::uj7CNCuku	C\'VNr:Bt::Z\n!NZ:utB:t:::BZt::+CCCVrZt:\'PGNVPHCV:TzBhIJi:tmbtuD:zjhUMD(\\\"E\n&L\0V8NCVCV::OtCOZ/SCCTXCXCNZtPCVBC\\P::APN]kuEj\'PC.Ciht:!VXhZ!bu\n)IC+SVANVNB54aTSEL\0Iat8.}CCN:ZBt:tt:V::t:PCC(VBt:bp\'CX:uuut:Nbt:NBu	!CVB!Z:uu\n$!.^VB\'XZVC(CXZtPNMM:!:!B4\r^\r*)V!0%ct8;{\'PC\'N:Brxt!ukC.P:ZthuCCX:::ukN:NN:CPzZubZ!uhtuk/Ct+Xj^ZM	*!*-+P:\\D:L\0AC1N?N:Zt::ZMCt:::Zut:Zuujht::uk.XVBt:::Brt::Buh5)CSC(D!Ct:5+NZjt:ZB:t:.rb54\Zt\'\\\rTVZrd+\0V<:u~~VNP:CNzr?t\\T\\BB:u\n!t1/NZMruVXZ\\NNP:u5NVbZEu	Pz::!b55jt:t\Z^br\r:kTXVZc+V	(VA	)CCtt::}+C^B::t:uP:tCCPB::uNVPVCCNb::Z:tP:j,VCPbCCG^C,Z(VCVCI4\"\n-k NZNBB:B& iP%cptt:t1CCNVNOttut+NPbBt:CXr:C#CCXBt:CPB::rt:u\nCCBt:,N(C^^\'GAD-\"\"\nt!NB\rV!tX\0$t:bZt:CNCNb\nCBt(P:jCut:buttu\'CXTNzbu\"u	k!5ut::D::u!,\\rMBr:uEE(CE:MM)$4Vjh\'X\"\0xCWuhu	B:~NBt:uhuiCCjXGCCCHP:uhuD:::u!D #P:Qzu4!,C^$.Z!	.CC!ACTHCiCN:j\rPZ\n\"ZRut:t::bbuCPNSVCNQ::u\nCPQb4t:t:u	CNC\\b:CPZB:B4::/X\\BQh:C)At:MSPB]:B!ZBj+NUNSM\008XV:t:CNCC!!$!PBNt:Zt::rB::::Zb:!CCV:t(P^NrtBBrbbCNPrt:uS\\Pr\ZC!!E	:1Pj5D\rzh%c]VCt:::ZtvNCCCC!:zBut:NZB:Z:CN::hu\n.NPr4:SC(PVP!.D(SGCCCCPZ:t.MQZuiG^I)D*@cCCN::C!NNVzB5u\ntt:t:zuEht:	VVPZU\'XCVNzuPBM:zt:BztBu5\"tD ZhD\rM@JCmCCX:t:t:t:1+VQZryP:bN::+NNVQB:BMrhui\'NC$\'Z!(CD(GV+NV!,D!	BBBA@\0t;<\'NV::BPZu\n(Xt::NCVCOBhxt!uiVBZCCV\\CVC/D.CNGP:!ZVb\n\nu4u\niUZ)J*:tP3\0ILs	iNC!	(NNZt:PB:t:D\'XXZQN:!Br:B:uRBBC^C\'\\zz::ht\Z\ZGPNCVNMPBt:!\'^T\\SC$)i\0r#!ut\'Nut?\n!ut:t::Bt::C\'Xbuht:t::C\'\\zjj(C\'SSCD\'TCXZ/Z!4t::!(\\MQt.L`J|pCt:::f:t\'CNNttNBZ	NBtuhu	.TP^bZt::u\n,C\\bt:)Vb!!!t:CVP\'XZtBBt\rB1!L@\nt{ut:t:u4:ttuut1pXNPZui\'C(XB\Z\Z	Ot:zk-Q\nI!!C+\\SSC:ut^ztd\0$<8b!t:::tCt!N:h5ht:Nb:Qb:\nt:ut:B:!:::Bb5j\'V:BPBZZi:Bt:BD1:u5Ej\rZuB	\n\0ILsC\'CNBt::::Zt!uj!(PPV:u\n/N::Zu5\nD\'^G^:ZzPBu*+GXNZtPLp%uCNCC!CCNC.NCPCVPNB\rh:u \\PT\\:\"\'J,XI\ZB,P\\btb.@HDK\0V8h:ut::\'O:nTNB:ZZ.PZjCPCN:\rHA(UCNXVzBt:uj!!\'CuRk,SVNz\rr!:\'G\\^z!!ziX\0t8;(Ob:r?uht::ukuiXB::t:Bt:u(CVz::t::CC!(N:QBt	Ci:tuuP h::\0$9	i!X]Bzu\npN:u,NSTCNNVbVNZBZjj,VP ujMjZ::^H\0IX	\'CCCNN\\P:ht:u4::t:\'CTV^GCPMZu\rGPBuD:BjPP:Bj@Z\'CPh(F\0xpGCN:ZuNCZztj)VB!\'X!XC$ \'CNbu5uk^PPD!$+N#YH)3\0$>8b,CXZut\n\'SNbMzt:u!t:uu:Z:u	tu5huT6U!.PVD,P$(E\'PN	CiyaA::ut:ZBtPQPCu	.C\'^PB:D::b]rTVCNND(C:\rB5:JL\0IXvq::t:ut:(CC!* CCVN:Dt:tu\n!huik\"!)-uu}!i(A5Dr\rQ:M0%t8%C^fUDu4,C:\'^C\\BZ:B:t:4R\r!!r:u4\Zt!	XCZTV HpB:QV:u4t\'Pbt:uutBB!+PB\rVZu5k\'PPr+\\ZPXQ\r-,TAJj\n\0	)t:t::rBkXBu\n!!(C!(TVC!)5h\n\\CtuE4b\ZPBT\0	+t8$.CX>:tu\n+PVCP\\B:MMz::Vz:B:$b::ZZ\ZB**)\0<!Nr5t:t:\n$!-Uj!(HCD\'C!CNjCXPM!rZ.SV-*Ki\"j\0RvBht!CZ!PCP:zB\rrMNTA)+CD/CPbEj\"\Z\0IXpHNbt:~+TC^CPTCNVC/^MCPZh5k\n]:\0$	NTCVMBrbR:\'VZTCV:ZMr4!ZHCu,NCSHPX^CTXbBt:4:::\rr:H\'CK/Aij]@\0CPB:uuuE\nhu5\'VZ41rblx\0b5\nCjhu4:rD\'^ZzE\Z!hHZ.NzMpP%c\nPPbrBuE!$+A-R4\rE)$\0$Buhu*!ui(PB4:::DuD%i5!ZV\0!zD:VC^Z!Z:&\\N:5jD \0I[Z\nCV^XZ5u5jjZ!!$&\0	!QzBb\rMBt:uh)j+D*&@%Z}RANZ\Z\rAAj4\0VVMPP\\j:BR!!z!ZTN\0$80Eu\n(Eh5\"kE+BjJ\r:!!ZCTNV,GNBD\0V81kuUt::4::k,Em,\0	!Z::j	:\rIi0%9QBuD:\ZC^M@$1\'GNBb:bB\r::\ZU\0Po#\\BMB\r)l(\0I,B!-Sl\0Ia!ui:R!LLP\0ICe\'NNZXI(\0@ohuZGVZ\r^&	,80Bt:\n%U\0PED\ZuiQ&t:&\0	(l!!B&L\0	 7\nkUm&j\0@oZ+\0P5i:%\0PM\0$t$\rNI6&\rZM \0Ibh\0Ih\0Iq\01t\0\00$c0$c0$\r0$c0$c0$c0$!@`H&Ah\0Ipt\01	$1C@H\n<\Z\0C44\0$phh\0Ipt\01	$1C@HC&M\r\0	!\Z\0F:44\0$8:hh\0Ipt\01	$n\Z\0B44\0$phh\0I\0@\Z\0F$cM\r	!\Z\0F$cy46\0$t8t\0ss]d\0I\n\"$cd`H	<U5l\0I705urH71\ZlL\0$t8ss1#HcH{xHj\01$`z=]l\0Iqh{>s\0$t{XsF|\0It{zfHC705SO5p\0IpCs\\AW\08H.}HcB	HCn\rH|Q]^$c	!Q#.	!##H`yj\0$<A:hT0$c7Q:D($!Q<}G4mi\0	!V(n}Pm\\\0FQ]=Xg^E6\nEJ>&q $1Qurik4{`}4\0$n&1-#Vl\0$t8Vb\rF#7*A{IC5C`y(\01MCYf*\0\nnKkb(q	!c_Y\0Ip?cA6q5F@Hcn*_16F HCn*_12FlNlP\0$:#uS7\'6PTX\0Ip!MMPb#aP$cXug\\l(\0$8Sp>hw		#p7hlQ\0na\Zln6R\0B)6W3\0	#t9t}9h\0M(?6JMQ\0(Yy@\nnc\'~8q(\0h#8q(\01\rg{$7\n_R6H;qs({;hMx\0I\0,ipy\0	!97+Hl(V\r\0	#px&(W{PX\0Ir	UR)\0@aEWl(E%<BY\"f\0	#C:}^NVP!eq^\0It8uv#bi :pxV]3\01>\\Bb	 .Uc\ZV0$1<XgV1@?d}:cQl`HCnW3O#BxH>cg$\Z\0	#Cuj8k-+v>z00 h;n(0H0w`]x\0Ipuj* xWTG=i|3a?@z07uL\n\018LdbdU7ThI\nNI@HnCw#QB|CQO!`U -=F\Z	(\0Iw!,p`~Cy->6}?HF\nF\ZG$\0$t8FP{()C\\kA`Z}ELR8_$ )|=lQ``J\0F:E\'pLg7t64\0E~h\\wgg`lunK`HCn	[~l%Lj*cLqFbAM~o\rt+g@}#YAG^OBkF4\"t:z}!1n.8@+b`?;y\\Ih\0Ip<:v\Z\ZB\r>!4]?2b	Cv(b}>ulF\0qf&(KB\Z\ZvYvkwn\Zc`y-	!wjLnaZFW\n`% s\Zv6+Ey<F#yGU#+tYk%NIh\0Ipgh-zE-`O`qU_;W	\\9-\0	#41RY=\nY\\2Wgs_LjIM\r$\0$7>Q p:l0 xO$L LkFhX\"y*<\0$8F3ic`@>7xHk0.1\'lk5Iq212cF|GSodX,5O\Zn1#HI@H1n~Kh^S,y0p:QpF5>:P\0nla\Z?|5FA;{g5l\0In8}(uY/b[Yt`}1\'l6(Hhl\0IpebW-KbBo_1 Ap,#6\rV\Z\0$7	bgn1*[F+%1l8WIh\0Ip#(c@YqF5bn|!ey^Bw%$cvd Ph\Zy\r;71pLiSEVEVK`HCnQaP\"&N\Z ;8p|m]\r\Z\rl&Z\01(&4z\r}!\\4;`u=;QZHI@HClICyfWg2((A-+K7O\ZP\0F5b<JT\n\rQ@}1fRB`{6lW~\0F:#uoY}x`kfS0/lPBot<5cNhH \0	#cg$34bfcqL+\r1o0?O 	k\0q=00wd\rT-\r0(Lk1QgNI`HC_ ?Oo!O2a6GLJ%o?fWZ2\n$$cn?7p8lV(W1\r{Yxon\"@$7Gvq,\0Jv4k1|,\r>X*0\0$|q[=-]!q*Fb>.p&vT6iCrU\0BFbV`z3?u4`y\Z1_\' rU\0GY\nymlF\reQ>44Bd`@FU\nvW\'	VJHqlIgc`Uh_\Zspy^&qOM%ZR$\0H|qe\Zp$&B=\Zz -ft:pcY^	##q`u2HA<{|hqFy\\|<E}Q\r0;y^$$nv[h]\rgBNO=x<k,1^\\tYl\0Isn A\n5vfYQC@l_0/]]8kFU]5+\0$7OPH\n%]1,&(.6!18@9KH0><\ZF(	%^{p5K\n&(4U>H`@Lt:\0$ty1;\'AgAa.\Z_+\r\nH!J5C\0F\\s[/		j?\r/tc`Uqv0+`aDH\n)5\r-Acmc5WTc_;t9f6.TlhQ  \n13[eA[\Z\"o*l\0I\rn5F(v\',7r`yhQUS;hDU[E-	#VF.lj0(%af\Z?07:>p[c\Z\rt:g~NK`HCR*{?g|k\"H>5\rS\ZI/^t%\0	#~y+$Wex|k>@Vw=@EqCrK\0@]Ww}SBE08\Z=`S@z| 8NI`HCY[u_/w^CyRF\nt+Np$+O+%cQ@=gGCy>0n6	$$c7k\Zw^z8Z\ZgGS`>*&|\rn8cv+eg\\W{??1|k=%[\0F:CqoH6(@z1vluphc:#*[\0BqMgpjOgc\r@Ql.Ol&U\0$pGe1:7xL=%$12Tn|5;	_\r\nP7Vp[\0Cq	R0-?at[([	( 8Gj?B!=%$c0bwK_LlmJ]HYX>Ml\0Iq|00LA.lYg:}(Il\0Ip\n7;j {d1\ZB|>VHK<vccq\ns~`}02)A[6Hl>7^B136xX\017W^sqkc|bA-&|&\rO^P\0q[|?!OL5 >YpLkFc;~I@H80?uY@Hj13kcJ\0BF>C^bc-CRzo\\t>,==%$1QOa$\Z /du%r0,|yw1s>Wl-	!#uqg[1**@vo\r<{FFY\r;=#\Z\ZbFY\n$\0q[|.AF_OghE00Abf#h?l A%\0	##ul( o=0 AT{hpcLt:I(\0Ilh7Y-~t\n%<=>yj@J\0BFb@|0:1|8 JBLhjy\0	##q$\'c\\ynhh5\ZQ6\r>8\"M\0Iq[>k{?LoG\0L|s+yX(!\rCA\n=GcyPbW#`og!q]K\0Iv;nYl0p?` Og	71xSf\0$p5\Z\n+kk>(BtFmM[BG}6F@cn,cYg`L\"gY\rRvc\r#\Zy{G4nrK\0CF7cQMHLM2\rl\n0!qo{hX\017	S-od$b<&FN\Z4	x\Z<CF|l>{j-i0,8>8`fs&P\0t[X0&G{[\n5Wt/6fm;e x8ml 7-K?Y&w^kVql\0I\rn>l| h\ZO`~hCCa6{?b`aql\0I\r}=IX\Zn{!,?b5\Z%$cn`~tl07X3z0O248+I(\0Iq[\Z:c`@$5YS\Z{gc_q@i4\Z\nI@HCXQ<_3|jZ1!X\"\'	}Uh\ZrK\0R6fFR3!q`qaX\"5a`Qw\rCVd\0$t8`fF]Kd};6\r|Y\n\\F`HC	 z2hRx:y\rGG{\Z*J08po\0C6]i`eR`u1>:$}>.A \\WuS# U1qS[fo5S\Ze`O4{L8F2\0C6nB\\6f( \rN1_SF5f2h )\0	#+tBscqQ-r7\0cO$Tn6w\r<[K	s``K}KVkFW\r{w8|j5C%	#+tov=e\ng`QZ<`z0)D6(\0Iq[u5&g	ti] ><`MbK`HC?s?\'[h)d5&Y#w\\Yq:<rK\0St8?(o26n[#F4xz0,7`Nk: -?`p54caOXE\ZG=\ZG$$cqP(u\ZW)YF&BnKcUHG$U1rn354mg>47\Z=>g=1Z	I(\0Iq.~|6\r=4FXm\"<`mI@HN6,EkM+H~fO?u\r,Ay%\0\n\'m>]\r	{!#7V 18tsP\01H->(=1EyAC$=N[X\08p/bJv	p\ZnI\"i|[E`y\0\nLqlLgOalx`0AU>6+;a\0I\'C@Lk<6W1-.-\n5EWogp?-Z\0Rq[i	g$	.A\0O\n\'Q\rC=3\0*xqQGtl30cRb00p(Oh\rbw{@8>-EC\'uF:[	\n~^I@HC_}y Qj5Sc`a_,|Y(\0UL|q\'xOg\nR=>5N\Z+8[-Ljn$TV6Ke`8lep+,(UqV	(P \ZQ@Zt0$.FXId\0Iq[(]7`Q5Y@]pN]g[cY\0RFA|8o~Dj3w[GjXHUqWH<6r6nS/Bg`ku;th(\0UF8R\'BT1FF\'SL#$\rghI(\0It8u8JxTChi,AXM\ZhGE$Unjqp<B4n{E^F5ymg{d%\0UIn L{.4	u3y:v$tbUq>\nk><hGXAN+zk.Wll4p`z0=\rh~[Uc7-EeG{x7a5#_\0TC~Nagw$g^3Y^GgWA\"V4Uco_\rehGhg\ZHs\rNn_~N}meh3z0}XpLlA NV*\0St8@}-&BvL)u0XW#1LcD6.R\0*V?h4-D`z1!ECwYfg`@_.T\0*rn35;WZ|j0H@z19\nnj@X XVWP\07c\Z\\yQ[c_;cHjf+^.R\0*:m\'{FU\ZaV1q-O)cy\r)\0Qg{B+\rq{E~bX(q8|HQ<4/\\\0UXq[!1qh{gf*YeqN7\Z7a^! 1jXLhY+>\Z{#BCq)\0RM\n)YXLhI,\"x\Z,i|5}O#Ex\rS\0U@l0<l=(&y\n1O=I>nK(\07lP{6[/hBNJ;7<`@WpPDnN{kPGmlx=6\Z\n%}81(w^$*%Ucuvo[#,vV!:Kinn7w0:~EpOSrX\0S6.\n \'1gWq>]$=\0TQQzSG(wF&1/{Ga	\0Um	v0uh{8{GZ1d-iJ\nuq7@C]oFG|@yoG<1xC),\0\n&no\nB=t_pdVL\0ULt8\Zy$vWo[5%8Q8g`c=\"PUc:m;`B>`v/>R)c\ZcWw`fK\0CE/\rEk\r?haCWq5!`\0ULt8=coiZ:PEph$\rKP:qq%yI`\0UXt9\\{hxyq2ex]b``}5<?%U7Ctkh~W\0I6n=0XhXq`\0UF8uWq.{G+MP^4\rhWK\0C62t7*G8u5ymlK7I`\0UXt9gj9_+{Zg>6g-br\0*flO,!m*>R`a\'^0pgoz%WgBh\0*t6bpg`Z1B\r3xoF\'p|\0UFhkdG0\'4T`}1n><k\Z\'cgx?%U!mAo;bEvhFg`Yg`yhW\Zv,\0\nt8\"V{#:Fg?~`Y`X_p!p;]\0rn:8k>5 +GN>\'\r}R\0qWm)/1<~E8k\0BEW~Q`\0UXt97W}7&\ZtcZ1y2JL( yONFZrX\0RMD=!<[87VK6O\r7c@y\ruTx-%U!X;.+k<W=+!	@@aDYb|ji#}5}U\rq^`\0ULt8JaC@?L_\Z%s\Z>$	~|@Z5\\U\r5W%UcMewq?4	g`Ny]LknI6U0.TY4e~y[(aYSU|\Z|i%5|x2{H[K cGLnSF7MA\']4`WqCAn\"V]-t\0UCu1/KF<IxMh.FY@<RX\0Q6ozQqv\']U1 yx	pt:z),\0\n]GH>]%5d7q\r:<1A8u, =z\0\n	pk>@<~w	|cuO5}v1p:x8hk<cz\0V:qQLmN\ZP\"\'_vb\\wy	s`y@8<+R2\0RV3X5{~=polW&g`a,hX\0NMm{~`m	-Lk,l\nU]^ ><{j\'SgKh\0snG\\\\LU}<5Y[J\ZG#Umg\r.\\SP(Njw	{/0,{d0-TCu}-ohl\r\"tpZ9%\nu`Z\Zth=2g]c@\0*t:!\\gj5^=U	ESFyK	g\0*_)Lg{<o+5]8(=8gZWC01:(\0rn,yAp-	MLn*}Q;1(\0sn,;@LGQxbH8([?6\rG_\"PUc\nt#m?hipqt8r`~Q1:0`(\r%\0RfGvN|iDd0CL07lo+z\0UfT,o]mV&c]XCY^+(\0s6| Hh6+(PS0]}l0<?# U7Cwh@ahA5%p9bU#\0W<]Gp$;<`yG	I,\0UHt9x&z-BicT[n#F6X\0r6}>+BG;k-b)}2GaH4I,\0UXt9ch\nJE0|Wp,tzo\0rn.:EPi#OjpcU06<F@Cl A~T	,h11d`T!5\rY I\n6(uNaa8Q5S\Zl)*76[r	ga|h\ZFb^C0@>W\r5^|vHk_`	.pU8&M;h@|EVpH	Yy`yU#uqX&+_Odh@vq;`q(bw\\xj(pUc6\Z\0G/\r)DC@wbj\0*8[@lVXQbd&*fBy$F6uR~<[\nn>\n T?LVR@@(\r`]=w:F@C>g_d7u<r0.pn<[	Z\0V>Y4+hc`V1p|j4\Zhun\0*:l)n*t88p!f5<\Z7chB\Zod6\0:F+(&,\0v\0 ( >(\Zj&M>+PK=tLo>|F\ZSqgLhG\0\n&M{}\ZF\r-t21lQ4;P\0s6kzbY\r{	D+&2>\r\"qp; \0u}_a,H\nB+\rG{\\VcUL7ul\0UXELkDg8k>W{Ft\"XkFIc	xX\0*\\t5,[vEk<\rYO\Zg,p\"H]@UcX TQlq\rSt93yk4$U<OIhwU1X8GsmeC`B@q~vR?G0Uc_8I)6\'\r\rqD	KF\Zbq>	k\rt\0u1!F-5~K4m	sJ<yL;j<$A\r{PUcZFS-%lK=w\rFW*F\"U\reSuH\0*t:`z=NNE$5^X\"B>7q$TH{?,5-[U}>w:X;X\0n>q=|<nA1AVAN0T@y],\0UJ\rtRF5>:4`XPF|l&\Z\n@D)N\"?j@CA*	lk=${#6}y1Q!pU7\Z\Z_F(]L\r3V(~YV<\ZX\0sn&<\Zy\rQz1!D:bit|^|h\ZUM-(S7fg\'e87	b\n)0><GU!F\n&q:wO;0>\'{.9|%E`u=vVA7Q\nz+Su`y0=~\Z|*\\y\0O04dE,yq?`{A7q$f\0*X0RB+?$=`q~}<a@UcXgwpU-\Z{jZ0?V|j>!a0;(	\0*tjzJ~ 0}c}^(CN$k<\Z\Z1{ rU!^~\Z\Z6\'^F5Y2jaF5\'f%\ZQ\nAV:>5A]$|j7\\<4{7o7N\0v_{ 6(>c,hw\r	v$\0*t9&=w^[{ x>\'q[qP\0v^-0>^A:&ZDNY6`QH\0UI5	hu[(>XQ.00Kwq^ ,S	Ucrp}A4qoAwQ?hJPA0*AA>\"K$\0*t:&xM?w@\rt\"_LK~Hl LmsISZ\0*8|k?u:cv(\rH/>6	\Z<5\Z0<qh\0v^X7S8t:F7CIBi<5\Z=Z\0*!Q6=,pj#LrU{ yq;(j#X\0*:&GNgGp`wq.2(-\0UXrn	!?`y+x`wqk1;a\">0.E\0UW8;E8Z	-d{,\0R}~?wg>3_oqO>`a\'f*bmKEUm	%N6ij,j >\rph\0ragj1d{#{Q`mDFTeCuy]K`uXly\rVo<5d\n;1Z4aw\nt9W\rgK{8.a*cVq.`Crhe@7:-mbjB:C_q-a@P^ l_``yg8{!\\\Z_\0*:^	o~zX1<wh|L`?\0`O:[Xyh]t<ca0?f,\0UXu`r\"P}]=	R4`U!mk<f<\rj\0*97W1}x*U}~F\Z07xxk5T\0UXt;nF6zB!hkx8|H]T`vo\r[Ucmcn/zl\n>g`@^!4n\0*97\'?`y	k\r.>~\0UHt;nO:G8dW\rc00>7{ +K{PUpmK!]\r\\v!.DH#%\rroj`CsQ|g8~=glQh|\rmFg\0*:7B\r=b\'O0=0*@`\n	={dCrn=&+F	2a{YjnMzl9\r`QhH8W[p\0*|snz,=\n;[Cygc+BK-(OH\0UXrn0;a_m+{>5*j@jzVb,QB,\Z\r\n3@8\ZFR*TR\0Xt>;n1zX	\"~AA:=`zwb{7\0*97W(fO=G	>p,W &y\rR\0V>9WOd|\ZgYg	2M]AFw1P};{U\'t[<gf|Ehh6O7f\'p-\0\nmc`=0($KhlQ`\\\\&@|@Q7=pr3\0Vsn6QhK7x\ngCl2(n`z02o0><-\nF>[J<[#w^6 ~y9eLk>v\0*:W\rDlim6#$+n[FxFG\\wUW\Z?/g\r4y0,\nq\Z0-c\\q\rO=S\0R[!d%+ hC]1h\rlhO#{R\0Sm[%\"]LXtx)`LQo00AMH\0UXr`V]h;=BW(y!EEHN(Ul U1>+%l@\Z4`hG8&\Z}\rgc`Y_~T9X?]|GcwEHoa=\0\nGl=g>>Oi#=\0\nm@12hpOGe~OR+@UvR|m-[=h4(UR0/k!	\n%\ZEtv{$\0V:rv81hS(3F)\nh Op\0*:nR!u;;{$f23qm6,=\0CB[xh%\Z-$}xz3W!@:PX\0R1Xgp?M|>x8\r#\Z\r{\09h\Z6?+8{FW_@N@8O,\0w-.QdW	;DU&[cvEhV6\Ze}\"jj@Cmkw_X#	`>kP C>||h\0*9@X~bj4l=()!nHZ\0*<1}]lr`l	>|jX|YEUc]lk{ W$0(1gCNzoi8\0UIroc$7cm=|\nG[:|;Cz1B\0U\\r3=rw>Fg-uH<jCrv2k\Z=WU3u0=,\Z8`@ZL\0ULt;n:I<GK8gN\rOL\0UXsnag!yg?E34EO^SW0*G Tn9\'\ZOk9`cN53G`X[gj@nPklx)bh6|i#0,Q xOmH\0UXszfBo=\nv{[Q\n``lC+{l#.S\0F:QkavgXwl3JfW\rJ|hMY\n`zf|=\0\n;8&[X,+EH4oX10y>4e}4{ELA>x\0*9KZgl,l1Gn\0-,dq|yQng|%=P;k7Z0%P[Y~~BQz2g qt7\ZhT3\0Z8(4^<`htatcZ0=O|J\0*t9@,c@A?u	<@Z- xEqhlt:v45n\0\n;sw-cB^8GuTe[y[Z\0CrkXh0)?\'8`st	=\n;Eof\\cFB5kl1y=\0\nrjVb} ?d{G\r4NC,[Gy5\ZG=\nmg(p1j;T+Q=P\0Uar}^[N=wSu`=\0U|w .OxLml\'LoO+B`Hx\r@`&U[Z\0X}\'^u:w+!1\r9+2Mvk Nr}`(\0mOxl1 M	\\gpHj{\0UaAs><@`+6\0=^<#Hk\0P\0U\rZV3^X&EJQMOd;C8@QZ-\n=sIN0(,Qq(GTCi].d:[B`Y`&v5\'<\0PC\Z@?tR,.15J\Z6\0U1e~S`Yg8Zg12jR\nRNc2Lr>K[,T11sMQx>\n5vQ\ro\\w/X}%\0F:\\Fpy|`ai5lk00#h$sPU!J<\\P:og(El\ZX{7\Z\nx\nBa]=\0\nmpZ\Z:A*CpLnhS=>55b%s\0t64^E~0<|oo>$(8\'{T\0Xtk lfPVwh1@At*\rQ7\'S\Z\n%	w0T!9L_Deh{ 8`!<o0Ucjb8\\hbbW	Nnk-7\Z^LFS\0F:#WKjDHO1j6Cx,vvhwDj`nG\'L{n8$ cW>\Zw[S\0BsnG\\T$&C+^Qp}-f+,y}Yqn\0*t:W/H\Zyly?z\Zh6q_q{G#3T\0Uam:W_mh&QMLk\"0,wd{dCrn<~%tWlq>3]!XG0Tcm}md8-aVuxmY=0a\'bLo=&.\np>xZ=WsPbIW+G#F$BtwR&Q\rg1?uw=yI16 8 _P}\nm.wq+3lo>5c\\U-q\0U M$`nY1c\\qdkYAARzZ \016[X7feY-{k:FcaYl \01n!{\r-`Yk+_+\r2\0*t:W;_s`$kBH@\\FW <`P0?xZ(5W)88,`Z0<>	MrT7C2=cwq~md\rx}xHFmd{%[Nx{XY,0<^#1g0Tc|[RD;;\Zwl:ek44gd`Z07v\0*v^k(tUO;W82ym^w\\s$\rg\01qb:G%lEH0.nW/Ch+g`Sn6\0*:n2>6pF0,fWhW{a`Nm!4F7a\Z0+61x~{\nm({gYK=Gx|Cac\\y\0*:n4O}\r\rXb`@pAo0TcR;)txcY3Q>pbwPWS\nW1Hl|hg	,0<JLPn\0Ur}=!@If&_}g.\n\0*&	B&A<*~C.)\'@Tcmi= |k\0\'\'0Tcrw5*{\nF\'\Z\ZG\nE @a\0*:nO@@ILcckoUNmL\0UrhRGLiHo>7b|:-\0\nHG.oEB@}YWjn/4{  >W\rgl68`gN%\0\n&XA,}[F4}Y(18F<R[\0F>uq\nl\'2g2`Yca@Z0?\0U	r|/bGfW3R0,w\rcy,`^U\0F<<$*@UkyGtx@H	1`t08V\01WF.\Zy049DE|hK[\0QCn?QgG@T z=\0!3\n>5X{{S\0F>;n<6n. &I`{%Xbbq^bFg{{S\0B7&j&>8}K\ZN0,tl=	\0\nW(l	k^[d	mcF6kLhqP\0U\n&Y\r\0QUhYOcZ0>>wPT!0cj({\"iYZ,+S@w>5(H\0*}>v2W >X lYg@@t }sPTcr}(6_P$=R4\0F:v^=g%^wBoP	h\r@PQy+F+{r<H(8|o&By<>U.j\0*t{8:j>WN*cO>H6Z\\pT!ri{\n6h_4:[@<W*@U0<8\Zv<5\0Uc|{@r>$`Z2jT`t7x\0Csn]5Kl2>#`Z2lBG>|m\nnL6mI)c!\\<S0-LDCNn\0Urajb\r)]Oh<@j*g}<*s+\rYm\nm[U1>Ok5-]8h?T`Y#GHh8P\0\n<_ XNUugCsFF|k+h{\0F:v_ h1=.eo4k6whC%<=\01n&0H tH<`q]504YmP\0Ut<_Oka >tFa\re}1g*k,y\reR=\0{ZvV_\rh~Z0/(~AQe1m\rKjCxx\rl%Hq^g}	Z2%\Zd[S\0F8jVocF5}\n2w%	Eoz[R\0F:v$[R$l=]p;	+pAMVPC-&q^4@q=\'0,\"a@Cu|3]hi]z5^<Ldf\rg(\01x\Z,hlVP+=#&x-[@QGtQmh>,=#%LP2d\0\nmUyG=}l=	6+{CCt6%~\rt<k4N=\n;nMlL G80Xqt`t(|Fn?jCun|P6,[FV+h-H@`nqPT!rxC2!a7Mf:N=\0*tzo[X\n. - YN\0\nmKO${Xm1-b`Fb<K,[\0\nmJ}X-;aBzA\r&W[@Tc{%\r>T$[e{	<`y^+yP\0UsnOwa>^q@Q M:a`L<at-\n;nOR|P[ &	\0`q8`+6dCtXH=PY;a9o!}\0Qg1 x	\Z[X\0Bv]J1d\Z-bO7E2:5Ct\0F:|ozG@u0;`ov[k,\r={%\0F>;nQl>Pf\n(cHj>$Wa<\r}PTc ?`ca<<\rkW\0PmVy]k\Z1lnF&N\n(u<\Zw@TcA_bLTj;8={g~n{\nQx<P\0Uuz=/zg\r#:c@-P\0Usn?\\/F$:p`_c\\051WR\0N6%P}c\Zxj4=pH[P\0Ut;d\"7AQvoCPcZ1\n\n\0*9Yb-aJ0?[	OCa:ik<baH`|W?XcWq,3ik@Q{g\Zt~1X$:{E~J\0*;7\ZWRO3UK,Y~`@zY@>.vH\0*1\\WGy^\Z+{Y|1mP\0Ut<n5x+#oldQbZd]Ok_o5jChkGjRlp=`Tk?w^7\0*tj\\Thq\rF#zg@}->4	A=x`z=T\0F:\nqvC]=f\\dtFx\n\nlt;H\\7\01K=b=ry=\Zl&\nP\\v{U\0C7H<Z[;]p-*S)dCx]R_8<JE++``	=:2(\01]+D{>~Gg	,22o0AZu[\0B\'s8HRW!`}xK8H5uZX\0*snO9>+p?Z\Z@ l	W#\Zs#_`O7I!P}6/DY87j1@=Lhka@7I~*	3\'cid(}*;`z0,w\0F:1=2D$\r7&W}(<D7C|FS\\pT!r`J\'q_a>c\0Mk}$qF4(g =^\0NnMCO Va_{	lCH=@P6A=?r5{@`QY1C@BHbz0-\ZO7I \\%_>v6p`W&pa1] -\Z:I\"](ru`U1SsH7+;cwy@PCRW`	#dd`QF7J8+0u\0F><Ofm\\Za\r18p 1]\n`Z=FC$Q`8|H \"\0*;nO!NTC^G1A{F|xhJ\0\n<$\Zw	gM6K>53^C\\t\0Ut<<;{(y7f5N\ZQ7^|#(BZ\nJ(z#vP>p.Q;\n\0F:WSGyHlCMX\Z[\0\n<GQtz\n12+=^\0Z\\WGLh	BwlX4`w\\y\r8k\01c}tp;0<gGC|}(K	g~`n\n,C|wlp>x\r|?]q$0q!}qP6Vq	BkcW(|yqHdx*BY\01`@bL1A~rvh;\\\0UvM[#>6\'c\ZQYd:{V\Z:Iu8tvBB\\}GsPT!rt:mFbd2\0b\\\0U&XGzt6XH!j)zW\Z\ncl91b,h6a\Z\n:[Yt5:@wq+w	$cJPc@YV4\r/\0O7Wb7\0ysEp}KT`i05	W{\0Fy{?Hk=\r]\Z){FgMrT!ry\nG|ocYg@`@vcTJx\0F:\'NkGgEq \ZBA>\0*t;nk?C}!z=V`vbt(7S\Z\r$1=J\0C70k/!tY^`Yfh}!1x>5Z0 K\0*[y3@]\ZI\\xi7I@COfK$F5qR\Z{pz0>E|`oRX\076av5z\r-#x`}Zf5c\Zl\n>;n/O<7a|l=q\r4`Z1!	\0F:\'Bo:CY4l`k>\r4`YF$ Mw\0CvY\n/{	:\Z9hx0+Mw\0A7&!0~wr>5RKF5bn]QmR[*{=l,`a)0YY\'\n-!P|o\rga,CB	8&= <XsCw\r#Q8v|g`vopq8\01<E(l;=[CKO#@Lj\\pT!ry\ngyn1;lT	a\rez0?ER\nsn!Glo>([KOA[Zl8W\rXER\nHM5PNWSf<)|\0*;nLB0;M;!L\ZFqN)xY\r$(mpTcru)B<BQl pTcr|t`ov%g`^oGv5r`Ct`\Zd(|GRc6}0TcrjAZ1d\\{Xy\rbbR<Lko(]h\0Uv_NB\Zb5\r7cAC@q\0*;n!nd[&-T`U1 \"5gjmY\0F:&	!Q].B1on1@wQH0c3\ruT1r`|	({A\\5H>b\Z}X\0=:}$cN/p?hVo@o&\0*9WTn\'-|\r5\Zy\r]6 g|R\0*t;n?!\\6n4{X;@cw\Z|P`w`yz\nK7\Z=C#4{kc_?]x\0C(Hc```]]gg`q)]\0*t;n<g\Z\r88`17LIQ\r}QmjC9^|k	Yxvl\r-\\pTn7(*Lk+\rq5[i\rCaES\Zc&&8\010F=<@q1>bCS$	\r[h5\0BV}~bP>w(L&CgK\0*t<T%a|I6Rlh%t;*\\pTcu{u^DfXc~rp<J;+C`U1>Y\0UvYqb|k[3VXA\\oN\\pTcM&Y<>Q\Zw:k:\Zp+\0UyRo^r0$w\r\Zk#\0/\0CHV&)o^=f3\r8 |>$*\0*t:wQ,t|.{k:0>]b6\Z\0*t<%>BmP t|z;	\\[eotm(lo0AYBsHmR> 4>7\r\0U\rr)Tw\rtbi41\\exx\ro:\0UryhBs!DWgBF\0\n7\'X<6al<!f6z7cQy	\0Uv~n,[HMlWYZ0>KMW8.Cy&t7B85 =>[<r\0*f:ngma>5*m\\0~gpTO7&$bk9u] =\r~\0`Y\0@$\Z{Nux d`Q$YrFc9;OhzKFoG>\Z,bk\0*&)=Hgdz=\0*<&xAD<f[<~OF\n.8\0dBFz{#A[=`C_\0*&D$`~w8?p`cV1*w\0F:d>HqF)gOd{	(1A\ryF7\\(\"\0*g[88_qg^|P;o)B_\0Ld@8=vP--\n5{g<\n%	`tWQ$Pprh.+p}Mgv7S	?NP#\"!,E	Vy]Lgm^j>5kB	4\Z\0O2?g0<Xk>4Ny]5\0U|sa6GLk#?1@4nv?`wI,\0Uv_(F5$Y{\"\rawt7p<RK\06><]NB\ZlY[\r8jqw}1<X\07mHG]hnh9KL8{q=c\ZO3JF@0Hr1-HGgO,\n=ol>;\0F:nLL8H]=x\Zp$Ck Y\nPsBo@p-_zp*\0*;n-$S>6DU{MxMx\0F:nO/+>HQ?7	T+\n3xwyfW:<\0\n2l\Zp,J,2e@\0Nmq\"\ZEqqcl.I%	Qc/ F`}xO}l(7]1\0*lt;nUqY}g	poLk\nnM!24(8l300n=&bqv7xf\nO\\>hQd>;Op\Z\ZwxLh]RO0)k\ZuQ\Zd\nl\n5-8\ZF\nK0<4y|{#&1-|#.\n]LC\'KdV<GYV{,78;`y>\0*vB}g7-m#]lj>1g`\0<roHP:20O7\rSlt8@}<^L6:y 8_pPjiN1l	Ql|_@ScrarHL]\roPEL\'Od\r@vq\rh|_PTCd`6GLmu}\Z\r\r\ZHb09a\"(8\Z_PS!rlp^F2pl;acs[\"1H[oGv-L:^Lm\n@$5{:p\Z8*`qeQN\Z`9IO?CP;rY/V0=t\0Uv&t&a068y~{\n*0=CX\0HI)L@}1k=FPE\\ >-,\0U7dg%s\Z@>|6W\0Tv!\ZGA}<./ohk\0*ygKG(tqvE;g~5K\0*f;rI@tR#]!j.bd\'6(\0?rIW[Gd3yjhz0-xh8~I<	<k@F\r\"\Z[kFsB/C$Cs,h|yi^P~I<~(uNk\Z=@.b<Hi71Y|\0\n]I{X\r4{?Lk>4ocEj}g%\0U!OF;M\\g3>|6o ?cWEp&l5\0TyK@S=!Kl&?g\ZE[gC+r.=;.n1HhexP~\Z5\0Tv	g!FzBqG\"Q*@_qf)Gq`C}P`@u8Y;WM\Z\0*lt;n\'ub	g\"[Q]LyHW!kJ`Z13;bpw{\0Ty2!N{Y_\rk5N*gz;Scu|yRuu|jf90wjfXm<5u<!E\0T<M(\Z$cV!e@t<%\0Tvr[:`Q,hQgLk+\r(\\,\0Tv}Bj{YG\rh@}1GyF4\0swJ,l|,Lk>t{u`}5\0Tv\"U8k?65O+xH\n<hlk?C|sr?Xz<\"\0*lsnN!Jgy	sHsQbXi8|LQ,{W\0o7\'H5Kk`lv-qC]HIgy`\\\0*lt<\' PA6,ZeT5ch6l/Fb\0\nvqh*-e7f\r\"@@aY$x\02nbe67y$[KrT$QUFiH]Mn|ml]+7K6`rw\06:nNFWl><Y/\n07uWo>+`q\0Ty?9Ec@Yvbc(Bob\'WE}1\0*f;nO9|y\0@Y|l(&(l0/r=;\0*lt<Pf&L {yFx|= \\{\02nO	TW{vLy+C]  \0m_!1w|0+8qWx	w^x !8C_!@A)@qY~1N+%qS/\0mR\n&`_qqw_(`p[!PuL;\'	>QbCwl&(`z\06:d>Y^Oa6 cGohvi)R*\Z\0*m\"uXw(\Zpc_q{k%\0Tl.r?jXd\"{^\0M[J5gt<\0\n7\'H,A.)#?!c_=c1+pSnAy18[\r5z\0*lsn-xk)t{;LhCS\Zv]Mr6n!qR_LixK\0!Q}<BcJWo`q-$|h\06CB1^&c_(q`q-!\r}/cCAF51X_>0?\06:d?k0lJ\\`] :lG\\\0TC({O		{B,|o?K\0\nFD|@j([?  0AKg>\\(\0TDXcEogz{ Qh8W\n\03[>2b=v^1<MX_X\05/k\0W#=Tbh(	b@6ERNhd!qv7K\0\nvD}L1])[f.\0*lsd%LT}K!-:vZ9pScE1+ A@YA!g\nURvW{@>`Z07 9gx\"`6D08-EOg;`Y;o	tSnlNE	m	*`u 8xxJ>	}<R4\06;dZp{Fq{E\n4`N~\ZG\"\0\"9+`hCaF`Y\\KF	Mlo1!$QZ\"y{@B\nz)\n,ts0?mUt^k\0*lvwhx\n]uvH@h?p>&W\0TJ%{  >\nVLo:$:=q0@=k\0*f<%-1;8)+5`Q.hP	3cYSc!bT+Bqw^SQAnH4cn*k\0\n2 BoC=.}HA}(H{\08t;d?;`qSi{GH5f) (|0\0\n>%k)1->\'ScDg;\ZN)b4{>Fb?\Z4tSo2fC^Bk=kW\\Vx>\n(Cv=_mbQR2g+}x^\0M#^7n`F	\"p E\ngk\0w!M]y(R1v1@<\0*sDPamoFQe{QNlD\Z\0\"\ZwmkF7c{Wt4	gG1>ScD]7&l>:j{E<k+^MJ[mg?xOa((.=cS_MzH :<\'\02 ^^ScbqgPl bBbLi `MzLJ\r^!0AuB\Z^ScML/o=uISQ6Lj%@M4Qg28\n	#W\rGi}pSo2HH>ry>5^yM;-}(|hk\0\n#\'6=\r}{1+pp=\Z@9\rr+s	{dk\0\n#C(4<$$;YU@l)X<J4`h3YoMpS6C`kbk9h``v!}1MV5Wn@`ir<4;_L_X%mu ScDgOme@Z0<=H!^|H@Mx\06;dE8X&(`z0<=>w\r@>&0]x\06;d\"l6o	14gWNCou^\0N6\rnj(\rCWq0.<| W@@0l\n%z=,cEp{F|0,{T%\0T),\ZHd(68`q`Y(}{\06;eh|QBhw+\\u\0 L.m`B0;\ZtK\0 L\rqhJc}^ka```HX-I	{\06;dKYcvn5~A@p.8-R3\06;d`yM1[b9\\$33zK3\Z~F@l|CAf\np.\Z0>`BqkH\0T|acY1s1 :~\Z<v!\r2\06;d1a<j=FWk7X\0\"?j!DQ]e@ax\r#C@}5\0Tx*F\"H>c}=|\0 wKtr<5-<6  H\n+<\Z\0&b:4h\rC8w&\nWF%gy[>{\08sdNBA66	uY@$g7S!	sP(LF\nV(Sh\Z`hYftK\0MJ0;7+vL(8t>:m^t\0>64\n9X#|0( Lk\Z13Ge6\0\n~#fXYs`cb[COhnup@.#eu0?j\r4!@!\\{gt\06;d}<Xo5|8?^\0T{>0>Q[O[W^<5s\Z(\r).\0*lycds^N]jx|\'lz!&p/0ScBk(R*{LWF{!p86\"\0*p\Z@7^,e^RuDl|J*nk\0Ev>Q@W!MO7_hy|\06<J2V>)1LV?7_9O\ZQ`m.OXo\nb^T5\0T6^+\n~$`~Q\n;fb1X[@F\niHB_xV{Z;_`E0,T#@A+Q`DxU-%_\0M5B(5\0TiWr\0*lvuy\nh\0Th\0Th\0Th\0Th\0Th\0Th\0Th\0Th\0Th\0Th\0Th\0Th\0Th\0Th\0Th\0Th\0Th\0TM\nM\nM\n;M\nM\nM\n;M\nM\nM\n;M\nh\0TM\nPSM\nPSiPScPSiPS4\n\0*p4\n\0*b@N@M&@N@LT(\0(\0\08v\01S@@*h\0TM\n<\n\01[E|\08yR\0\08y4\0*cM\0\nA@@4P\0S\Zh(\0T\n\08v\01NM\0\nA@&LiS\Zh(\0Th(\0T\n\08y4\0*cM\0\n<\n\0!SA@&LiS\Zh(\0T\n\08y4\0*cM\0\nA@&LiS\Zh(\0TP\04\0*cM\0\nM\0\n<\n\01NM\0\n<\n\0&<\n\01NM\0\n<\n\08y4\0*BNM\0\n<\n\08y4\0*Ly4\0*cM\0\nSA@*h(\0T\n\0!SA@&LnNCHR`;p\0TU\00SP :Ct?s\Z:8\01CeH:V\0*p9:B:ht8+pi:6`\0T-CC:rttt:\\pxM\n;D8C*;0lAY	\0*F;	t:4CmXmF@*cX\0X)[HV[Ct:MZ5Hr/\rNl8+_uu	i|u~hu\0P=t:i\06;pt>:Nl1Pt(NV\rT>:l)XN4\0\n[A~^ZV9V:t:NxpWB[@f t:~4\0]A\nhp\r|t?7CAi3\n@LF:t:Eef8mC!B:`nCliv9~<3\03!8CVChGtt::jjPt::\ns[(NI>:AT|t:B|;\Zmt:o@W.U/pwnCC S!,CjsC\"C:huW`:t: QwCq{\0T{[M?\0\"pn8!u!HNt:C[Q\"b@bX:6K\069(:huhuC7Csq!tt:+\0Oql_t:ci+Cq7@w_\0\ndCV	n[X:: t?U:CC$p\\ja\0o0S1%CR4:R*!\r,B5E,83uki~\ZO:XmB\\\0Tt<8h?Rf:6i:lep<t:xt8v:lOPtN[UCTVT\nqLi1t:B8,CM^\ZBpe(C!Cd!t:%[C\\wi!3GV$u\'kONt=x.[P8t8Q`ubU`\\ouhu%][U$\0\"xV	CPjpd\"pT|\nQzg[t:Zc:Hq{\r-(Q( q\0*p8`phukf;(?!t4[CCrpqCt\ZFqf9C;=\0\n<McNGCt:\nat:|HPCV,C2G\0V+\\N$@p`h7`itCx[(\rct:xpRBz=\nB9;Z[.:ZsC)u	BC!^cCFt8*m B:N:In6B:5W3pl.VTRS1Hi..\0*F:hBp~8luxax=@+_=A/S[::_{r\0C=\\mH|t:=NC\'T[T^P&SYUu5!rlj\0*F9_\Zt?pC[:CMSRt:j;CCNGek(C\0&:x	rQpm8ml 3=`k\'V\r[CCN]ZRGQ,7w_fRc |(puT:<:\Z-1Gpfu.R1\0*D;uE\0iC`t:\0=C||t8+O08lt:Gj}t:p:>!p(:PI:ZREX\01pY:	V[5quhq *C:::3:(PCe|\rZ-\"DF:n.\0*D;t:Bu`8N8pNCEVC|~-PN	Gbk:!F8h:u-d?)$M\0\n:6uc\0!u||t@C\rh{ekb7Oh4\rqlB:p\r|\0HCft:B:B]V)V\n:8*::uC?h8e;ZPQBrev8*%ct?N:juht:60Qc[f\0*f>p\\sb~Csb!Rct:UNCC:t:[BCm\"\Z#Lt<:5lnouU5k+Nqd!H\0Tt;p!u ht\Z^t:;[Pcuk[&@C=aw0U+\r9XPBtu5u`8bC~GMC :v(c8+D:bQlz%W%:CXaZp,bD>:rC3[:@^\"u[d\0TZbBlI.Cmu\nbVet>:A t\Z\n,CVC[YAx\0#=82\rA4NmiOCSC{C!b\0&:s7|t:8Q*Nct:U!\0r\nV(\\{\ZC>CNch\"\\\0T!iO:RW8jBrF\0@;WB\Z{N,\n8rp=C\\1t8hu\"rCD!tp7uru_k8t:{+t:ED=C:uYV\0T\0tN6HcBnPR&(uu4Za\r0l(r`q2!oD1q[#f\0*Ly\njB0ePC#ZS[SGj[C4w[_ICt:iQ@7CVHQ[u`@t:ste~!1wJcBcK\n@ioxr:t:zvoBupRCX]@{VT[Zn,SZV!UcRBh\0TANczt:uit::b@)$\ZH:upeCCCC$,\ng<t>:NC:6H\0*D:4C:C:HcnCC=\",|azb5|\'VcnN:sPR4C>;{8@OAxt:VCCp<\Zoi{SCNCV!EutCE\n<C!uh|uD3}w:Co(po:9cNC!|t88yBuoZaEk:jCQ>:{aCc;:t::BrACt88t>9pC/CCN+utt:~R)))C:n*\0*Lt:4Ct>t:PCC7NQCD:C||x|xt!xv9c`Ht:u4\'VVbtSI/VRBvui|A5.Q7K\0&:v:1Dut:|t:CPOZt:uht9Cux:1CPO?i9)BkP:UJZc(VK(]/0Rc|||sct>>:>>tC^:t<:Bz!CtNQ}v:Cx}P.hMBj\'XQPbt:\0CtwCCOCXOOu}+QO:qC||v:NCc1@!Z\n\'Vb\\\r\0\n\rWC>|t<9n4NC8<>:Bt:!CCt>:^yNNCCP(^S4b!UhR;Ct9pV1utuhuht:;>:::CC|t<C81t:>:Cy4$:z5.FI\rWct:t=|}z|t<t;|t>::cP>~1t:cNCt?	uctt:PCADP\ZcCt:DtbPut:t:PCCc}|tt:|t<>:|}ov::ZCCocpSCN!|t<:/A}u<t>:|{CD;:CCt<:sct:u|t:nmAv]-CbZ.M\0H\r!CNO{D^Ct>t:C^CC!cCCt<::C1tVvNPCBOshZ	(c#K\0\n:t:CNCw[t<ut:NCCNCt:Ct><ut:yo:1tt?:::>&9V;:/cp:C[d7Ct:OC^:tt><:cCCCC|t<>:D7!{ir|t:B(sGNZ`RcHt:t:NC~2!u|t:sOc||t:ut:::8}8Q+NC!pRCoX=\"yN!u\nCCCC||t|t}\'NQu<t88~#s\0TRC|z-D::t<wn!t:Ct:OCt:Pct;:WCyme7[\0&;4>:F:CCCt>z1v:nCCCt<<CcC<:Ctt:NmA63~n\0*CpftyCtt:$|xt:CnNCuhu!}t<:|st:v|tt:;<::CNCt>:O4-7[\0&>8jZBt:CC{h1NOCCCt:CQCc}t>::PPCCutt:CN8:f`p\r\'1C:C{hCt::PNVt>::C|t:NBCt:cC(Og\0\n8jv;xt:>:mxt:C!|tsc|t;:t::Ct;:NCt><:OCCPct=8)Rc\rGC!Ct:t:htt:Ct:t:CCxt:|~}t;CCQNOZPC2\0&:\Zc!|tt:=*o:>:>:Ct:8Ntv9cCxrC!!|t:hZ\0*C\ZPNc5zpC}t:t|t:t:Cu:sC^:t:::NC(t<\0T:NCv>:[BC|||qCwt;:B::F:|t<:c||t:cCC+CCNQ`R7N\ZQNZQQAct<>:<:CrCxxr:Ct:Cct:Ct:CCNO5I\r!w}t:zA<9+WCt>s1qC>:CC<;C|t:Cv:U5RHCCNbkD:|t>9t;C1:CC|t8:Cxt:9!SU(\0TvC/CJht`x83Gk\0\n*rjt:C}6\0*kUqH\0\n@`\0X)\0\n@`\0X)\0\0\0endstream\nendobj\n5 0 obj\n<</Length 6 0 R\n>>\nstream\n0.36000 0 0 0.36000 0 0 cm\nq\n1704 0 0 2200 0 0 cm\n/Im1 Do\nQ\nendstream\nendobj\n6 0 obj\n60\nendobj\n7 0 obj\n<</ProcSet[/PDF/ImageB]\n/XObject<</Im1 4 0 R>>\n>>\nendobj\n8 0 obj\n<</Type/Page\n/Parent 1 0 R\n/Resources 7 0 R\n/MediaBox[0 0 612 792]\n/Contents 5 0 R\n/Rotate 0\n>>\nendobj\n9 0 obj\n<</Type/XObject\n/Subtype/Image\n/Width 1704\n/Height 2200\n/BitsPerComponent 1\n/ColorSpace/DeviceGray\n/Filter /CCITTFaxDecode\n/DecodeParms <</Columns 1704 /Rows 2200>>\n/Length 121117\n>>\nstream\n\0\n@`\0X)\0\n@`\0X)\0\n@`\0X)\0\n@`\0X)\0\n@`\0X)\0\n@`\0X)\0\n@`\0SEp\\\0[e*!t:tcXCHPZEiBPX@ P\0-%ht:t85:t:\ZD $bTCCi!j)CNZk+P:Zuc\n\"+:hFkt>:(\0pNZCCGVZ\n-X^PM_.BC@\0K%/HKK\"f:x|vP\0-!A#`!!y\ntw	@\0[TMkPP\0,`54D.[oC@\0Ef1ncCk*k>:\0\nh.cMP\0)t:vP\0)UJ\041P\0)6u@\0\0T7e\0So\0\niQ@\0yM*M*\0SJ:\0\nh\0\nh\04Hp\0KJPs(\0+\04JcM)+c@\0!\0SK\n\05ht2MBf;(\0:::\02J*ScM).\0S)\nP\0)\04x\0a7\ZXjP\0,](\0\\\0YBm]\\.HQl5c(\0%p\\\0uReUjuhuDP\0-b:8 w\nC \0ZNt:t:uj\\[&e\0IsD6l.:4:Ue\0`0\n\'XNCt9::Z[\n^Z%CCVP\0+qCN[ZKKb|pA\"CPB|\0xCKR(FVbCtd!F:t:CM;(\0@b/$Cn7U[0:5RP[\\BujMQ:::BP\0-4u \r niZ4ljzu--K+\\P(Z-6AhtZH[E%$D$Jj!!CNbUU,VMNC@\0mAk]yCFHt:,Njj$*$+@Z\n\0o)	B^XqKZ-Bz@!%\nSIK!KCCNGCTX:A(C\\r\0Mi@e,!N+u\nt\"PZ\"%:B:\nE:/CC\\PXCE\0(\\O%[If1}\n*[&N:t\rhutu(C\Zb:\0E >8:+@D\\Pri?5p%Z,P\ZjC^O(\0Lg[z%EY<tPFqC9:ec\"t$D:t:rBD:\0\'&rBNN(u\n1o-^C,\\o,IPb::HPz!VCCY\0ns.!	D:$C\n/N:TZ:,$\":t;:irx\0E\"p\\t:+AiQ\\\r jt1h_j\r5HVJNQ+C:\rT@Q2,SG!\Zx%kb~!/blb^R\0\"(BPIAcC:{ihqO0v:[,NrZt: (B1HD\"`B!r:H=f8zEIeUC(CC!DR\0\"E`;ua:u)MA0CXgGCHp\\t:;TuAt8,PCt[3kbt9\\=huh;BR8QE48C\0`X6r\'CV@Sg5zqw:\n<V!CG:CDC\r:HH\0l@hpR>\ZD:Cfm:t80:!>\Z:CBt` MhP\0ltp\\tt$hb700&:@CBhyR(X	):	X\0L+\rn|*p5\'8L[C t\Z\n!7[0(3Fv afCr@stV`BC:	cN|\r9HNCf95NKZ5|\nq\n0q	St.&:Bf!8t>43Nq%\nq$cq&4+@1W8A@06+N\r@Sfq sqGPxGbeI!D8j\0pamBBHt8T+\0m!8a^9QX@*`&80?	\n	X|D(t)@\0&Bod#v\"8b17z:PC\n\0+^PLHI@.::H@K\rCxp !\'Wb),vR\0\"*B	.^XjX.Ct81Ej`U3tM\n!!+~R\0\"P|p:P\n!:SC/i@c>C\0EPl4CUCht:&	9c$:8l\r 48a E0\n:st:N\\J\n@ qPn:++DH\0mPZI t4C}(3PChC4\n@Q5Jp:t:ai`<!bl\0E[`#0^j%I8It:$\r\0EX	:8g|t9Ctaqpt:$8e@Q5A@o:t8;\r4\r!\0ES] ltbA0 +\'\0x@(@Hh:p@HC`0H\0rqql\rhp@iC)\0M	t:V81Ef8bqEp#\0&\0E0^mT	tMpr8T\0D\\xH@$:+,/\'BDR\0-\r(2M`!t]l\0El\"A]~%u\nw\\\0EmT9UD:[\0EbOkC\0Q&t:D!	`\0Ee@0BLL:\0$h\0\"5p\0H\0&,\0E\0,bQ1`(LX\0&,\0X)\0DbQ1`(LX\0R\0, H\0R\0, H\0R\0, H\0R\0, H\0R\0, H\0R\0, H\0R\0, H\0R\0, H\0R\0, H\0R\0, H\0R\0, H\0R\0, H\0R\0, H\0R\0, H\0R\0, H\0R\0, H\0R\0, H\0R\0, H\0R\0, H\0R\0, H\0R\0, H\0R\0, H\0&a(\0l@i6e@[g\0;\Z]\0Zbg0\0-1l?\r\0.<6h\0Zb vs{8\0c|WY6\0Zbc?1&BPi	0-#\Z7d,\06)3O!!`\0Fh.d\0hm:<LRSh>82\nL[F$(d\0m\rBPigCBoWo>\0,5fhxk>d,\0 {XF{\0L[7q|\0-\Z\ZSB@`Hzb\\Bic_q`o!!`\010\"md+\0|o7,\n-+\n,$_j0-!P\07Zu`YBi{qy2\0LW-;Bo[!!\0,x\Z\0-0.o\ZpklH\0-0+\\o0*+k\"6\0`xo0-\"l*\0&!HhGw4%{a	d)5xhWHoGv\0-0/3TyhGjBY&\0O?v\rK\0LW>$w<Wm`O0\0-1H).1|ylF*y`\0Zby_ ~yf@i7UH.z>&\0-1Z*[+\'=4}L\0Zbk=1am(F{5LY\Z`Y-D;r`7Od<%\Z_F.}L #@yA\0Zy^	9@72O00\0-1Ln9c}G[`Y@\\\0Zb1)!#\Z{%r\0e?W,l\0-1PA7q_hLP1;z6\0)61z2rigoV\\X\0-0hj}>\r$k\0L))^Ws*\\\0ZaV	r>]y  \0%aZF}\0Zes+s+@.&92d \0Zb9^P\0o?v),c]>1Y@fGX\0ZboA1D>3a@ia:0qj2a>a i`\Z,vKa%vm\'0,8<MY\0Zbq,Vqy(+R\\h\0Zbn\nl[i,1QU:wyp0iS^&}oN_aqK\\\0]F)\nBi\Z5\0LX /\r\Zl]`]y^iC\n^g\r\ruk\0:00AS3:bU0\0-0j5vV\Zk\0VU\\7?WvCAX0\0-0H]#U\0LuxUXey_V3\0-2w=XDMje\0LXpX{Xfs\0bBmSzwk&\\\0Pu8{482s\0e7J<\Zu[,0\0-1v-	cVo-,v\nEZ@)p<S-W$0\0-2u<j0@Y	Yj0\0-2%QZx.`\0Z`F?c< i\0L <-D>V	0\0Z`}G\n5<J4e~j;\n` h\\\0Vcu1yhj8@<\0* C>6$`a<z5\\\01@hl4( =s$?2>\0AcZ8a3|Ge`F-`@}08Yh5%gF<cY-	kLK2a<f(gCy<`E9&(+;\0LK1GaNtb\r\r(\0-1/7SQ|5S\\yLO{A?|47F5\'\Z[\Z\rx{<P\0;b^S}B\\,\0ZexKg\Zo&eR@\\k>E9v`lAaW\0LoFS`\\yg	 \n\0u20<,wVkLHiTP<\n==Y]V\'\0885%[G+|k\07c4YT@`E5vg8L<cU1\\P\0Z`YOv0?jb}1\\P\0ZbIK:\Z	`~p0KvN!B\Z[W\0LoF(EU2w`^Q+5@6#>A\re>\'`]=I<b~5$4,ncY$i|\0+cU2n)q3Y.*\0-1H\n;$[	k\0Lo>\Ze @fU^EQ*\0-2\r#9>lBP\"YE\\T\0Zcz2M2PDB`y<f5m[8\\T\0Zcy2i<qPiV0?;bHiqPi&WH\r5@7yb\Z]~LF5K\0Lj2TwZL<%z\\T\0ZckjAl&q\n*\0-1ku0t48\0~xYc`	\ZF{c,\0g8\ZGwmbX5@7bdQvrkLof5x{ k\0-11l;\0A p;mz6\Z|1 =:B_nf\0-1gg)}\0QHRi\01[$r	^\0Zb^1_yW3\0F:J;U-\0+>/G\0Q\0+dHV\\\0Zc]11ThP\0+w.P\0-1\'\r%\rA[~Bv\0 0=>_L\r\08E|W@:Q\\X\0Zc\\\'AtUdiqS\Z$m\Z2\rW>!v>\00?{Fxn+hH`L\00?XS_`T!\0\0LFdKb@t\"ggt\0k*\ZF4cWR\Z1Td=kLhK%\Z}ok\Z=\0rL`y^|P{g\0LGf7RHH]S4bc\\\0Z`ymK\ZhP]*Ca)\0ZyFa`o\Z,(`p0p<Ozz	s\08  |?3\0L1GY	sr4k\0L\rt\\5O&Y\rh5hxcz=(k\0LF5m604t5A6+\\X\0Z`q8zSeu=4\'\\\\\0ZcY0}0;E<kDn\0AH->\Z\\\0Z+p1w{6FFH\0lLj*c] (\0P<J\"`^@y\\\0Z[P	r&F\0-C[d`]5@~^BG\\0:z @mn|d@|hrjd\"&	ka)`\0L,RCu`U1\'lk\\\\\0Z`Zt>%,-qdiA\0gPK:xkBLby\0W$;`1mK\\\\\0Z`@&\n>:-V5UkL:Pr0->{y\Z\\|,.\0-0,<\Z`ny\Za*k\0L,\Z;H |h@u\0(xi$@`FXl\\\0Z`]1p(bQOG{EH,9L5S<0<<H\0.V)<b\Z\0[\Z*0:+m`QriV8@TjQl:&.P\0-3I^>Y0+\rFZ_P\0-0$YVC_oHQE11S(\004B>1t*	A u\061@@<\n0<Nx\rP\0\ry:v57\rTCKFO\ZU\07g+8k|CZ0(\0p$0e vFU\0!7IHhk\0L VFat{?uy==ri4`^O[?ut8: 1uN\r\Z(\Zx\\\0Zf?t-\n^Uc6JN 1v:bb	w^RCPb@&}ri|[XiSB&}riX4x,X@\05bxl;B^rit\r{<@\0oLBo@G~<mk=rjPDk>Q+\0!{Fx0*v<:k\0Rty;`U=w_)\08!N~R\0-Jw6(8d8{	R\0-JQ4	yl>pkNFH\0o+EfW 0Ay]D7J\"-J].R\0-48|it?=*[riTCQxP &`Ph_	CV\0-3zDrc\rr@i*(PKhH\0-3yQ\Ze!/e`vo\ZI3+n(F&1>`I<j@ob4`qV\0-4e<IQHQ-4`Wqc`.(\0-41q!	:7EL0><K\0M%<lPy:	\rcZ0/|5<q@i\ZpeN={!\0M `\nY&UfH= #$\0NFWjB\\\0Zi3Lz>\Zq_HnF6R\0-4D.d>+CCh[Q\Z\\\0ZexLC\r\Z;zM\"#$E}47eSv@\0b/@MoB\\\0Zi3@nOYV.R\0-4T\'X-YT)\0@A)d%)^?m\0NJ <\0M&Fg\0-D{Y\0J(K<n\0ZxVE-;Pp`m(A,Xh\Z\0-O%\\Q#M\01at607hxjkdV|2rj~$[|H-he@00d0<:@(]uaF.\r(\0F5Qr	Lj\0#\r,[c\\Wc>KFP\0z1n\'8\n,T\0-15j|`u=oF4Qmj5*\0o,7PM+\06,lz9pi)BE0<E#\\A\0~K>	\0L	?Lj]\Znlu+p@i;v?G_\r]iT \0[@!o	xY5|\0LU\0I18 \05>!^0,c\0-1hGG6	i	^Ga[@i=6BF=|k?\0Y,4dewo4!/v\0Zi1a:womxCJt\0Lk*buO@`8lPW	x?%\0\'\Z [\r?\0\'\0Zj``8pwoTA8o~@\0_>Y>|kCiE1X=#\ZBF#`{	v  i08;EKgD``\0-5qF)[<BO&(GX5k`&HZ\0caFCY5ETc5,` 8o:WU\0t\0\'N\ZcdU(Ce@iB<TW}Zy\n\0L]z=\0,HoBgas\0Zf?cb	oGv(q\0Zd`n:BA G  i\Z7&pco17:>OvGp;o,\r3yFo~@`Q0,I-j?\0-5gSNl]R\0*Gcl|y+\0+S`gC]g,\0S*\Z6\0RL&tG 8qPi(OOgOdXc\\8l\\T\0Zjcn$}k37bSM^V|P[,X\0Yt>lqae\0Q\r|>  ^D7?kY<{d-IX\0Scx\n&dyX\0}		mc0><\0Zjmc#1#\Z`b%arV\0-5!|H&\ZgicY!1n9=J+}*{tLR3Z\n4o04xk=X\0 <<,0A,oBE{jD)Ct1Ae~x-X\0Z\Z	=_;Fk{ur&\0-K\Zp{F(bq?p+{\rHh\0Z5?:cb	v\ZCu\0-KAFqVSlR\0-K\r$`wo]ya@y%Kk[H\0*}z1GQwfH\0Zy?H{h@wiH\0Zv`cAv@>[)\0\Z\r[\Zb=)\0AXO\'Ri$ylo	G{PoG{[E P\ZVw(+t5#\0Za)rv0?Z={d\0d53	3xYo==\Z*)\0\rv`\r&wlb_qvdH\0j8v`\r1fx{Eh{7I2\r\ZW{E?h7I;0[F|=aXdgy\Zc%@AS0[F5>Qo\'{X@P}K)]=k9H\0_\Zg}Yt6+)\0Z0?mCZliK>hg[#e 0b7x~{`[gL\",~cVa>{ZK0:Vc~,  51LMd\'&|M]:xFR\02f\n;\Z{9\rg\rdvAoy)\0.4@tk)sR\02vnG`,PI>=e  30W>Ubo@L/\0F#R\02!6`|k=F=G,\0d6&6`^4dENF~#R\02c6`S=hq_Xl\nB3LQ>Z;l4r=/GIDG,\0d.6q&\Z7=#h{D{jYH\0}!\n9vR@lq\0y\n`y? >\r }xOd~\'R\02+?_@d S{	zjH\0l%?_:TQ0n{X@CF:l7+X[K*Y`t/$@`^XCOuv:\n,KfJW><Kh-R\02hl(EgCC#yF\Z`e  895=cP(ZV7w]XH{piyH\0\r^1\n;tcw|e0I001QQ^>e  06v1-}nokYH\0i%Vg}vHO-nkH\0HPb>}>08{2bFaI\\,hV/1v{3@^~G+%64{~\"i`y .4OGKL~exFdo3{~7KLep|aehd;1dH\0YN)et[{7[rdH\0q	d=g68KL>mmFLy]L>I`b_}@/F^)\0{`^|iG`kz6\0LQCzV{#:L/)bzC]=G,\0Zb*{$j6T\0-2=g:) ?(k!0}J)\0pM^)g\ni,E~=,-e@/q`p	Wu\rri?K8CCz9T\0-1\ZR]Y=8Bo*\0,1BceE,\0Z=H\0ZbXMZv{Y{y6\0LFl=V7bkvgpX#F_xcU=|Uh/P\0Tc}Yg\ZfT{/P\0!)p?f[\r{.bit?zkP\0jcgg*\0P{9?\"i txRv\0LeLP\Z1i\0LGLlb1+>7PM?[X W&sAvF|\r{.bi$UW=@Bxbuc]1k=qH\0Zm<\rh],7R8?{[_d-K8uml+@_d,00AA3YY.\0	[{,o?E@nP\\-Lh6n>5X\0Zb):Q;H?X{OE@O`z<\0a\0Zc8wH>u}Bj_X37,[G={X33`[tRE9=}E@>\ZR08M(dP\0scIuKqg6{\n{T2Yl6\0Zc#-~\0L\Z]zt8kP\0R16\ZGT\0-19_|j=:+bT\0-1ll\\Ol;>hC[S24<m\"i*9D=fQP\0q%mqYv[[39_q[gT\0-1yd q=1V<k1P\0P<YaD{Xe@6a@]!1f*\0q2`}1{E<oY4m\Z=F	N!af*\0=?-kzma\0LfW-\n-?{>T[Ye@4g4`}-mn*\0[A\n=	4`t\0LAf\Z4aQ\Z2i}zcV=p>&YP\0|CYX7e*|cW{Xe@O\Zc}TOd{Ye@O\Z_WoQD`Q.#*\0x(	\n7*\0	X`Z=GT\0-4^t7=q-f72iS\ZeyB\Zlo.YP\0t~{[E8hC]i@9nlq={>|h~e@NqJ=>5.kl\0Zi(\06GEgT\0-:8=g;F\nYP\0FE\"q*\0H.f8u=Ye@.0FRa[$&*\01PS_;e@c\\Mey=f\0ZibSk=R	,CXH+8&!He@\nhR;{\"=Dg	h*\0SB=9*\0z0?KD>\ZfT\0-:`Wqq,T\0N{?r[~OfFT\0-40?16huvfe*\0{;{A6w{hL\0Zcs|%p(F4e@ }hP\07:Me84	le@y	mg0/+9\n\0N	g/+L\0ZuGOk|wa6g*\0bFkB=x%R$\0Zu	AOuY-P\0=#qDcy Vdg\'Ohlk&T\0-:Fk6F{\n\0Lw`}a@%2i{@&z-Z=jK2*\0Z=qkqT{\Z\0NSl5\0ZuT<(P<=E@+q`P\0>1>v-VX{GKg-(P\0\'\'?!\\O3\0NY	1O((gfT\0-4 g\n%[sk$T\0-:tBq*\0Q^x,!lj\nP\0G\rY\rCHW+\0NNe<a(,)E@K:cn~{\'~-]nOm`J}f+6t(pk$T\0-4n`p)n[[\"i%}~\Z\'m@^O=\0M/>5p!oh\0zu#B*\02zW>1xCZ~FdT\0-JjBO1!+7}==\0M-8{>x,g47OjT\0-4J\r\\\Z0-{`0o{SP\0\Zl0-{Kgwr]//jc*\0X\"7H>\ZdVGKae?jc*\0V-7}+c-&o}\0ZiXo{{l{jc*\0Z\'h\rFoa\n2j	gc\0Ez[q\0Zb\'Pe{~T\0-31qOdeHwkEjc*\0`m=Qb0{XmbpX\'mPe@J<=TKv?\0M*0<KKp\0M+0>Aq\Zv^Q{FT\0-4`O(-|k=\0Zi_qvQdAnkzmle@JAq=+N2i`u1;X)|{kkC*\0]f6_zcZ0>T=<T\0-3%.=3h/$	k#*\0JF48{5 )c@{X\0Zwk>a;c\\P\0\ns\rurGJRVgc\\mdRj[F|Ryi\0PQg{oRjeEoP@8Hv<T\0-B3}1ag8]T\0-E\\n!}lJ*\0ytYzvlk,x\0Z Z>9z=?2@(\n~CY?a-1iB(\Z={	dRi%+e^[Yc@Kncz2g!jkB\0M*oWMKdmhRi!G@A+o@l	amXP\0$Lz=hvcV(:y=iwc,O?(k0\0ZkYl0+{FdRiHa,FW16]T\0-5l\'`_O-c_kLvT\0-5\'`W(}hr4-0?\rl%Odt\Z!P\0[?5c\Z/vT\0-4\r<!?G,kT\0-32\"SEE\0ZzM!${UD*\0UY\Zg^\0MO	ka:cL~!a3ci! x&s1\nT@ 8gdu1P\0@|:`}1va1P\0`z0,{l\\|kFg0?!P`@S>504\n=[\0Mk<iRkCi.FRl_U\n\"cXs=\Zt\rT\nT\025oB@SgK\0LAGcTc\"g{t;*\08PQ[?aBib\'coF1P\0l:og/!\Z;*\0!P}-z!\Z\0ZQ Mxd^0=\ZciP~o\\(l^T\0-5.\'YP8\rq\0MO?dwi*\0Oea>	_T\0-505vo-vT\0-5*\0:cZU\\\n8k]}x}-zT\0-5/3Wo@$4	G9\0MgF5$]}|T\0-5+1d;CZv:*\0o5_G+\'K{X=#@@Ylwtk\Z<f\0Mkh}cGT\0-5hl >Or2T\0-5Fv9_vT\0-4;hx9-e@4Ux6pd\0Z~x\'\0TwWImvT\0-4Aptn,\0Zka61;3jvT\0-5I{UC_zki$a0&@$[>4{ \r[#>\Z;h\01\0Zk\Z1!m\0N4^lt;*\0	.Wh;Pw/;*\0>:${0~cP\04`y<}=?$}|cP\0#=Jh\':<@Y`x\n-	Ci;cZ0/-i$/{w1\0MvZuBo*GI_e@JL&\\A1_\0PTk6\'_\n6^s*\0-06S;j*\0-LompctK\0Zk1&M\Z -yl[`>gcP\0aZvC\Z4{>u!:bbg{8abds*\0.|H(h0,H}Eci0<hiQl:*\0V\'=EwO2j<5\nG;!1P\0|=T	v }|c\0Z=J>1T\0-H\Z6@&WFvT\0-5\"|h>6W_s*\0.M${=D7^\0LSoJlR)\\1P\0tc~=#}O1T\0-2]_q\0Jz(\0Zd<:R0@9f;*\0|\n+u	tu\"jB\Z;3AUWc\0Zx@}{\ZW>^B>4.l	9lTtC5T\0-5@Kd\ZYv{*\0 \\|Gl[	he@%{k%\"i#,|G1P\0q^7)*\0.+g@yJ:[b1vT\0-2\\T0;\ZllnE;`+5*\0.4\rHr31P\0:j<@0MS\Z\roQ)T\0-2CupK:`~gMr4*\0(:?j4`p*nzq\0L \rmF\r>lriz=hTCRuG^Kb3}1qv_t9\0PO<:pX Z\n1*\0&YR\Zk79P\0:bWV7^\Zv8>\nI\Zu1O]_wo1DH(k(Y\'\rriKkd\Zv=\ZG2isbVYg-t<{cT\0-5ZX;S?zTkBi$`q	!l}|s*\0LJh4(vr>>;*\0\"DmS0-,QSF4:BigF\nh/e@$g_eV`O4^l|q\0L]40wp+Oi.re@$-_d`MzI(\'1@QP6-!*\0>*%OS	O_vT\02NZB(Vz\n(SPZ(MZt	>=mDT\0PTFA?mh|!*\0	!L5~[#nKhe@U\rS?-bu%ciWH)#a@A$|1s*\0 $5c]W`!-P\0Cev>~v5\0ZjJi_?Y*c\0Zjdt3-{E!9\0LLE;hEi[:~00I\"Rjw\09?}A/<9\0LhoOGe@U\0B},	 =ze@UF2<5C@U_;dGiN[\\T\0-5\\WF|l]\"T(X\0j@}z`YkIHcE@$HCUZpK.D\"C`EgKc\0Zjl&do]q\nG\\\0MW7{%g\r\rv;*\0%M5\r(T*\0$5hh:+XZ/B\\1\0Zj|~[\"E\rNcV\0-5Ny\nvm\\\'B&{g\\-KN,\\cP\0UF|m|5l:zu!X\0{E8t+PP*\0(Gc]O+dNVcT\0-2@G5=e	CJ(PNbPcX\0]R@aB!Z(HFic\Z:\Z\Z:\0MR=ae~g{%SF5(D ,\0MS2pWl(Juk+S!\0MS1a\nl!CL-:*$\0MS1wl$6taMBb6P\0MS00cjygE %DfBv9\0MS0)o^a4\r^ZGPhhPAiCZ17`F_b0$t. *!D\"BBuEXQ\0Zjx}@qdj\nciv@Ox gu-(CSxvT\0-@DS{!!$&hTZVh(CcV\0-ARlY_Kt)UCZ\'Z,^jhqJ7#:Yb0(UM:NVNCPyCi;bngbh\Zt:\rZhu!P\0!xhkhtI0qi>RX.\"BzP:uui !P:::ut:CiF\ZJ(CKuBZ$:!P\0t`:\r2kc$:u	\nCZ>;+\0uz00o	rB%4N(VBu\nt::f8iq^!\"jk55jBBu\0Zj>|.\ZCZ\"\ZuEu~1e`$v@~gVEf9bu4\ZDu/VZ::BY X\0r=jE4+VVVZtu\nhBj	;*$PM:.IB^MZEj&Bo\".\rC,NhC/CTVB:bBf:cj\n`@1B/wkBu\nDEjNMVr:\rze`>6QG*!\ZD-\'V^B::u\nkNA	:\'wJ\'^BZt4\Z:h,TVc;+\0TB^!TEEuCVVHC+NcvT\0-t\":CkEi!uC!u\n8*P UiB\"uPQzjZQ\0Z`htW[BbVCu+V1k\nh5X)G^S@I!*!*#Nzbbbbbu\nPqJnld	Bt!Z::t\r!VCu5	PBN1oAwgV{;\'\\XjbXBrQzj ;*\0urL	|NB*A::zACNZZt:f9EX{<=)Zu/A\\TNVGN:ht:\n*(WB9E@J}Ygq2	-/:jhu455B::u5u*(VZk8Nrt(1>:p(gFh:PI@ht(VVZ::MO?wu`l\'I>NzN::Q^:t:\'\\:b!:ZZ\0ZjQw:0aujjQZT:B\Z\nC^bu!NOrg0/@\r>$-gEjWrG\\U,NM::B:u!\'NMz:i\n1jK\rQZ\\iEVzBQru\\Bt:t:uhu\nCC`?h{U~hU#:XCD:r:B:u5(VNM:VP1vV\0-2SQx\\JVCA.NC!.XQBjjVB:t::nT\0-5Q\'\Z8cKejiSr:B!itBEtt:t:\n:\n:+\0Q q{aFVXz-tZ(^SVBut::j(PXZ:\0Zjo	x\Z)AVpr:NBt:VMB:uVBu\nt:::utt:C+\0Lj)qT*!gU$(V!)U$\'PD)PNO}(PZCX@`|x\0ZjZ1G|\ZGsD%DT:\rBv~+HXb:Z\n,NC*,C(C [=]WAXUV!\\MC*!(PV:D:BBbBit:it:]ihCdXX	D_:,APB^bt#CN:Q/CPQBQ:	NSVNZ@*\0<{B@!M:C;PD!:Bu2j:ht::z	CCX?htt:CCih0>8=@KE\nNv)PVC,^P	.CVBCSCCP\'VPBNB	-Puju!:\0ZjU ??q\"uP8Ej+^M:$,AZ\"u!\\bt!t:~:BBZ@A;*\0!Wa0c\nUXD,ACPZX&*.\\CCSP^z:BB:BuN:Ce`Ty^c!ZY\'P:tIZCCN::u\n!\'PC!u	XB~X\0Do\r\"bV\'W!ZrCCCu	\nj,Z:t:Z:btu\n4!uu!\'P:t:t:ttsH1>\'Z=S@JD!!+CGN\\PXEO\'NZQzQrCCPb:8PBtujVcX\0\0\r&+zaUEEt\Zh5!\'Cb\nuji\'CPMZu	CC?\n+CN\\N})h_YrCX^:!bbC\'Xu\n\"$!S^ZB:uPP_DtC\\N1NQ(X~Xauh#Cu(ej!(^Vrt:u\njN:ujj\\C\\:itMZ\n_+SA$t::ED:::N:t:i(Pzt::\'X:ZC(B\\CCC!iB	-\rrvr3\n\n!,XC+C!YN::5	\nXBt:NCNNZ:NZVCPr8Q;+\08W4qMbu_k(ACVD!t:B:`Bui^BtiCC)t:N>:Z,C\'\\x|vT\0-0lV%/\\5aW\\ui/VZ:!b:BuNNQ:CsV::5i*,NCCPNCzZt:r\nCCC8@Tk=UNh!$,CHHCT+NZ:^CNrj\'P:CXrB::bt:(P MI#Q\n,W#G*uE\ncj!4ut:u\'nt:hz:/CVN:tht:uhuhu	!t:tt:bui)P\0Xjji1C!NXBBB\rBt:bjvXNZ::CPCC\\u4tut:u\nqD3^*!sHzW+PVU!(PCVb:PZ::u\n+CV:u(C\'PXNZt::t:NZt:ZV>:p\0ZipUDP\'xUb!:zBk^Vr\ra(C(NNVNZt:t::uht:BBr::Nt::u|t:Bt:c+\0 EEiEi\n.U(AC(NX:Zuuk*(CSNB $#\\b	\'NBBuhuuiC?k(N:t:t:x:+\0R@N:9z:uEvt:j4::zMb!BB:ttu!(1t:tPPBt+VN::MB::b	+Nt:t:Z>u1e@2FkUu\r(POCT@)VBiuzC	P:ui(Nb::Gh}CCt::bBc+CcRj\n D:!jNjQPjCVrNXCCCWt::~!jit:CC\\Z:Bt:Ctu\n!t(X\0	,Z j:OQB!PjB:uCC*W?SNPCNVr::z:BVCN:NCNCCxxs\0RU\"jk(Qb\n!utu4:BhCV^=CVBMB:B:(but:CCCt\'NC7e`4CN+E\nGP::PHPPbuutuDC!)NMNBBt>:uhtN:i\'C\'XCPCCNCtciFT:BJ\n4::uV>t::5uQE	\\Z:\nt::B::t::But:t(OCt::(CN:+\0*t4PSVZBkkjt\Zu::rzu!!,CCC_Ebu5\'NVVBb:t:VrBxut:t(\n<<9\0IMjZ!M::tttMB	,Cu+VSPC\\QCNbu(CP@;VP:Z!NBB:r:!Zz:t:C!ut:::xxx\0ZaJ(/Z-VB:5\n)(CPbBui.VOZ\\B	u5tN?t>:ut:t:tt:CC(Pu|ut!Cp\\\0ZcI5RNV\n\'PNVXQBjj*,VB:Biut:t:Bt:uD:NBuk,Z:t::ux:B:NBNMCC(8:t=t::t:X!\0Zvb5ku\nut:tBzuEt:D::MzBVrzr:B:PC\'CPBt:u	,\\PBZBBC/Ct:PB:NL-\\B:RBN)GCN!B\rB\Zi5Hu\n!CNCCCCNCCCVBttuj)CCt:CC+CCPXVZ8+\0	:+NUhhtB+GC(AC\\M::r:t:uhuuj+NBtVCY:CNzNC\\:~t:CX\0C\\XMM:EkEiu\nCXb\ZVZu/D+PNB:Zr:BVNPVC\'NNZQBjVCCCPbttu	!!u\'Qtt:t?88X\0M	$%\nuZ(U#(SG^B\n.^PBui\"\n!t:B\\B|t:	CNCt:NNCPZttt:Zr:t:t:WCNC~PCP)X\0(Q+P(P#kt::TNZt:::Z:BkD:u4:tVNNP:u	!Nb:t:ut:::t:CCO:t\'X:ui1tucX\0BNbtu)GPXb::t:uk!(CCXrBk!Btt::u(VC\'PXb:t:ukk,Ct:ZutNC\'PC\0ZB]rTC/GNZ+^rB(Ci!CC\\rt:t:B+GPb:C(\\Bt:btt:	XCCCNC~u	+VXNbCuht}PCPv<8`+U.Ak$\'PXCj,D$!uEtuiiC	:t::t:uTCutC/C:uCt:t:t:|uuNVNCC\'N::g!(Iu^b0\\XQQriC(GXC!N\\B!CPU\'CNWBt:t:t:Mbtt:P:uhtMr::ZCC!C}!t:upqH)\"5h !jI::B\rC^Zu	^::NbB	\'PVNB:tGC:t:C|tt:t:CCPC\\ttt::tt:@cX\0AV!EkTZhr(SC!Prt:u	\nCP:4:(C+CN:B:b:t:::::u5CPPMt:tt:CNCNbCut::t8VCN::tt:?|t:C||tp xx\0ZT\\UJGXb::VCPPTGXCPZht:\ntPbZ\rQr:i(W::B::r\n(P:t:CCNxB|u\nt|tXWNPNNNCNV(J!HChuui:u4:(NZ!MC\\GCPVCXNBuk(XPZjt::>::BBt:B:C^VBt:t:Ct<:t:uuj\'CF:::t?	1t>t:PqGcf$kt\ZT:E5Dht(CCPTN:t::M:BZk+CPZ*|Bt:>u	C+NNCt:u\nCu^Cuu\nCCOBB|uxt~nOC8CR!	SA\'TNBz\"!:BMBu(CNzEtCCPb::j8CPZC\\PB::BEP^Ct>uiCZt>CNCPZ~:C!C\0Yu!E4:!!)CPSSXTSPZ!b:u	NT\\hPBBuEiht\'QZ:::uiNOzui~t::NVN\\::NCCcCtt|t?t:A:0b@IM	*!uj\nA^CPPCC\\QQZ\n\\zuhut:ut:NC!\'PN:t:BVZht:ttu|7CCNNZ:t:~\'NB:>:CNC?tt::tt>:CCX@Jjh:\\D(Vb!CXD)$(PCCCCCPb\\B:bt:CCC::Bt::NCNY:!7NCNNNNt>:?NM:t:B:<tCt8Op\\t:9*!-Rt\ZXz\nCX\\Bh4::NBu4tu+PCCNtu(NZ:ZB:u	Pt:|ut:NNPBuuttu	CCC!!t:f>Pt::t>:ONZt<8AfM%\"U4BMz.QZ\rB!:jt:zBQ:huukV:u!Nz:\nhtt:	!t::::hut=t\\CN:|ttt:::CPCX:}ott||t<t?}CC8\"fBI\"h\\PZ\r!Z::BZ:bZ^CZGCCCNbt:\nkt:::huuj;CPCNXtt+PC!YM::tN:ucSPC::PZu	NCCC<p\\t9:E)D!Hztt:bBR\nj/VrbEut:j!!!(XBt(CC!ZtNCQ!C}CNC:B~!t:|ujZ\'WN<:<>~t:NNCCC;\"fX@!\nuhtu\n)TC!\nju!CC(CCZBt:t:PZ)C\\::C+C!N:uD:u\n.N:itNCtu}tWCC|t:	t:C8X\0\")Jjjj\'XTD(XXb:jXC\n7TNC*+Z(PZ:ut\nxB?t:b:>!tuht:B:Zu	]Bt:BOC:C!!rBVC!!ct81X\0 !h\Z:NCk\n+N!!CC^PCCPz(^NB:::uCPD*,PNNPB:Z+XbButt:ru	|tt:t|u{|t;ui~!CCCCY:|t(CNVOCCNCu(CCp:D\r\r**+P!::jj(CN\"!NVb(NC+NNNNNZVQuuCCNBuht:SCNC\\:::N:|t:::::>cNCNVYNCsCx\0Yk5EEhjTNBt\ZrVzZiJu\nCPB!e\nj!!VXCN^t:VPB:^CC!!t:Zz>:uui!+CN	(OW:uu	t!!t?m\'=t>:t:;+\0bXBBJht\ZD<tt:hu+Pb:jCNCt:tu4t?,CZM:uD:t:uit:PNbtt<NC\\PCt;tNCCCC::uht>:~t:t\'CPCCCt:Ct|}CqV\0-	hTTTGXI!\njh1BE55uuujh5u\nC\\Z\rb:ht:}!NB\\ZuF\n!t:Zt:B:u5tt:Zt:t:ztuNV>:::>:CnCC!t:ttt:CcC>:Axxs+\0uEEkT^b:u\n)/\\MBt:htC!(C:CPP:Bt:!Nt>:BCu\nhut:u	(OCt:t:::u!tCCt!t|u}NCCt}NCN:uu 8Z\nK\n\\.D XZuACj(Nr::u!P:iN:tuN\\NPztt:::ZBu\nC^CNt:PZtuht:::||t\'QCPCCNN:CCt:~t9v:<CvV\0,u\Z\rz!5jVMbBZZB:u$!t(\\C|t:r	t:t:uctVbZuht:>tt:u\nt.CttppBCCCt>=t:u	!CCt:t>:t:PC|t::COCpV\0-\0\r utBNBtBXB:u+NBEEPVB:>:tCPCC\\r:Bt:ut:t:Z:B:CC,\\CCP:ht:CN::PONCPBNPCt:t:::iC:CCt:Cu|t:t:CX\0M-%5PV!%jPTNANPXC tuiCCNbukCV::ruuhut!uut::NBPCOZrt:CCt:tCCQt:t!PVO	t7XPB=NQCt:CCCt:CC`vV\0-Z(^D +C^V\\CNU/CCCCCN::!r\'CC:u\'PXN\\CNVB:t:uht:_Eut>t:t:Ztt::rQ:utt:t:>:C:yxtt:|u4?tttt::t:t|tt::QCt8qe`+P\\I!CCChuu$!CC.CSX:u\n\'VBr::Z:uiNZ::NZb:uutt::Bktt:u	\'Ct:Z:t:u|tt:t>ut:>?uB:t::y!t>:Ct::Ct<:::P>8`Z*kUR!:Bu\nC+ru\nCG^::!CC!!NCCtt:PPCtt:t!tut:tt::	!t>yC\\:CPPbt:t>:BBtuuuxt::CCCt:CCt<>:PC@V\0-\Z\r/Z-	SC\"!t:bXC!XPCVQ!:Z:u\nttNNCCut:!!,Nuht:PWrZ|!C1>tP:NCt::utt:NCNcCt:Ct:t:XCu|t:>:C~v:Z )X\0Q\r h\'^\'Vz:B&VPNASD!)CCHCCCN\\:Zt:k\'VbBi!!\'N:::bP:t:hutt::BDZ!NNBuht::BPVC:Zt:CCCCt:;Cttt:t:Ctt::Cy|x\0Y}(\\A!zMZrkCJtMQV:ttt:C!(CZuuht:CNttt:iVCtpCCt:CQC:>t:t:CVC/CC\'PCNCt:C|t:>:QCq\nr$NhC+\\BBB:Zt:::::MB+C!~\'XP:t:TV:t:tt?:tu?!PNNVC!tttutt::CZ?t:(VNCN:x~tuu	CCt:tut:|t:t:|t>:Ct:t:CCCCt:F::C!`;+\0UhP\"CNBi $ujuu*!/VZrttt:::Zt::u4t+NZht\'CN:ukuvC\'CCT^:N^t:u;CCO:?P:ttCPCCCNC!xt:CCt:Ct:t:Ct:t:cX\0 MM:itAt:Q$Z#VXB\r:\'CGXBXz:PNXB:!!PPP]CC/NPCtt}|t:Z|t:u	|t:Nt:?NCCPCCtt:t:t:t>:Zt:tuu	t:C}t:C|v:C\0\"+GZ (JtHNCGNBu!!(SCuEit:!!t:httC.\\>VPb!u	\\BCCt:F:>::t::t?CCV:Ntt:<:Vt<::ut:CtCC;t:BCt:Cv>t::b>:CvV\0,(mZ4V\\uD:QMBZj::ut!+CC^Brt:C:::b_CC\'CCNCN:<:t:ut::t:::t?C(VCPPCCV^:\nNNCt:NCt:CCt:Cu}x|t83t\'SJ/VbN:u\"bBiu-Pu\n,HCP:!NBbBN::!b::::btCn:xt::but::t:|t:t:C!\'CCNO::NZ:COBZ:t(CCCNoNCtt>xt:CC!t>8QxxvV\0,hQB:Zt:ki:uPNVQBbut:\Z+NB:uht\'CXCtV:BCXPCV:t!!CCVCu\n!h~|t:>:NZt>::t<:t:u{7CCCCNCCCXCtt:CCt:::O08.V\0,4\'XZuhIbZBu5\nkNBb\\:Bt:\n(Cuht:^N:>:_t:uu	~t:t>::t:b:t:t:t:Zut:t:utt:::tt:NCN~zt::t::t:uui8Ct<:QVCt:CCCQ(!d.V\Z!\'BNBBX:uuB:ZujVNCP\\Zu\nu\nt:ut:+VVNCt:\'P:Z::t::P>t:Xbsht:Bt:tu!t>yt>:t:tCu	Cttt:t>:t:^:CCCOCCP:::NC(CCCCq	JC		Qb!MzMTz:!ztuMCCVb4}\nPN:!|,NTCSCCC\\NCPBNX:C!\'NB:t:::ACCC^V:::t::xtt::CCPNCNNCCCCt>:NC|t>:Ctt;Ct:cdBhFXZ:\\PjBuht \'CNZB+X::tt:t:uPb::\nQ::VCu\n\'t:u\n|t<>tt:F:D>:|uj!C(NCCYbNPZP::}CNCC:t:tCt>:ttxtt:1ux7OC`nb:B55#CPX^C+VC:tut:4::t\nCP:t:t:B,^XB:\'CfPBt\\:tNX\'PXN:u1u	tt>>u!tcC|t:zBNCPBNC!Ctt>>t:C_NCOD:\n7Ct:N1+\0pHk$)B\ZC\Z:u$(CNXSVNMB#4uuut:b:|!NPNCCCX:C:btuiOtv:PBt>:t<:tt:t:t:CV:tt:t>:PV:Bt|t(Cxt:>>::t>:tt>><:::CCCC!t;+\0I\nHJujt:\njt:Bu\\BRC^^:jujNC!XCNXNCui1huYuui!PO::Bt:ut:Q:CPXP::O:~7CPC_NCBCC\'cNNVCPPOCCC|t>?~t>::NCWcX\0ATX:u4:ujkH^Zu5D:(N!PXzZ \'H^b(NGPCY!f::>:CCOhttN\\t:uj~.PX:B:t:ctt:But:>:}|t:ut>:t::FC!t:t:ZCCCt>:t:t:t::C!~xt?>:080V\0,GJht1B\rb)CuiuiuDu\n/V:i*#V::	\'N:tN::t:Nb:tCC+CQCC\'PNCPCt|t|t:|>:ut>u}u!xt:t>t:t>u1t:ht:NCCNCNCt:C~CC|t<:C|t:Cx||xtt<cs+\0s\Zb\rz	ht5t:bt:rt:B\n(TVCCP:\nN~!VBNNQ:ut:Z#CCQ:t:t:B:ui\'CP::u>tt:C(PCPt>:Bt\':tCCuuxOCxt:t:t:t\'NC:BPCCt:NCC|}t:Ctt:CqvV\0&\nj\'ANSZ+Nrrrt::Z::!(^:\nt)C!O:tNBt:CCXNZ:Ct:u4:::Bt:uE	VNC\'Nt:uu	CCtuhuh|t::D!t>C!\'CVCNN:ZB:t:CCt>>:t:t::t<>:VCCCt::NO:>:}Ct:Nx\0MII\'Vz:\'^Z*/HPBt:uubV:,PB:t:B:ZZu\n!^CNt:M:tt::xtt:BC}!cCQ?hut=CCCt:t:CCC|t>|t:!t:BQCQCt:tt:NC|t:Cc||t>:>t:}|t:n8V\0&bVVNz!M!zz:j(CCTNBXb:u\nVZb:r:NBuC?u	tuu\n!/NNX::ZC:t:t:Bhut:~CVCNXCNPGxtCcVCt:bNCN:B:WN:Btt::CCC||t:::CCt>uyxt:>?t>:><:c7\n+PZ.PAVB4,Pz\'PCPZ::b!BC\'C\\:t::::ztCVCQCNPgk!t:utB(OC,CCN>>:CC!t:ht::|z+CcNBBuut:~t>::Ctv:PCt<:YCt:t:CPCC!7U.Pji(I,X^QBZzrB!NZ\r:CCCCt:ZEhu\'Ct::\'\\Vbt::1PiNC~uht:ZB}t:NO:PPNCN:CPD:uhtt>|t:NCVz\'Ct::zt:|xt::BOBCt::<:xtt:<::c\r\nT6QbtB5:MzZ::4u/PN:u\nN:buD:t:utt!+CC::F:::B::t:!::|tu|!\'CCuiCCCCOV::t::::CcCCt>t<:NNOCtuNC|xt:Z:CCt::CCCt<tt:t:|xxt::CCt:8\0Mu^Z\nP)PP\\hCVz5i!.NVNC!!X:bt!\'CSC:ZutuPZt>:uXC\'NVWQt:?htCV:t:|t::::uQ:}t:::>:!!t>t:PC\'nCCt:tyt:tt::CNCCC\'<t<<?|sp:e`U41Z1VQB:UhtGCQ\n(AC(CCZCVPzB:Z!huCN:!\'CVz::tt:u\'C!;T:uiu\nt:t?~CP:t::1X:t::B:Bb?t::F:iW:||tt:F:t:t:Ctt:C|xt:t:Cv:COC1}`GBJh!b\ZASPPE!Dt:R::\\b)ZTCCC\'NV:t:BtutC!.NBhtt::b:|t:]u\nt:uj\'CCC!!Z;b>:|}+NCCCt>::QB|}t:tt:t:u	t:<?uht>>:B:Ct?::Ct>:Ctt:Zt:cCxt:C\Z2nQ.CI	!CCZ!U+CCCCN:u	,SPC(\\B:	:u4:u(N:b:t(Nrt\':t:t::tutPD:::V>uhuhui\'C:t:Ct:|t:to^CCCuC\'Cy!t!C}OXCC!C.CCt:CCNCt|t>:CCut::C	jtBJh\rQ:Z\Z^CT\'PPB:5uVHXwht:X::uhuPBit:uCN:t!VOuitOCCVCCNOZBZjuj;NC::CNNQb:t::\'CCCu4:t:t:Cttt:BCt:t>:OC|t:tt:PCtt:Cnj:SN+Pz:Qbh4\":NNBNhP@Pht:VSPCuhu4:btt!t:Bi!\'PV:t::::bt:!PZB:t:t>P:b:t:ZNCCCPZ:f::Bt?tt8QF?ttPCC^C!CCtt:C7:PCCt:Ct8hCX\0MAJ#ukTTVb!QB^XPbt:(U\'SPCjtCNPNCN:B:+XNN:u.N=CCCuht:t:::CQujPNGj!CC:B|||tt!C:rCOC|}O>:>t=u!t:CCNPCt:NCt:t>::C~7NCc<:C`!	Bt1M:i!V:ujjuRMbNMB\nGPCuD,Xbt:utPVXC!X\\z:t::b:}t::jt:u\ntt:t:uD:ht:8C::N:>CXC!\'C!C(C:CNN:Ctt::u\'ONO}NCt:t:Cuxtvt:C|tt:t<:;CCCCt>>t>:P.;cn$TV P:jPV!:HNNbt/SC+:BMZ:\rzBt\'P:t^:u	7Ct:QPHNCQ\\ZCC\'CCC|NB?uE\nt::u	|t?t>:}(VPC+NCCNQCtt::>s:CC>:CC!u|}tt:F::t:ttu!t:C}t::=t:PC2c`\ZJA:0PMrNTVbt:+NNrtNZuuu!\'ND\'CPBb(PBt:t!!CVTC\'^:\\N:t:Prtt:tcCuu	!C\'O	:t:t:t:||t:P::t:C|t>:t:F>t::Cv::::t:CCt:Ctt>>:t:CC\'Ctxt|xt:B:ct<:C|pB\\oE5RN\'P!(\\:\rP\'C^:\Z)\\BTSXBPCNZ:\'NNZ:Ct:t:CNC!xCt:8YB:::t?	PQ>:17N!t>:tuBCCt:Zit>:CCNCt:Cxt|t>:NNCCu|ut:q|t:t=CHU\"j jt:tCNB!zuV^rt!uj!CNBj\'N:t:uu4\'CCD!\\C!PVBt:Z}\'utCC!t:t:ruht>:NXBbZPCC!F}1cCt:t:t:|uj\'CPCNCCVNCOCPCCt:NC|t:x|t:CCBCC|t:>t:OCt::|~PCuypE`.U.N\'GNZZ:+D$\"b!+C!t:5\nk(CCPVZZzt!XNCNB:::tt:|uj!C,NPN:BDt\'VP:tt:>::P:t:<::ut:tt?tt!t:B::Ct|t::t:CN:C:>t:CCCt::t>Ct:|~t::|t>t:|t:;GCp>89X\0jTHEi\ZV!Bj.Prb:j$!!\\PZ#bMrjuE!VC/NN:	VCNPBt:u	!t::tVbut::iQNZt::tut8VC+CNOt:F:>:t:t:t:t:rCcC\'^::|t:CCCCNB}NNCNPCCCt:Ct;tt::;t::t:c~qsmZuDuE-PPCCNBCVzXBNr5jCCCPBjSCXCVrB:tBb	NZE4t:Zru!t::>>tuNNCBut:t?ituhux!CQPPCt:CCC|t>7V:CCCCCNC1t:x}tXNC!t>>:Cxt:Ct9C8c`*TIBuV::4Xu\nN^B:54:ujj.CPZ:uC\\XCPQ:tuhut:BPCCNCuht::t+C!NNru	\'CPCNQuiuhux!nPCCC:Btt:NPCct<>::>>:Z:CCVCtt<:|t::t:CCC!N|tv>:CvtCt9Cp08X\0j]:EhHMzu\ZD:jC\'PPN\\BX:u\n1PXbu	juk!,XVSSZB:ut::tuNCNBt:>:u\ncCc:tNCNC\'O:F:Z::uPNCNNBC!CNPNCt:t:NG}N:C!trt:BN:CsC|uxvts>:xxt>>:u\n1t:Cc:CCt:2x\0W\Z:]MhbuEr:!PB,C\\M:BMb\nt::t:t:Z:(VNB	P:ti!\'C\'N:BC!CCCt:!NOt1Ct::t>t::\n8CNQtt:upCt:t:|}CC}t>::Z:C!1tt:>:Ctt|t:|yt<:W:>:|xt:t>::t<t>:CC>9t.z:t(:thZuD(HD/C!)4(E,^BuVB:\nhu\nPB::Btt:QButt:u\nCCVhuit:Bt!,OCCCPNN::CCCCCCC>::NONCCCt!CCBPCB>:t:t:CNCt:Ct>:Cttt:C!tt:ct:t:cxt9s4\Z:5jh(\\CPCXCCVBPXbC)ZBGX:X:tt\'C\\rtt:t}VCCt,NwjXNN:tu(QCCCtBut::>:>:t:ttXr::t::t:NCWF:CCNQt::t:t:	Ct<:F<:Ct>:t:QZC|t:O:CCxt:NNNCt:CPct|t:cxt;c^jiiMQjPbZ:h5*IZuuu\n^bBb:#:b:u\n!!SPTCNCCNPH\\Wu\'P:B(N:CCtt:uxt:t:t:Zhu	!t!tt:tC|tt:CQCt:CCCt:t:ZCNCCNCttt::t::Bt:BCt:::Ctt<:C||t:|tt<:|t>;pCvV\02	#\rMQ\'Z\'T^A,TPM:rht:!Bz!ZBt\Z:!:BuiPB:t\ZB:t:1 t>?\nuC\'CC^CN:n:|t::t:Ni\'NCt:!c?t::t:>C!PNB|t;:ttt:N:Z>Ct:OCCPCNCt:t:t<:ctt>:Z|t:Cv<:C|qt<tCt<:C1pl+\0\ZzuZ\n\\A.PNC!DT:Cuu\n!PrVZ\nPNC/NZrt:t::NbCSPB>:tt?iV:t1NNz\'V\'Cuun!:>::::uut>:^:>:t:u	(CCPNPCCCCNVCCt:CNC:>t:cCt:t:v:CC!Cv>xt8cX\0uUZ*)E\njt:5EVTCC!C^CSPz:!#PHVCV\\Buht:t:kSCD(P:NN:CPCNCCPP~!BCCNCCt:Z^t:>:u(C^CNCPCt:t:|t::>t:Cxut>:B<OCCt:t:Ct:Ct:F:NCCCt:CCPCtcCP:CCt9cJhbHhQB+\\N:jhu	j\n!N\'CCPXA,N:	.CPZv:t::ruuht:t:t:t:t\Z\'NCNVB:8}NZ\nN^V_\nuht?NQC\'NCCxuiCCbtCCCC\'C\\B::>:t!Ct:Ct>:CCt:Ct:Ctt>>:Z}t:CD:Nct<<;c:t:sCP|x\0d)-UEj/HBt:4u\nhuj(CPb:u	!\'GPBt:t:uuk!!XCNB:t:t:\\:CCCCNrt::t:uk|t:GhuBt:v:::=jcWPCNCC>:}}t::buttNCC1}t:tt<:CCt:Ctut::CN:C\'CCCtt:CCF>zs~t>:C@!X\0Il,Zi	h4::t!KXSI(PBzukCCt)u.CX:4tXCC::CC|CCCNMV:<!pCX:CCCPCN~:tNPBPNC\r!Wt!|t?P::C|t:Ct:CCt>:Cu!t>:Z:BC\'CCC!t:x|t>:cq:X\0\"(V(Pb#XPGC\'E+Ph:\ZQB:)^:D:t::t:A(PXN:u|ut:t:tuPrt:iCVCCBu!t?tt(PNb:b|t:~VCCPCCrBt:tt>:CND::t!|rNZt>t:PNCt:Ct:Ct:OC||||tt:B}CB<;CCBC|t>tt:><:sCq2*\rb\rE\rzX+PU\"C\'SVZ:CCtPBuut:i+PPZt:z(D\'CPghtu\nNNNNCVBVrr~\'NB|t:P]Bzt:\nt:	Ct:ttt:>?htt|tuC!CnCCPCt::CC}cCCt::Ct:CNCt>:t:<?	Pt><::Q:CCt;C(qC`$Z\Zzj+PzbbV\\zQ+VCXZ:ht:D\'SPPbi^CSXCPr}!ttu	uht::xuut:tOt:~t:t::t:Bt:|t:hu|tu}VCt::\\Xt:ut:=t:t:uhut:Cu	t:CCCt:Cxt>:Ct::ONC|t::OC:Ct<:Ct:xrC4t:irVT\\JZ hu5t:u(PXCCVTXPb::\n+X:t:ij.PPCNZZt::jPZbuu!t:)Cuhuhuu\nt::B:Ct(:B:>:CCCPOB:||t?i!cPV}:Z:8Ct:NPC!xt:CCuh|t:|ttt:|t:NCnC!t>?t:1|tt|t:tv:!p>:+\0u4Ut:DEZQb\nu\n!\\PBj(CVZ.CPCNCCuprCCt:t::ui!.Pb:}tt::^t:}uBNN:bt|\':tC:BCcCt::t:^:PCt>:Ct:t<:t:CCCt|t:Ct:t<:Ct|{CCt::CQt::c:tt>:884C`eji\"\njj**+NbtMrXZhhtuEj,GGPzBt::rt:Bttjuhu4!\'NAPCN:t::tut:NNCCN^N::tu\nCCCC:CCQNBt:f::B>:NNNCNNC7CCt:NNt:NCt::Ct::PCt:>:OCCC||||t=t::yt:CCr<>:v><;t:t9%4\rzP$NH\\^^CN:r:j+CXXC,NbQBZbPPC(PQBEDt:::u	uhtut+CCCC+PQBu\nuicN:t:BBt|t:uj\\::t1\'PCPQ:t:t::::C!t!cttt:ut:vt|tut:vt:Ct:NCO:CNc|t:NN?ttt:CCt::CC|t?t:}Ct:t~x}x}Crn\Z!e`iZU@T:u\ZbX:5t]GVMCCCCC#(PNZt:CVZ4:Pbu4:G!CNCXNt>:NNBt\'CCCt:Z:CQ>:uutt::Ftt:\n!NCPCCPCt:Ct:>:Nt:WNCCCt>|t:::C}1t:Ct><:>:NCt:tt;9CCCt>:c|p.8\0vhPQQzPQB,APZSVCuht:\Z:MMPZPVC^Q!Ct:B:ut::TCPuPXPNN:	N:Zt:\nhtCC:t>:u\nxu!CNCP:t:>!NCt:C}x|tt:|t:|t:CCcx|t;t<:CC1t>:t>><:C|t:Ct:Nct:;<>:CCCv>;pE`X5j\'HSNMQh\\ruht1BkxkCVz:Bi!tt:u\n#!i,OZht::PGujCN:BukNNNBt:b::t1:Bt:t:Cc:t:\'C:t<t:r:<:}t:::t:C}Ct:NOC}XCtttt:C:CCYNCt:Ct:F:;cCs>:1|p8X\04BuZjTIBuuuk\n:Bu,\\^C^MQCPXBttt?(Ct!C:rut:tNbBttt:Ott::PNBBrO:F:utNPZ:t:F:t(NCC|ut:t:tPNCPC!ut<::t:cOCO:C|ut:Ozyxt:CyC7CC|x||t<>:cv8`pV\0;B\nF.TTV*T.D+Chu\'PTCPNCNSC/C,C^PCP:\n!!VN?t:N:tuhN^ZCXBNZu\n!CutNNBBf::F:CN:Ctt:F:>::t::?t<<>::bNNVC7Cux1C|tt:>::x|t|t}|uz1t;CCC|ut:v:CCoC\'C|~\'ct;CP<V\0)iBB!	 kUN:!B!C\\(CXCSP!:XCNQ::!B:t|ujt=hutSXM:htt:ZuCN:t:\'PNtt>:u	(N:uht!1!t:	t::t:xutCCt<::::f:Z|zyCCt:ttt:>::OCt!NPCt:qPcCCyxt||v:CCCv:2cV\0!iUB\'NVNbtu\nh!uuuT:t:,N:t:b:C(C^G\\C\\XP\\NB:t::ZBNB:::z|tVN:u\nCNCC!1t:t:t::::N:cV:X:CNCCC!vCt:::t:C|v|t:t;||t><::D>:PCt|t:::>:<>?t:1v:>:t:Ct:c|t:t>:|t;	\":!b\rhP:&Z\r.Z,D+A#\\\\CNZC/\\MBZB::NB!/P:t:bVXrNN:ujnO\\BZu\nCCut::t::t:~t>:CCCcPt:~|t=t<:t::Ctt:PC1tt:t:NCt:t=xt:F7CC||t<:|xtttv>:9:Zz1t>}C}||t8WC>:1`x\0v\\-	CVZQ:::C,Z\'Z.HNB\nXb::t::ut:u	t:\'PNZujCnZt:t:\'CCht{.\\CCt:ZCtCNNCQCC\'CQFt:C~;CCPC,PCQCPCCCCC!}t:C!|xt>:~1CC:t:t:s|t<:Cxxt=t::CCv;CCttt<><|v:N1\ZCt<V\0;*-Ruk,PBBk$#jt:bt:,PCPPXPPNCC^C(PZz:u	uhuCZt:Bt>u!V\\:B::C!CCN:t?ht:yut>:Z:}!t:t:t:Ft:t:CCOCCCxt:NCCC:Ctt>:CnF:Cut>t:CCCtt>91t:c>>:t;c1zv9ct8f!Z:$.VX^bj*Z5jht:(^D#GNB::ut:ht:BjCuu\n}uu\nC!!\'\\XXCVr:::uu	CP:ht>:BN:QCCCPC:t:ut:~7C!|t:tttt>t|vCC!NCCCVC>:F<t>:O:><>::}Cuttt:ut:vxt:CnCt:yxt;Cqi	bBQbBt:tC\'V::hjCCPBVCCCPBi*(NPBuPNB?Ehutut::|t::B:::>t:t:t{\'PNX>:::Bt:tt:t>:||t:B:t?ht:tt=t:C\'Ct:ut}|t:q:NC!ty|tC|v<(CCt<:yu1xt::COCC|xt|v>><:t:CC|sC>?xt<:<:c||xpie`TTTHGGP!Z/TTPb!b5i:ZBD:C)PB::\\rt:iVB\n(N::C\'Nt:PbtuuhuutF!u!t::bNNZt>::t|t:tC::t+CNCCXCOZF::BuhuxnCCt|tt>(Q:tx~yu	xv:|tt<<9cct<:C:xtt<:v>:ct:cC>>>v;;Ib\nu4:zZBtar:u\'NMrb:5:NSHACV^NztB(Cu!VM:uP_\n?P:BBBVXCuhuu~!t:\'CPPCt:Bt:Zt:r::t::ht:}CpB\'OCN?{t:t:?juut:Fv::::t:O;;:C!<>:CCCNNCutxt:CNNCCCCNCt;ct:!v9\'\rQ\0FHC*,CCCCP:^PHCNb:t:butC,PzF:u+CD+P::\n\'NXNB:Zuu!uuv!(XCn:BZPrrvx|t:7cC!CO:7ct:CCutt9xt:yt;wCtt=	CC:CC~1|w|v;CCt>:Cv<:C:C>:Vct:Ct:cs1<:QV\0#.7Ct:;CCuCC:t:CGCCVUjt:MC\'Cu\n(NC+XBuht::t:!VbCCNN::::S:uQP::B!t>:\"!CCQ:||uct!NCV:CI(PCPBZ\rB:ut:t:>9NCy<>9 |t<:c9C; >: 1:Cc:x|yr\rQ+\0\Zqv;|t:cp xt8>9CnCt:Ct<:c9Cywht=	!tt:C7Ct:nC9v:1|t<>:c:CCCt>::NQtt:Ct:cCt:1|t<:C:!cAsct9C}t:1!8ct>>>:qCqC|pt9!t:!t<;ct<:C|t\0d5Z4t:CCCt:>:CNC|t|t>:::C82q\ra$cpQc8(cGCq9\r0xQ4pj1\\t:x\0UV$rD\rl\"nC^:>tt>::1qxx|t<:t8hCC}|tt::C1|yt>:Bq188qGccpAQst8 pn>;t<9!c9CQp`t:cpg :2XPZuhtu(C+PB:\nPz.VC/CSP:hCN:uhuktuEC!SPz.TPP:::)PVWMrB;CCNSEX:tu!$)C.::ut:B::t:t:Mtt>:>?t:CNNPCt:C:tt:ct9C1t>t:t>>>:Ct:t:ct:CCt:Ct><:Ct:NC:c<8622XN\'VD.\\Z/^N!r:uj!Jtui\'NVCPZtt:Z\'\\:t:Zut:P:t\'XB:D:t:NbM::B:BMBBu!u	tt:cZttt:B:Xb:|ut:t>:tt:::tt:Ct:PCCuht:C!|tttu\nt:t::BOttt:CCcC|t>>t:CC|v<>>?x|~x~1w\nt:Cu\n:O!t:cCcCt;CCt:Cv:W>9GP,\\rP:u\"\n(C\'NC^>:Z<u5!\\D\'P:BZ:t:	uht::uuitN:>::O:CNP:NCtC\'NONC:u\rt:t:Ct:uht=yy~C>vt>:CnOCt:C!t>v<>:;OCN<:t<:::t||s:nC|||ts<>t:|v>:x|sCt|t: v:xxt:CcA\Z+\0TC\'VQZQVPZt:QZ:hu4:t:B::\rCNZ:M:uuht:b::~+PB:Z:jVOC!t:tt:t:CCt::t!+V:z\'NNBBt:::Bu.Cct:|t>CN:::xtt:BCC\'NCcCCPrt:::tt::r>::Ct:CNC!Cx||}}tt:CnCt::1ct>>>t}t:|s>:CNCt:Cttxq!x|t:Ocsx\0v*QD!\n!\"burZu	h/\\:ZZSCP:t::b|~VNCNBut:rD:z(CCb|t:t:ut:ut::t>>>:Bhuhxt:B:::N<!\'Oit:|tp:tt}tt:NN>~||t::CoPCt>>::=t;t::NCCPCCx|}t?t<:v:}t:CQoOC!}t::>;ct>>qGCCC9ce`\nD\Z\Zt:B\'U.CS\\:!N:5!C+CNZ	Pz::	GPNP:t:t:\npNC]:::uu!t:t>:butt:t::Z7CVu	t1||}:B::COCC:~CPCCtt>:qCCt>ut9OCC1CCCCC!scC:C|~~!xt<8q(vp`*zt:b:tj VZ.C^:k	+TPP:bZBE\'CP:t:NCC(C!t:u4:uht:!CN>::bt}!t:t:htt>t>:::>:BFttttt:t+B:t>t>:bBt<>t:||xt:t::||t::u~t:|t1!t><:Ct:BBCu|t:7N:|txxx|v:t>|}\'F:<>:tt:t|t<:t|||t::C>:NCe`$+NB	*j4:E5ZE/CCNCP!C!t:u,PZuCNCC!uuC\\C\'CCCcNXN>::::xtu|t:t\'YNCQCNNNnCNCP:NBt::CCt<:u~7C>!t:Ct:>:utt>t:OCCt:t>>>::CCt|t>:O::F>t9F:t:;?t>:C t:v>:>>9Cr:Ct>t>>:|||p \'Pu\\ZbB\r::u\'PXBCNCXPz:btut::t\'C]::t::CCt:uCN:htNBQMZt:ttt\'CCVNCCCC|~t:VCcON9f:t:Ct:Ct:C|trCt:Ct>:t>>>|tt:C|t<;|t!|t:Ct<>:>>C!<<81`|t:\n(C.TPzuhu(D,NBE:5htt:t:!Vbuu\nPB::P:t/CVCN^:u\\!C>t\'NPBuutt:NC\'PB\n8C:t:F:u	ttt:f::::t::xt:Buhtt:t::|t>:Z::C!xt|t||t<:tt::t<>>|t:c!ut}|t>>:Ct:t:Cxt>:c!t>8Ct<<9C\r!V\0+B ZI\\bZTXZbMbt\r::\ZuD:(CNBCCCNCCQZt:uhuuCCCNO::+N>:NCPF:t:t:u\nPt>:>t:t::Z:1CcO:t>:BCCt:t(CcOv:t>:u	yN::::NCCC}C!xxt;:>:>:C~}CC:C}\'Ct;Ct9\rB\\QAD PPMZBt:b:tB:Z:zB.CCXbttU\nu\n!V:Bzu\nNVj1NF:P<N:Z:t::uh|tt:N:tu}+CCCCCCCCCCCuXNC>>;CCt:Ctxv:[CCC:|t>:NC}C\'>:!ct::Bt>:t>t>>>\'CCt<;CX\0QMbtkPPX:BCu4::ukxBNB:VNBBtCNZu\nCXCNb:t!CXM;tt::CCC!n1CCCCCNht:::<t::<:tt:p:>:xt:NB:t:CPCt:CCCOQCtxt<:CQbCCt:t||sxt:CsCc>::pA\0W)TZ\'TVQ!VNB:bkT:\'VVBbNb::uht:t:N:CNCCOV^:B!NC\\VCNCt?ut:BQCN:Z::Bt::t:r:>t::E	<:CNBNXCCCC:t1CPNN:tt9C!t<::Ct::Czt:t::t::O1CCt:OQ:>t::cv|t<:CC;pBoEVzB!C-,NBt:j\'HTNCC.^P:BbV^CC!PXb::tuj!!!t:t:j\'\\?t:ut::ht:}uiu	t\'COCCtt!!NXOCCYZC><:Gtt:f:r<:rCu:t:Cy|t?u	|u	|t:t}|t>:CCxt<><>t:Ctv:Ct?\n1uxt>:!<<t:1n6B:hBh\"5PNbZt:NZ:!|t:xuu!u\n!!N::\Zr!!VZzxtttt:>:t:B:t<::ttt!CCPCCB}CN:bt:C}COCC~t:YNCCCt:NCt!t:xxt<:Ct>:OC1|t:C; V\0-P!M\'^rZ\"::zj!HGNbt:VXXC::uhtCNb!Z	!\'^C!CNCNCt:z:CCCCVPbt>:bt:::Q>tuiP:|tV::CC>:tCCt::B:CCCtt:QCC7CCcNQC!CCC|t::t:::C:}|xt:t>8CCCx\0[P	\"\nt::j:\nE(PC\'XVXCP:Bt:PBtZt::B!tt:but:t:Wt<uu\n8^P::CCut~t:t::t:ZCCZutttt:t::BBt:>:t:<>:t::tt:ZCct}t:v:tt:Cct:CC1|t:BCt;cwq<:Cu1Cx|v:CHpYBrZZ)CPbzukNNZ5(^:u+^:t:Zuu\n}(PGu\n+QN^Y:t:PCPf:b:CNZxuu!Cupt:u	CCtt!}|st>:t:PC!CC|}tt:CCQ:NCt>t::Ct:cCvt:CC	+UA5t:D\Z:EtB5t	\'CPVr:BBBht!CNB+NQPNMZB:t:t:t:t!tuNNz_t:BXCCCCNB:tuht>:CC!t:t:Bt|t>>:CCCCCt<:t::Ct?t>t>Ct<:F?	xuCtt:|t:Cut<9Ctt:+>;e`lM!Z\nNZuht\"MZuht:tt:.XC.NZ#CCNCNGiCGPZ:::ut:P:Nrt:t:::utt:t:tt?u!C!Ght:uPNNVnNbt:Nttt:|t::POCCCyt:OC|u|rCoQ1v:COCCCCt>>>:\0MkD)V\\XCNPHGXZ/GPB	!CZu:F!XCN:BBut:uhtt:ZC!t:u}PCN|t|ttt:zO>>nBt?ht>tt~8PCxt>:tt:<}t:NOt:::vCt:Ctt:CVC\'Cv:Ct:Dt:v:Ct:CG\"6\\NNrt:VXNPHPXC(C!VH\\CCXB;P::;V:t:t:OO:t:rt:t::uCNG:ut:BBt:tnCut::t:||t:|x|tt:ht::t::|t:t:t>t>:}~|y!t:Ct:t}}CC\'C|t>:c~1CCCt>:F>:Ct:1sC7!VP^QPCtDuVz:t:b	HNVXb:t}GPPz:B,C\'PCt:t:tCCt::u	!NPCCNCCCPP:|t:ttN:|ttCONCWCO>:uxt<}t:C>:NCt:t>:t>tt:|xy||v::ccCCWCt>:(V\0&!j5hu/PPzEt:(B:CtutD,SN:t::b:u4::tCPCPbht:t:ujCCCCNNNCCt:Z:t<t:::C<:>::Zt:t:|t:C^pC!t>>CCCCCt>:Bv:<:cC|t;:cx|s0>;B7$*$,VB:Bb!BbZ:S\\B:b(HNrPZEjhtt:tNXOZt:uj!CV:t:huj\'C\"NCtCBt:u<t>:t|t::>C>:t::Ctuto:PZNCCCCt:OC|t::|t>:||t>::C!C|tt:CCt:1sC;+\0pkGGPUD5uu5ut:ZZ!C(VCCPN:\nnB:t\Z:v::B:<:!CnZCCu\nCNbt?ht:NNCnNCtut>::~!!t::QQ:>:ONC!!Ct:C|t<>::C|tt<>:>:?f:Cxt:}xt8gQV\0,hXAC*+CCVC(THNC(XCSCt:t:B:.XZPztt:CCCNB::r::ut:?tuu!t:Ft:B	N:F:t:t::Ct!~t:t:|t:::Bt>:PCt:Ct:CC>>:>:CC!CC|t|ttt>:CNCt<::Cq	,PPB:u,Pz!b\n\"ht\Zt:rut.NZ:tuht:PzN:CCCPPB:|tt~NP::t:::::tt:	!t:CPCCCC!t:C:t>:tt<:NPO;:t:t<:t:F<:Z>::CCctt::CcCct:tt:Cc+\0t]bu!(NVZb\Z:xtuu4:tjVCVZt:juE	tu\n!NVCNNCCCtu\nPPCVpPC>>:::BNCCt:Zt:uht:t:u\n\'CtPQPNCCCC:CCtNCCuht:Ftt:NCCCt:Cu|z1C|v>::C&b4(:BPb\nNMNZBVNBruhu	N\\ZbZ:nPrG1\'PCNCCCPCP:CCr:tt::;P>>::uCt:t:CCC:~!t:PX:PPCCC|t:N|t|t|t=v:Cy|t:NC\'NC||t>:!@><V\0,ji:tu!/CKTt:bhP\\B!\'Y:kVZ:B::	N:rNCuCPP:>::BB:t:t>>>tht!tVCtt:cCt>t:}CCCNCCt!t;t>:|t<><<::>:v:CCNCv:;s|t:C<:CV\0,JHP:ht:ht,NC4:Z5t:XBt:MBujNPCPCVB:Zuhu	M:!N:BCt?u(CCNC>t>:NNC:tt:NBt::Z>|t:CCttt:COQ<ujt::B~t|||t~:!{1}tt:t:NzBuBuRtuk,TCNNb\Zuk$!\'VzBZMz!u5\nN:t:t::::\\	CCCPNPCPwtt:u	!CQ:D:CuxCCCt:;CC1OCrCB>:t>:t:CCx|xxt:ut?tC|x|t:CCt><:<;|sc|x\0YT\'C!	tuEt\ZB:::bB:u	!PBZ:t:t:	\'VZBMB\n]VNN\\z,CN:X:t:CNVBt:bt:Z:u\n\'OCNCC>::xu4|t7\\C1!uh|sCC::t:N:Ctv:Cu>CCt;C+\0QDh4\ZB:BZ:1MZMM:CCPbt:rBCVh:uiCPC.CO>:uht:B:ttt::B:CCCnCCCtt:CCCVNCt\'NC!tCCC!:}CC}t:~xt:Cu\n!t<:VNNC:Cv:C,t;+\0RZ\'PH^^CP(CGCVPCVku\nNZtXBb!Ctt:NVBt:utu	*!\'X:t:B:ht:Bt~t:ut:r:t::OCQ=	t:::PNNNCt>scyt:CC}t>:t:t:pq)X\0LrMBB:!::VBkNVZu(CCXZX::C^CCPZuju5j\'NCt::kN<t:Cc\'CN:uNNCui>:t:ut:<:QQ:>9|v>t}tt:CCt:||t:NC}v|t:\n:\n\"^hu5hGPAVZj.VZj!(VZt:Btt>:t::BCt:t:t::t:t:t::tt::Bzt::Q:Zt::t:PCCc:CPN:CpCC:C!CCPCtt:NCt:OCO}||t:9\'Cxt>>9\0Z+\\BZEhVXB,TPzt\\BPZ:\'CC^CPO:::ht:BCNVPNQutuuit:t:>>::::ut>:Ct:?NCCct:bB|t?|t:NnCt:t:NCt>:t:CCxt:;CNQ+\0bN::\rhbuRNBD:uC\'CS\\PMM:NPPBt:!::ZBu\n\':BBBuut:tu(CVNCCN:t:ZbCC!:BBtt:t:C|t:>:>1tt~1tu||t!CCCCt:CC!CyCCCCh%X!TZGV:u5jt!PCt:Z\ntXZ:jCN:WiBut:CujMBt(CcCNQOu\nt::Bu	+NCt:n:t?uht:tt:}ttt::tt:>:>>ut>:Ct>Ct:>|t:CQX\0\'A\\!zz0VPbzPjZb(CCVCB>u	NCV:tN:BtXPCNCO:z:u\n\'CNNSVCCt:ut:9CCCt:t:Zg|t:u\nt:}t:Ct|xt:|tt:tt::CCcV\0-,VZVQ	\'^SXGPHXbi\'XVN:MZCP::Nr:uj}B::>:jCN:C\'NCu\nCt:M:t!CC!t:C:NP::>:t:<t:{!NOCCOCczNCCsCg!BHbNzBtZB,CNBBB5huPBB:uujCN:B:thu\n+C+CSXCNZt:::}!Ct(CCON:VC!Ot\'CuD:G:tt:CCCNQt:NC:Ct:cc+\0q%4\ZH\\P\'PMBuu^AXzt:)CNCCkpCCCNru\nNVCCNCt:t::	tXP:t:BxtCZt:Ft:B?|t>>:VOCCCz1PCt:CCCt|tt:t8C3GuDBbTt1B\rr\rVb:\n!/VQZ::u	Z\'CPSNPNCCO::uu	\'CO:Ct!t::t:u|t~!C]:u|t:tuj+NCNNt:t:tt:YCC|upt<:t:Bt:CuGt93URrujt:uQz:!(P::r::buuhuD:4::uuk!PC!Nrt:Zt:t:Bht:M?M(XCCWBujt?xt:Bt:|ui1n>:Ct:r:}CCCN>>9BCt:t>>:Ct::tt>t:C<V\0,41BMQBjiEht1bVA+Z!!CCV\\::::BrB:Zu!t:u	!\'N|uNVPCP\\YCt:t:::NcNB:Ct>::CC+NNut>=t:t:Ct:Ct:7cCvV\0,\n]!\nt:h5u\nXHTC\'N\\:ttZZ:uuP^:tCCt:|t:Z:Zt:t1tutt>utt:t:NCX:htuutCNCPCCu(Ct>:CO<:O8V\0,!+A.AC^B:j+^NC\'NNB!2C!t!XzBt:utui!\nuCPBCPCC|tt:::>:t>:QCttt:>:t:t}t!|}tx}t:O:|t><::Ct>=i~1!q`A*+E(@(PCV+NXHTD(TSGZ\\BBXCW\'CN:t:NP:t:t::t>>::t:NCCNCN\\t:>::NNb|}t>:ut:t>:	t::Ct:Ct:Cyv>:B8q0\rTNr4Z .PZ!CZ*!CNC!u	~VGC!X:::\n(PNP::tt:Ctu	PNC!XN:t>=	!!:ut:B:MZ{!t:tt:|t;CNOC0CU Z+CtNC)CNBt:uhu!\'CVZZ>\'NZ(PbB::yt::u\nZCNZC!\'N:CPNCttNOPCtt:t:t>||t:tuhupuCxxs<: e`UJbt4\Z:M::u&Z:B~B^VCCCCCV:uN\\CP:Btt:f:t:>:>:tu	NPCPtt=t<t1!uhut:xtuhv::PCt>:t>:C!}Ct>1V\0,\\BB,SChBB:\\d$ (CNru^:t:NCCuut!CCNBt:t::C~PCNVNCCt\'CCCOZOCc|t~!t;<>:Af\'^:buZ:5tt:bZuD1PNNXXrZ:tNZX:btt>.V|t:GjPBtCOBCPCNCCX>:B9P:ut:^::C\'CCCtt:nC(5\"^r\rZbBz\nht:.rvbuE\n\'PCXB:bt	t:CN::u~t:tt:Bgt::OC!\'CNBbt::t>uht>:t:<:tt:CXCt:CCCy||t:@8:,SCiHNPZQBCC~kEu\'PX:t::btu!(^NP:t:N\\^::CCPCtGt:t:CCCCVBtNCCQCCVNNVB:B:ut:Ct::Z}t>:t:Ctt|t:u	r\0Yht\ZNB:z:Qj:CC\\:\njk.Ctt:::t:u\nCCC(CAt:::NCC(CV::}t:CCXB:^:!N::CCt:u4D\"!,TCut::tB,VCCN^z:t:BBBBuN:t:bt:M:>:t:+NPPN::t::ZP::t|tu\n\'CCCtt:C|t:t::(s!b]zNCACC+C!Zuhuht!X:::}NZu	Vt:t:B:tttt?CCCt?tCCCP~PNCtCt::CV\0-/Dh5\n,pCSCk!.CNVBbrZ:	CPZ::BB:t:j8^ZtNNXNNCCVbCCCNktPWt?	uht:CCtxt:C8 \0YHt&	U*)^Z!v.U,Nz::tP::t:bB:CP::tt:i\'CV?	NCVCCNt?}t:t:iNCCPCcBt:CCC|tz|t:88`h\\:SVbj+^SSCQ\\BBu	^:u+NPC(NZt:Q?CC\'CNt!Xrutu\n<PX:ht:t:t|t:=t:Ct:F>:CPC|u!CC\0Z@\n4!Z\Z\Zt\ZhGCXQBu\'CCPP:t:rCu~httN:tt:uiCC::t:::t1t:CCCCCC\'CX:t:::Ct|yt:(HbZA+E+HHTyb!Z:::u\nSD\'CB,PTPBCN:t:VNG^::::~t::P:::>uhtt::t>(::::CCNCCt:t:t>t:}8.V\0-%]Z:uKt:B*!(^bt:BCCt:CNCCXB\ntCTPXC>NB::bB:t:ht=t:CC\'CNt::t::F:tu\n7CPC|}jD:4:B\\d=E\nC+CCN!ZCkOBu\'\\COb\\VZB:Ct:CBB:z:>::t\'CC.CNxtCt><:8q`RNruhIh::^nrR:kCPX:t:!NBtukuVGPNbCNZBB	\':t:CCNNV:>>7PCPCCCVOB:CCN >9Lb:b !T:1Nb\rMb\'HC!(PPCC!\'P:t:t:utNBNZ::tuu\ncuk\'NBrruuiCN>t!!tCtxt88LU(S^b!Zt:|rCCXQBuZukJ!+P\\PPZt:,PPP::uj!~(VCTTCP>>tNON:tttN>|t:xuhsC\0ZtV\\MMB>>:)CXGPPzuk.VNb5j1VP_!Ct:j(NCCCCCXCVNtt:MCtNt:CPC0V\0-8Jbu\nNbhBVPZ:t:Bbb:CD#XBCC:::t::t::t:t:Z::::B:QV::ut:Z:C;Ct::CNC:ut:CciB	ZbBzBCCCHujit:uD:\'VZhtBPz::t4:::Z:VBED:B	!tu	::C\'N::t>::v8r:]MMQM:ATICCNbu5kEjuJ\'CCNZt:Z:t:iuCOCtt:Zit::t::u\n.NN::F:CNCC|t::p9LYUH\\WBP*(NCV^C,TPb:QB:Z:u\n\'PBuhu	\'VO:?4:t:VP:NCtt:_PCCC\':t:F:c<V\0-5U5DMPZ$,STA,N!\'CU(XC(Vzt\'NZ	\'Pz:Vz:u(P::Z	CCCBktuuit:tt:t:CCC:c\0Zk(b:\Z:N:u(UPZPPP(PV\\CNPM:BNBz:u8CNCPO::>:CCt(CCNt:::><:uas+\0.UJ#!:\"k,C(P\\:NB::uCN?iOB:P^t:t::ut::ut:B:t!tu|\'C::t>|t:vt:p`Z\'H\\Bi\"!.CNACKPQZjPzt::t:t:u	NB:::t:t:uPPbcG	C!\'CNZt:nCCCVCV\0-OEj*ct\ZU(NX^B\n!(Vbt:B:i(CNZt::!Z:u	CNQ:b::ft:PN:Ft:Bj<C4ZNU^\\BZ::)+PCVZb.XBZtuCCXrBgu\n	!NrNCW::Btt::CCQ1+\0-\r%kE5iB4:uD]r!ut:jNN:!:	\\::BCCCCNCN:t?iujC!!CWt!V(`)SHCT!B\r:kV:BJ-S(CNX:BtuEu	4	!.CC\'\\:::tt::uiuit:uh}!uNCPCpX\0ChttM:!ru^t\Z:::\nht:B\rMMb:Br:	k+\\:zZB:u\nNbrt~CCNPCpNCCHozMMQb!HJ#Pb	\'CPz\n!CCCCt\'^CCNBVCPBt:u	NBv:t:|t:\0Z*C4BukPQzuu\\C\'SP:MTr:PPXPbut:Buui\\zCNPVP:t::z:||uxtt:(]^(C^\'P\\(NC!t:t:/\\:PCCtt:\'NGuj\'PCCPz!u	,CCt?8AjbVBQNBN\\::Z5Et:Qr\'^NBuxC!+VBC\\BZ|t:t:u\nC\'OCCNCCC\'CVCPPt><9IZR|YbrZbMb:rut:but:uZBrBik!,PQ:!,CuiC!\'NCP:::::t:Bz>::IG%Vz(CbBztBGVXB:\'CTCNC\'CHSXr::Q:(N?huit:FCCpir$h5DBMZZMbE4\Zt::~u5C\'CCt!!C:bt:ut:tttuuhtBCCN(xr+\0JJP:	CCkuuZVBt:B!\\VZ::CCNBPt\Zt>GCx\0ZA),OF5htBbhbu	.CN::t.VC\'VC!(CVNVwtCPbt:tt:Bt:C!Ve`	IUQ:!VbhthC!!^\\:bD:tu!C(CCPX\\QCXBt:XM>:=t:Qu8\0ZA)hbtjkD:::B::PGHP(ZXB:t(ZuWt:ttu	Q>q\0ZA)*CkU	Z!MB\r/Cu\n!t:t:t:tu#C!!P^QZXCNr|t>:P3WlUhbP VC$,CPMBt:u\n!!CPM:u\nt:tut\'Vz:CC8\"irU=# $/PB:u(NZPN.X:u!tTNF:B1:BuCVZCV\0- -EKu)TTNNMBTC!!Pb::VB::N::::NBB!P:N@At;+\0G%]QX+P:Bk+GVZu+C^z:Zuhu!C)VCt:|t:t:1p`QH:9kE4u+C@\"!u	PBri!!(CVz:t::}t:t::+CV8St:t= hmz:EkujhuEuhuhutuk,^C(PVB:b:Zut\'CCb::Eb\0ZJc\":Duk+C(PzkD:\Z:r\n)C/AP\\MB\nO:t:N:E`r|!!VzB$U\'SNBi-#+Z^B!tNV:\n(N::BVCi({JOF:b>zu%Z:\rz:QBtB:t:::!BhtBNPBCCXPAH!lm:upz_\"5t1BMBSTP:r\rC!VBMbBk	:b^:MBb::>::c`QBB?5i,NPVu~II\rr!Zjj*.VzTbut:jutt:b:N:tu	t92i(nv:uhu:B:^QC\'CTBiSHC,PCPD!!t(CVVM:(+\0tmt:\n+::(TVt:rEijj/C.PZ:r(XMr::\n!>>:ID:}:(;NP:B:PBt:B:hvuh	C%jkT+SP:bjC\'CPBBht:c+\0xt:c::vt:BNZ}rIXrZuZt:But:::ut:r4:!:htP0Zt)X\0d+NN:?buhuht:\0cubhujk(I\\-,CNXVCCXBCCCTCu<>:5juB::8XNC::Et.CjE*#T\'N:E5(N^BB:bt?1!X\0V1}zht:?JPS::t::;oTPSNNZ:rT\\MVXPCD:t::XCPs5\Z78P:uu7C!u!o\nZjj/PM\ZtBz\'PC+CC\\B:;e`F\\::t:XXC^WbbMVB:ZCt+TC(E\nU+P::t:V^Ct:CCv8`:xIN.gt\'CCN?	1t:!s4jMb!T::\'C+GCPVB}!PVs0E.>]:t=X!\'VVruuD*D\'TXVPzNMh:t:\n,Et:?k#t9E`1Z0:CC(CNDxu}\'P^::::C~AB:k @Etu,NCXzB:\\te`@z0(tu#biw:bcPr::\rr:0^Buuht:MMbu*(NWZAV\0, >ENCCN	t\'VV:t:t:MC/E!CNU :u5k!\nht:BM Cs+\0! ``Z0>nu#!`xCCPbZ:tNnzXJ)/Vb:t:utu5\n!uhu:butc`O;xY.\"t(pCCsNB:CHCPCB$Uj5k\n,X!GXiX\0|,\r]uD:PNt(X^O\r.VSV %BSPCN:CXZuht@C\0Z5Fx!GLu~*Wt?Z!tt:B:tuuhu:AJV\n!-T(A*!u55NYx\0ZqHQ K(Bt>:NQrzt::!BiuMZjuE5\n!.CNZu\naX\07!kt>uabuht::|t::t::Z:zAkkHSV*SGGNrt:u	PCP:@hF5\r\'@x!pP^	XPppCCCCCVRkk/J(HH@uE5ku:9X\0\ZNt4ZP:n,PbiPQZZ:yZ\r\"]hSGPZ!bQVLt<V\0-\Zgdc1\nXt:jWhuNmNNb:<\r[5X^Q:BPQBZ!!X\0i;hwiiz:P\nVCVC^dlBb^GCh54]r\rBNBBf:Rh6wN,01lj1ut:O!rX6Y@hb\ZSD(SNB)CCpAh4&jPCCCOQZjCXCt=qJ-!XZ``vV\0-WGLcG:OB8NSfuP^(HTCC\\BVbA1\0Z4M`y^|<BsH27\rQ\n	,^.ABh}2+h*1bE4JSI-PuuX\0tp4[c\Zp geCTt\Z!!!V:uut:f:c`Y{Alwld!ZBT\Zb:BGV\0-\Z\"Ag7lU(V\\TGNXCNt;+\0(46jc{~,h*Z:9X\0V Lhnh(_k= BuhtMjrDe`PQ)m\Zo6YrGTSPPcFIW+(4m5V.CA!V\0-\ZT0<GlnBEZTAu\nM_$MtuS\0Z4GOGt\Zr<:n1T\r#rE`#	7:j,rD:nZ!V!ht:@QV\0-1uLj7I.Zj!2hFI\ZxP5C+\03Q]|!-T16\\(D!F1|k>NnCr+\0^Cy]bCtgtb\rZvV\0&\ny^Q:~5RyZ\r:u:!X\0F104t$)}9IBN |x\0ZE\r	1G& sTt&\Z`U!r1Z=D:\\!(F1+8\Z<O7,&\nhu;+\0:C}18|i	>>nX9FQLk>M#	t\\$BtC9X\0jy^X%m?\ZaNCV\0-\Z{>|\",jjG2h>5<jo4V2=\\\ZC.1\0Z4;cZ5c>(`|t:t;n+\0;hpQnE\"CcpPBE`\Z ><iZO5^DjvV\0-\Zk+[QHQd+\0zCHa5{0ICX\0j0,~| IIc/1<V\0-\ZCp[I:\\`(	w`{1\\\n\\!. 1W\Zbr+nCX\0E(U~YWk	b+B\r <\'A4`z7I6cX\0r*w	 K?A<dCV\0&F+O/PS{>$enH>(1>axH^& X\0(l |0&X\ridX\0F7[\ZW`aC@vXvV\0&E>wW6(t>\nnF5YC<q_|mLt;FwMT <\n:n[1\0Z*0?m`Sd`XPl(\0Z\r}`z=zO4+cV\0-O`aoF(BdQ1\0ZQqN0*N{Gi#e`eLF5jI{gh1+\0+Utn7|5hCq]e`g\\$g8A{n1h4E5<[liOFwr+\0r~hl+n1X\0`nd\'!Yr+\0\'f6	50Fee`e(cYfE/0?bxO5`g2F?+@|l\rCd \0Z*y^Pp0x$mGCCY!vV\0-}l0AK}]!X\0Tq^4wmVWN6uuh:@\Z<VX(QXE`V5gx`}Z76F\"nV\0-hWQkc}+5}e`4 ;7^m\Zee`G`}F/YCV\0-\0[a^|k+|kzj2ue` {+c5\Z(Q\0Z`]Zp*\Z,m#Q+\0[\"*1cHLj52hey^I6^#nV\0->@}(D66VEEQH-VW\r\r5\\ee`V|V&:6[OYcV\0-d{LP3>m\Zd`\0Z*81dEGQ\'\0Z+Cqg\rW,MDE}!ic%ex.b6	s+\0`0y_c@@BNq2hO?ZW0>,X\0J\Z,\\:@6+y:I\r_qH@z00xE{uRh3GJh\ZgQZ2h7W[97gDl*1\0Z+o7aF:y`yuPBhNg~06u6<;+\0!ygw&3bH	}4,Q6|iSWN\Z)1+\0(	+F&:,j\'\r1vih6(x\0Z\08@ LY\"h3(p\ZKDm6ch4c]5gyXCa8H\'*1>ma\0Z\rg^56l\"h4p<_|k3X@/vcV\0+y|F$)3bq\n_Hk3juv>;+\0Q d2lm8`5Dd *f9@\rf/fchaF)	GfX\07&DV\0-	{2E#LE6v8>z\n%|%Y4chOb\np`qgs `>YCNz2a3`[V\0-3B8LYMF;+\0q<pY:`Z1}Fl&Lt9B}>I\\L3rncX\0CQ=@y7OhSe\ZrnfX\0`Z -Z=99\ZE`25]5t5,CDlgLo>Cal+fCX\0\'TCY:PQ<x1;+\0O\r_e.aR6P(mF9@Ww	1%O(10 |AfC\0Z$@z7j\n	:basf\0ZbB(=y\rh1mQe`34$jlcp`0k\Zgf9\0Z;\Zyk3`JfX;c~!T<c9@c3YN#dt;+\0{dca+\0x|0/(flr+\0~TF)c`}^VCwCQ0sl#aV9Azhj90A z00X\0\rC\\PA\n66(cX\0FL0b1<66)!X\0|{N#vlT\"hwQD|fF9@80=)O#lvV\0-.X`q\r8(Rh$x\nSPE6<s1.O3kFa\nlJxOflSpy>U3b8qgkjhV\0,pHPb98piDUA1X\0LMtu`j6Sa@`?5q	\0T<C`&9;NV\"0hI\rF;+\0wD_\Z=6pn#n2g^l\'09F68.Fh!X\0eg\Zd`]<`7Zn,F|\'0=F@eBYcX\0	{B,cY wmsn\0Z\nUZ0>F|fvV\0-\0|)`y)&\n1T >k6U1(Bhxl&(tl.n6mX\00o11c\nnf\0ZG1Py	6v;+\0>STQ-(67#kch/m\Z0,^Wr6\nNHa:fvV\0-\n`VoY	$`` !\'e`  HF\Zbh!X\0v_q@u 86CLvV\0-\0\Z\Z KTcA{8bH`a,AF\0ZC_qw6Pe`_04{a\Z\Z073bbA1?~;3olaeVkb@u;6\0Z-^LL]ga&;+\0oNqq@X\0Zl?[w;CGffb@O!7odThl4e`aVqqhf\0Z/\'3`@7ck/upcql1X\0;c_qOXbAy;Dv:1l6fX\00&?pov<\Z\rfe`^+`|yw?4oB6J~`cux.3g\0Zc4t1)fsHvV\0-(\Z}G.f)@0}F`]5qfhRh	\0Qj7@7Ze`,;Qc:\nV\0-\0k+L|nM:#uJ&W<\\1&gCe<NLx\0Z>!oKAP	=`5khBv@A7Y\0ZWBbLm|C}+\0`]t	#TkXC_n)X\0^{]#@Qc`6W\roA`Z3kClRh;jQ\"z -JC#\"r4()+\04|1J\"QY\nV\02	\"30+@zj.f\0d!2	0?5R6&A{{2b\\lR)X\0BdpEa=ablV\0-nlxwo6e`*$t|loW	hGmP`<]TC+\0T3Ff;G8k2\"|Fl%v\0e\rmZrqFpL)!vpLbIl=|j,e`-$=}&p@@9<ep}(e`N6\ZHFV\0-0Q9\"e`mF47[BD\n2ggZ@gkg3\0Z`\'w.[G62h	7+OD=gX\0CyqIl@Vu1@HkMQ@\'hV\0,S\Z\r[8g\Zq:P`a\'	\0YF`y$`yXBk\Z2gU0>X\0{g\Z[	WfC+\0{\nnC9P/Eb	sb{\ryQ?8^8A=z\'N66\"fq1=_04F,!l&E`yb00`pdV\0,|y}	wF$F\0Y(><:B+\0|\ZGBaj.ff\0Y47X\0Lk5]H(uY\"g8~V>-\'TE`z00q\n0	uqdV\0,tgEE`^,PiLE`<^\r$cH3l\"gTRc\rZ3h\"gr\\\'9:ljE`h13\"gH+,,	Q>`%<U]}=tFlX\0VbOa\'[`]OF:X\0Jx.Hm}lAM\0YF->HO> ;X1rVl)3a\0Y0+Ex|HQcfs6+\0|\n^S\rw	fs6+\0|*R6Is6>w^Vb4H!e`wb;F&7#`\0YpbaF=>wl #mL\0Y>?kAmY=5T5^j8>6x92g31zt	}m3+\0sVg+2,<lqwpygfX\0`S\"\0Y8F\'f3a+\0~|LfH!Q07[6\nX\0`FUJ`l\\e^{Uj+)V\0,I$\rG#`Q$w\'3`\"4fyQ?FMb#``fFHe`?0[d45f$2fo0:s1!?t!j1e`~gl(!bHSK<U%6)fvm\Z1F(\r4e`Qk+\0~++/v\rX\0uQ_`|y2jtV\0,Ex\Z,0 n\ZGt[e`\nw `}K\n+\0y1!Df4n(suV\0,e!^CE9^zX\0Ca\0X((*,\0Yk\Z|w\\uMYX\0YrhJ cOYe`Uh|jlBYe`Utcl^56xgTil&\Z<\\mYX\0}H.C&,\0Y>tj56AgUC	@ydZ3hcnV6&<mzr7Ze`I&1b*bluL-E2gbh]cOAi<0<4c0:n\"\r\'J1G82gU !Q\Z2g<,6t:vl]?*cax2z|9e`><00A!l<<A\0n.qyXqCOegUe`0p7<+ 8^X\08g>cPxUkcp?6l\0Y|^\ri9C+\0yEO (YX\0- Ln`]?w\rt<~<.cg`@<~E`9\Z{S\Z{:+\0yN74wxLF;FdqKe`>t\Zg}1AM1Ke,j	H=SnjuV\0,H@8pM!}cQ`#,!=i\r8\Z7Ye`4P&(>6@E`<\r4fIV\0,Odd#hYV\0,+v\Z#g{u\0Ydh>0n<\r\">m1E`?a6=mx1E`?aCd2n>>@SlV\0,ztPV\0,	3=4v1u\0YtY=oXkf+\0zS$dw	dfmCE`L`d+mg|I26qgFm(f:b\'r(?|wdV\0,<oIfC\0Y&+]I~m@s`qX\0r+ySs@n(\ZO10x1;1+pH\0YAFlX\0*[LoFPbgP7QZ|+rgXJ,Q#];1W8$V\0,c`^13gT<6]6rH\0Y4`Wo\rZ#Pn1+HA#62E`|*x\ne]V\0,0?<ToFX<aL0V\0,ueQecn9(q>L=63X$CZ0/@z2 tV\0,e0<y>m:V\0,,\n4t7(t<m\"gNh8}}1|t:5`pHfL*\r]<M9X\04qa\\4	ln|sC.rgXtH\ru\0Y;Om7XIdIYW{u\0dL42	q$cht8TWe`$ RM2F8; A@b_M20K\0C_q@A@b6^_n&@Zp!Z=656D#n9w<k=tJ!u\0Yg>53h1u\0Y\Z-Fe`}f(Ez3h4.V\0,H;`y6CO7XB ~xh1`y>5V\02k4>Gxkmzdc+\0\n7l@p5b\n0:8Snb&X\0Y}Q/a1u\0drd1UvcF9SCYn8x{]\ZxHQL6mC!`\n-eiV\02H \\`TvR6Fw\rl{@cQ_O|O8\ne` 3# M\rcY_O}v#a,\0d6Pln:C^1,;w=V\02\nb|>57g-BdF k{Srg=@y4h;+\0s|51S38_`@z0.vH}	9`	FpL\0Y\ZFS=lP+s<\0Y\\:~|2` MY\r\rgzF	C+u\0d`3WnO1 A0Q\Zu\0d` t;e b-V,u\0AV!t<:d0P;k,Fl+e`\nTqoc+\0EY7b|Pc^Qqj]V\0,\ZlE}XcOfZ7%\0vq8j-Nj3`X e`cU*+!`n?Qj0?cO%?`o6Q\ryFs,F!uV\0,0+Jj6MQX\01@!F!uV\0,T,Ab2n/`|f6D0MX\0I|@Z00Ka9oII>muCgC+\Z4A<euV\0,({p,c@&H\0Yx04t&o$N-vmZ+\0uU1BeDmtV\0,#ws*2t<lf\0,y^	lv:75\0r~W5s6@Sw\0tH@}cTol7gD|\rg\\f\0r3Ep|?f\09)I{	l\0YT&7&\0,#R\Zf+\0r:wo1G>&bg#;ep&;f\0r&k*2k6`@g  JG{?;h6`@g#+by<1+HQY}6+\0r2p<16sbg#>q^5Z\ZH\r1\09\Z ,=6@hW\Z(bqMC6\0rp-wk&Z\nvl&\0,:ynqVdF`F`? =KbJl$\0,hzO8VP=ca gW?~I#ky\0Puo:agWXkU6|!\'DW;>6\rgxl\0Y\ZOn(1PWs>F`\rO!.1\0C|X?3FQ:\"6\0~|w<bqm=\r`z\"6\0r;Z0)cQb]P\0 ;)x\r#+OdZ\n1	=nCa3nc\0pt0(8l0b#6%\083	ll1Ff`h@Q\n)t:f@h`P Cd\0YZ0,X\0YG}=OCUh\0Y\'\Z}B,}\0,\'7=&w0\0lP]\r\0wq8`+zf\0p^Uw0\0F=6g+*v\08}1<8$[2foX\0\Z4+\r	,7\0Yc\\Q8eml\0,j7\0YBLZ?= 7fmn\0Jy+8;)8ygQ\0Q\0Q}\Z3h3ag\'>\'`Z1;60#\\l\0YHQlE^|nq@6X?F`\\,! u6\0}:Fp1!nzec6\Z\0}+\"\r\0>`C@4LlObgs6\0p7#a`f	-bgc\0Ygg\'3bgc<`qylZ\0,qwt0&8Q3`g;<	H\0Y=g#e@g7F\nxCHs6%\0a`(BFl\0,3)qFl8P#egagxkH#n!g|Q\r$(x#6\0Ybo\'a9\05S+cwq`Qf9\0g=q\n%g\Z6F\0,hbf\'gcF5\0Y@r17Z|k07fmnpgJQf\0,Y_|f3{\0tj:`q6@/g\Z5yr6K\0tnF\Z]-\0:P 7|IrY\0:^U\Z}l6#e gK8o\0/*n`B6+\0t;gt$2`O2v[G\"!a6,l4\0,C`)\0\\$w/\nJ<g+lC`0g0-cP#\0G[EOj3`8`0g>LwCFl\0,<p\rG6GC\0Y\Z.GcGlPA>BH][6r@\0y^b\ZJf1qM,P68Bo0>>8@0,F9P\Z@D\0Q^gH OPW~f!>C]0gy\ZF7M\rmng>6P,>55@\0,C$	h,\Z6@ghc20+\r#7\0YV|\n<w\0}jb)t_o`qPgF$ >75N\Zq4\0,$cn7|7j|N%\\.F\0TXM!l\0,``\'\n7N6c` gkFb}pNp|/f@PQ-|LQ>kFl\r<S	\Zc\0l\0,hC\\i4t3`h^:\0=HVd/lCc` ge6t:C9\0=Fy\']\09gh\\kk3g|\0Y ev\rQ1g|\0YChP6}F_6\0p(_}q!\0\\jk1\Z3gB3` gN\\h(~`Z6w^\09wxH)SW#|B\Z	B\nBx\00<l( c6W\09kA\r\08;V\08pY6}[O\0s<:5!g3!_(cy\05#g	Z u]1Lmdl\0,o5x <J1\0PB`ea\ry(`]1.jsheq\0}g\\=Eh\0Ytu>me=D76`\nrj	e}1xq9qQ^\r\ZeU280;(c_O.]3\0	f2(:p60\0&R?OV-\Z<ff\03c3&|zhc\0^gc\0^\Z;\ZYgFd\\6P[Wwm$l`\0Yy^<!D8Cc\0=k|ChQgO|x~\"7`N\rc\03*Lk1!w!13c\0^	xj.(#mDc\0>	rDm,Cd@AxS60\0,*D!f*c\0A6Q6\Z\0t_Lo)g\\nf`+*IVFX2s6\0z:0wm9\n\09<J:cYs@#`T\0YbW8@S\r	3`V99qAAj:vlP\0,Xaj`\0YWQ!Dja(s6+\0tqtz0-\'flvlX\0,`Z0(\Zvx CbgO`Z0:wf00p-	\r\'s(c`gO<&OCX\0|>456+ps6S\0qx8%vQavl\0,,1L <J4||	f6U\0qLLQ,G;a;(\0\\0<+y}G}m[F\0F5c@g7H|A?Q$f, \0y\r\rgbl?D|@< \0A@z!4fcY@gO?V4\r_l6;\0:z<a$:)	\0g~`Y\\U\Z&\rXN6H\0,;WQTkCd#zYZ,1\0CU4ei76:6H\0,v]bz2\Z8)$\0qp{Af?fm$lL\0Ybo8c}1 p.<3e\\\0OYhsb`!\nyglA(~`Ye\\\0ugc]\rcb`K81m6X8rQt`[0\0QbYZPv`\0v{$ &W5\0qc>6c@}zc6\n<}#F7t5a\ruh9!\0q5[6-3d5lH\r7t\0<gH]16&\0,^8F56Rf[<i#\Z)3b`-5*F[:CI|kFl\0am5fq0f]\"4FqX F6,1HXoF6&\0,6FW`z>3b`wmg,\Z+1	_manB>$\ZMNneNt=ASnD\Z7{Hf&lL\0YF}lhxy]6&\0,^Fo$cThcb`2+g=`Qt:CvlL\0Yez<A*`z=0>lFmCt:x\0HCy_O00AlL\0YTh\rK#6p\\t5+\0q18.Ak0<#6x6V\0,\r@q\\xX\0g1[6+6V\0,)YZ%7!qaYgz{Dk[mxVl\0Yh)$;&0X\0`Yq1{V`Dm/6V\0,0,\re`#F	rk?&l\0YgQ\Zs6$9pAT#;{I@\07z17$l+\0q1>-gE ,dO3b`]#\ZxFmVQ0gh8|G^U)f\0D`a*\08`]1hH s3@g/>6GPp,\09p@;;Bh(+&f\\8uPSaf\0Y}g{i\0YEhG3@g/	@lq\0jpM<L\0NN(5\Z=\0pn00g},yt``lWN{u;\0>;H\"x\Z634\0}>GJ=q3@g=FBj]~f0<@YX6``_FuFW\0\nFHQ\\h0 \0d`@`:1\0,@Q\0|\08;G	(\\l#7{Q2f\0,	]\rgFZ*l\n\ZY6``t|j[D`yg0gcn	!7\0Y9Aco&f$1G8LO)<\080nh,f\0,:xOE`lWG@\0]PM[\Z@\0` F(rA<\006\Zh6``^YU!)3\0p};YK,fh\0,0(Yt7Sp\0YbU\Zv\ZbgOy\0YfA>#F5G\08<U\Z\0Yl5fh\0,N0+`a&|hl\0n0/pYX;00gPq\r]|,3@g\Z|\n4J``a}W\n)\\)g\088xo(p0g#\Z2h&a\0#bap\0u`P\ZP\08LNIrjF5	fh\0,:A:ni\0Y~\n8\r \0Y_\r`0C>+l\0-8hI}11\0_8F6\Z\0,J<gWcCQH\0plF;g	\n>!(g	:\Z(-f`\0<)\nFWf`\0&1<\np(f@\0H +\"n\0\\71**b[f\0u\0B	W-\\-38Fb(rpW3%(r[,L@gQbq-K\0Z\n.Qx,\0p<|WI\n+~I8\0x-\0Y[Pv\0,y^/\0p<j\0p<j\0p=0g\0, H\0R\0, H\0R\0, H\0R\0, H\0R\0, H\06E@`\0X)\0\n@`\0X)\0\n@`\0X)\0\n@`\0X)\0\n@`\0X)\0\n@`\0X)\0\n@`\0X)\0\n@`\0X)\0\n@`\0X)\0\n@`\0X)\0\n@`\0X)\0\n@`\0X)\0\n@`\0X)\0\n@`\0X)\0\n@`\0X)\0\n@`\0X)\0\n@`\0X)\0\n@4N1\njt\0\0\0S!~V544u\nLT85PLi]%S!Alnv8u\0lc@{\0?.a`\0P:1zER2T\n\ntp9!w9\0d1]AH:P \0[\"8T!\ZvO%!u9E1`\0fVB]1Y\rPt0lzb@`HzHpL[@\0/@LBTFG|81{ChprTZ\0-\rhmz\\(v)Zp0:\0\\] !@!@7\0n8=PCT]B)0&\njWXQfat&NZCD8.:L:\0<`@~Zx(u@pp68Rkw8;(<1T0s :ZFS$ #GE)`50Ds}MD	\0-Q4\'qt:4\'x\0 \Zqt\0Z3cj8p\\t,:P:#p-\00W1\"G|\'rP\n.pt-cf\0\r	+p&B@x\r8.6C(x\0ZfexX!B*&:&3wCt8q\0-1Aa)2yIEP05\"XY`\03nR,484tR\rn`>]t:)N4:NV)JZ6U:-$8`4\0I\\E`t:CMXCCFt8g,3J8cKiPQLBT0Z\\pAICdp4`\0Qpt:+	U:*ncBPBqht6c\0jO:Z|vj8D8;UDHt:HP`p`	8h\ZVf7xEj!cax|	\n`t:+V\Z\'\rN6\0,{CEtXvcJ`CZ\nq8hCBt88x84(Xt::[EISP\\qnqpZp+8tZC`8@\0 ]SVh\n\nxA`68.q:H\r!bRt8.\0r8qM>:.@3$a!BtH\0ZVBi`Rwwh\nCZp\\PP\r\"hEUQ|PtV`@wCD8h@[BAt\n\"\0{S;Bu^.:BtCwN!q\r\Z%p%%eY{)Py,cEATNCq@^\072ZZUzvcZ8dt$88tAp!h&A(ht:\riPR\0,TCP#ZCqb$\rCd:|M:!q:XCq-OZ:YSV:\0YR!r!gh)X0Hyp l0:P	:|B\rnp}du	UNrl\0YHPqq7c*hQ@`2qaPpz:l\0-aa=h,\"@\"Zlx&aL\0\0Lp\\8hKCQt#%Dth\0K)jacptt8$\"C`at|\"\nAM\Z/tPSh\0M1IBC:9Fg!Xg	!Or!:3\\wf.PBSNV\0Y\\t12d4\0LCht:t:HV\ZAhtt:\r	@mBt:mz:t:bJ\0ka[B^480ta\0| lA8`X7lukP(XC8\0	d\n,	<8q\"t6!N8:)Q4a(v:XXC,^pNOCvCC`\0-qV*\"Lt80:F8!X.\\:JHpP$BZ:VNjt:t>::Bt:,\0`Np\"8:6EB	q@ t>@at:CtB:tt4:t::B\\:Ztt:t;,\0HSj*	\ZSTCJ@\ZFp\"<p\\t\rX80\"\r!j:upNNBBS11:CCBCt:>:>}7en5oT*q@4p`h$@a `:VSK)t:tt|VCt\"4::y\'Cu\nt:tt:CPN,\0qg(-(Hxp`Cq48hND8 \Z3`6:[XUNCVlt:t:::0t>>:ut!Ctt:Qxtx|t9\0\nn0x5PTAq]hu\0@h0C\0<8.>Z;Pp-2jBz2VBxC|ttPXCtt>t:tt:C!\"_8qiCP`\"(@],C,K*t<:Tt>:Ctut:nPPB:t::Ct<:CNC1`\0nyS[Np8pAp 0:t\0cl4X:tb8fCt:t<:c1CNCn:>t!t>t:t:CCtCC,\0Vhur2B8$Ca:.8t:\ri:r{\"Z:NCRCut>>:Cxt8C9Ct;t:CCnCCCt:t:xtt:CCP:\0Vz*;%DD8%0`t:PV(8ZuQ	-XK[B|u54\r:CCC|t:::t>9cCC>;CaCC!Bt>>:tt>:CE!w({8g\0XgWX@t:Q)RR::::\\PC|t=xuC+CCPCPQtt?t:CCXCt:t>t:CCt>t:t::P:t:Ee\nqJ\nq:8..N,N<pK-ZZ:CCV!t:t:cC^CX^XCC\'N:juu	NCCt:uut:tut:::NWCt:CoXCI1`PC@ht80:+C81T0;oui$+C<t:xt::::M:tCN::NPPVC\'NCt:	Ct:tt::C!tt<:t|tv:>>:t:x\0M`NCt:P+CP(S:Q\"\nuB::D(VC~C(XZZBt?~bt:>jcPCCCNC_t:f:N7C\'CC(NOcCChui2]anyi3h&@[C1+C@87&\Z5iZfb?:t::UPBB!:~\'CC(NNBtt:uBxt:t:CSC^:ttt:tCy\'Q\0r\n3/H\n\'\r/t4a:Btdb:3^Chb[>Ct:<ZZb#N:FNbut:tut:NCNNCC!NBrBt::x\0[f\Zo@L6c\' t`B(CZ0T(P,/NCu46Cwe7X;,8we7XNc:t<:P\nuC:t?t:::CCbrCCVCc`\0srJ\nxJC	B@]XQ  t*3`p:u!\Z>: vt;z|:7vK	b8WpC;jXt::t:u!!cz>:CCZ:\"n\Z!N1\n8tC8uCP-Ct:ucB!CuPq:\\O]sj9t::u!\'QBuPB:Z:t:Zhuhu	t:::`\0N[5N;tgA\0U6teRQt;QSCt:u!Oa:z8Bt:b\'NNBCNZt:Cxt:B\0IQ@`Iqa\Z8@XJ|o:.*xSKkt:+Pbu$(X	{BqGYE\n\r!QB:xugO]huu\nCNC!N:/VC!Ct<:b::X\0+*{#0!t8`IBPN gPW\ZC4jNCTCtt:CC:<Y:ttwozFsbHH+CWBCCV:t:u/N>:::N::t:ig	-:\Z\r\0x<\\!	q.\Z@e:u!\'CB\'PjXBu5t:B\\ozNqB,nO(\\NNBuu\nt:>ju|ttut>:\0dh2@bJ\0LA8Q8\\RCHPK)!t>:cuk\\:\n*!!Cwe(]qE\n;8H[t=7O:wPnr,P:r::uut:>:ut:!utu	vX\0+At\0X0LGC!e\00^#n1.Ct::\n!X9yBZbZnGs,+|t<=bCCCPPZt:^ZMC!NCNCCN:Ft:uhx\0W80$|p]@8j\01AFw(Nfu	u!u8tkCC\\r!t\'PBup8n+oeJXqDWE\nB,N:OCVX:t:M:t!\'CCN:ut?t:t:\0df:t8A\"X`tQrhp97t:,CCC<:t:u{>Z-q(OXVz$wZrt9_s,tY=u!\'\'1Q=m::uC\\:Z~nNNP\\F::<X\02\r `\r@a .:Vfp4\rmCN\rt:VCN`HVCht:zPBVMQBW\\C.CcCB|t:t:	cNC!(PVC!VPCCCcu;CNCT8Jx|q!\'htp@fCrQBP%A/C]cuiSVP:/NC:Bu\n w+NB^BMHD.TX!bCVBuht(CNNZut.C!htuVCC\0dp4:t:0&+:!\rC[r@ \r\Z,XQhC\ZhOwGj!i\rXHI\"\Zuj)D+V\\TPzk!!t!tt:t:!Zhu	N:u{OcCCNCBthut:CCNPVN\0d`uE\\#hr0\0Xg%\'\\:B!uRBu	+?C^MZZxG$!|TV::u\nj$\'D,NVB,NCNB:::::4:jCN:t:bt:NTNZb!\'COtt:Zt:BBCup	Cs0L(PbCP\\QM\r+CP:ubE\'Z!CP1t\nf1]k	u4:SPB:uhhuEu\n>PPrZ\nHuEtt;CNB:1NZB:tu\nCNSPz:|t:\0Z!C``tt:; &:W0+N%V!VZ:BEZ:@LC^CSQ;A)CSr::uuikPBt::u	/\\Bt:tut::]:u!t(CNB:ttut:tt:Ctu	t::	u	53C`P3:N 7fCkhb::b\ZPC!!PhCT:B_C,U!GSI+CVPb:B:Z4:!CCCPBt:{CNbBVCu	!:NNNZF:>\0vJ;@!XP%Tocx+CCNMhPZ!:B:6O>7:X.u\n5!Z.P!:zr!,NNzku\n,NPCNbttu,CTCO:tut::NC\0u888&\"8Z:+N@cvXVC^Ct:5u,\\D-	.WA}*Odk\'(SXMbQbV:ujtu\nit:tT\\NPO:^:hu8NZ::CC+PCCNzb:Z>>>>:ZCN::tX\0;V7#pN\"`hC})*!t:r::NTPz:uE4j!CQEhD(IO%\nTPZ!:\nuk,CNXrt:u^NCuCCCOEhuiti\'C\'CXB:B::tt:Bt:P|t:\0C(\\(uj>8lChqezM!NNC^SVV:B.ryNi> kUZt:E5Pb!bB	+NZ:ut::uEi(Pz:uiC!NPNNP>:B\n!:PQbt:B:CGCt8.he ZsZC}	%k!Ejt\ZunN|5:$z9^tDHAD.VB\nhu*!htt(X:4::!BBBuj\'NPBMQ:uutcQBN:Zt:uht:t:PVwt:\0K\"hu`3A:8C%NbBt:C(V^TSCNhbH\nh\"|z]A\r1u	t:t+NPVB:rPZ(C!\'\\btt:CXt:tZ:btPBt:|ut:t|t:uuiQ:B:t:^t:\0UTB%Cbt:Pm-u4:PPbht1VP+BZEobB=hu5,9:BMCiJ(XZE\'V:uu\nC,C\'Ct!P:?u	+V:C.Ztu+PN:Gt:::;,\0|D$T0L\n:t?SX:BrJ:]BiK/TA#NbQ)\\Z,SCD(N:BQzbZtuD7ICNBBt:8CNXNCCCt:Z:Qz:t:O\0@!9u~h5NARXCi\":.C(VJ.tu3C$BNBti\n!(CCC\\VCU!+NZt:~CP!C!uCNO:t::tutt:::t:t:,\0Z0t8gY^zt:tu5huu54V,I:D:8VuRRu]t/kZ!jTXX:XCNBBBtCVNCNNZt:NTNC\'S^B::::tt!t:t:t::\0	*,Bp\\n1%Pf+PV7PF(^9ZtZ:.C!xBtGu:ikht\Z,ND(N:t:r:t+Nr:rWB::r::D*X\0!hHQ8t6ntX\\vBuB~HC,U,U,GN^:	.PrRE4:\rru(OzC}OCt8qGC8`\0RPaT6mK\rQBt:btnk/VNBB\nBB,HV!rt:B:B:<:Ctt:Cv>9vCN:VVCCPBt)V\0%	f8o,e4*e B:!NCCPC+P:bztn\0;W;y\n6R(Sr\'nj!$/#4\0{YGhpCcPo(v>9b&`\0 \0 \0 endstream\nendobj\n10 0 obj\n<</Length 11 0 R\n>>\nstream\n0.36000 0 0 0.36000 0 0 cm\nq\n1704 0 0 2200 0 0 cm\n/Im2 Do\nQ\nendstream\nendobj\n11 0 obj\n60\nendobj\n12 0 obj\n<</ProcSet[/PDF/ImageB]\n/XObject<</Im2 9 0 R>>\n>>\nendobj\n13 0 obj\n<</Type/Page\n/Parent 1 0 R\n/Resources 12 0 R\n/MediaBox[0 0 612 792]\n/Contents 10 0 R\n/Rotate 0\n>>\nendobj\n3 0 obj\n<</CreationDate (D:20101216112456-05\'00\')\n>>\nendobj\n1 0 obj\n<</Type/Pages\n/Count 2\n/Kids[8 0 R\n      13 0 R\n     ]\n>>\nendobj\n2 0 obj\n<</Type/Catalog\n/Pages 1 0 R\n>>\nendobj\n%RRR010createpdf*001.00.200**********1000\nxref\n0 14\n0000000000 65535 f \n0000237826 00000 n \n0000237899 00000 n \n0000237766 00000 n \n0000000015 00000 n \n0000115817 00000 n \n0000115928 00000 n \n0000115946 00000 n \n0000116011 00000 n \n0000116122 00000 n \n0000237454 00000 n \n0000237567 00000 n \n0000237586 00000 n \n0000237652 00000 n \ntrailer\n<</Size 14\n/Info 3 0 R\n/Root 2 0 R\n>>\nstartxref\n237988\n%%EOF\n'),(27,'Get to more than 5 events','2013-08-10',0,'','','','',NULL,9,NULL,NULL,NULL,NULL),(28,'Test Block Group','2013-09-09',2,'1800','S','Halsted','Ave','170313103001005',6,NULL,NULL,NULL,NULL);
/*!40000 ALTER TABLE `Campaigns_Events` ENABLE KEYS */;
UNLOCK TABLES;

--
-- Table structure for table `Campaigns_Institutions`
--

DROP TABLE IF EXISTS `Campaigns_Institutions`;
/*!40101 SET @saved_cs_client     = @@character_set_client */;
/*!40101 SET character_set_client = utf8 */;
CREATE TABLE `Campaigns_Institutions` (
  `Campaigns_Institutions_ID` int(11) NOT NULL AUTO_INCREMENT,
  `Institution_ID` int(11) DEFAULT NULL,
  `Campaign_ID` int(11) DEFAULT NULL,
  PRIMARY KEY (`Campaigns_Institutions_ID`),
  KEY `FK_Campaigns_Institutions__Institutions__Institution_ID_idx` (`Institution_ID`),
  CONSTRAINT `FK_Campaigns_Institutions__Institutions__Institution_ID` FOREIGN KEY (`Institution_ID`) REFERENCES `Institutions` (`Inst_ID`) ON DELETE NO ACTION ON UPDATE NO ACTION
) ENGINE=InnoDB AUTO_INCREMENT=11 DEFAULT CHARSET=latin1;
/*!40101 SET character_set_client = @saved_cs_client */;

--
-- Dumping data for table `Campaigns_Institutions`
--

LOCK TABLES `Campaigns_Institutions` WRITE;
/*!40000 ALTER TABLE `Campaigns_Institutions` DISABLE KEYS */;
INSERT INTO `Campaigns_Institutions` VALUES (7,22,3),(8,13,2),(9,10,2),(10,14,2);
/*!40000 ALTER TABLE `Campaigns_Institutions` ENABLE KEYS */;
UNLOCK TABLES;

--
-- Table structure for table `Child_Parent`
--

DROP TABLE IF EXISTS `Child_Parent`;
/*!40101 SET @saved_cs_client     = @@character_set_client */;
/*!40101 SET character_set_client = utf8 */;
CREATE TABLE `Child_Parent` (
  `Family_ID` int(11) NOT NULL AUTO_INCREMENT,
  `Child_ID` int(11) DEFAULT NULL,
  `Parent_ID` int(11) DEFAULT NULL,
  PRIMARY KEY (`Family_ID`),
  KEY `child_id` (`Child_ID`),
  KEY `parent_id` (`Parent_ID`),
  CONSTRAINT `child_id` FOREIGN KEY (`Child_ID`) REFERENCES `Participants` (`Participant_ID`) ON DELETE CASCADE ON UPDATE CASCADE,
  CONSTRAINT `parent_id` FOREIGN KEY (`Parent_ID`) REFERENCES `Participants` (`Participant_ID`) ON DELETE CASCADE ON UPDATE CASCADE
) ENGINE=InnoDB AUTO_INCREMENT=10 DEFAULT CHARSET=latin1;
/*!40101 SET character_set_client = @saved_cs_client */;

--
-- Dumping data for table `Child_Parent`
--

LOCK TABLES `Child_Parent` WRITE;
/*!40000 ALTER TABLE `Child_Parent` DISABLE KEYS */;
INSERT INTO `Child_Parent` VALUES (1,5,9),(2,13,12),(3,3,2),(4,3,1),(5,17,16),(7,20,6),(8,21,22),(9,31,30);
/*!40000 ALTER TABLE `Child_Parent` ENABLE KEYS */;
UNLOCK TABLES;

--
-- Table structure for table `Event_Roles`
--

DROP TABLE IF EXISTS `Event_Roles`;
/*!40101 SET @saved_cs_client     = @@character_set_client */;
/*!40101 SET character_set_client = utf8 */;
CREATE TABLE `Event_Roles` (
  `Event_Role_ID` int(11) NOT NULL AUTO_INCREMENT,
  `Role` varchar(45) DEFAULT NULL,
  PRIMARY KEY (`Event_Role_ID`)
) ENGINE=InnoDB AUTO_INCREMENT=7 DEFAULT CHARSET=latin1;
/*!40101 SET character_set_client = @saved_cs_client */;

--
-- Dumping data for table `Event_Roles`
--

LOCK TABLES `Event_Roles` WRITE;
/*!40000 ALTER TABLE `Event_Roles` DISABLE KEYS */;
INSERT INTO `Event_Roles` VALUES (0,'N/A'),(1,'Attendee'),(2,'Speaker'),(3,'Chairperson'),(4,'Prep work'),(5,'Staff'),(6,'Point person');
/*!40000 ALTER TABLE `Event_Roles` ENABLE KEYS */;
UNLOCK TABLES;

--
-- Table structure for table `Event_Types`
--

DROP TABLE IF EXISTS `Event_Types`;
/*!40101 SET @saved_cs_client     = @@character_set_client */;
/*!40101 SET character_set_client = utf8 */;
CREATE TABLE `Event_Types` (
  `Event_Type_ID` int(11) NOT NULL AUTO_INCREMENT,
  `Type` varchar(45) DEFAULT NULL,
  PRIMARY KEY (`Event_Type_ID`)
) ENGINE=InnoDB AUTO_INCREMENT=13 DEFAULT CHARSET=latin1;
/*!40101 SET character_set_client = @saved_cs_client */;

--
-- Dumping data for table `Event_Types`
--

LOCK TABLES `Event_Types` WRITE;
/*!40000 ALTER TABLE `Event_Types` DISABLE KEYS */;
INSERT INTO `Event_Types` VALUES (1,'Leadership Meeting'),(2,'Board Meeting'),(3,'Rally/March'),(4,'Press Conference'),(5,'Doorknocking'),(6,'Aldermanic Meeting'),(7,'City Council Meeting'),(8,'Legislative Meeting'),(9,'Petitions/Postcards'),(10,'Other'),(11,'Meeting/Assembly'),(12,'Working Group');
/*!40000 ALTER TABLE `Event_Types` ENABLE KEYS */;
UNLOCK TABLES;

--
-- Table structure for table `Followups`
--

DROP TABLE IF EXISTS `Followups`;
/*!40101 SET @saved_cs_client     = @@character_set_client */;
/*!40101 SET character_set_client = utf8 */;
CREATE TABLE `Followups` (
  `Followup_ID` int(11) NOT NULL AUTO_INCREMENT,
  `Participant` int(11) DEFAULT NULL,
  `Note` varchar(600) DEFAULT NULL,
  `Date` timestamp NULL DEFAULT CURRENT_TIMESTAMP,
  PRIMARY KEY (`Followup_ID`)
) ENGINE=InnoDB AUTO_INCREMENT=5 DEFAULT CHARSET=latin1;
/*!40101 SET character_set_client = @saved_cs_client */;

--
-- Dumping data for table `Followups`
--

LOCK TABLES `Followups` WRITE;
/*!40000 ALTER TABLE `Followups` DISABLE KEYS */;
INSERT INTO `Followups` VALUES (1,6,'Test a new note.\n','2013-08-07 16:54:54'),(2,29,'how bout now?','2013-08-23 20:59:30'),(3,23,'test new followup','2013-08-23 20:59:48'),(4,31,'Add followup note here.','2013-08-28 13:07:13');
/*!40000 ALTER TABLE `Followups` ENABLE KEYS */;
UNLOCK TABLES;

--
-- Table structure for table `Institution_Types`
--

DROP TABLE IF EXISTS `Institution_Types`;
/*!40101 SET @saved_cs_client     = @@character_set_client */;
/*!40101 SET character_set_client = utf8 */;
CREATE TABLE `Institution_Types` (
  `Inst_Type_ID` int(11) NOT NULL AUTO_INCREMENT,
  `Type` varchar(45) DEFAULT NULL,
  PRIMARY KEY (`Inst_Type_ID`)
) ENGINE=InnoDB AUTO_INCREMENT=6 DEFAULT CHARSET=latin1;
/*!40101 SET character_set_client = @saved_cs_client */;

--
-- Dumping data for table `Institution_Types`
--

LOCK TABLES `Institution_Types` WRITE;
/*!40000 ALTER TABLE `Institution_Types` DISABLE KEYS */;
INSERT INTO `Institution_Types` VALUES (1,'School'),(2,'Church'),(3,'Community Organization'),(4,'Hospital'),(5,'University');
/*!40000 ALTER TABLE `Institution_Types` ENABLE KEYS */;
UNLOCK TABLES;

--
-- Table structure for table `Institutions`
--

DROP TABLE IF EXISTS `Institutions`;
/*!40101 SET @saved_cs_client     = @@character_set_client */;
/*!40101 SET character_set_client = utf8 */;
CREATE TABLE `Institutions` (
  `Inst_ID` int(11) NOT NULL AUTO_INCREMENT,
  `Institution_Name` varchar(45) DEFAULT NULL,
  `Institution_Type` int(11) DEFAULT NULL,
  `Address_Num` int(11) DEFAULT NULL,
  `Address_Dir` varchar(45) DEFAULT NULL,
  `Address_Street` varchar(45) DEFAULT NULL,
  `Address_Street_Type` varchar(45) DEFAULT NULL,
  `Block_Group` varchar(45) DEFAULT NULL,
  `Point_Person` int(11) DEFAULT NULL,
  `Phone` varchar(45) DEFAULT NULL,
  `Email` varchar(45) DEFAULT NULL,
  PRIMARY KEY (`Inst_ID`)
) ENGINE=InnoDB AUTO_INCREMENT=35 DEFAULT CHARSET=latin1;
/*!40101 SET character_set_client = @saved_cs_client */;

--
-- Dumping data for table `Institutions`
--

LOCK TABLES `Institutions` WRITE;
/*!40000 ALTER TABLE `Institutions` DISABLE KEYS */;
INSERT INTO `Institutions` VALUES (0,'N/A',NULL,NULL,NULL,NULL,NULL,NULL,NULL,NULL,NULL),(1,'Castellanos',1,NULL,NULL,NULL,NULL,NULL,NULL,NULL,NULL),(2,'Corkery',1,1750,'S','State','St',NULL,6,'','momar.corkery@gmail.com'),(3,'Crown Academy',1,NULL,NULL,NULL,NULL,NULL,NULL,NULL,NULL),(4,'Gary',1,NULL,NULL,NULL,NULL,NULL,NULL,NULL,NULL),(5,'Hammond',1,NULL,NULL,NULL,NULL,NULL,NULL,NULL,NULL),(6,'Howland (Catalyst Charter)',1,NULL,NULL,NULL,NULL,NULL,NULL,NULL,NULL),(7,'Kanoon',1,NULL,NULL,NULL,NULL,NULL,NULL,NULL,NULL),(8,'Little Village Academy',1,0,'','','',NULL,0,'',''),(9,'Ortiz',1,NULL,NULL,NULL,NULL,NULL,NULL,NULL,NULL),(10,'Our Lady Tepeyac Catholic',1,NULL,NULL,NULL,NULL,NULL,NULL,NULL,NULL),(11,'Madero',1,NULL,NULL,NULL,NULL,NULL,NULL,NULL,NULL),(12,'St. Agnes',1,0,'','','',NULL,0,'123-456-7890','info@stagnes.org'),(13,'Enlace Chicago',3,2100,'S','Ashland','Ave',NULL,0,'',''),(14,'Mt. Sinai',4,NULL,NULL,NULL,NULL,NULL,NULL,NULL,NULL),(15,'Marquette U',5,NULL,NULL,NULL,NULL,NULL,NULL,NULL,NULL),(16,'St. Anthony',4,NULL,NULL,NULL,NULL,NULL,NULL,NULL,NULL),(17,'Beyond the Ball',3,0,'','','',NULL,0,'555-665-9087',''),(18,'Rainbow House',3,NULL,NULL,NULL,NULL,NULL,NULL,NULL,NULL),(19,'New Life Centers',3,NULL,NULL,NULL,NULL,NULL,NULL,NULL,NULL),(22,'Christ\'s Way',2,6142,'S','Woodlawn','Ave',NULL,14,'773-256-5566','info@christsway.org'),(23,'MMW LLC',5,0,'','','',NULL,0,'','maggie@mmw.us'),(24,'Lurie Children\'s Hospital',4,0,'','','',NULL,0,'',''),(25,'Partners In Health',3,0,'','','',NULL,0,'',''),(26,'Socios En Salud',3,0,'','','',NULL,0,'',''),(28,'Test Point.',3,0,'','','',NULL,0,'',''),(29,'Attempt Again',4,900,'N','Halsted','Ave',NULL,27,'',''),(31,'And Yet Again',4,6106,'S','Ingleside','Ave',NULL,0,'',''),(33,'Noise Reduction Co.',3,0,'','','',NULL,12,'',''),(34,'TestBlock Group',5,2700,'S','Western','Ave','170318413002019',27,'','');
/*!40000 ALTER TABLE `Institutions` ENABLE KEYS */;
UNLOCK TABLES;

--
-- Table structure for table `Participants`
--

DROP TABLE IF EXISTS `Participants`;
/*!40101 SET @saved_cs_client     = @@character_set_client */;
/*!40101 SET character_set_client = utf8 */;
CREATE TABLE `Participants` (
  `Participant_ID` int(11) NOT NULL AUTO_INCREMENT,
  `First_Name` varchar(45) DEFAULT NULL,
  `Last_Name` varchar(45) DEFAULT NULL,
  `Day_Phone` varchar(45) DEFAULT NULL,
  `Evening_Phone` varchar(45) DEFAULT NULL,
  `Address_Num` int(11) DEFAULT NULL,
  `Address_Dir` varchar(2) DEFAULT NULL,
  `Address_Street` varchar(45) DEFAULT NULL,
  `Address_Street_Type` varchar(45) DEFAULT NULL,
  `Address_City` varchar(45) DEFAULT NULL,
  `Address_State` varchar(45) DEFAULT NULL,
  `Address_ZIP` int(5) DEFAULT NULL,
  `Block_Group` varchar(45) DEFAULT NULL,
  `DOB` varchar(45) DEFAULT NULL,
  `Age` int(3) DEFAULT NULL,
  `Gender` varchar(45) DEFAULT NULL,
  `Grade` varchar(45) DEFAULT NULL,
  `Grade_Entered` int(11) DEFAULT NULL,
  `School` int(11) DEFAULT NULL,
  `Role` int(11) DEFAULT NULL,
  `Date_Entered` timestamp NULL DEFAULT CURRENT_TIMESTAMP,
  `Email` varchar(45) DEFAULT NULL,
  `Early_Warning_Absences` int(11) DEFAULT NULL,
  `Early_Warning_Failed` int(11) DEFAULT NULL,
  `Early_Warning_Discipline` int(11) DEFAULT NULL,
  `Referring_Teacher` int(11) DEFAULT NULL,
  `Recruitment` int(11) DEFAULT '0',
  `Justice_System` int(11) DEFAULT '0',
  PRIMARY KEY (`Participant_ID`)
) ENGINE=InnoDB AUTO_INCREMENT=45 DEFAULT CHARSET=latin1;
/*!40101 SET character_set_client = @saved_cs_client */;

--
-- Dumping data for table `Participants`
--

LOCK TABLES `Participants` WRITE;
/*!40000 ALTER TABLE `Participants` DISABLE KEYS */;
INSERT INTO `Participants` VALUES (1,'Eva','Wright','773-202-8640','773-202-8651',0,'','','','','',0,NULL,'2013-7-30',52,'f','',NULL,0,2,'2013-06-07 20:32:03','wright-wright@home.net',0,0,0,0,0,0),(2,'Hannah','Wright','','',NULL,NULL,NULL,NULL,NULL,NULL,NULL,NULL,'',31,'f','',NULL,0,2,'2013-06-07 20:33:38',NULL,NULL,NULL,NULL,NULL,0,0),(3,'Nelly','Wright','','',0,'','','','','',0,NULL,'2002-10-31',0,'f','',NULL,0,1,'2013-06-07 20:35:25','',0,0,0,0,0,0),(4,'Enzo','Angiolini','555-555-5555','',1600,'N','Pennsylvania','Ave','Chicago','IL',60623,NULL,'2001-1-1',12,'m','',0,0,1,'2013-06-07 20:49:27','',0,0,1,0,0,0),(5,'Antoine','Reed','','',0,'','','','','',0,NULL,'1999-7-14',0,'m','',NULL,0,1,'2013-06-14 19:01:42','coolkid1@uchicago.edu',1,0,1,0,0,0),(6,'Mylo','Omarion','','',1800,'W','Garfield','','Chicago','IL',0,NULL,'2001-4-6',0,'m','7',2013,4,0,'2013-06-20 16:47:19','',1,0,0,0,0,0),(9,'Estelle','Swaray','','',0,'','','','','',0,NULL,'1979-1-18',0,'f','',NULL,0,0,'2013-06-20 18:15:03','',0,0,0,0,0,0),(10,'Testing','Walkthrough','','',0,'','','','','',0,NULL,'2013-7-5',0,'f','',NULL,0,0,'2013-07-05 20:17:30','',0,0,0,0,0,0),(11,'Corinne','Taylor','','',0,'','','','','',0,NULL,'2002-8-8',0,'f','',NULL,8,0,'2013-07-26 18:34:21','',0,0,0,0,0,0),(12,'Elias','Taylor','','',NULL,NULL,NULL,NULL,NULL,NULL,NULL,NULL,'',0,'','',NULL,0,0,'2013-07-26 18:56:30',NULL,NULL,NULL,NULL,NULL,0,0),(13,'Eugenia','Michaels','401-222-3322','401-222-3311',80,'W','65th','St','Chicago','IL',60601,NULL,'2000-7-12',0,'f','',NULL,0,0,'2013-07-29 14:29:02','',0,0,0,0,0,0),(14,'Fake','Name','','',NULL,NULL,NULL,NULL,NULL,NULL,NULL,NULL,'',0,'','',NULL,0,0,'2013-07-30 14:45:49',NULL,NULL,NULL,NULL,NULL,0,0),(15,'Even','Faker','','',0,'','','','','',0,NULL,'2001-3-23',0,'','',0,0,1,'2013-07-30 14:46:16','',0,0,0,0,0,0),(16,'Camille','Paglia','','',0,'','','','','',0,NULL,'2001-3-3',0,'','',0,0,1,'2013-07-30 19:12:29','',0,0,0,0,0,0),(17,'Evette','Paglia','','',NULL,NULL,NULL,NULL,NULL,NULL,NULL,NULL,'',0,'','',NULL,0,0,'2013-07-31 18:46:01',NULL,NULL,NULL,NULL,NULL,0,0),(20,'Miles','Omarion','','',NULL,NULL,NULL,NULL,NULL,NULL,NULL,NULL,'',0,'','',NULL,0,0,'2013-08-08 18:17:01',NULL,NULL,NULL,NULL,NULL,0,0),(21,'Wynter','Gordon','','',9876,'W','28th','St','Chicago','IL',60623,NULL,'2000-8-4',0,'f','8',2013,1,1,'2013-08-12 15:24:20','',0,0,0,0,0,0),(22,'Anne','Gordon','','',NULL,NULL,NULL,NULL,NULL,NULL,NULL,NULL,'',0,'','',NULL,0,0,'2013-08-12 18:07:25',NULL,NULL,NULL,NULL,NULL,0,0),(23,'Wynter','Gordon','','',0,'','','','','',0,NULL,'1999-5-3',0,'','',0,0,1,'2013-08-19 15:33:53','',0,0,0,0,0,0),(24,'Test','Roles','','',NULL,NULL,NULL,NULL,NULL,NULL,NULL,NULL,'2013-8-12',0,'','',NULL,0,1,'2013-08-19 18:27:27',NULL,NULL,NULL,NULL,NULL,0,0),(25,'Anna','Freud','','',NULL,NULL,NULL,NULL,NULL,NULL,NULL,NULL,'2001-11-11',0,'','',NULL,0,1,'2013-08-20 15:53:52',NULL,NULL,NULL,NULL,NULL,0,0),(26,'Morgan','Walsch','','',NULL,NULL,NULL,NULL,NULL,NULL,NULL,NULL,'1989-2-16',0,'','',NULL,0,3,'2013-08-20 15:54:40',NULL,NULL,NULL,NULL,NULL,0,0),(27,'placido','domingo','','',0,'','','','','',0,'','1993-08-01',0,'m','',0,0,1,'2013-08-20 17:14:05','',0,0,0,0,0,0),(28,'Test','DOB','','',0,'','','','','',0,NULL,'',0,'m','',0,0,2,'2013-08-23 20:56:29','',0,0,0,0,0,0),(29,'Test','DOB 2','','',NULL,NULL,NULL,NULL,NULL,NULL,NULL,NULL,'1990-02-01',0,'','',NULL,0,3,'2013-08-23 20:56:50',NULL,NULL,NULL,NULL,NULL,0,0),(30,'Maria','Yegros','','',NULL,NULL,NULL,NULL,NULL,NULL,NULL,NULL,'1980-09-05',0,'','',NULL,0,3,'2013-08-28 13:05:49',NULL,NULL,NULL,NULL,NULL,0,0),(31,'Liamar','Yegros','','',0,'','','','','',0,NULL,'2000-12-28',12,'f','',0,0,1,'2013-08-28 13:06:39','',0,0,0,0,0,0),(32,'test','old','','',NULL,NULL,NULL,NULL,NULL,NULL,NULL,NULL,'1920-9-3',0,'','',NULL,0,2,'2013-09-04 19:48:40',NULL,NULL,NULL,NULL,NULL,0,0),(33,'Fiselle','Scarlatti','','',NULL,NULL,NULL,NULL,NULL,NULL,NULL,NULL,'2000-2-28',0,'','',NULL,0,1,'2013-09-04 19:58:26',NULL,NULL,NULL,NULL,NULL,0,0),(34,'Test','Wrong-DOB','','',NULL,NULL,NULL,NULL,NULL,NULL,NULL,NULL,'2000-2-28',0,'','',NULL,0,1,'2013-09-04 20:04:11',NULL,NULL,NULL,NULL,NULL,0,0),(35,'Rachel','Wood','','',NULL,NULL,NULL,NULL,NULL,NULL,NULL,NULL,'2001-9-12',0,'','',NULL,0,1,'2013-09-10 17:53:31',NULL,NULL,NULL,NULL,NULL,0,0),(36,'test','no-dob','asdf','',0,'','','','','',0,NULL,'1990-12-14',0,'','',0,0,1,'2013-09-16 19:10:31','',0,0,0,0,0,0),(37,'test','dobagain','','',NULL,NULL,NULL,NULL,NULL,NULL,NULL,NULL,'1993-5-26',0,'','',NULL,0,1,'2013-09-16 19:34:02',NULL,NULL,NULL,NULL,NULL,0,0),(38,'test','dobagain','','',NULL,NULL,NULL,NULL,NULL,NULL,NULL,NULL,'1993-05-26',0,'','',NULL,0,1,'2013-09-16 19:34:23',NULL,NULL,NULL,NULL,NULL,0,0),(39,'test','dobagain','','',NULL,NULL,NULL,NULL,NULL,NULL,NULL,NULL,'1993-5-4',0,'','',NULL,0,1,'2013-09-16 19:38:54',NULL,NULL,NULL,NULL,NULL,0,0),(40,'Noaddress','Field','','',9,'','Salisbury','Rd','Foster','RI',2825,'440070133002022','',30,'f','',0,0,3,'2013-09-30 15:29:27','',0,0,0,0,0,0),(41,'Testing','New-People','','',NULL,NULL,NULL,NULL,NULL,NULL,NULL,NULL,'',0,'','',NULL,0,2,'2013-10-07 19:22:33',NULL,NULL,NULL,NULL,NULL,0,0),(42,'','','','',NULL,NULL,NULL,NULL,NULL,NULL,NULL,NULL,'',0,'','',NULL,0,1,'2014-04-15 15:21:50',NULL,NULL,NULL,NULL,NULL,0,0),(43,'Ce','De','','',NULL,NULL,NULL,NULL,NULL,NULL,NULL,NULL,'',0,'','',NULL,0,1,'2014-04-15 15:23:43',NULL,NULL,NULL,NULL,NULL,0,0),(44,'Test','Final','','',NULL,NULL,NULL,NULL,NULL,NULL,NULL,NULL,'',0,'','',NULL,0,1,'2014-04-15 15:24:33',NULL,NULL,NULL,NULL,NULL,0,0);
/*!40000 ALTER TABLE `Participants` ENABLE KEYS */;
UNLOCK TABLES;

--
-- Table structure for table `Participants_Baseline_Assessments`
--

DROP TABLE IF EXISTS `Participants_Baseline_Assessments`;
/*!40101 SET @saved_cs_client     = @@character_set_client */;
/*!40101 SET character_set_client = utf8 */;
CREATE TABLE `Participants_Baseline_Assessments` (
  `Baseline_Assessment_ID` int(11) NOT NULL AUTO_INCREMENT,
  `Participant_ID` int(11) DEFAULT NULL,
  `Program` int(11) DEFAULT NULL,
  `Home_Language` int(11) DEFAULT NULL,
  `US_Born` int(11) DEFAULT NULL,
  `Ethnicity` int(11) DEFAULT NULL,
  `Race` int(11) DEFAULT NULL,
  `BYS_1` int(11) DEFAULT NULL,
  `BYS_2` int(11) DEFAULT NULL,
  `BYS_3` int(11) DEFAULT NULL,
  `BYS_4` int(11) DEFAULT NULL,
  `BYS_5` int(11) DEFAULT NULL,
  `BYS_6` int(11) DEFAULT NULL,
  `BYS_7` int(11) DEFAULT NULL,
  `BYS_8` int(11) DEFAULT NULL,
  `BYS_9` int(11) DEFAULT NULL,
  `BYS_T` int(11) DEFAULT NULL,
  `BYS_E` int(11) DEFAULT NULL,
  `JVQ_1` int(11) DEFAULT NULL,
  `JVQ_2` int(11) DEFAULT NULL,
  `JVQ_3` int(11) DEFAULT NULL,
  `JVQ_4` int(11) DEFAULT NULL,
  `JVQ_5` int(11) DEFAULT NULL,
  `JVQ_6` int(11) DEFAULT NULL,
  `JVQ_7` int(11) DEFAULT NULL,
  `JVQ_8` int(11) DEFAULT NULL,
  `JVQ_9` int(11) DEFAULT NULL,
  `JVQ_T` int(11) DEFAULT NULL,
  `JVQ_E` int(11) DEFAULT NULL,
  `JVQ_12` int(11) DEFAULT NULL,
  `Date_Logged` timestamp NULL DEFAULT CURRENT_TIMESTAMP,
  PRIMARY KEY (`Baseline_Assessment_ID`)
) ENGINE=InnoDB AUTO_INCREMENT=49 DEFAULT CHARSET=latin1;
/*!40101 SET character_set_client = @saved_cs_client */;

--
-- Dumping data for table `Participants_Baseline_Assessments`
--

LOCK TABLES `Participants_Baseline_Assessments` WRITE;
/*!40000 ALTER TABLE `Participants_Baseline_Assessments` DISABLE KEYS */;
INSERT INTO `Participants_Baseline_Assessments` VALUES (3,4,NULL,2,2,NULL,1,0,0,0,2,1,0,0,0,0,1,0,0,1,0,0,1,0,0,0,0,0,0,1,'2013-06-17 19:10:10'),(5,4,NULL,2,2,NULL,1,0,0,0,2,1,0,0,0,0,1,0,0,1,0,0,1,0,0,0,0,0,0,1,'2013-06-20 17:49:35'),(6,4,NULL,2,2,NULL,1,0,0,0,2,1,0,0,0,0,1,0,0,1,0,0,1,0,0,0,0,0,0,1,'2013-06-25 15:12:09'),(10,4,NULL,2,2,NULL,1,0,0,0,2,1,0,0,0,0,1,0,0,1,0,0,1,0,0,0,0,0,0,1,'2013-07-05 20:25:46'),(15,4,NULL,2,2,0,1,0,0,0,2,1,0,0,0,0,1,0,0,1,0,0,1,0,0,0,0,0,0,1,'2013-07-24 15:34:47'),(16,4,NULL,2,2,3,1,0,0,0,2,1,0,0,0,0,1,0,0,1,0,0,1,0,0,0,0,0,0,1,'2013-07-26 19:14:40'),(27,4,NULL,2,2,0,1,0,0,0,2,1,0,0,0,0,1,0,0,1,0,0,1,0,0,0,0,0,0,1,'2013-08-15 18:45:05'),(28,4,NULL,2,2,0,1,0,0,0,2,1,0,0,0,0,1,0,0,1,0,0,1,0,0,0,0,0,0,1,'2013-08-15 18:45:54'),(29,4,NULL,2,2,0,1,0,0,0,2,1,0,0,0,0,1,0,0,1,0,0,1,0,0,0,0,0,0,1,'2013-08-15 20:49:30'),(30,4,NULL,2,2,0,1,0,0,0,2,1,0,0,0,0,1,0,0,1,0,0,1,0,0,0,0,0,0,1,'2013-08-19 18:59:38'),(31,4,NULL,2,2,2,1,0,0,0,2,1,0,0,0,0,1,0,0,1,0,0,1,0,0,0,0,0,0,1,'2013-08-19 19:00:33'),(32,15,NULL,0,1,2,2,3,3,3,3,3,0,0,0,0,1,0,0,1,0,0,1,0,0,0,2,0,0,2,'2013-08-19 19:01:40'),(33,4,NULL,2,2,5,1,0,0,0,2,1,0,0,0,0,1,0,0,1,0,0,1,0,0,0,0,0,0,1,'2013-08-28 13:21:46'),(34,4,NULL,2,2,0,1,0,0,0,2,1,0,0,0,0,1,0,0,1,0,0,1,0,0,0,0,0,0,1,'2013-08-28 20:05:43'),(35,4,NULL,2,2,5,1,0,0,0,2,1,0,0,0,0,1,0,0,1,0,0,1,0,0,0,0,0,0,1,'2013-08-28 20:34:16'),(43,4,NULL,2,2,0,1,0,0,0,2,1,0,0,0,0,1,0,0,1,0,0,1,0,0,0,0,0,0,1,'2013-09-10 16:55:19'),(45,4,7,2,2,0,1,0,0,0,2,1,0,0,0,0,1,0,0,1,0,0,1,0,0,0,0,1,1,1,'2013-10-11 05:00:00'),(46,4,7,2,0,0,0,2,0,0,0,0,0,0,0,0,0,2,0,0,0,0,0,0,0,0,0,0,0,0,'2013-10-02 21:29:40'),(47,27,1,2,0,0,2,0,0,0,0,0,0,0,0,0,0,0,0,0,0,0,0,0,0,0,0,0,0,0,'2013-11-04 06:00:00'),(48,33,11,0,0,0,0,0,0,0,0,0,0,0,0,0,0,0,0,0,0,0,0,0,0,0,0,0,0,0,'2013-11-04 06:00:00'),(49,4,8,2,2,0,1,0,0,0,2,1,0,0,0,0,1,0,0,1,0,0,1,0,0,0,0,0,0,1,'2013-08-15 20:49:30'),(50,4,8,2,2,0,1,0,0,0,2,1,0,0,0,0,1,0,0,1,0,0,1,0,0,0,0,0,0,1,'2013-08-19 18:59:38'),(51,4,8,2,2,2,1,0,0,0,2,1,0,0,0,0,1,0,0,1,0,0,1,0,0,0,0,0,0,1,'2013-08-19 19:00:33'),(52,15,6,0,1,2,2,3,3,3,3,3,0,0,0,0,1,0,0,1,0,0,1,0,0,0,2,0,0,2,'2013-08-19 19:01:40'),(53,4,8,2,2,5,1,0,0,0,2,1,0,0,0,0,1,0,0,1,0,0,1,0,0,0,0,0,0,1,'2013-08-28 13:21:46'),(54,4,8,2,2,0,1,0,0,0,2,1,0,0,0,0,1,0,0,1,0,0,1,0,0,0,0,0,0,1,'2013-08-28 20:05:43'),(55,4,8,2,2,5,1,0,0,0,2,1,0,0,0,0,1,0,0,1,0,0,1,0,0,0,0,0,0,1,'2013-08-28 20:34:16');
/*!40000 ALTER TABLE `Participants_Baseline_Assessments` ENABLE KEYS */;
UNLOCK TABLES;

--
-- Table structure for table `Participants_Caring_Adults`
--

DROP TABLE IF EXISTS `Participants_Caring_Adults`;
/*!40101 SET @saved_cs_client     = @@character_set_client */;
/*!40101 SET character_set_client = utf8 */;
CREATE TABLE `Participants_Caring_Adults` (
  `Caring_Adults_ID` int(11) NOT NULL AUTO_INCREMENT,
  `Participant_ID` int(11) DEFAULT NULL,
  `Pay_Attention` int(11) DEFAULT NULL,
  `Check_In` int(11) DEFAULT NULL,
  `Compliment` int(11) DEFAULT NULL,
  `Upset_Discussion` int(11) DEFAULT NULL,
  `Crisis_Help` int(11) DEFAULT NULL,
  `Personal_Advice` int(11) DEFAULT NULL,
  `Know_You` int(11) DEFAULT NULL,
  `KnowImportance` int(11) DEFAULT NULL,
  `Date_Logged` timestamp NULL DEFAULT CURRENT_TIMESTAMP,
  `Program` int(11) DEFAULT NULL,
  `Pre_Post` int(11) DEFAULT NULL,
  PRIMARY KEY (`Caring_Adults_ID`)
) ENGINE=InnoDB AUTO_INCREMENT=407 DEFAULT CHARSET=latin1;
/*!40101 SET character_set_client = @saved_cs_client */;

--
-- Dumping data for table `Participants_Caring_Adults`
--

LOCK TABLES `Participants_Caring_Adults` WRITE;
/*!40000 ALTER TABLE `Participants_Caring_Adults` DISABLE KEYS */;
INSERT INTO `Participants_Caring_Adults` VALUES (1,4,0,0,0,0,0,0,0,0,NULL,8,1),(4,4,0,0,0,0,0,0,0,0,'2013-06-20 17:55:03',8,1),(5,4,0,0,0,0,0,0,0,0,'2013-06-25 20:19:03',8,1),(6,4,0,0,0,0,0,0,0,0,'2013-07-03 16:26:11',8,1),(7,4,0,0,0,0,0,0,0,0,'2013-07-05 20:26:13',8,1),(8,4,0,0,0,0,0,0,0,0,'2013-07-10 18:13:35',8,1),(9,4,0,0,0,0,0,0,0,0,'2013-07-10 18:19:42',8,1),(10,4,0,0,0,0,0,0,0,0,'2013-07-10 18:20:55',8,1),(11,4,0,0,0,0,0,0,0,0,'2013-07-10 18:41:40',8,1),(12,4,0,0,0,0,0,0,0,0,'2013-07-11 18:18:37',8,1),(13,4,0,0,0,0,0,0,0,0,'2013-07-22 18:53:57',8,1),(14,4,0,0,0,0,0,0,0,0,'2013-07-24 15:34:47',8,1),(15,4,0,0,0,0,0,0,0,0,'2013-07-24 15:41:25',8,1),(16,4,0,0,0,0,0,0,0,0,'2013-07-26 19:14:40',8,1),(17,4,0,0,0,0,0,0,0,0,'2013-07-26 19:15:38',8,1),(18,4,0,0,0,0,0,0,0,0,'2013-08-07 16:29:11',8,1),(19,4,0,0,0,0,0,0,0,0,'2013-08-07 16:29:59',8,1),(20,4,0,0,0,0,0,0,0,0,'2013-08-07 16:30:31',8,1),(21,4,0,0,0,0,0,0,0,0,'2013-08-13 16:48:53',8,1),(22,4,0,0,0,0,0,0,0,0,'2013-08-13 19:36:27',8,1),(23,4,0,0,0,0,0,0,0,0,'2013-08-13 19:40:00',8,1),(24,4,0,0,0,0,0,0,0,0,'2013-08-13 19:41:14',8,1),(25,4,0,0,0,0,0,0,0,0,'2013-08-13 19:41:53',8,1),(26,4,0,0,0,0,0,0,0,0,'2013-08-15 18:45:54',8,1),(27,4,0,0,0,0,0,0,0,0,'2013-08-15 20:47:52',8,1),(28,4,0,0,0,0,0,0,0,0,'2013-08-15 20:49:30',8,1),(29,4,0,0,0,0,0,0,0,0,'2013-08-15 21:10:14',8,1),(30,4,0,0,0,0,0,0,0,0,'2013-08-15 21:10:50',8,1),(31,4,0,0,0,0,0,0,0,0,'2013-08-19 18:59:38',8,1),(32,4,0,0,0,0,0,0,0,0,'2013-08-19 19:00:33',8,1),(33,15,2,2,3,2,3,2,0,0,'2013-08-19 19:01:40',6,1),(34,4,0,0,0,0,0,0,0,0,'2013-08-28 13:21:46',8,1),(35,4,0,0,0,0,0,0,0,0,'2013-08-28 20:05:43',8,1),(36,4,0,0,0,0,0,0,0,0,'2013-08-28 20:34:16',8,1),(37,4,0,0,0,0,0,0,0,0,'2013-08-28 20:35:26',8,1),(43,4,0,0,0,0,0,0,0,0,'2013-08-28 20:40:13',8,1),(44,4,0,0,0,0,0,0,0,0,'2013-08-28 20:40:13',8,1),(45,15,2,4,0,3,0,0,0,0,'2013-08-28 20:42:04',6,2),(46,4,0,0,0,0,0,0,0,0,'2013-09-10 16:44:13',8,1),(47,4,0,0,0,0,0,0,0,0,'2013-09-10 16:44:42',8,1),(48,4,0,0,0,0,0,0,0,0,'2013-09-10 16:47:16',8,1),(49,4,0,0,0,0,0,0,0,0,'2013-09-10 16:47:43',8,1),(50,4,0,0,0,0,0,0,0,0,'2013-09-10 16:51:20',8,1),(51,4,0,0,0,0,0,0,0,0,'2013-09-10 16:54:21',8,1),(52,4,0,0,0,0,0,0,0,0,'2013-09-10 16:54:45',8,1),(55,4,0,0,0,0,0,0,0,0,'2013-10-24 05:00:00',7,1),(383,286,3,3,3,3,3,3,3,3,'2013-09-13 22:50:06',22,1),(384,286,2,3,2,3,4,2,3,3,'2013-09-13 22:52:53',22,2),(385,286,2,3,2,3,4,2,3,3,'2013-09-13 22:52:57',22,2),(386,257,4,2,2,2,2,4,3,4,'2013-09-13 23:02:38',21,1),(387,285,0,0,0,0,0,0,0,0,'2013-09-13 23:03:47',21,1),(388,287,4,3,4,3,4,4,4,2,'2013-09-13 23:18:38',21,1),(389,283,4,3,4,4,3,3,3,2,'2013-09-13 23:21:21',21,1),(390,284,4,1,4,2,4,3,4,4,'2013-09-13 23:41:52',21,1),(391,288,4,4,4,3,4,4,4,3,'2013-09-13 23:48:55',21,1),(392,288,4,4,3,3,4,4,4,3,'2013-09-13 23:51:17',21,2),(393,289,4,4,4,4,3,3,3,4,'2013-09-14 00:05:08',19,1),(394,290,4,4,4,3,3,3,3,4,'2013-09-14 00:10:13',19,1),(395,92,3,3,3,3,3,3,3,3,'2013-09-14 00:12:12',19,2),(396,92,3,3,3,3,3,3,3,3,'2013-09-14 00:12:48',19,2),(397,91,4,3,3,3,3,3,3,3,'2013-09-14 00:15:31',19,2),(398,97,3,3,4,3,3,4,3,3,'2013-09-14 00:17:27',19,2),(399,93,4,4,3,4,4,4,4,3,'2013-09-14 00:20:06',19,2),(400,96,4,3,2,3,3,3,3,3,'2013-09-14 00:37:50',19,2),(401,89,3,3,3,2,3,2,2,2,'2013-09-14 00:40:18',19,2),(402,90,3,4,4,3,3,3,3,4,'2013-09-14 00:45:44',19,2),(403,4,0,0,0,0,0,0,0,0,'2013-10-02 21:29:40',7,1),(404,4,3,0,0,0,0,0,0,0,'2013-10-02 21:30:53',8,2),(405,27,0,0,0,0,0,0,0,0,'2013-11-18 21:36:26',1,1),(406,33,0,0,0,0,0,0,0,0,'2013-11-18 22:21:12',11,1);
/*!40000 ALTER TABLE `Participants_Caring_Adults` ENABLE KEYS */;
UNLOCK TABLES;

--
-- Table structure for table `Participants_Consent`
--

DROP TABLE IF EXISTS `Participants_Consent`;
/*!40101 SET @saved_cs_client     = @@character_set_client */;
/*!40101 SET character_set_client = utf8 */;
CREATE TABLE `Participants_Consent` (
  `Consent_ID` int(11) NOT NULL AUTO_INCREMENT,
  `Participant_ID` int(11) DEFAULT NULL,
  `School_Year` int(11) DEFAULT NULL,
  `Consent_Given` int(11) DEFAULT NULL,
  PRIMARY KEY (`Consent_ID`),
  KEY `FK_Participants_Consent__Participants__Participant_ID_idx` (`Participant_ID`),
  CONSTRAINT `FK_Participants_Consent__Participants__Participant_ID` FOREIGN KEY (`Participant_ID`) REFERENCES `Participants` (`Participant_ID`) ON DELETE NO ACTION ON UPDATE NO ACTION
) ENGINE=InnoDB AUTO_INCREMENT=6 DEFAULT CHARSET=latin1;
/*!40101 SET character_set_client = @saved_cs_client */;

--
-- Dumping data for table `Participants_Consent`
--

LOCK TABLES `Participants_Consent` WRITE;
/*!40000 ALTER TABLE `Participants_Consent` DISABLE KEYS */;
INSERT INTO `Participants_Consent` VALUES (1,6,1213,1),(2,6,1516,0),(3,11,1213,1),(4,13,1213,1),(5,4,1213,1);
/*!40000 ALTER TABLE `Participants_Consent` ENABLE KEYS */;
UNLOCK TABLES;

--
-- Table structure for table `Participants_Events`
--

DROP TABLE IF EXISTS `Participants_Events`;
/*!40101 SET @saved_cs_client     = @@character_set_client */;
/*!40101 SET character_set_client = utf8 */;
CREATE TABLE `Participants_Events` (
  `Participants_Events_ID` int(11) NOT NULL AUTO_INCREMENT,
  `Event_ID` int(11) DEFAULT NULL,
  `Participant_ID` int(11) DEFAULT NULL,
  `Role_Type` int(11) DEFAULT NULL,
  PRIMARY KEY (`Participants_Events_ID`)
) ENGINE=InnoDB AUTO_INCREMENT=44 DEFAULT CHARSET=latin1;
/*!40101 SET character_set_client = @saved_cs_client */;

--
-- Dumping data for table `Participants_Events`
--

LOCK TABLES `Participants_Events` WRITE;
/*!40000 ALTER TABLE `Participants_Events` DISABLE KEYS */;
INSERT INTO `Participants_Events` VALUES (22,11,5,1),(23,13,9,6),(24,14,0,0),(25,13,4,4),(26,14,0,0),(27,16,0,0),(28,14,0,0),(29,14,6,0),(30,17,9,4),(32,17,6,1),(33,14,5,3),(34,24,9,0),(35,24,5,0),(36,24,4,0),(37,25,0,0),(38,25,13,0),(39,24,6,0),(40,24,20,0),(41,24,21,0),(42,25,0,0),(43,24,31,0);
/*!40000 ALTER TABLE `Participants_Events` ENABLE KEYS */;
UNLOCK TABLES;

--
-- Table structure for table `Participants_Future_Expectations`
--

DROP TABLE IF EXISTS `Participants_Future_Expectations`;
/*!40101 SET @saved_cs_client     = @@character_set_client */;
/*!40101 SET character_set_client = utf8 */;
CREATE TABLE `Participants_Future_Expectations` (
  `Future_Expectations_ID` int(11) NOT NULL AUTO_INCREMENT,
  `Participant_ID` int(11) DEFAULT NULL,
  `Solve_Problems` int(11) DEFAULT NULL,
  `Stay_Safe` int(11) DEFAULT NULL,
  `Alive_Well` int(11) DEFAULT NULL,
  `Manage_Work` int(11) DEFAULT NULL,
  `Friends` int(11) DEFAULT NULL,
  `Happy_Life` int(11) DEFAULT NULL,
  `Interesting_Life` int(11) DEFAULT NULL,
  `Proud_Parents` int(11) DEFAULT NULL,
  `Finish_HS` int(11) DEFAULT NULL,
  `Date_Logged` timestamp NULL DEFAULT CURRENT_TIMESTAMP,
  `Program` int(11) DEFAULT NULL,
  `Pre_Post` int(11) DEFAULT NULL,
  PRIMARY KEY (`Future_Expectations_ID`)
) ENGINE=InnoDB AUTO_INCREMENT=56 DEFAULT CHARSET=latin1;
/*!40101 SET character_set_client = @saved_cs_client */;

--
-- Dumping data for table `Participants_Future_Expectations`
--

LOCK TABLES `Participants_Future_Expectations` WRITE;
/*!40000 ALTER TABLE `Participants_Future_Expectations` DISABLE KEYS */;
INSERT INTO `Participants_Future_Expectations` VALUES (1,4,0,0,0,0,0,0,0,0,0,NULL,8,1),(2,4,0,0,0,0,0,0,0,0,0,'2013-06-20 17:55:29',8,1),(3,4,0,0,0,0,0,0,0,0,0,'2013-06-20 17:55:31',8,1),(4,4,0,0,0,0,0,0,0,0,0,'2013-06-20 18:54:51',8,1),(5,4,0,0,0,0,0,0,0,0,0,'2013-06-25 15:10:49',8,1),(6,4,0,0,0,0,0,0,0,0,0,'2013-07-03 16:46:54',8,1),(7,4,0,0,0,0,0,0,0,0,0,'2013-07-05 20:26:34',8,1),(8,4,0,0,0,0,0,0,0,0,0,'2013-07-10 18:41:40',8,1),(9,4,0,0,0,0,0,0,0,0,0,'2013-07-11 18:18:37',8,1),(10,4,0,0,0,0,0,0,0,0,0,'2013-07-22 18:53:57',8,1),(11,4,0,0,0,0,0,0,0,0,0,'2013-07-24 15:34:47',8,1),(12,4,0,0,0,0,0,0,0,0,0,'2013-07-24 15:41:25',8,1),(13,4,0,0,0,0,0,0,0,0,0,'2013-07-26 19:14:40',8,1),(14,4,0,0,0,0,0,0,0,0,0,'2013-07-26 19:15:38',8,1),(15,4,0,0,0,0,0,0,0,0,0,'2013-08-07 16:29:11',8,1),(16,4,0,0,0,0,0,0,0,0,0,'2013-08-07 16:29:59',8,1),(17,4,0,0,0,0,0,0,0,0,0,'2013-08-07 16:30:31',8,1),(18,4,0,0,0,0,0,0,0,0,0,'2013-08-13 16:48:53',8,1),(19,4,0,0,0,0,0,0,0,0,0,'2013-08-13 19:36:27',8,1),(20,4,0,0,0,0,0,0,0,0,0,'2013-08-13 19:40:00',8,1),(21,4,0,0,0,0,0,0,0,0,0,'2013-08-13 19:41:14',8,1),(22,4,0,0,0,0,0,0,0,0,0,'2013-08-13 19:41:53',8,1),(23,4,0,0,0,0,0,0,0,0,0,'2013-08-15 18:45:54',8,1),(24,4,0,0,0,0,0,0,0,0,0,'2013-08-15 20:49:30',8,1),(25,4,0,0,0,0,0,0,0,0,0,'2013-08-15 21:10:14',8,1),(26,4,0,0,0,0,0,0,0,0,0,'2013-08-15 21:10:50',8,1),(27,4,0,0,0,0,0,0,0,0,0,'2013-08-19 18:59:38',8,1),(28,4,0,0,0,0,0,0,0,0,0,'2013-08-19 19:00:33',8,1),(29,15,3,3,3,3,0,0,0,0,0,'2013-08-19 19:01:40',6,1),(30,4,0,0,0,0,0,0,0,0,0,'2013-08-28 13:21:46',8,1),(31,4,0,0,0,0,0,0,0,0,0,'2013-08-28 20:05:43',8,1),(32,4,0,0,0,0,0,0,0,0,0,'2013-08-28 20:34:16',8,1),(33,4,0,0,0,0,0,0,0,0,0,'2013-08-28 20:35:26',8,1),(39,4,0,0,0,0,0,0,0,0,0,'2013-08-28 20:40:13',8,1),(40,4,0,0,0,0,0,0,0,0,0,'2013-08-28 20:40:13',8,1),(41,15,0,0,0,0,1,0,3,0,0,'2013-08-28 20:42:04',6,2),(42,4,0,0,0,0,0,0,0,0,0,'2013-09-10 16:44:14',8,1),(43,4,0,0,0,0,0,0,0,0,0,'2013-09-10 16:44:42',8,1),(44,4,0,0,0,0,0,0,0,0,0,'2013-09-10 16:47:16',8,1),(45,4,0,0,0,0,0,0,0,0,0,'2013-09-10 16:47:43',8,1),(46,4,0,0,0,0,0,0,0,0,0,'2013-09-10 16:51:20',8,1),(47,4,0,0,0,0,0,0,0,0,0,'2013-09-10 16:54:21',8,1),(48,4,0,0,0,0,0,0,0,0,0,'2013-09-10 16:54:45',8,1),(51,4,0,0,0,0,0,0,0,0,0,'2013-10-24 05:00:00',7,1),(52,4,0,0,0,0,0,0,0,0,0,'2013-10-02 21:29:40',7,1),(53,4,0,0,0,0,0,0,0,0,0,'2013-10-02 21:30:53',8,2),(54,27,0,0,0,0,0,0,0,0,0,'2013-11-18 21:36:26',1,1),(55,33,0,0,0,0,0,0,0,0,0,'2013-11-18 22:21:12',11,1);
/*!40000 ALTER TABLE `Participants_Future_Expectations` ENABLE KEYS */;
UNLOCK TABLES;

--
-- Table structure for table `Participants_Interpersonal_Violence`
--

DROP TABLE IF EXISTS `Participants_Interpersonal_Violence`;
/*!40101 SET @saved_cs_client     = @@character_set_client */;
/*!40101 SET character_set_client = utf8 */;
CREATE TABLE `Participants_Interpersonal_Violence` (
  `Interpersonal_Violence_ID` int(11) NOT NULL AUTO_INCREMENT,
  `Participant_ID` int(11) DEFAULT NULL,
  `Cowardice` int(11) DEFAULT NULL,
  `Teasing_Prevention` int(11) DEFAULT NULL,
  `Anger_Mgmt` int(11) DEFAULT NULL,
  `Self_Defense` int(11) DEFAULT NULL,
  `Coping` int(11) DEFAULT NULL,
  `Handle_Others` int(11) DEFAULT NULL,
  `Negotiation` int(11) DEFAULT NULL,
  `Parent_Disapproval` int(11) DEFAULT NULL,
  `Parent_Approval` int(11) DEFAULT NULL,
  `Self_Awareness` int(11) DEFAULT NULL,
  `Self_Care` int(11) DEFAULT NULL,
  `Date_Logged` timestamp NULL DEFAULT CURRENT_TIMESTAMP,
  `Program` int(11) DEFAULT NULL,
  `Pre_Post` int(11) DEFAULT NULL,
  PRIMARY KEY (`Interpersonal_Violence_ID`),
  KEY `FK_Participants_Interpersonal_Violence__Participants__Parti_idx` (`Participant_ID`),
  KEY `FK_Participants_Interpersonal_Viol__Session_Names__Session__idx` (`Program`),
  CONSTRAINT `FK_Participants_Interpersonal_Viol__Session_Names__Session_ID` FOREIGN KEY (`Program`) REFERENCES `Session_Names` (`Session_ID`) ON DELETE NO ACTION ON UPDATE NO ACTION,
  CONSTRAINT `FK_Participants_Interpersonal_Viol__Participants__Participant_ID` FOREIGN KEY (`Participant_ID`) REFERENCES `Participants` (`Participant_ID`) ON DELETE NO ACTION ON UPDATE NO ACTION
) ENGINE=InnoDB AUTO_INCREMENT=61 DEFAULT CHARSET=latin1;
/*!40101 SET character_set_client = @saved_cs_client */;

--
-- Dumping data for table `Participants_Interpersonal_Violence`
--

LOCK TABLES `Participants_Interpersonal_Violence` WRITE;
/*!40000 ALTER TABLE `Participants_Interpersonal_Violence` DISABLE KEYS */;
INSERT INTO `Participants_Interpersonal_Violence` VALUES (7,4,0,0,0,0,0,0,0,0,0,0,0,NULL,8,1),(8,4,0,0,0,0,0,0,0,0,0,0,0,'2013-06-19 21:18:10',8,1),(9,4,0,0,0,0,0,0,0,0,0,0,0,'2013-06-20 17:55:11',8,1),(10,4,0,0,0,0,0,0,0,0,0,0,0,'2013-07-03 16:45:07',8,1),(11,4,0,0,0,0,0,0,0,0,0,0,0,'2013-07-05 20:26:23',8,1),(12,4,0,0,0,0,0,0,0,0,0,0,0,'2013-07-10 18:41:40',8,1),(13,4,0,0,0,0,0,0,0,0,0,0,0,'2013-07-11 18:18:37',8,1),(14,4,0,0,0,0,0,0,0,0,0,0,0,'2013-07-22 18:53:57',8,1),(15,4,0,0,0,0,0,0,0,0,0,0,0,'2013-07-24 15:34:47',8,1),(16,4,0,0,0,0,0,0,0,0,0,0,0,'2013-07-24 15:41:25',8,1),(17,4,0,0,0,0,0,0,0,0,0,0,0,'2013-07-26 19:14:40',8,1),(18,4,0,0,0,0,0,0,0,0,0,0,0,'2013-07-26 19:15:38',8,1),(19,4,0,0,0,0,0,0,0,0,0,0,0,'2013-08-07 16:29:11',8,1),(20,4,0,0,0,0,0,0,0,0,0,0,0,'2013-08-07 16:29:59',8,1),(21,4,0,0,0,0,0,0,0,0,0,0,0,'2013-08-07 16:30:31',8,1),(22,4,0,0,0,0,0,0,0,0,0,0,0,'2013-08-13 16:48:53',8,1),(23,4,0,0,0,0,0,0,0,0,0,0,0,'2013-08-13 19:36:27',8,1),(24,4,0,0,0,0,0,0,0,0,0,0,0,'2013-08-13 19:40:00',8,1),(25,4,0,0,0,0,0,0,0,0,0,0,0,'2013-08-13 19:41:14',8,1),(26,4,0,0,0,0,0,0,0,0,0,0,0,'2013-08-13 19:41:53',8,1),(27,4,0,0,0,0,0,0,0,0,0,0,0,'2013-08-15 18:34:12',8,1),(28,4,0,0,0,0,0,0,0,0,0,0,0,'2013-08-15 18:45:54',8,1),(29,4,0,0,0,0,0,0,0,0,0,0,0,'2013-08-15 20:49:30',8,1),(30,4,0,0,0,0,0,0,0,0,0,0,0,'2013-08-15 21:10:14',8,1),(31,4,0,0,0,0,0,0,0,0,0,0,0,'2013-08-15 21:10:50',8,1),(32,4,0,0,0,0,0,0,0,0,0,0,0,'2013-08-19 18:59:38',8,1),(33,4,0,0,0,0,0,0,0,0,0,0,0,'2013-08-19 19:00:33',8,1),(34,15,1,2,3,2,0,0,0,0,0,0,0,'2013-08-19 19:01:40',6,1),(35,4,0,0,0,0,0,0,0,0,0,0,0,'2013-08-28 13:21:46',8,1),(36,4,0,0,0,0,0,0,0,0,0,0,0,'2013-08-28 20:05:43',8,1),(37,4,0,0,0,0,0,0,0,0,0,0,0,'2013-08-28 20:34:16',8,1),(38,4,0,0,0,0,0,0,0,0,0,0,0,'2013-08-28 20:35:26',8,1),(44,4,0,0,0,0,0,0,0,0,0,0,0,'2013-08-28 20:40:13',8,1),(45,4,0,0,0,0,0,0,0,0,0,0,0,'2013-08-28 20:40:13',8,1),(46,15,0,0,0,2,0,2,0,3,0,0,0,'2013-08-28 20:42:04',6,2),(47,4,0,0,0,0,0,0,0,0,0,0,0,'2013-09-10 16:44:14',8,1),(48,4,0,0,0,0,0,0,0,0,0,0,0,'2013-09-10 16:44:42',8,1),(49,4,0,0,0,0,0,0,0,0,0,0,0,'2013-09-10 16:47:16',8,1),(50,4,0,0,0,0,0,0,0,0,0,0,0,'2013-09-10 16:47:43',8,1),(51,4,0,0,0,0,0,0,0,0,0,0,0,'2013-09-10 16:51:20',8,1),(52,4,0,0,0,0,0,0,0,0,0,0,0,'2013-09-10 16:54:21',8,1),(53,4,0,0,0,0,0,0,0,0,0,0,0,'2013-09-10 16:54:45',8,1),(56,4,0,0,0,0,0,0,0,0,0,0,1,'2013-10-24 05:00:00',7,1),(57,4,0,0,0,0,0,0,0,0,0,0,0,'2013-10-02 21:29:40',7,1),(58,4,0,0,0,0,0,0,0,0,0,0,0,'2013-10-02 21:30:53',8,2),(59,27,0,0,0,0,0,0,0,0,0,0,0,'2013-11-18 21:36:26',1,1),(60,33,0,0,0,0,0,0,0,0,0,0,0,'2013-11-18 22:21:12',11,1);
/*!40000 ALTER TABLE `Participants_Interpersonal_Violence` ENABLE KEYS */;
UNLOCK TABLES;

--
-- Table structure for table `Participants_Mentorship`
--

DROP TABLE IF EXISTS `Participants_Mentorship`;
/*!40101 SET @saved_cs_client     = @@character_set_client */;
/*!40101 SET character_set_client = utf8 */;
CREATE TABLE `Participants_Mentorship` (
  `Mentorship_Time_ID` int(11) NOT NULL AUTO_INCREMENT,
  `Mentee_ID` int(11) DEFAULT NULL,
  `Mentorship_Date` date DEFAULT NULL,
  `Mentorship_Hours_Logged` varchar(45) DEFAULT NULL,
  `Mentorship_Program` int(11) DEFAULT NULL,
  PRIMARY KEY (`Mentorship_Time_ID`)
) ENGINE=InnoDB AUTO_INCREMENT=16 DEFAULT CHARSET=latin1;
/*!40101 SET character_set_client = @saved_cs_client */;

--
-- Dumping data for table `Participants_Mentorship`
--

LOCK TABLES `Participants_Mentorship` WRITE;
/*!40000 ALTER TABLE `Participants_Mentorship` DISABLE KEYS */;
INSERT INTO `Participants_Mentorship` VALUES (1,4,'2014-04-21','1',3),(2,13,'2013-07-15','2',3),(4,9,'2013-07-01','4',9),(6,6,'2013-07-29','1',5),(7,15,'2013-08-16','2',0),(8,15,'2013-08-02','3',6),(9,31,'2013-08-28','2',7),(14,9,'2013-10-07','2',9),(15,4,'2014-04-06','1.5',13);
/*!40000 ALTER TABLE `Participants_Mentorship` ENABLE KEYS */;
UNLOCK TABLES;

--
-- Table structure for table `Participants_Programs`
--

DROP TABLE IF EXISTS `Participants_Programs`;
/*!40101 SET @saved_cs_client     = @@character_set_client */;
/*!40101 SET character_set_client = utf8 */;
CREATE TABLE `Participants_Programs` (
  `Participant_Program_ID` int(11) NOT NULL AUTO_INCREMENT,
  `Participant_ID` int(11) DEFAULT NULL,
  `Program_ID` int(11) DEFAULT NULL,
  `Date_Added` timestamp NULL DEFAULT CURRENT_TIMESTAMP,
  `Date_Dropped` date DEFAULT NULL,
  PRIMARY KEY (`Participant_Program_ID`)
) ENGINE=InnoDB AUTO_INCREMENT=57 DEFAULT CHARSET=latin1;
/*!40101 SET character_set_client = @saved_cs_client */;

--
-- Dumping data for table `Participants_Programs`
--

LOCK TABLES `Participants_Programs` WRITE;
/*!40000 ALTER TABLE `Participants_Programs` DISABLE KEYS */;
INSERT INTO `Participants_Programs` VALUES (3,4,7,NULL,NULL),(4,1,7,NULL,NULL),(5,3,3,NULL,'2013-07-24'),(6,2,3,NULL,NULL),(7,5,9,'2013-06-18 18:19:21',NULL),(8,6,8,'2013-06-20 16:47:44',NULL),(9,5,4,'2013-06-20 17:58:28','2013-07-29'),(10,4,3,'2013-06-28 16:32:51',NULL),(11,4,8,'2013-07-02 15:59:44','2013-08-09'),(13,9,1,'2013-07-03 15:41:37',NULL),(14,2,1,'2013-07-03 20:03:56',NULL),(16,6,5,'2013-07-26 15:16:15',NULL),(17,11,1,'2013-07-26 18:36:58',NULL),(18,13,3,'2013-07-29 14:36:24',NULL),(19,9,9,'2013-07-29 15:23:11',NULL),(20,3,4,'2013-07-29 17:40:36',NULL),(25,1,6,'2013-07-30 19:36:20',NULL),(26,17,13,'2013-07-31 19:25:09',NULL),(27,5,14,'2013-08-05 18:42:50',NULL),(28,15,6,'2013-08-12 20:25:01','2014-01-10'),(29,21,8,'2013-08-15 21:41:16',NULL),(30,27,1,'2013-08-20 17:14:19',NULL),(31,25,3,'2013-08-22 14:34:52',NULL),(32,25,4,'2013-08-22 14:35:02',NULL),(33,23,14,'2013-08-23 21:02:51',NULL),(34,31,12,'2013-08-28 13:18:01',NULL),(35,16,13,'2013-08-28 20:33:38',NULL),(36,27,7,'2013-09-10 16:19:38',NULL),(38,20,7,'2013-09-10 17:31:43',NULL),(39,22,NULL,'2013-09-10 17:39:17',NULL),(40,28,12,'2013-09-10 17:56:38',NULL),(41,14,17,'2013-09-10 17:59:50',NULL),(42,16,10,'2013-09-10 18:21:35',NULL),(43,11,26,'2013-09-24 18:17:09',NULL),(44,33,11,'2013-11-18 22:21:01',NULL),(45,4,11,'2013-12-11 21:46:40',NULL),(47,4,5,'2013-12-11 21:56:08',NULL),(48,4,13,'2013-12-11 22:10:17',NULL),(50,4,6,'2014-01-10 20:24:56',NULL),(54,42,6,'2014-04-15 15:21:50','2014-04-15'),(55,43,6,'2014-04-15 15:23:43',NULL),(56,44,6,'2014-04-15 15:24:33',NULL);
/*!40000 ALTER TABLE `Participants_Programs` ENABLE KEYS */;
UNLOCK TABLES;

--
-- Table structure for table `Program_Dates`
--

DROP TABLE IF EXISTS `Program_Dates`;
/*!40101 SET @saved_cs_client     = @@character_set_client */;
/*!40101 SET character_set_client = utf8 */;
CREATE TABLE `Program_Dates` (
  `Program_Date_ID` int(11) NOT NULL AUTO_INCREMENT,
  `Program_ID` int(11) DEFAULT NULL,
  `Date_Listed` date DEFAULT NULL,
  PRIMARY KEY (`Program_Date_ID`),
  KEY `program_at_this_date` (`Program_ID`),
  KEY `session_at_this_date` (`Program_ID`),
  CONSTRAINT `session_at_this_date` FOREIGN KEY (`Program_ID`) REFERENCES `Session_Names` (`Session_ID`) ON DELETE CASCADE ON UPDATE CASCADE
) ENGINE=InnoDB AUTO_INCREMENT=31 DEFAULT CHARSET=latin1;
/*!40101 SET character_set_client = @saved_cs_client */;

--
-- Dumping data for table `Program_Dates`
--

LOCK TABLES `Program_Dates` WRITE;
/*!40000 ALTER TABLE `Program_Dates` DISABLE KEYS */;
INSERT INTO `Program_Dates` VALUES (1,1,'2013-07-01'),(3,7,'2013-06-10'),(4,3,'2013-01-07'),(5,3,'2013-01-21'),(6,3,'2013-02-04'),(7,8,'2013-06-01'),(8,8,'2013-06-08'),(9,8,'2013-06-15'),(10,8,'2013-06-22'),(11,8,'2013-06-29'),(12,8,'2013-07-06'),(13,3,'2013-07-08'),(15,4,'2013-07-15'),(16,1,'2013-07-22'),(17,3,'2013-07-29'),(18,1,'2013-07-06'),(19,1,'2013-07-13'),(20,1,'2013-07-20'),(21,1,'2013-07-27'),(22,4,'2013-07-01'),(23,4,'2013-07-03'),(24,9,'2013-07-06'),(25,4,'2013-07-08'),(27,4,'2013-09-14'),(28,6,'2013-09-30'),(29,6,'2013-09-26');
/*!40000 ALTER TABLE `Program_Dates` ENABLE KEYS */;
UNLOCK TABLES;

--
-- Table structure for table `Program_Surveys`
--

DROP TABLE IF EXISTS `Program_Surveys`;
/*!40101 SET @saved_cs_client     = @@character_set_client */;
/*!40101 SET character_set_client = utf8 */;
CREATE TABLE `Program_Surveys` (
  `Program_Survey_ID` int(11) NOT NULL AUTO_INCREMENT,
  `Program_ID` int(11) DEFAULT NULL,
  `Question_1` int(11) DEFAULT NULL,
  `Question_2` int(11) DEFAULT NULL,
  `Question_3` int(11) DEFAULT NULL,
  `Question_4` int(11) DEFAULT NULL,
  `Question_5` int(11) DEFAULT NULL,
  `Question_6` int(11) DEFAULT NULL,
  `Question_7` int(11) DEFAULT NULL,
  `Question_8` int(11) DEFAULT NULL,
  `Question_9` int(11) DEFAULT NULL,
  `Question_10` int(11) DEFAULT NULL,
  `Question_11` int(11) DEFAULT NULL,
  `Question_12` int(11) DEFAULT NULL,
  `Question_13` int(11) DEFAULT NULL,
  `Question_14` int(11) DEFAULT NULL,
  `Question_15` int(11) DEFAULT NULL,
  `Question_16` int(11) DEFAULT NULL,
  `Date_Logged` timestamp NULL DEFAULT CURRENT_TIMESTAMP,
  `Session_ID` int(11) DEFAULT NULL,
  PRIMARY KEY (`Program_Survey_ID`),
  KEY `FK_Program_Surveys__Programs__Program_ID_idx` (`Program_ID`),
  KEY `FK_Program_Surveys__Session_Names__Session_ID_idx` (`Session_ID`)
) ENGINE=InnoDB AUTO_INCREMENT=68 DEFAULT CHARSET=latin1;
/*!40101 SET character_set_client = @saved_cs_client */;

--
-- Dumping data for table `Program_Surveys`
--

LOCK TABLES `Program_Surveys` WRITE;
/*!40000 ALTER TABLE `Program_Surveys` DISABLE KEYS */;
INSERT INTO `Program_Surveys` VALUES (1,3,3,3,2,3,2,2,3,3,3,3,2,2,3,3,3,2,'2013-06-14 17:20:55',9),(2,8,3,0,4,0,0,0,0,0,0,0,0,0,0,0,0,0,'2013-06-20 17:53:40',12),(3,8,4,0,0,2,0,0,0,2,0,0,0,0,0,0,0,0,'2013-06-20 18:45:39',12),(6,10,2,2,2,2,2,2,2,2,2,2,2,2,2,2,2,2,'2013-07-03 19:51:10',5),(7,2,3,3,3,3,3,3,3,3,3,3,3,3,3,3,3,3,'2013-07-08 14:38:29',3),(8,1,3,3,2,3,3,3,3,2,2,2,2,2,3,3,3,3,'2013-07-29 13:21:45',8),(10,11,1,2,0,0,0,0,0,0,0,0,0,0,0,0,0,0,'2013-08-05 18:56:52',0),(11,8,3,0,3,0,0,0,0,0,0,0,0,0,0,0,0,0,'2013-09-17 14:45:15',5),(12,2,1,0,0,0,0,0,0,0,0,0,0,0,0,0,0,0,'2013-09-25 15:41:57',4),(13,2,3,0,2,0,0,0,0,0,0,0,0,0,0,0,0,0,'2013-09-25 15:59:38',4),(45,0,1,2,3,4,5,6,7,8,9,10,11,12,13,14,15,16,'2013-09-30 14:36:28',0),(46,17,3,3,3,3,2,3,3,3,2,3,3,3,3,3,3,3,'2013-09-30 14:36:28',20),(47,17,2,3,3,4,3,2,2,3,2,4,3,2,3,3,3,3,'2013-09-30 14:36:28',20),(48,17,3,3,3,3,3,2,4,4,1,4,3,3,3,3,3,3,'2013-09-30 14:36:28',20),(49,17,3,3,4,3,2,2,3,3,1,3,3,3,3,3,3,3,'2013-09-30 14:36:28',20),(50,17,4,3,4,3,2,2,2,3,2,3,2,2,3,3,3,3,'2013-09-30 14:36:28',20),(51,17,3,3,3,3,2,3,3,3,2,3,3,3,3,3,3,3,'2013-09-30 14:36:28',20),(52,17,3,3,4,4,2,2,4,3,1,2,3,2,3,3,3,3,'2013-09-30 14:36:28',20),(53,17,3,3,4,2,2,2,3,3,2,2,2,3,3,3,3,3,'2013-09-30 14:36:28',20),(54,17,3,3,4,3,2,2,3,3,1,2,3,2,3,3,4,3,'2013-09-30 14:36:28',20),(55,17,4,2,4,4,3,2,3,3,2,3,3,3,3,4,4,3,'2013-09-30 14:36:28',20),(56,17,3,3,3,3,2,3,3,3,2,3,3,3,3,3,3,3,'2013-09-30 14:36:28',20),(57,17,3,3,3,3,2,3,3,3,1,2,3,2,3,4,3,3,'2013-09-30 14:36:28',20),(58,17,4,4,4,4,1,3,4,4,1,4,4,2,4,4,4,4,'2013-09-30 14:36:28',20),(59,17,1,4,4,4,4,2,2,4,1,4,4,2,4,4,1,3,'2013-09-30 14:36:28',20),(60,17,4,3,3,3,4,2,3,3,2,3,3,3,3,4,4,3,'2013-09-30 14:36:28',20),(61,17,3,3,4,3,3,2,3,3,2,3,4,4,3,4,4,4,'2013-09-30 14:36:28',20),(62,17,4,3,3,3,2,2,2,2,1,3,3,2,3,3,2,3,'2013-09-30 14:36:28',20),(63,17,3,3,4,3,3,4,3,3,1,4,3,3,3,3,3,3,'2013-09-30 14:36:28',20),(64,17,4,3,4,3,2,1,2,3,1,4,3,3,3,4,3,3,'2013-09-30 14:36:28',20),(65,17,3,3,3,3,2,3,3,3,1,3,3,3,3,3,3,3,'2013-09-30 14:36:28',20),(66,17,2,3,3,3,2,3,3,3,2,3,3,3,3,3,2,3,'2013-09-30 14:36:28',20);
/*!40000 ALTER TABLE `Program_Surveys` ENABLE KEYS */;
UNLOCK TABLES;

--
-- Table structure for table `Programs`
--

DROP TABLE IF EXISTS `Programs`;
/*!40101 SET @saved_cs_client     = @@character_set_client */;
/*!40101 SET character_set_client = utf8 */;
CREATE TABLE `Programs` (
  `Program_ID` int(11) NOT NULL AUTO_INCREMENT,
  `Name` varchar(45) DEFAULT NULL,
  `Host` varchar(45) DEFAULT NULL,
  `Start_Date` date DEFAULT NULL,
  `End_Date` date DEFAULT NULL,
  `Start_Hour` int(11) DEFAULT NULL,
  `Start_Suffix` varchar(45) DEFAULT NULL,
  `End_Hour` int(11) DEFAULT NULL,
  `End_Suffix` varchar(45) DEFAULT NULL,
  `Max_Hours` varchar(45) DEFAULT NULL,
  `Activity_Class` int(11) DEFAULT NULL,
  `Activity_Clinic` int(11) DEFAULT NULL,
  `Activity_Referrals` int(11) DEFAULT NULL,
  `Activity_Community` int(11) DEFAULT NULL,
  `Activity_Counseling` int(11) DEFAULT NULL,
  `Activity_Sports` int(11) DEFAULT NULL,
  `Activity_Mentor` int(11) DEFAULT NULL,
  `Activity_Service` int(11) DEFAULT NULL,
  `Monday` int(11) DEFAULT NULL,
  `Tuesday` int(11) DEFAULT NULL,
  `Wednesday` int(11) DEFAULT NULL,
  `Thursday` int(11) DEFAULT NULL,
  `Friday` int(11) DEFAULT NULL,
  `Saturday` int(11) DEFAULT NULL,
  `Sunday` int(11) DEFAULT NULL,
  PRIMARY KEY (`Program_ID`)
) ENGINE=InnoDB AUTO_INCREMENT=20 DEFAULT CHARSET=latin1;
/*!40101 SET character_set_client = @saved_cs_client */;

--
-- Dumping data for table `Programs`
--

LOCK TABLES `Programs` WRITE;
/*!40000 ALTER TABLE `Programs` DISABLE KEYS */;
INSERT INTO `Programs` VALUES (1,'Under the Rainbow','14','2013-07-01','2013-11-30',4,'pm',6,'pm','',0,0,0,1,0,1,0,0,0,1,0,1,0,1,0),(2,'Center for Peacemaking','15','0000-00-00','0000-00-00',8,'am',12,'am','',0,0,0,1,0,0,1,1,0,1,0,1,0,0,0),(3,'Community Wellness Program','16','0000-00-00','0000-00-00',0,'',0,'','',1,0,0,0,0,0,1,0,1,0,0,0,0,0,0),(4,'Project Play','17','2013-07-01','2013-09-30',12,'am',4,'pm','',1,1,0,0,0,0,0,0,1,0,1,0,0,0,0),(5,'Youth Development Leagues','17','0000-00-00','0000-00-00',0,'',0,'','',0,0,0,0,0,0,1,0,0,0,0,0,0,0,0),(6,'28.5','17','0000-00-00','0000-00-00',0,'',0,'','',0,0,0,0,0,0,1,0,0,0,0,0,0,0,0),(7,'Offsite Counseling','18','2013-06-01','2013-12-27',0,'',0,'','',1,1,0,1,0,0,1,1,1,0,1,0,1,0,0),(8,'Urban Life Skills Jr.','19','2013-06-01','2013-09-30',0,'',0,'','',0,0,0,0,0,1,1,1,1,0,1,0,1,0,0),(9,'Imago Dei Program','20','0000-00-00','0000-00-00',6,'pm',8,'pm','',0,0,0,0,0,0,0,0,0,0,1,0,1,0,0),(10,'Test New Program','13','0000-00-00','0000-00-00',0,'',0,'','',0,0,0,0,0,0,0,0,0,0,0,0,0,0,0),(11,'Demo','14',NULL,NULL,NULL,NULL,NULL,NULL,NULL,NULL,NULL,NULL,NULL,NULL,NULL,NULL,NULL,NULL,NULL,NULL,NULL,NULL,NULL,NULL),(13,'2nd Program Testing Sessions','3','0000-00-00','0000-00-00',0,'',0,'','',0,1,0,0,0,0,0,0,0,0,0,0,0,0,0),(15,'Test Survey Due Date','1',NULL,NULL,NULL,NULL,NULL,NULL,NULL,NULL,NULL,NULL,NULL,NULL,NULL,NULL,NULL,NULL,NULL,NULL,NULL,NULL,NULL,NULL),(16,'Test Survey Date Again','3',NULL,NULL,NULL,NULL,NULL,NULL,NULL,NULL,NULL,NULL,NULL,NULL,NULL,NULL,NULL,NULL,NULL,NULL,NULL,NULL,NULL,NULL),(17,'Test Host Organization','25',NULL,NULL,NULL,NULL,NULL,NULL,NULL,NULL,NULL,NULL,NULL,NULL,NULL,NULL,NULL,NULL,NULL,NULL,NULL,NULL,NULL,NULL),(19,'444444444','4',NULL,NULL,NULL,NULL,NULL,NULL,NULL,NULL,NULL,NULL,NULL,NULL,NULL,NULL,NULL,NULL,NULL,NULL,NULL,NULL,NULL,NULL);
/*!40000 ALTER TABLE `Programs` ENABLE KEYS */;
UNLOCK TABLES;

--
-- Table structure for table `Referrals`
--

DROP TABLE IF EXISTS `Referrals`;
/*!40101 SET @saved_cs_client     = @@character_set_client */;
/*!40101 SET character_set_client = utf8 */;
CREATE TABLE `Referrals` (
  `Referral_ID` int(11) NOT NULL AUTO_INCREMENT,
  `Participant_ID` int(11) DEFAULT NULL,
  `Referrer_Person` int(11) DEFAULT NULL,
  `Referrer_Program` int(11) DEFAULT NULL,
  `Referrer_Institution` int(11) DEFAULT NULL,
  `Program_Referred` int(11) DEFAULT NULL,
  `Date_Logged` timestamp NULL DEFAULT CURRENT_TIMESTAMP,
  PRIMARY KEY (`Referral_ID`),
  KEY `FK_Referrals__Participants__Participant_ID_idx` (`Participant_ID`),
  CONSTRAINT `FK_Referrals__Participants__Participant_ID` FOREIGN KEY (`Participant_ID`) REFERENCES `Participants` (`Participant_ID`) ON DELETE NO ACTION ON UPDATE NO ACTION
) ENGINE=InnoDB AUTO_INCREMENT=11 DEFAULT CHARSET=latin1;
/*!40101 SET character_set_client = @saved_cs_client */;

--
-- Dumping data for table `Referrals`
--

LOCK TABLES `Referrals` WRITE;
/*!40000 ALTER TABLE `Referrals` DISABLE KEYS */;
INSERT INTO `Referrals` VALUES (1,5,5,2,17,6,'2013-07-11 19:19:28'),(2,9,NULL,NULL,4,1,'2013-07-29 14:14:48'),(3,13,11,2,19,8,'2013-07-29 14:48:49'),(4,9,10,0,13,7,'2013-07-29 15:00:43'),(5,5,15,0,14,2,'2013-07-30 19:51:07'),(6,5,14,0,19,7,'2013-07-30 19:52:17'),(7,31,0,7,0,0,'2013-08-28 21:04:29'),(8,31,0,7,0,3,'2013-08-28 21:07:00'),(9,31,0,7,0,3,'2013-08-28 21:07:11'),(10,31,0,3,0,11,'2013-08-28 21:08:34');
/*!40000 ALTER TABLE `Referrals` ENABLE KEYS */;
UNLOCK TABLES;

--
-- Table structure for table `Roles`
--

DROP TABLE IF EXISTS `Roles`;
/*!40101 SET @saved_cs_client     = @@character_set_client */;
/*!40101 SET character_set_client = utf8 */;
CREATE TABLE `Roles` (
  `Role_ID` int(11) NOT NULL AUTO_INCREMENT,
  `Role` varchar(45) DEFAULT NULL,
  PRIMARY KEY (`Role_ID`)
) ENGINE=InnoDB AUTO_INCREMENT=4 DEFAULT CHARSET=latin1;
/*!40101 SET character_set_client = @saved_cs_client */;

--
-- Dumping data for table `Roles`
--

LOCK TABLES `Roles` WRITE;
/*!40000 ALTER TABLE `Roles` DISABLE KEYS */;
INSERT INTO `Roles` VALUES (0,'No role'),(1,'Youth/student'),(2,'Parent/guardian'),(3,'Community/organization member');
/*!40000 ALTER TABLE `Roles` ENABLE KEYS */;
UNLOCK TABLES;

--
-- Table structure for table `Session_Names`
--

DROP TABLE IF EXISTS `Session_Names`;
/*!40101 SET @saved_cs_client     = @@character_set_client */;
/*!40101 SET character_set_client = utf8 */;
CREATE TABLE `Session_Names` (
  `Session_ID` int(11) NOT NULL AUTO_INCREMENT,
  `Session_Name` varchar(45) DEFAULT NULL,
  `Program_ID` int(11) DEFAULT NULL,
  `Start_Date` date DEFAULT NULL,
  `End_Date` date DEFAULT NULL,
  `Survey_Due` date DEFAULT NULL,
  `Start_Hour` int(11) DEFAULT NULL,
  `Start_Suffix` varchar(45) DEFAULT NULL,
  `End_Hour` int(11) DEFAULT NULL,
  `End_Suffix` varchar(45) DEFAULT NULL,
  `Monday` int(11) DEFAULT NULL,
  `Tuesday` int(11) DEFAULT NULL,
  `Wednesday` int(11) DEFAULT NULL,
  `Thursday` int(11) DEFAULT NULL,
  `Friday` int(11) DEFAULT NULL,
  `Saturday` int(11) DEFAULT NULL,
  `Sunday` int(11) DEFAULT NULL,
  `Activity_Class` int(11) DEFAULT NULL,
  `Activity_Clinic` int(11) DEFAULT NULL,
  `Activity_Referrals` int(11) DEFAULT NULL,
  `Activity_Community` int(11) DEFAULT NULL,
  `Activity_Counseling` int(11) DEFAULT NULL,
  `Activity_Sports` int(11) DEFAULT NULL,
  `Activity_Mentor` int(11) DEFAULT NULL,
  `Activity_Service` int(11) DEFAULT NULL,
  PRIMARY KEY (`Session_ID`),
  KEY `FK_Session_Names__Programs__Program_ID_idx` (`Program_ID`),
  CONSTRAINT `FK_Session_Names__Programs__Program_ID` FOREIGN KEY (`Program_ID`) REFERENCES `Programs` (`Program_ID`) ON DELETE NO ACTION ON UPDATE NO ACTION
) ENGINE=InnoDB AUTO_INCREMENT=31 DEFAULT CHARSET=latin1;
/*!40101 SET character_set_client = @saved_cs_client */;

--
-- Dumping data for table `Session_Names`
--

LOCK TABLES `Session_Names` WRITE;
/*!40000 ALTER TABLE `Session_Names` DISABLE KEYS */;
INSERT INTO `Session_Names` VALUES (1,'',2,NULL,NULL,NULL,8,'am',12,'am',0,1,0,1,0,0,0,0,0,0,1,0,0,1,1),(3,'Spring 2013',2,NULL,NULL,NULL,8,'am',12,'am',0,1,0,1,0,0,0,0,0,0,1,0,0,1,1),(4,'Fall 2013',2,NULL,NULL,NULL,8,'am',12,'am',0,1,0,1,0,0,0,0,0,0,1,0,0,1,1),(5,'Summer 2013',8,NULL,NULL,NULL,0,'',0,'',1,0,1,0,1,0,0,0,0,0,0,0,1,1,1),(6,'Fall Semester 2013',6,'2013-08-26','2013-12-20','2014-01-10',0,'',0,'',0,0,0,0,0,0,0,0,0,0,0,0,0,1,0),(7,'Summer 2013: Never Doubted For a Moment',13,'2013-06-10','2013-08-23','2013-09-20',0,'',0,'',0,0,0,0,0,0,0,0,1,0,0,0,0,0,0),(8,'Fall 2013',1,'0000-00-00','0000-00-00','0000-00-00',4,'pm',6,'pm',0,1,0,1,0,1,0,0,0,0,1,0,1,0,0),(9,'Spring-Summer 2012',3,'0000-00-00','0000-00-00','0000-00-00',0,'',0,'',1,0,0,0,0,0,0,1,0,0,0,0,0,1,0),(10,'Beta Edition',4,'0000-00-00','0000-00-00','2013-08-10',12,'am',4,'pm',1,0,1,0,0,0,0,1,1,0,0,0,0,0,0),(11,'Welcome Autumn, 2013',5,'0000-00-00','0000-00-00','0000-00-00',0,'',0,'',0,0,0,0,0,0,0,0,0,0,0,0,0,1,0),(12,'2013 Meetings',7,'0000-00-00','0000-00-00','0000-00-00',0,'',0,'',1,0,1,0,1,0,0,1,1,0,1,0,0,1,1),(13,'Spring 2013',9,'0000-00-00','0000-00-00','0000-00-00',6,'pm',8,'pm',0,0,1,0,1,0,0,0,0,0,0,0,0,0,0),(14,'Summer 2013 Camp Session',11,'0000-00-00','0000-00-00','0000-00-00',NULL,NULL,NULL,NULL,NULL,NULL,NULL,NULL,NULL,NULL,NULL,NULL,NULL,NULL,NULL,NULL,NULL,NULL,NULL),(15,'Final Test Session (not really though)',10,'0000-00-00','0000-00-00','0000-00-00',0,'',0,'',0,0,0,0,0,0,0,0,0,0,0,0,0,0,0),(16,'Spring 2013',11,'2013-07-01','2013-08-31','2013-08-19',NULL,NULL,NULL,NULL,NULL,NULL,NULL,NULL,NULL,NULL,NULL,NULL,NULL,NULL,NULL,NULL,NULL,NULL,NULL),(17,'2012 Mentorship Setup',7,'2012-08-01','2012-11-30','2012-11-23',0,'',0,'',1,0,1,0,1,0,0,1,1,0,1,0,0,1,1),(18,'Fall 2013',15,'2013-09-03','2013-12-20','0000-00-00',NULL,NULL,NULL,NULL,NULL,NULL,NULL,NULL,NULL,NULL,NULL,NULL,NULL,NULL,NULL,NULL,NULL,NULL,NULL),(19,'Fall 2013',16,'2013-09-09','2013-12-13','2013-12-06',NULL,NULL,NULL,NULL,NULL,NULL,NULL,NULL,NULL,NULL,NULL,NULL,NULL,NULL,NULL,NULL,NULL,NULL,NULL),(20,'Session Whatever',17,'0000-00-00','0000-00-00','2013-08-28',NULL,NULL,NULL,NULL,NULL,NULL,NULL,NULL,NULL,NULL,NULL,NULL,NULL,NULL,NULL,NULL,NULL,NULL,NULL),(25,'Autumn 2013',13,'0000-00-00','0000-00-00','2013-09-16',0,'',0,'',0,0,0,0,0,0,0,0,1,0,0,0,0,0,0),(26,'Fall 2013 - Alternates',1,'0000-00-00','0000-00-00','2013-09-17',4,'pm',6,'pm',0,1,0,1,0,1,0,0,0,0,1,0,1,0,0),(30,'SSSSSSSSSSSS',19,'2014-02-04','2014-02-27','2014-02-20',NULL,NULL,NULL,NULL,NULL,NULL,NULL,NULL,NULL,NULL,NULL,NULL,NULL,NULL,NULL,NULL,NULL,NULL,NULL);
/*!40000 ALTER TABLE `Session_Names` ENABLE KEYS */;
UNLOCK TABLES;

--
-- Table structure for table `System_Settings`
--

DROP TABLE IF EXISTS `System_Settings`;
/*!40101 SET @saved_cs_client     = @@character_set_client */;
/*!40101 SET character_set_client = utf8 */;
CREATE TABLE `System_Settings` (
  `Setting_Name` varchar(255) NOT NULL,
  `Setting_Type` enum('integer','string') NOT NULL,
  `Setting_Value` varchar(255) DEFAULT NULL,
  UNIQUE KEY `Setting_Name` (`Setting_Name`)
) ENGINE=InnoDB DEFAULT CHARSET=latin1;
/*!40101 SET character_set_client = @saved_cs_client */;

--
-- Dumping data for table `System_Settings`
--

LOCK TABLES `System_Settings` WRITE;
/*!40000 ALTER TABLE `System_Settings` DISABLE KEYS */;
INSERT INTO `System_Settings` VALUES ('num_days_hidden','integer','365'),('survey_entry_point_salt','string','defaultsalt');
/*!40000 ALTER TABLE `System_Settings` ENABLE KEYS */;
UNLOCK TABLES;

--
-- Current Database: `ttm-lsna`
--

CREATE DATABASE /*!32312 IF NOT EXISTS*/ `ttm-lsna` /*!40100 DEFAULT CHARACTER SET latin1 */;

USE `ttm-lsna`;

--
-- Table structure for table `CLC_Subcategory`
--

DROP TABLE IF EXISTS `CLC_Subcategory`;
/*!40101 SET @saved_cs_client     = @@character_set_client */;
/*!40101 SET character_set_client = utf8 */;
CREATE TABLE `CLC_Subcategory` (
  `CLC_Subcategory_ID` int(11) NOT NULL AUTO_INCREMENT,
  `CLC_ID` int(11) DEFAULT NULL,
  `Subcategory_ID` int(11) DEFAULT NULL,
  PRIMARY KEY (`CLC_Subcategory_ID`),
  KEY `relevant_clc` (`CLC_ID`),
  KEY `sorted_subcategory` (`Subcategory_ID`),
  CONSTRAINT `relevant_clc` FOREIGN KEY (`CLC_ID`) REFERENCES `CLCs` (`CLC_ID`) ON UPDATE CASCADE,
  CONSTRAINT `sorted_subcategory` FOREIGN KEY (`Subcategory_ID`) REFERENCES `Subcategories` (`Subcategory_ID`) ON DELETE CASCADE ON UPDATE CASCADE
) ENGINE=InnoDB AUTO_INCREMENT=9 DEFAULT CHARSET=latin1;
/*!40101 SET character_set_client = @saved_cs_client */;

--
-- Dumping data for table `CLC_Subcategory`
--

LOCK TABLES `CLC_Subcategory` WRITE;
/*!40000 ALTER TABLE `CLC_Subcategory` DISABLE KEYS */;
INSERT INTO `CLC_Subcategory` VALUES (4,1,14),(5,1,59),(6,1,65),(7,1,17),(8,1,18);
/*!40000 ALTER TABLE `CLC_Subcategory` ENABLE KEYS */;
UNLOCK TABLES;

--
-- Table structure for table `CLCs`
--

DROP TABLE IF EXISTS `CLCs`;
/*!40101 SET @saved_cs_client     = @@character_set_client */;
/*!40101 SET character_set_client = utf8 */;
CREATE TABLE `CLCs` (
  `CLC_ID` int(11) NOT NULL AUTO_INCREMENT,
  `CLC_Name` varchar(100) DEFAULT NULL,
  PRIMARY KEY (`CLC_ID`)
) ENGINE=InnoDB AUTO_INCREMENT=2 DEFAULT CHARSET=latin1;
/*!40101 SET character_set_client = @saved_cs_client */;

--
-- Dumping data for table `CLCs`
--

LOCK TABLES `CLCs` WRITE;
/*!40000 ALTER TABLE `CLCs` DISABLE KEYS */;
INSERT INTO `CLCs` VALUES (1,'Ames');
/*!40000 ALTER TABLE `CLCs` ENABLE KEYS */;
UNLOCK TABLES;

--
-- Table structure for table `Categories`
--

DROP TABLE IF EXISTS `Categories`;
/*!40101 SET @saved_cs_client     = @@character_set_client */;
/*!40101 SET character_set_client = utf8 */;
CREATE TABLE `Categories` (
  `Category_ID` int(11) NOT NULL AUTO_INCREMENT,
  `Category_Name` varchar(100) DEFAULT NULL,
  PRIMARY KEY (`Category_ID`)
) ENGINE=InnoDB AUTO_INCREMENT=11 DEFAULT CHARSET=latin1;
/*!40101 SET character_set_client = @saved_cs_client */;

--
-- Dumping data for table `Categories`
--

LOCK TABLES `Categories` WRITE;
/*!40000 ALTER TABLE `Categories` DISABLE KEYS */;
INSERT INTO `Categories` VALUES (1,'Housing & Community Development'),(2,'Education'),(3,'Immigration'),(4,'Health & Open Space'),(5,'Safety'),(8,'Youth'),(10,'Organizational Capacity');
/*!40000 ALTER TABLE `Categories` ENABLE KEYS */;
UNLOCK TABLES;

--
-- Table structure for table `Category_Subcategory_Links`
--

DROP TABLE IF EXISTS `Category_Subcategory_Links`;
/*!40101 SET @saved_cs_client     = @@character_set_client */;
/*!40101 SET character_set_client = utf8 */;
CREATE TABLE `Category_Subcategory_Links` (
  `Category_Subcategory_Link_ID` int(11) NOT NULL AUTO_INCREMENT,
  `Category_ID` int(11) DEFAULT NULL,
  `Subcategory_ID` int(11) DEFAULT NULL,
  PRIMARY KEY (`Category_Subcategory_Link_ID`),
  KEY `category_linked` (`Category_ID`),
  KEY `subcategory_linked` (`Subcategory_ID`),
  CONSTRAINT `category_linked` FOREIGN KEY (`Category_ID`) REFERENCES `Categories` (`Category_ID`) ON UPDATE CASCADE,
  CONSTRAINT `subcategory_linked` FOREIGN KEY (`Subcategory_ID`) REFERENCES `Subcategories` (`Subcategory_ID`) ON DELETE CASCADE ON UPDATE CASCADE
) ENGINE=InnoDB AUTO_INCREMENT=1028 DEFAULT CHARSET=latin1;
/*!40101 SET character_set_client = @saved_cs_client */;

--
-- Dumping data for table `Category_Subcategory_Links`
--

LOCK TABLES `Category_Subcategory_Links` WRITE;
/*!40000 ALTER TABLE `Category_Subcategory_Links` DISABLE KEYS */;
INSERT INTO `Category_Subcategory_Links` VALUES (34,2,2),(35,1,1),(36,1,3),(37,1,4),(68,4,20),(69,4,5),(71,4,8),(72,4,9),(73,4,10),(74,4,14),(75,2,19),(76,2,59),(77,2,65),(78,2,17),(79,2,18),(80,2,21),(81,2,22),(87,10,24),(88,10,25),(89,10,26),(90,10,27),(91,10,28),(92,1,29),(93,4,30),(94,2,31),(95,2,32),(97,2,34),(98,8,35),(99,8,36),(100,8,37),(101,8,38),(102,8,39),(103,8,40),(105,5,42),(106,5,43),(107,5,44),(110,5,45),(111,3,46),(112,3,47),(113,3,48),(114,3,49),(115,3,50),(116,3,51),(117,3,52),(118,2,53),(123,4,58),(127,8,62),(332,2,353),(333,2,354),(334,2,355),(335,2,356),(336,2,357),(337,2,358),(338,2,359),(339,2,360),(340,2,361),(341,2,362),(342,2,363),(343,2,364),(344,2,365),(345,2,366),(347,2,368),(348,2,369),(349,2,370),(350,2,371),(351,2,372),(353,10,374),(354,2,375),(355,4,376),(356,2,377),(536,2,557),(537,2,558),(538,2,559),(539,2,560),(540,2,561),(541,2,562),(542,2,563),(543,2,564),(544,2,565),(545,2,566),(546,2,567),(547,2,568),(548,2,569),(549,2,570),(550,2,571),(551,2,572),(552,2,573),(553,2,574),(554,2,575),(555,2,576),(556,2,577),(557,2,578),(558,2,579),(559,2,580),(560,2,581),(561,2,582),(562,2,583),(563,2,584),(564,2,585),(565,2,586),(566,2,587),(567,2,588),(568,2,589),(569,2,590),(570,2,591),(571,2,592),(572,2,593),(573,2,594),(574,2,595),(575,2,596),(576,2,597),(577,2,598),(578,2,599),(579,2,600),(580,2,601),(581,2,602),(582,2,603),(583,2,604),(584,2,605),(585,2,606),(586,2,607),(587,2,608),(588,2,609),(589,2,610),(590,2,611),(591,2,612),(592,2,613),(593,2,614),(594,2,615),(595,2,616),(596,2,617),(597,2,618),(598,2,619),(599,2,620),(600,2,621),(601,2,622),(602,2,623),(603,2,624),(604,2,625),(605,2,626),(606,2,627),(607,2,628),(608,2,629),(609,2,630),(610,2,631),(611,2,632),(612,2,633),(613,2,634),(614,2,635),(615,2,636),(616,2,637),(617,2,638),(618,2,639),(619,2,640),(620,2,641),(621,2,642),(622,2,643),(623,2,644),(624,2,645),(625,2,646),(626,2,647),(627,2,648),(628,2,649),(629,2,650),(630,2,651),(631,2,652),(632,2,653),(633,2,654),(634,2,655),(635,2,656),(636,2,657),(637,2,658),(638,2,659),(639,2,660),(640,2,661),(641,2,662),(642,2,663),(643,2,664),(644,2,665),(645,2,666),(646,2,667),(647,2,668),(648,2,669),(649,2,670),(650,2,671),(651,2,672),(652,2,673),(653,2,674),(654,2,675),(655,2,676),(656,2,677),(657,2,678),(658,2,679),(659,2,680),(660,2,681),(661,2,682),(662,2,683),(663,2,684),(664,2,685),(665,2,686),(666,2,687),(667,2,688),(668,2,689),(669,2,690),(670,2,691),(671,2,692),(672,2,693),(673,2,694),(674,2,695),(675,2,696),(676,2,697),(677,2,698),(678,2,699),(679,2,700),(680,2,701),(681,2,702),(682,2,703),(683,2,704),(684,2,705),(685,2,706),(686,2,707),(687,2,708),(688,2,709),(689,2,710),(690,2,711),(691,2,712),(692,2,713),(693,2,714),(694,2,715),(695,2,716),(696,2,717),(697,2,718),(698,2,719),(699,2,720),(700,2,721),(701,2,722),(702,2,723),(703,2,724),(704,2,725),(705,2,726),(706,2,727),(707,2,728),(708,2,729),(709,2,730),(710,2,731),(711,2,732),(712,2,733),(713,2,734),(714,2,735),(715,2,736),(716,2,737),(717,2,738),(718,2,739),(719,2,740),(720,2,741),(721,2,742),(722,2,743),(723,2,744),(724,2,745),(725,2,746),(726,2,747),(727,2,748),(728,2,749),(729,2,750),(730,2,751),(731,2,752),(732,2,753),(733,2,754),(734,2,755),(735,2,756),(736,2,757),(737,2,758),(738,2,759),(739,2,760),(740,2,761),(741,2,762),(742,2,763),(743,2,764),(744,2,765),(745,2,766),(746,2,767),(747,2,768),(748,2,769),(749,2,770),(750,2,771),(751,2,772),(752,2,773),(753,2,774),(754,2,775),(755,2,776),(756,2,777),(757,2,778),(758,2,779),(759,2,780),(760,2,781),(761,2,782),(762,2,783),(763,2,784),(764,2,785),(765,2,786),(766,2,787),(767,2,788),(768,2,789),(769,2,790),(770,2,791),(771,2,792),(772,2,793),(773,2,794),(774,2,795),(775,2,796),(776,2,797),(777,2,798),(778,2,799),(779,2,800),(780,2,801),(781,2,802),(782,2,803),(783,2,804),(784,2,805),(785,2,806),(786,2,807),(787,2,808),(788,2,809),(789,2,810),(790,2,811),(791,2,812),(792,2,813),(793,2,814),(794,2,815),(795,2,816),(796,2,817),(797,2,818),(798,2,819),(799,2,820),(800,2,821),(801,2,822),(802,2,823),(803,2,824),(804,2,825),(805,2,826),(806,2,827),(807,2,828),(808,2,829),(809,2,830),(810,2,831),(811,2,832),(812,2,833),(813,2,834),(814,2,835),(815,2,836),(816,2,837),(817,2,838),(818,2,839),(819,2,840),(820,2,841),(821,2,842),(822,2,843),(823,2,844),(824,2,845),(825,2,846),(826,2,847),(827,2,848),(828,2,849),(829,2,850),(830,2,851),(831,2,852),(832,2,853),(833,2,854),(834,2,855),(835,2,856),(836,2,857),(837,2,858),(838,2,859),(839,2,860),(840,2,861),(841,2,862),(842,2,863),(843,2,864),(844,2,865),(845,2,866),(846,2,867),(847,2,868),(848,2,869),(849,2,870),(850,2,871),(851,2,872),(852,2,873),(853,2,874),(854,2,875),(855,2,876),(856,2,877),(857,2,878),(858,2,879),(859,2,880),(860,2,881),(861,2,882),(862,2,883),(863,2,884),(864,2,885),(865,2,886),(866,2,887),(867,2,888),(868,2,889),(869,2,890),(870,2,891),(871,2,892),(872,2,893),(873,2,894),(874,2,895),(875,2,896),(876,2,897),(877,2,898),(878,2,899),(879,2,900),(880,2,901),(881,2,902),(882,2,903),(883,2,904),(884,2,905),(885,2,906),(886,2,907),(887,2,908),(888,2,909),(889,2,910),(890,2,911),(891,2,912),(892,2,913),(893,2,914),(894,2,915),(895,2,916),(896,2,917),(897,2,918),(898,2,919),(899,2,920),(900,2,921),(901,2,922),(902,2,923),(903,2,924),(904,2,925),(905,2,926),(906,2,927),(907,2,928),(908,2,929),(909,2,930),(910,2,931),(911,2,932),(912,2,933),(913,2,934),(914,2,935),(915,2,936),(916,2,937),(917,2,938),(918,2,939),(919,2,940),(920,2,941),(921,2,942),(922,2,943),(923,2,944),(924,2,945),(925,2,946),(926,2,947),(927,2,948),(928,2,949),(929,2,950),(930,2,951),(931,2,952),(932,2,953),(933,2,954),(934,2,955),(935,2,956),(936,2,957),(937,2,958),(938,2,959),(939,2,960),(940,2,961),(941,2,962),(942,2,963),(943,2,964),(944,2,965),(945,2,966),(946,2,967),(947,2,968),(948,2,969),(949,2,970),(950,2,971),(951,2,972),(952,2,973),(953,2,974),(954,2,975),(955,2,976),(956,2,977),(957,2,978),(958,2,979),(959,2,980),(960,2,981),(961,2,982),(962,2,983),(963,2,984),(964,2,985),(965,2,986),(966,2,987),(967,2,988),(968,2,989),(969,2,990),(970,2,991),(971,2,992),(972,2,993),(973,2,994),(974,2,995),(975,2,996),(976,2,997),(977,2,998),(978,2,999),(979,2,1000),(980,2,1001),(981,2,1002),(982,2,1003),(983,2,1004),(984,2,1005),(985,2,1006),(986,2,1007),(987,2,1008),(988,2,1009),(989,2,1010),(990,2,1011),(991,2,1012),(992,2,1013),(993,2,1014),(994,2,1015),(995,2,1016),(996,2,1017),(997,2,1018),(998,2,1019),(999,2,1020),(1000,2,1021),(1001,2,1022),(1002,2,1023),(1003,2,1024),(1004,2,1025),(1005,2,1026),(1006,2,1027),(1007,2,1028),(1008,2,1029),(1009,2,1030),(1010,2,1031),(1011,2,1032),(1012,2,1033),(1013,2,1034),(1014,2,1035),(1015,2,1036),(1016,2,1037),(1017,2,1038),(1018,2,1039),(1019,2,1040),(1020,2,1041),(1021,2,1042),(1022,2,1043),(1023,2,1044),(1024,2,1045),(1025,2,1046),(1026,2,1047),(1027,2,1048);
/*!40000 ALTER TABLE `Category_Subcategory_Links` ENABLE KEYS */;
UNLOCK TABLES;

--
-- Table structure for table `Goals_Development`
--

DROP TABLE IF EXISTS `Goals_Development`;
/*!40101 SET @saved_cs_client     = @@character_set_client */;
/*!40101 SET character_set_client = utf8 */;
CREATE TABLE `Goals_Development` (
  `Goals_Development_ID` int(11) NOT NULL AUTO_INCREMENT,
  `Participant_ID` int(11) DEFAULT NULL,
  `Development_Date` date DEFAULT NULL,
  `Notes` varchar(600) DEFAULT NULL,
  PRIMARY KEY (`Goals_Development_ID`)
) ENGINE=InnoDB AUTO_INCREMENT=13 DEFAULT CHARSET=latin1;
/*!40101 SET character_set_client = @saved_cs_client */;

--
-- Dumping data for table `Goals_Development`
--

LOCK TABLES `Goals_Development` WRITE;
/*!40000 ALTER TABLE `Goals_Development` DISABLE KEYS */;
INSERT INTO `Goals_Development` VALUES (1,1,'0000-00-00','We will go over the first steps in goal development in this meeting.'),(2,1,'2013-06-25','Today we\'ll move on to actually putting the date in the correct format.'),(3,65,'2013-07-01',''),(5,82,'2013-07-09','Maria has three goals.\n1. Learn English\n2. Take GED \n3. Start College\n\n'),(6,12,'2013-07-01','notes notes notes.....'),(7,12,'2013-07-02','we sure had a lot to talk about!'),(8,150,'2013-07-12','We discussed several other community members that Charles suggested might be interested in becoming involved in LSNA programs. He will follow up with their contact information. We also chatted about the weather. Sure was nice out today!'),(9,150,'2013-07-05','Initial meeting with Charles to discuss his family history in Logan Square and his hopes for the neighborhood in the next five years.'),(10,80,'2013-07-01',''),(12,1,'2013-06-28','Quick follow-up on some items we discussed earlier in the week.');
/*!40000 ALTER TABLE `Goals_Development` ENABLE KEYS */;
UNLOCK TABLES;

--
-- Table structure for table `Import_Destination`
--

DROP TABLE IF EXISTS `Import_Destination`;
/*!40101 SET @saved_cs_client     = @@character_set_client */;
/*!40101 SET character_set_client = utf8 */;
CREATE TABLE `Import_Destination` (
  `Import_Destination_ID` int(11) NOT NULL AUTO_INCREMENT,
  `Program_ID` int(11) DEFAULT NULL,
  `Program_Category` varchar(45) DEFAULT NULL,
  `Funding_Source` varchar(45) DEFAULT NULL,
  `Total_Enrollment` int(11) DEFAULT NULL,
  `Total_Dropped` int(11) DEFAULT NULL,
  `Current_Enrollment` int(11) DEFAULT NULL,
  `Total_Service_Days` int(11) DEFAULT NULL,
  `Total_Service_Hours` int(11) DEFAULT NULL,
  `Total_Present` int(11) DEFAULT NULL,
  `Total_Activity` int(11) DEFAULT NULL,
  `Average_Daily_Attendance` int(11) DEFAULT NULL,
  `Average_Weekly_Attendance` int(11) DEFAULT NULL,
  `Num_Weeks` int(11) DEFAULT NULL,
  `Attendance_Rate` varchar(45) DEFAULT NULL,
  `Percent_Sessions_With_Attendees` varchar(45) DEFAULT NULL,
  `Percent_Attendance_Recorded` varchar(45) DEFAULT NULL,
  `Report_Period` varchar(100) DEFAULT NULL,
  `School_Reported` varchar(100) DEFAULT NULL,
  PRIMARY KEY (`Import_Destination_ID`)
) ENGINE=InnoDB AUTO_INCREMENT=485 DEFAULT CHARSET=latin1;
/*!40101 SET character_set_client = @saved_cs_client */;

--
-- Dumping data for table `Import_Destination`
--

LOCK TABLES `Import_Destination` WRITE;
/*!40000 ALTER TABLE `Import_Destination` DISABLE KEYS */;
INSERT INTO `Import_Destination` VALUES (25,558,'Community Schools Initiative','Lead Partner Funds',16,0,16,3,3,35,48,12,12,3,'72.90%','100.00%','100.00%\r\n',NULL,NULL),(26,561,'Community Schools Initiative','General Fund: Education Fund (115)',18,0,18,5,5,47,90,9,9,5,'52.20%','100.00%','100.00%\r\n',NULL,NULL),(27,562,'Community Schools Initiative','General Fund: Education Fund (115)',7,1,6,18,36,80,112,4,5,5,'71.40%','100.00%','100.00%\r\n',NULL,NULL),(28,563,'Community Schools Initiative','General Fund: Education Fund (115)',24,6,18,17,34,243,302,14,17,5,'80.50%','100.00%','100.00%\r\n',NULL,NULL),(29,564,'Community Schools Initiative','In-Kind',17,0,17,18,36,171,306,10,11,5,'55.90%','100.00%','100.00%\r\n',NULL,NULL),(30,565,'Community Schools Initiative','Lead Partner Funds',32,0,32,12,39,317,383,26,30,5,'82.80%','100.00%','100.00%\r\n',NULL,NULL),(31,566,'Community Schools Initiative','Lead Partner Funds',16,0,16,12,36,107,192,9,12,5,'55.70%','100.00%','100.00%\r\n',NULL,NULL),(32,567,'Community Schools Initiative','General Fund: Education Fund (115)',43,1,42,17,34,622,726,37,41,5,'85.70%','100.00%','100.00%\r\n',NULL,NULL),(33,568,'Community Schools Initiative','Lead Partner Funds',20,0,20,22,132,422,440,19,20,5,'95.90%','100.00%','100.00%\r\n',NULL,NULL),(34,569,'Community Schools Initiative','General Fund: Education Fund (115)',13,0,13,4,4,32,52,8,8,4,'61.50%','100.00%','100.00%\r\n',NULL,NULL),(35,570,'Community Schools Initiative','Lead Partner Funds',16,0,16,17,34,224,272,13,15,5,'82.40%','100.00%','100.00%\r\n',NULL,NULL),(36,571,'Community Schools Initiative','General Fund: Education Fund (115)',13,2,11,17,34,161,189,9,11,5,'85.20%','100.00%','100.00%\r\n',NULL,NULL),(37,572,'Community Schools Initiative','Lead Partner Funds',16,0,16,3,3,35,48,12,12,3,'72.90%','100.00%','100.00%\r\n',NULL,NULL),(38,573,'Community Schools Initiative','General Fund: Education Fund (115)',18,0,18,5,5,47,90,9,9,5,'52.20%','100.00%','100.00%\r\n',NULL,NULL),(39,574,'Community Schools Initiative','General Fund: Education Fund (115)',7,1,6,18,36,80,112,4,5,5,'71.40%','100.00%','100.00%\r\n',NULL,NULL),(40,575,'Community Schools Initiative','General Fund: Education Fund (115)',24,6,18,17,34,243,302,14,17,5,'80.50%','100.00%','100.00%\r\n',NULL,NULL),(41,576,'Community Schools Initiative','In-Kind',17,0,17,18,36,171,306,10,11,5,'55.90%','100.00%','100.00%\r\n',NULL,NULL),(42,577,'Community Schools Initiative','Lead Partner Funds',32,0,32,12,39,317,383,26,30,5,'82.80%','100.00%','100.00%\r\n',NULL,NULL),(43,578,'Community Schools Initiative','Lead Partner Funds',16,0,16,12,36,107,192,9,12,5,'55.70%','100.00%','100.00%\r\n',NULL,NULL),(44,579,'Community Schools Initiative','General Fund: Education Fund (115)',43,1,42,17,34,622,726,37,41,5,'85.70%','100.00%','100.00%\r\n',NULL,NULL),(45,580,'Community Schools Initiative','Lead Partner Funds',20,0,20,22,132,422,440,19,20,5,'95.90%','100.00%','100.00%\r\n',NULL,NULL),(46,581,'Community Schools Initiative','General Fund: Education Fund (115)',13,0,13,4,4,32,52,8,8,4,'61.50%','100.00%','100.00%\r\n',NULL,NULL),(47,582,'Community Schools Initiative','Lead Partner Funds',16,0,16,17,34,224,272,13,15,5,'82.40%','100.00%','100.00%\r\n',NULL,NULL),(48,583,'Community Schools Initiative','General Fund: Education Fund (115)',13,2,11,17,34,161,189,9,11,5,'85.20%','100.00%','100.00%\r\n',NULL,NULL),(49,353,'Community Schools Initiative','Lead Partner Funds',14,0,14,14,14,168,196,12,12,8,'85.70%','92.90%','92.90%\r\n','3/1/2013 to 4/30/2013','Funston - Funston'),(50,354,'Community Schools Initiative','Lead Partner Funds',7,0,7,15,15,88,105,6,6,8,'83.80%','93.30%','93.30%\r\n','3/1/2013 to 4/30/2013','Funston - Funston'),(51,354,'Community Schools Initiative','Lead Partner Funds',12,1,11,14,14,140,164,10,10,8,'85.40%','92.90%','93.30%\r\n','3/1/2013 to 4/30/2013','Funston - Funston'),(52,355,'Community Schools Initiative','Lead Partner Funds',10,0,10,15,15,117,150,8,8,8,'78.00%','93.30%','93.30%\r\n','3/1/2013 to 4/30/2013','Funston - Funston'),(53,355,'Community Schools Initiative','Lead Partner Funds',10,0,10,15,15,137,150,9,9,8,'91.30%','93.30%','93.30%\r\n','3/1/2013 to 4/30/2013','Funston - Funston'),(54,356,'Community Schools Initiative','General Fund: Education Fund (115)',18,2,16,8,8,102,134,13,13,8,'76.10%','87.50%','88.10%\r\n','3/1/2013 to 4/30/2013','Funston - Funston'),(55,357,'Community Schools Initiative','General Fund: Education Fund (115)',13,0,13,8,8,87,104,11,11,8,'83.70%','87.50%','87.50%\r\n','3/1/2013 to 4/30/2013','Funston - Funston'),(56,358,'Community Schools Initiative','Lead Partner Funds',18,1,17,15,23,201,263,13,14,8,'76.40%','93.30%','93.50%\r\n','3/1/2013 to 4/30/2013','Funston - Funston'),(57,358,'Community Schools Initiative','Lead Partner Funds',15,2,13,14,21,135,195,10,10,8,'69.20%','92.90%','93.30%\r\n','3/1/2013 to 4/30/2013','Funston - Funston'),(58,359,'Community Schools Initiative','General Fund: Education Fund (115)',42,7,35,21,21,660,788,31,32,8,'83.80%','95.20%','95.60%\r\n','3/1/2013 to 4/30/2013','Funston - Funston'),(59,360,'Community Schools Initiative','Lead Partner Funds',24,0,24,33,83,500,792,15,16,9,'63.10%','93.90%','93.90%\r\n','3/1/2013 to 4/30/2013','Funston - Funston'),(60,361,'Community Schools Initiative','General Fund: Education Fund (115)',36,0,36,17,34,276,612,16,21,9,'45.10%','94.10%','94.10%\r\n','3/1/2013 to 4/30/2013','Funston - Funston'),(61,362,'Community Schools Initiative','General Fund: Education Fund (115)',10,3,7,8,10,50,69,6,6,8,'72.50%','87.50%','89.90%\r\n','3/1/2013 to 4/30/2013','Funston - Funston'),(62,363,'Community Schools Initiative','General Fund: Education Fund (115)',14,1,13,29,65,246,322,8,9,8,'76.40%','93.10%','91.90%\r\n','3/1/2013 to 4/30/2013','Funston - Funston'),(63,363,'Community Schools Initiative','General Fund: Education Fund (115)',14,0,14,29,65,286,365,10,11,8,'78.40%','93.10%','92.30%\r\n','3/1/2013 to 4/30/2013','Funston - Funston'),(64,364,'Community Schools Initiative','Lead Partner Funds',9,1,8,15,15,90,122,6,6,8,'73.80%','93.30%','93.40%\r\n','3/1/2013 to 4/30/2013','Funston - Funston'),(65,365,'Community Schools Initiative','General Fund: Education Fund (115)',14,0,14,15,15,181,210,12,12,8,'86.20%','93.30%','93.30%\r\n','3/1/2013 to 4/30/2013','Funston - Funston'),(66,366,'Community Schools Initiative','General Fund: Education Fund (115)',30,5,25,14,14,307,390,22,23,8,'78.70%','92.90%','93.60%\r\n','3/1/2013 to 4/30/2013','Funston - Funston'),(67,584,'Community Schools Initiative','Lead Partner Funds',13,0,13,29,58,302,377,10,11,8,'80.10%','93.10%','93.10%\r\n','3/1/2013 to 4/30/2013','Funston - Funston'),(68,368,'Community Schools Initiative','General Fund: Education Fund (115)',13,1,12,6,9,69,75,12,12,6,'92.00%','100.00%','100.00%\r\n','3/1/2013 to 4/30/2013','Funston - Funston'),(69,369,'Community Schools Initiative','General Fund: Education Fund (115)',16,0,16,17,34,205,272,12,13,9,'75.40%','94.10%','94.10%\r\n','3/1/2013 to 4/30/2013','Funston - Funston'),(70,370,'Community Schools Initiative','General Fund: Education Fund (115)',8,3,5,16,12,95,116,6,6,8,'81.90%','93.80%','95.70%\r\n','3/1/2013 to 4/30/2013','Funston - Funston'),(71,371,'Community Schools Initiative','General Fund: Education Fund (115)',12,2,10,16,12,150,180,9,10,8,'83.30%','100.00%','100.00%\r\n','3/1/2013 to 4/30/2013','Funston - Funston'),(72,372,'Community Schools Initiative','9',0,0,0,0,0,0,0,0,0,0,'','','\r\n','3/1/2013 to 4/30/2013','Funston - Funston'),(73,353,'Community Schools Initiative','Lead Partner Funds',14,0,14,14,14,168,196,12,12,8,'85.70%','92.90%','92.90%\r\n','3/1/2013 to 4/30/2013','Funston - Funston'),(74,354,'Community Schools Initiative','Lead Partner Funds',7,0,7,15,15,88,105,6,6,8,'83.80%','93.30%','93.30%\r\n','3/1/2013 to 4/30/2013','Funston - Funston'),(75,354,'Community Schools Initiative','Lead Partner Funds',12,1,11,14,14,140,164,10,10,8,'85.40%','92.90%','93.30%\r\n','3/1/2013 to 4/30/2013','Funston - Funston'),(76,355,'Community Schools Initiative','Lead Partner Funds',10,0,10,15,15,117,150,8,8,8,'78.00%','93.30%','93.30%\r\n','3/1/2013 to 4/30/2013','Funston - Funston'),(77,355,'Community Schools Initiative','Lead Partner Funds',10,0,10,15,15,137,150,9,9,8,'91.30%','93.30%','93.30%\r\n','3/1/2013 to 4/30/2013','Funston - Funston'),(78,356,'Community Schools Initiative','General Fund: Education Fund (115)',18,2,16,8,8,102,134,13,13,8,'76.10%','87.50%','88.10%\r\n','3/1/2013 to 4/30/2013','Funston - Funston'),(79,357,'Community Schools Initiative','General Fund: Education Fund (115)',13,0,13,8,8,87,104,11,11,8,'83.70%','87.50%','87.50%\r\n','3/1/2013 to 4/30/2013','Funston - Funston'),(80,358,'Community Schools Initiative','Lead Partner Funds',18,1,17,15,23,201,263,13,14,8,'76.40%','93.30%','93.50%\r\n','3/1/2013 to 4/30/2013','Funston - Funston'),(81,358,'Community Schools Initiative','Lead Partner Funds',15,2,13,14,21,135,195,10,10,8,'69.20%','92.90%','93.30%\r\n','3/1/2013 to 4/30/2013','Funston - Funston'),(82,359,'Community Schools Initiative','General Fund: Education Fund (115)',42,7,35,21,21,660,788,31,32,8,'83.80%','95.20%','95.60%\r\n','3/1/2013 to 4/30/2013','Funston - Funston'),(83,360,'Community Schools Initiative','Lead Partner Funds',24,0,24,33,83,500,792,15,16,9,'63.10%','93.90%','93.90%\r\n','3/1/2013 to 4/30/2013','Funston - Funston'),(84,361,'Community Schools Initiative','General Fund: Education Fund (115)',36,0,36,17,34,276,612,16,21,9,'45.10%','94.10%','94.10%\r\n','3/1/2013 to 4/30/2013','Funston - Funston'),(85,362,'Community Schools Initiative','General Fund: Education Fund (115)',10,3,7,8,10,50,69,6,6,8,'72.50%','87.50%','89.90%\r\n','3/1/2013 to 4/30/2013','Funston - Funston'),(86,363,'Community Schools Initiative','General Fund: Education Fund (115)',14,1,13,29,65,246,322,8,9,8,'76.40%','93.10%','91.90%\r\n','3/1/2013 to 4/30/2013','Funston - Funston'),(87,363,'Community Schools Initiative','General Fund: Education Fund (115)',14,0,14,29,65,286,365,10,11,8,'78.40%','93.10%','92.30%\r\n','3/1/2013 to 4/30/2013','Funston - Funston'),(88,364,'Community Schools Initiative','Lead Partner Funds',9,1,8,15,15,90,122,6,6,8,'73.80%','93.30%','93.40%\r\n','3/1/2013 to 4/30/2013','Funston - Funston'),(89,365,'Community Schools Initiative','General Fund: Education Fund (115)',14,0,14,15,15,181,210,12,12,8,'86.20%','93.30%','93.30%\r\n','3/1/2013 to 4/30/2013','Funston - Funston'),(90,366,'Community Schools Initiative','General Fund: Education Fund (115)',30,5,25,14,14,307,390,22,23,8,'78.70%','92.90%','93.60%\r\n','3/1/2013 to 4/30/2013','Funston - Funston'),(91,584,'Community Schools Initiative','Lead Partner Funds',13,0,13,29,58,302,377,10,11,8,'80.10%','93.10%','93.10%\r\n','3/1/2013 to 4/30/2013','Funston - Funston'),(92,368,'Community Schools Initiative','General Fund: Education Fund (115)',13,1,12,6,9,69,75,12,12,6,'92.00%','100.00%','100.00%\r\n','3/1/2013 to 4/30/2013','Funston - Funston'),(93,369,'Community Schools Initiative','General Fund: Education Fund (115)',16,0,16,17,34,205,272,12,13,9,'75.40%','94.10%','94.10%\r\n','3/1/2013 to 4/30/2013','Funston - Funston'),(94,370,'Community Schools Initiative','General Fund: Education Fund (115)',8,3,5,16,12,95,116,6,6,8,'81.90%','93.80%','95.70%\r\n','3/1/2013 to 4/30/2013','Funston - Funston'),(95,371,'Community Schools Initiative','General Fund: Education Fund (115)',12,2,10,16,12,150,180,9,10,8,'83.30%','100.00%','100.00%\r\n','3/1/2013 to 4/30/2013','Funston - Funston'),(96,372,'Community Schools Initiative','9',0,0,0,0,0,0,0,0,0,0,'','','\r\n','3/1/2013 to 4/30/2013','Funston - Funston'),(97,585,'Ames Middle School','',0,0,0,0,0,0,0,0,0,0,'','','','',''),(98,586,'Youth Participants','',0,0,0,0,0,0,0,0,0,0,'','','','5/1/2013 to 5/31/2013',''),(99,587,'Total Enrollment1','Total Dropped2',0,0,0,0,0,0,0,0,0,0,'','','','5/1/2013 to 5/31/2013',''),(100,588,'Mon. AVA Per. 1 Ames\"','13',0,3,8,39,3,0,0,0,0,0,'','','','5/1/2013 to 5/31/2013',''),(101,588,'Mon. AVA Per. 2 Ames\"','16',0,3,12,47,4,0,0,0,0,0,'','','','5/1/2013 to 5/31/2013',''),(102,588,'Mon. FYE Per. 1 Ames\"','20',0,3,15,60,5,0,0,0,0,0,'','','','5/1/2013 to 5/31/2013',''),(103,588,'Mon. FYE Per. 2 Ames\"','13',0,3,9,39,3,0,0,0,0,0,'','','','5/1/2013 to 5/31/2013',''),(104,588,'Mon. Recreation Per. 1 Ames\"','13',0,3,13,39,4,0,0,0,0,0,'','','','5/1/2013 to 5/31/2013',''),(105,588,'Mon. Recreation Per. 2 Ames\"','12',0,3,14,36,5,0,0,0,0,0,'','','','5/1/2013 to 5/31/2013',''),(106,588,'Mon. Soccer Camp Ames\"','29',0,3,36,87,12,0,0,0,0,0,'','','','5/1/2013 to 5/31/2013',''),(107,648,'15','0',4,14,60,4,0,0,0,0,0,0,'','','','5/1/2013 to 5/31/2013',''),(108,649,'12','0',4,10,48,3,0,0,0,0,0,0,'','','','5/1/2013 to 5/31/2013',''),(109,650,'22','0',4,35,88,9,0,0,0,0,0,0,'','','','5/1/2013 to 5/31/2013',''),(110,651,'13','0',4,14,47,4,0,0,0,0,0,0,'','','','5/1/2013 to 5/31/2013',''),(111,652,'16','0',4,14,63,4,0,0,0,0,0,0,'','','','5/1/2013 to 5/31/2013',''),(112,653,'20','0',3,8,56,3,0,0,0,0,0,0,'','','','5/1/2013 to 5/31/2013',''),(113,654,'19','0',3,22,57,7,0,0,0,0,0,0,'','','','5/1/2013 to 5/31/2013',''),(114,655,'20','0',4,21,65,5,0,0,0,0,0,0,'','','','5/1/2013 to 5/31/2013',''),(115,656,'9','0',4,9,21,2,0,0,0,0,0,0,'','','','5/1/2013 to 5/31/2013',''),(116,657,'29','0',4,38,113,10,0,0,0,0,0,0,'','','','5/1/2013 to 5/31/2013',''),(117,658,'10','0',4,15,40,4,0,0,0,0,0,0,'','','','5/1/2013 to 5/31/2013',''),(118,659,'26','0',5,38,124,8,0,0,0,0,0,0,'','','','5/1/2013 to 5/31/2013',''),(119,660,'20','0',5,28,82,6,0,0,0,0,0,0,'','','','5/1/2013 to 5/31/2013',''),(120,661,'25','0',5,49,125,10,0,0,0,0,0,0,'','','','5/1/2013 to 5/31/2013',''),(121,662,'35','0',7,28,245,4,0,0,0,0,0,0,'','','','5/1/2013 to 5/31/2013',''),(122,663,'20','0',9,46,173,5,0,0,0,0,0,0,'','','','5/1/2013 to 5/31/2013',''),(123,664,'8','0',7,41,56,6,0,0,0,0,0,0,'','','','5/1/2013 to 5/31/2013',''),(124,665,'10','0',9,31,90,3,0,0,0,0,0,0,'','','','5/1/2013 to 5/31/2013',''),(125,666,'17','0',7,35,117,5,0,0,0,0,0,0,'','','','5/1/2013 to 5/31/2013',''),(126,667,'31','0',9,53,279,6,0,0,0,0,0,0,'','','','5/1/2013 to 5/31/2013',''),(127,668,'23','0',7,44,161,6,0,0,0,0,0,0,'','','','5/1/2013 to 5/31/2013',''),(128,669,'29','0',9,90,256,10,0,0,0,0,0,0,'','','','5/1/2013 to 5/31/2013',''),(129,670,'6','0',6,32,36,5,0,0,0,0,0,0,'','','','5/1/2013 to 5/31/2013',''),(130,671,'19','0',9,59,170,7,0,0,0,0,0,0,'','','','5/1/2013 to 5/31/2013',''),(131,672,'8','0',2,10,16,5,0,0,0,0,0,0,'','','','5/1/2013 to 5/31/2013',''),(132,673,'31','0',9,90,279,10,0,0,0,0,0,0,'','','','5/1/2013 to 5/31/2013',''),(133,674,'5','0',9,24,45,3,0,0,0,0,0,0,'','','','5/1/2013 to 5/31/2013',''),(134,675,'0','0',9,0,0,0,0,0,0,0,0,0,'','','','5/1/2013 to 5/31/2013',''),(135,676,'0','0',9,0,0,0,0,0,0,0,0,0,'','','','5/1/2013 to 5/31/2013',''),(136,677,'96','0',5,171,480,34,0,0,0,0,0,0,'','','','5/1/2013 to 5/31/2013',''),(137,678,'11','0',4,20,39,5,0,0,0,0,0,0,'','','','5/1/2013 to 5/31/2013',''),(138,679,'11','0',5,22,55,4,0,0,0,0,0,0,'','','','5/1/2013 to 5/31/2013',''),(139,680,'0','0',1,0,0,0,0,0,0,0,0,0,'','','','5/1/2013 to 5/31/2013',''),(140,681,'11','0',9,36,99,4,0,0,0,0,0,0,'','','','5/1/2013 to 5/31/2013',''),(141,682,'0','0',8,0,0,0,0,0,0,0,0,0,'','','','5/1/2013 to 5/31/2013',''),(142,683,'16','0',9,92,144,10,0,0,0,0,0,0,'','','','5/1/2013 to 5/31/2013',''),(143,684,'21','0',3,20,63,7,0,0,0,0,0,0,'','','','5/1/2013 to 5/31/2013',''),(144,685,'10','0',4,15,40,4,0,0,0,0,0,0,'','','','5/1/2013 to 5/31/2013',''),(145,686,'10','0',4,10,37,3,0,0,0,0,0,0,'','','','5/1/2013 to 5/31/2013',''),(146,687,'31','0',20,413,620,21,0,0,0,0,0,0,'','','','5/1/2013 to 5/31/2013',''),(147,627,'Total Service Days','Event Attendance',0,0,0,0,0,0,0,0,0,0,'','','','5/1/2013 to 5/31/2013',''),(148,628,'1','115',0,0,0,0,0,0,0,0,0,0,'','','','5/1/2013 to 5/31/2013',''),(149,629,'1','11',0,0,0,0,0,0,0,0,0,0,'','','','5/1/2013 to 5/31/2013',''),(150,630,'1','490',0,0,0,0,0,0,0,0,0,0,'','','','5/1/2013 to 5/31/2013',''),(151,631,'23','20',0,0,0,0,0,0,0,0,0,0,'','','','5/1/2013 to 5/31/2013',''),(152,632,'1','15',0,0,0,0,0,0,0,0,0,0,'','','','5/1/2013 to 5/31/2013',''),(153,632,'1','25',0,0,0,0,0,0,0,0,0,0,'','','','5/1/2013 to 5/31/2013',''),(154,633,'1','50',0,0,0,0,0,0,0,0,0,0,'','','','5/1/2013 to 5/31/2013',''),(155,634,'1','90',0,0,0,0,0,0,0,0,0,0,'','','','5/1/2013 to 5/31/2013',''),(156,635,'9','20',0,0,0,0,0,0,0,0,0,0,'','','','5/1/2013 to 5/31/2013',''),(157,636,'1','0',0,0,0,0,0,0,0,0,0,0,'','','','5/1/2013 to 5/31/2013',''),(158,637,'1','20',0,0,0,0,0,0,0,0,0,0,'','','','5/1/2013 to 5/31/2013',''),(159,638,'1','16',0,0,0,0,0,0,0,0,0,0,'','','','5/1/2013 to 5/31/2013',''),(160,639,'1','100',0,0,0,0,0,0,0,0,0,0,'','','','5/1/2013 to 5/31/2013',''),(161,640,'1','25',0,0,0,0,0,0,0,0,0,0,'','','','5/1/2013 to 5/31/2013',''),(162,641,'1','90',0,0,0,0,0,0,0,0,0,0,'','','','5/1/2013 to 5/31/2013',''),(163,689,'Community Schools Initiative','General Fund: Education Fund (115)',6,1,5,5,9,26,26,5,5,5,'100.00%','100.00%','100.00%\r\n','5/1/2013 to 5/31/2013','McAuliffe - McAuliffe'),(164,690,'Community Schools Initiative','General Fund: Education Fund (115)',16,1,15,5,6,70,75,14,14,5,'93.30%','100.00%','100.00%\r\n','5/1/2013 to 5/31/2013','McAuliffe - McAuliffe'),(165,691,'Community Schools Initiative','General Fund: Education Fund (115)',4,0,4,5,8,20,20,4,4,5,'100.00%','100.00%','100.00%\r\n','5/1/2013 to 5/31/2013','McAuliffe - McAuliffe'),(166,692,'Community Schools Initiative','General Fund: Education Fund (115)',6,0,6,5,8,30,30,6,6,5,'100.00%','100.00%','100.00%\r\n','5/1/2013 to 5/31/2013','McAuliffe - McAuliffe'),(167,693,'Community Schools Initiative','General Fund: Education Fund (115)',15,0,15,16,20,227,240,14,15,5,'94.60%','100.00%','100.00%\r\n','5/1/2013 to 5/31/2013','McAuliffe - McAuliffe'),(168,694,'Community Schools Initiative','Lead Partner Funds',17,1,16,6,12,84,98,14,17,2,'85.70%','100.00%','100.00%\r\n','5/1/2013 to 5/31/2013','McAuliffe - McAuliffe'),(169,695,'Community Schools Initiative','General Fund: Education Fund (115)',10,1,9,16,20,139,145,9,9,5,'95.90%','100.00%','100.00%\r\n','5/1/2013 to 5/31/2013','McAuliffe - McAuliffe'),(170,696,'Community Schools Initiative','General Fund: Education Fund (115)',11,1,10,16,20,153,164,10,10,5,'93.30%','100.00%','100.00%\r\n','5/1/2013 to 5/31/2013','McAuliffe - McAuliffe'),(171,697,'Community Schools Initiative','General Fund: Education Fund (115)',15,0,15,16,20,233,240,15,15,5,'97.10%','100.00%','100.00%\r\n','5/1/2013 to 5/31/2013','McAuliffe - McAuliffe'),(172,698,'Community Schools Initiative','General Fund: Education Fund (115)',14,2,12,16,20,192,198,12,13,5,'97.00%','100.00%','100.00%\r\n','5/1/2013 to 5/31/2013','McAuliffe - McAuliffe'),(173,699,'Community Schools Initiative','General Fund: Education Fund (115)',13,4,9,4,7,37,44,9,9,4,'84.10%','100.00%','100.00%\r\n','5/1/2013 to 5/31/2013','McAuliffe - McAuliffe'),(174,700,'Community Schools Initiative','Lead Partner Funds',10,0,10,23,46,230,230,10,10,5,'100.00%','100.00%','100.00%\r\n','5/1/2013 to 5/31/2013','McAuliffe - McAuliffe'),(175,701,'Community Schools Initiative','General Fund: Education Fund (115)',16,0,16,7,4,109,112,16,16,5,'97.30%','100.00%','100.00%\r\n','5/1/2013 to 5/31/2013','McAuliffe - McAuliffe'),(176,702,'Community Schools Initiative','General Fund: Education Fund (115)',14,2,12,9,5,105,111,12,12,5,'94.60%','100.00%','100.00%\r\n','5/1/2013 to 5/31/2013','McAuliffe - McAuliffe'),(177,704,'Community Schools Initiative','General Fund: Education Fund (115)',15,0,15,9,5,133,135,15,15,5,'98.50%','100.00%','100.00%\r\n','5/1/2013 to 5/31/2013','McAuliffe - McAuliffe'),(178,705,'Community Schools Initiative','General Fund: Education Fund (115)',14,2,12,7,4,84,87,12,12,5,'96.60%','100.00%','100.00%\r\n','5/1/2013 to 5/31/2013','McAuliffe - McAuliffe'),(179,706,'Community Schools Initiative','Lead Partner Funds',17,2,15,5,8,78,81,16,16,5,'96.30%','100.00%','100.00%\r\n','5/1/2013 to 5/31/2013','McAuliffe - McAuliffe'),(180,707,'Community Schools Initiative','Lead Partner Funds',31,0,31,2,2,62,62,31,31,2,'100.00%','100.00%','100.00%\r\n','5/1/2013 to 5/31/2013','McAuliffe - McAuliffe'),(181,708,'Community Schools Initiative','1',0,0,0,0,0,0,0,0,0,0,'','','','5/1/2013 to 5/31/2013','McAuliffe - McAuliffe'),(182,709,'Community Schools Initiative','1',0,0,0,0,0,0,0,0,0,0,'','','','5/1/2013 to 5/31/2013','McAuliffe - McAuliffe'),(183,585,'Ames Middle School','',0,0,0,0,0,0,0,0,0,0,'','','','',''),(184,586,'Youth Participants','',0,0,0,0,0,0,0,0,0,0,'','','','5/1/2013 to 5/31/2013',''),(185,587,'Total Enrollment1','Total Dropped2',0,0,0,0,0,0,0,0,0,0,'','','','5/1/2013 to 5/31/2013',''),(186,588,'Mon. AVA Per. 1 Ames\"','13',0,3,8,39,3,0,0,0,0,0,'','','','5/1/2013 to 5/31/2013',''),(187,588,'Mon. AVA Per. 2 Ames\"','16',0,3,12,47,4,0,0,0,0,0,'','','','5/1/2013 to 5/31/2013',''),(188,588,'Mon. FYE Per. 1 Ames\"','20',0,3,15,60,5,0,0,0,0,0,'','','','5/1/2013 to 5/31/2013',''),(189,588,'Mon. FYE Per. 2 Ames\"','13',0,3,9,39,3,0,0,0,0,0,'','','','5/1/2013 to 5/31/2013',''),(190,588,'Mon. Recreation Per. 1 Ames\"','13',0,3,13,39,4,0,0,0,0,0,'','','','5/1/2013 to 5/31/2013',''),(191,588,'Mon. Recreation Per. 2 Ames\"','12',0,3,14,36,5,0,0,0,0,0,'','','','5/1/2013 to 5/31/2013',''),(192,588,'Mon. Soccer Camp Ames\"','29',0,3,36,87,12,0,0,0,0,0,'','','','5/1/2013 to 5/31/2013',''),(193,648,'15','0',4,14,60,4,0,0,0,0,0,0,'','','','5/1/2013 to 5/31/2013',''),(194,649,'12','0',4,10,48,3,0,0,0,0,0,0,'','','','5/1/2013 to 5/31/2013',''),(195,650,'22','0',4,35,88,9,0,0,0,0,0,0,'','','','5/1/2013 to 5/31/2013',''),(196,651,'13','0',4,14,47,4,0,0,0,0,0,0,'','','','5/1/2013 to 5/31/2013',''),(197,652,'16','0',4,14,63,4,0,0,0,0,0,0,'','','','5/1/2013 to 5/31/2013',''),(198,653,'20','0',3,8,56,3,0,0,0,0,0,0,'','','','5/1/2013 to 5/31/2013',''),(199,654,'19','0',3,22,57,7,0,0,0,0,0,0,'','','','5/1/2013 to 5/31/2013',''),(200,655,'20','0',4,21,65,5,0,0,0,0,0,0,'','','','5/1/2013 to 5/31/2013',''),(201,656,'9','0',4,9,21,2,0,0,0,0,0,0,'','','','5/1/2013 to 5/31/2013',''),(202,657,'29','0',4,38,113,10,0,0,0,0,0,0,'','','','5/1/2013 to 5/31/2013',''),(203,658,'10','0',4,15,40,4,0,0,0,0,0,0,'','','','5/1/2013 to 5/31/2013',''),(204,659,'26','0',5,38,124,8,0,0,0,0,0,0,'','','','5/1/2013 to 5/31/2013',''),(205,660,'20','0',5,28,82,6,0,0,0,0,0,0,'','','','5/1/2013 to 5/31/2013',''),(206,661,'25','0',5,49,125,10,0,0,0,0,0,0,'','','','5/1/2013 to 5/31/2013',''),(207,662,'35','0',7,28,245,4,0,0,0,0,0,0,'','','','5/1/2013 to 5/31/2013',''),(208,663,'20','0',9,46,173,5,0,0,0,0,0,0,'','','','5/1/2013 to 5/31/2013',''),(209,664,'8','0',7,41,56,6,0,0,0,0,0,0,'','','','5/1/2013 to 5/31/2013',''),(210,665,'10','0',9,31,90,3,0,0,0,0,0,0,'','','','5/1/2013 to 5/31/2013',''),(211,666,'17','0',7,35,117,5,0,0,0,0,0,0,'','','','5/1/2013 to 5/31/2013',''),(212,667,'31','0',9,53,279,6,0,0,0,0,0,0,'','','','5/1/2013 to 5/31/2013',''),(213,668,'23','0',7,44,161,6,0,0,0,0,0,0,'','','','5/1/2013 to 5/31/2013',''),(214,669,'29','0',9,90,256,10,0,0,0,0,0,0,'','','','5/1/2013 to 5/31/2013',''),(215,670,'6','0',6,32,36,5,0,0,0,0,0,0,'','','','5/1/2013 to 5/31/2013',''),(216,671,'19','0',9,59,170,7,0,0,0,0,0,0,'','','','5/1/2013 to 5/31/2013',''),(217,672,'8','0',2,10,16,5,0,0,0,0,0,0,'','','','5/1/2013 to 5/31/2013',''),(218,673,'31','0',9,90,279,10,0,0,0,0,0,0,'','','','5/1/2013 to 5/31/2013',''),(219,674,'5','0',9,24,45,3,0,0,0,0,0,0,'','','','5/1/2013 to 5/31/2013',''),(220,675,'0','0',9,0,0,0,0,0,0,0,0,0,'','','','5/1/2013 to 5/31/2013',''),(221,676,'0','0',9,0,0,0,0,0,0,0,0,0,'','','','5/1/2013 to 5/31/2013',''),(222,677,'96','0',5,171,480,34,0,0,0,0,0,0,'','','','5/1/2013 to 5/31/2013',''),(223,678,'11','0',4,20,39,5,0,0,0,0,0,0,'','','','5/1/2013 to 5/31/2013',''),(224,679,'11','0',5,22,55,4,0,0,0,0,0,0,'','','','5/1/2013 to 5/31/2013',''),(225,680,'0','0',1,0,0,0,0,0,0,0,0,0,'','','','5/1/2013 to 5/31/2013',''),(226,681,'11','0',9,36,99,4,0,0,0,0,0,0,'','','','5/1/2013 to 5/31/2013',''),(227,682,'0','0',8,0,0,0,0,0,0,0,0,0,'','','','5/1/2013 to 5/31/2013',''),(228,683,'16','0',9,92,144,10,0,0,0,0,0,0,'','','','5/1/2013 to 5/31/2013',''),(229,684,'21','0',3,20,63,7,0,0,0,0,0,0,'','','','5/1/2013 to 5/31/2013',''),(230,685,'10','0',4,15,40,4,0,0,0,0,0,0,'','','','5/1/2013 to 5/31/2013',''),(231,686,'10','0',4,10,37,3,0,0,0,0,0,0,'','','','5/1/2013 to 5/31/2013',''),(232,687,'31','0',20,413,620,21,0,0,0,0,0,0,'','','','5/1/2013 to 5/31/2013',''),(233,627,'Total Service Days','Event Attendance',0,0,0,0,0,0,0,0,0,0,'','','','5/1/2013 to 5/31/2013',''),(234,628,'1','115',0,0,0,0,0,0,0,0,0,0,'','','','5/1/2013 to 5/31/2013',''),(235,629,'1','11',0,0,0,0,0,0,0,0,0,0,'','','','5/1/2013 to 5/31/2013',''),(236,630,'1','490',0,0,0,0,0,0,0,0,0,0,'','','','5/1/2013 to 5/31/2013',''),(237,631,'23','20',0,0,0,0,0,0,0,0,0,0,'','','','5/1/2013 to 5/31/2013',''),(238,632,'1','15',0,0,0,0,0,0,0,0,0,0,'','','','5/1/2013 to 5/31/2013',''),(239,632,'1','25',0,0,0,0,0,0,0,0,0,0,'','','','5/1/2013 to 5/31/2013',''),(240,633,'1','50',0,0,0,0,0,0,0,0,0,0,'','','','5/1/2013 to 5/31/2013',''),(241,634,'1','90',0,0,0,0,0,0,0,0,0,0,'','','','5/1/2013 to 5/31/2013',''),(242,635,'9','20',0,0,0,0,0,0,0,0,0,0,'','','','5/1/2013 to 5/31/2013',''),(243,636,'1','0',0,0,0,0,0,0,0,0,0,0,'','','','5/1/2013 to 5/31/2013',''),(244,637,'1','20',0,0,0,0,0,0,0,0,0,0,'','','','5/1/2013 to 5/31/2013',''),(245,638,'1','16',0,0,0,0,0,0,0,0,0,0,'','','','5/1/2013 to 5/31/2013',''),(246,639,'1','100',0,0,0,0,0,0,0,0,0,0,'','','','5/1/2013 to 5/31/2013',''),(247,640,'1','25',0,0,0,0,0,0,0,0,0,0,'','','','5/1/2013 to 5/31/2013',''),(248,641,'1','90',0,0,0,0,0,0,0,0,0,0,'','','','5/1/2013 to 5/31/2013',''),(249,353,'Community Schools Initiative','Lead Partner Funds',14,0,14,14,14,168,196,12,12,8,'85.70%','92.90%','92.90%\r\n','3/1/2013 to 4/30/2013','Funston - Funston'),(250,354,'Community Schools Initiative','Lead Partner Funds',7,0,7,15,15,88,105,6,6,8,'83.80%','93.30%','93.30%\r\n','3/1/2013 to 4/30/2013','Funston - Funston'),(251,354,'Community Schools Initiative','Lead Partner Funds',12,1,11,14,14,140,164,10,10,8,'85.40%','92.90%','93.30%\r\n','3/1/2013 to 4/30/2013','Funston - Funston'),(252,355,'Community Schools Initiative','Lead Partner Funds',10,0,10,15,15,117,150,8,8,8,'78.00%','93.30%','93.30%\r\n','3/1/2013 to 4/30/2013','Funston - Funston'),(253,355,'Community Schools Initiative','Lead Partner Funds',10,0,10,15,15,137,150,9,9,8,'91.30%','93.30%','93.30%\r\n','3/1/2013 to 4/30/2013','Funston - Funston'),(254,356,'Community Schools Initiative','General Fund: Education Fund (115)',18,2,16,8,8,102,134,13,13,8,'76.10%','87.50%','88.10%\r\n','3/1/2013 to 4/30/2013','Funston - Funston'),(255,357,'Community Schools Initiative','General Fund: Education Fund (115)',13,0,13,8,8,87,104,11,11,8,'83.70%','87.50%','87.50%\r\n','3/1/2013 to 4/30/2013','Funston - Funston'),(256,358,'Community Schools Initiative','Lead Partner Funds',18,1,17,15,23,201,263,13,14,8,'76.40%','93.30%','93.50%\r\n','3/1/2013 to 4/30/2013','Funston - Funston'),(257,358,'Community Schools Initiative','Lead Partner Funds',15,2,13,14,21,135,195,10,10,8,'69.20%','92.90%','93.30%\r\n','3/1/2013 to 4/30/2013','Funston - Funston'),(258,359,'Community Schools Initiative','General Fund: Education Fund (115)',42,7,35,21,21,660,788,31,32,8,'83.80%','95.20%','95.60%\r\n','3/1/2013 to 4/30/2013','Funston - Funston'),(259,360,'Community Schools Initiative','Lead Partner Funds',24,0,24,33,83,500,792,15,16,9,'63.10%','93.90%','93.90%\r\n','3/1/2013 to 4/30/2013','Funston - Funston'),(260,361,'Community Schools Initiative','General Fund: Education Fund (115)',36,0,36,17,34,276,612,16,21,9,'45.10%','94.10%','94.10%\r\n','3/1/2013 to 4/30/2013','Funston - Funston'),(261,362,'Community Schools Initiative','General Fund: Education Fund (115)',10,3,7,8,10,50,69,6,6,8,'72.50%','87.50%','89.90%\r\n','3/1/2013 to 4/30/2013','Funston - Funston'),(262,363,'Community Schools Initiative','General Fund: Education Fund (115)',14,1,13,29,65,246,322,8,9,8,'76.40%','93.10%','91.90%\r\n','3/1/2013 to 4/30/2013','Funston - Funston'),(263,363,'Community Schools Initiative','General Fund: Education Fund (115)',14,0,14,29,65,286,365,10,11,8,'78.40%','93.10%','92.30%\r\n','3/1/2013 to 4/30/2013','Funston - Funston'),(264,364,'Community Schools Initiative','Lead Partner Funds',9,1,8,15,15,90,122,6,6,8,'73.80%','93.30%','93.40%\r\n','3/1/2013 to 4/30/2013','Funston - Funston'),(265,365,'Community Schools Initiative','General Fund: Education Fund (115)',14,0,14,15,15,181,210,12,12,8,'86.20%','93.30%','93.30%\r\n','3/1/2013 to 4/30/2013','Funston - Funston'),(266,366,'Community Schools Initiative','General Fund: Education Fund (115)',30,5,25,14,14,307,390,22,23,8,'78.70%','92.90%','93.60%\r\n','3/1/2013 to 4/30/2013','Funston - Funston'),(267,584,'Community Schools Initiative','Lead Partner Funds',13,0,13,29,58,302,377,10,11,8,'80.10%','93.10%','93.10%\r\n','3/1/2013 to 4/30/2013','Funston - Funston'),(268,368,'Community Schools Initiative','General Fund: Education Fund (115)',13,1,12,6,9,69,75,12,12,6,'92.00%','100.00%','100.00%\r\n','3/1/2013 to 4/30/2013','Funston - Funston'),(269,369,'Community Schools Initiative','General Fund: Education Fund (115)',16,0,16,17,34,205,272,12,13,9,'75.40%','94.10%','94.10%\r\n','3/1/2013 to 4/30/2013','Funston - Funston'),(270,370,'Community Schools Initiative','General Fund: Education Fund (115)',8,3,5,16,12,95,116,6,6,8,'81.90%','93.80%','95.70%\r\n','3/1/2013 to 4/30/2013','Funston - Funston'),(271,371,'Community Schools Initiative','General Fund: Education Fund (115)',12,2,10,16,12,150,180,9,10,8,'83.30%','100.00%','100.00%\r\n','3/1/2013 to 4/30/2013','Funston - Funston'),(272,372,'Community Schools Initiative','9',0,0,0,0,0,0,0,0,0,0,'','','\r\n','3/1/2013 to 4/30/2013','Funston - Funston'),(273,689,'Community Schools Initiative','General Fund: Education Fund (115)',6,1,5,5,9,26,26,5,5,5,'100.00%','100.00%','100.00%\r\n','5/1/2013 to 5/31/2013','McAuliffe - McAuliffe'),(274,690,'Community Schools Initiative','General Fund: Education Fund (115)',16,1,15,5,6,70,75,14,14,5,'93.30%','100.00%','100.00%\r\n','5/1/2013 to 5/31/2013','McAuliffe - McAuliffe'),(275,691,'Community Schools Initiative','General Fund: Education Fund (115)',4,0,4,5,8,20,20,4,4,5,'100.00%','100.00%','100.00%\r\n','5/1/2013 to 5/31/2013','McAuliffe - McAuliffe'),(276,692,'Community Schools Initiative','General Fund: Education Fund (115)',6,0,6,5,8,30,30,6,6,5,'100.00%','100.00%','100.00%\r\n','5/1/2013 to 5/31/2013','McAuliffe - McAuliffe'),(277,693,'Community Schools Initiative','General Fund: Education Fund (115)',15,0,15,16,20,227,240,14,15,5,'94.60%','100.00%','100.00%\r\n','5/1/2013 to 5/31/2013','McAuliffe - McAuliffe'),(278,694,'Community Schools Initiative','Lead Partner Funds',17,1,16,6,12,84,98,14,17,2,'85.70%','100.00%','100.00%\r\n','5/1/2013 to 5/31/2013','McAuliffe - McAuliffe'),(279,695,'Community Schools Initiative','General Fund: Education Fund (115)',10,1,9,16,20,139,145,9,9,5,'95.90%','100.00%','100.00%\r\n','5/1/2013 to 5/31/2013','McAuliffe - McAuliffe'),(280,696,'Community Schools Initiative','General Fund: Education Fund (115)',11,1,10,16,20,153,164,10,10,5,'93.30%','100.00%','100.00%\r\n','5/1/2013 to 5/31/2013','McAuliffe - McAuliffe'),(281,697,'Community Schools Initiative','General Fund: Education Fund (115)',15,0,15,16,20,233,240,15,15,5,'97.10%','100.00%','100.00%\r\n','5/1/2013 to 5/31/2013','McAuliffe - McAuliffe'),(282,698,'Community Schools Initiative','General Fund: Education Fund (115)',14,2,12,16,20,192,198,12,13,5,'97.00%','100.00%','100.00%\r\n','5/1/2013 to 5/31/2013','McAuliffe - McAuliffe'),(283,699,'Community Schools Initiative','General Fund: Education Fund (115)',13,4,9,4,7,37,44,9,9,4,'84.10%','100.00%','100.00%\r\n','5/1/2013 to 5/31/2013','McAuliffe - McAuliffe'),(284,700,'Community Schools Initiative','Lead Partner Funds',10,0,10,23,46,230,230,10,10,5,'100.00%','100.00%','100.00%\r\n','5/1/2013 to 5/31/2013','McAuliffe - McAuliffe'),(285,701,'Community Schools Initiative','General Fund: Education Fund (115)',16,0,16,7,4,109,112,16,16,5,'97.30%','100.00%','100.00%\r\n','5/1/2013 to 5/31/2013','McAuliffe - McAuliffe'),(286,702,'Community Schools Initiative','General Fund: Education Fund (115)',14,2,12,9,5,105,111,12,12,5,'94.60%','100.00%','100.00%\r\n','5/1/2013 to 5/31/2013','McAuliffe - McAuliffe'),(287,704,'Community Schools Initiative','General Fund: Education Fund (115)',15,0,15,9,5,133,135,15,15,5,'98.50%','100.00%','100.00%\r\n','5/1/2013 to 5/31/2013','McAuliffe - McAuliffe'),(288,705,'Community Schools Initiative','General Fund: Education Fund (115)',14,2,12,7,4,84,87,12,12,5,'96.60%','100.00%','100.00%\r\n','5/1/2013 to 5/31/2013','McAuliffe - McAuliffe'),(289,706,'Community Schools Initiative','Lead Partner Funds',17,2,15,5,8,78,81,16,16,5,'96.30%','100.00%','100.00%\r\n','5/1/2013 to 5/31/2013','McAuliffe - McAuliffe'),(290,707,'Community Schools Initiative','Lead Partner Funds',31,0,31,2,2,62,62,31,31,2,'100.00%','100.00%','100.00%\r\n','5/1/2013 to 5/31/2013','McAuliffe - McAuliffe'),(291,708,'Community Schools Initiative','1',0,0,0,0,0,0,0,0,0,0,'','','\r\n','5/1/2013 to 5/31/2013','McAuliffe - McAuliffe'),(292,709,'Community Schools Initiative','1',0,0,0,0,0,0,0,0,0,0,'','','\r\n','5/1/2013 to 5/31/2013','McAuliffe - McAuliffe'),(293,353,'Community Schools Initiative','Lead Partner Funds',14,0,14,14,14,168,196,12,12,8,'85.70%','92.90%','92.90%\r\n','3/1/2013 to 4/30/2013','Funston - Funston'),(294,354,'Community Schools Initiative','Lead Partner Funds',7,0,7,15,15,88,105,6,6,8,'83.80%','93.30%','93.30%\r\n','3/1/2013 to 4/30/2013','Funston - Funston'),(295,354,'Community Schools Initiative','Lead Partner Funds',12,1,11,14,14,140,164,10,10,8,'85.40%','92.90%','93.30%\r\n','3/1/2013 to 4/30/2013','Funston - Funston'),(296,355,'Community Schools Initiative','Lead Partner Funds',10,0,10,15,15,117,150,8,8,8,'78.00%','93.30%','93.30%\r\n','3/1/2013 to 4/30/2013','Funston - Funston'),(297,355,'Community Schools Initiative','Lead Partner Funds',10,0,10,15,15,137,150,9,9,8,'91.30%','93.30%','93.30%\r\n','3/1/2013 to 4/30/2013','Funston - Funston'),(298,356,'Community Schools Initiative','General Fund: Education Fund (115)',18,2,16,8,8,102,134,13,13,8,'76.10%','87.50%','88.10%\r\n','3/1/2013 to 4/30/2013','Funston - Funston'),(299,357,'Community Schools Initiative','General Fund: Education Fund (115)',13,0,13,8,8,87,104,11,11,8,'83.70%','87.50%','87.50%\r\n','3/1/2013 to 4/30/2013','Funston - Funston'),(300,358,'Community Schools Initiative','Lead Partner Funds',18,1,17,15,23,201,263,13,14,8,'76.40%','93.30%','93.50%\r\n','3/1/2013 to 4/30/2013','Funston - Funston'),(301,358,'Community Schools Initiative','Lead Partner Funds',15,2,13,14,21,135,195,10,10,8,'69.20%','92.90%','93.30%\r\n','3/1/2013 to 4/30/2013','Funston - Funston'),(302,359,'Community Schools Initiative','General Fund: Education Fund (115)',42,7,35,21,21,660,788,31,32,8,'83.80%','95.20%','95.60%\r\n','3/1/2013 to 4/30/2013','Funston - Funston'),(303,360,'Community Schools Initiative','Lead Partner Funds',24,0,24,33,83,500,792,15,16,9,'63.10%','93.90%','93.90%\r\n','3/1/2013 to 4/30/2013','Funston - Funston'),(304,361,'Community Schools Initiative','General Fund: Education Fund (115)',36,0,36,17,34,276,612,16,21,9,'45.10%','94.10%','94.10%\r\n','3/1/2013 to 4/30/2013','Funston - Funston'),(305,362,'Community Schools Initiative','General Fund: Education Fund (115)',10,3,7,8,10,50,69,6,6,8,'72.50%','87.50%','89.90%\r\n','3/1/2013 to 4/30/2013','Funston - Funston'),(306,363,'Community Schools Initiative','General Fund: Education Fund (115)',14,1,13,29,65,246,322,8,9,8,'76.40%','93.10%','91.90%\r\n','3/1/2013 to 4/30/2013','Funston - Funston'),(307,363,'Community Schools Initiative','General Fund: Education Fund (115)',14,0,14,29,65,286,365,10,11,8,'78.40%','93.10%','92.30%\r\n','3/1/2013 to 4/30/2013','Funston - Funston'),(308,364,'Community Schools Initiative','Lead Partner Funds',9,1,8,15,15,90,122,6,6,8,'73.80%','93.30%','93.40%\r\n','3/1/2013 to 4/30/2013','Funston - Funston'),(309,365,'Community Schools Initiative','General Fund: Education Fund (115)',14,0,14,15,15,181,210,12,12,8,'86.20%','93.30%','93.30%\r\n','3/1/2013 to 4/30/2013','Funston - Funston'),(310,366,'Community Schools Initiative','General Fund: Education Fund (115)',30,5,25,14,14,307,390,22,23,8,'78.70%','92.90%','93.60%\r\n','3/1/2013 to 4/30/2013','Funston - Funston'),(311,584,'Community Schools Initiative','Lead Partner Funds',13,0,13,29,58,302,377,10,11,8,'80.10%','93.10%','93.10%\r\n','3/1/2013 to 4/30/2013','Funston - Funston'),(312,368,'Community Schools Initiative','General Fund: Education Fund (115)',13,1,12,6,9,69,75,12,12,6,'92.00%','100.00%','100.00%\r\n','3/1/2013 to 4/30/2013','Funston - Funston'),(313,369,'Community Schools Initiative','General Fund: Education Fund (115)',16,0,16,17,34,205,272,12,13,9,'75.40%','94.10%','94.10%\r\n','3/1/2013 to 4/30/2013','Funston - Funston'),(314,370,'Community Schools Initiative','General Fund: Education Fund (115)',8,3,5,16,12,95,116,6,6,8,'81.90%','93.80%','95.70%\r\n','3/1/2013 to 4/30/2013','Funston - Funston'),(315,371,'Community Schools Initiative','General Fund: Education Fund (115)',12,2,10,16,12,150,180,9,10,8,'83.30%','100.00%','100.00%\r\n','3/1/2013 to 4/30/2013','Funston - Funston'),(316,372,'Community Schools Initiative','9',0,0,0,0,0,0,0,0,0,0,'','','\r\n','3/1/2013 to 4/30/2013','Funston - Funston'),(317,353,'Community Schools Initiative','Lead Partner Funds',14,0,14,14,14,168,196,12,12,8,'85.70%','92.90%','92.90%\r\n','3/1/2013 to 4/30/2013','Funston - Funston'),(318,354,'Community Schools Initiative','Lead Partner Funds',7,0,7,15,15,88,105,6,6,8,'83.80%','93.30%','93.30%\r\n','3/1/2013 to 4/30/2013','Funston - Funston'),(319,354,'Community Schools Initiative','Lead Partner Funds',12,1,11,14,14,140,164,10,10,8,'85.40%','92.90%','93.30%\r\n','3/1/2013 to 4/30/2013','Funston - Funston'),(320,355,'Community Schools Initiative','Lead Partner Funds',10,0,10,15,15,117,150,8,8,8,'78.00%','93.30%','93.30%\r\n','3/1/2013 to 4/30/2013','Funston - Funston'),(321,355,'Community Schools Initiative','Lead Partner Funds',10,0,10,15,15,137,150,9,9,8,'91.30%','93.30%','93.30%\r\n','3/1/2013 to 4/30/2013','Funston - Funston'),(322,356,'Community Schools Initiative','General Fund: Education Fund (115)',18,2,16,8,8,102,134,13,13,8,'76.10%','87.50%','88.10%\r\n','3/1/2013 to 4/30/2013','Funston - Funston'),(323,357,'Community Schools Initiative','General Fund: Education Fund (115)',13,0,13,8,8,87,104,11,11,8,'83.70%','87.50%','87.50%\r\n','3/1/2013 to 4/30/2013','Funston - Funston'),(324,358,'Community Schools Initiative','Lead Partner Funds',18,1,17,15,23,201,263,13,14,8,'76.40%','93.30%','93.50%\r\n','3/1/2013 to 4/30/2013','Funston - Funston'),(325,358,'Community Schools Initiative','Lead Partner Funds',15,2,13,14,21,135,195,10,10,8,'69.20%','92.90%','93.30%\r\n','3/1/2013 to 4/30/2013','Funston - Funston'),(326,359,'Community Schools Initiative','General Fund: Education Fund (115)',42,7,35,21,21,660,788,31,32,8,'83.80%','95.20%','95.60%\r\n','3/1/2013 to 4/30/2013','Funston - Funston'),(327,360,'Community Schools Initiative','Lead Partner Funds',24,0,24,33,83,500,792,15,16,9,'63.10%','93.90%','93.90%\r\n','3/1/2013 to 4/30/2013','Funston - Funston'),(328,361,'Community Schools Initiative','General Fund: Education Fund (115)',36,0,36,17,34,276,612,16,21,9,'45.10%','94.10%','94.10%\r\n','3/1/2013 to 4/30/2013','Funston - Funston'),(329,362,'Community Schools Initiative','General Fund: Education Fund (115)',10,3,7,8,10,50,69,6,6,8,'72.50%','87.50%','89.90%\r\n','3/1/2013 to 4/30/2013','Funston - Funston'),(330,363,'Community Schools Initiative','General Fund: Education Fund (115)',14,1,13,29,65,246,322,8,9,8,'76.40%','93.10%','91.90%\r\n','3/1/2013 to 4/30/2013','Funston - Funston'),(331,363,'Community Schools Initiative','General Fund: Education Fund (115)',14,0,14,29,65,286,365,10,11,8,'78.40%','93.10%','92.30%\r\n','3/1/2013 to 4/30/2013','Funston - Funston'),(332,364,'Community Schools Initiative','Lead Partner Funds',9,1,8,15,15,90,122,6,6,8,'73.80%','93.30%','93.40%\r\n','3/1/2013 to 4/30/2013','Funston - Funston'),(333,365,'Community Schools Initiative','General Fund: Education Fund (115)',14,0,14,15,15,181,210,12,12,8,'86.20%','93.30%','93.30%\r\n','3/1/2013 to 4/30/2013','Funston - Funston'),(334,366,'Community Schools Initiative','General Fund: Education Fund (115)',30,5,25,14,14,307,390,22,23,8,'78.70%','92.90%','93.60%\r\n','3/1/2013 to 4/30/2013','Funston - Funston'),(335,584,'Community Schools Initiative','Lead Partner Funds',13,0,13,29,58,302,377,10,11,8,'80.10%','93.10%','93.10%\r\n','3/1/2013 to 4/30/2013','Funston - Funston'),(336,368,'Community Schools Initiative','General Fund: Education Fund (115)',13,1,12,6,9,69,75,12,12,6,'92.00%','100.00%','100.00%\r\n','3/1/2013 to 4/30/2013','Funston - Funston'),(337,369,'Community Schools Initiative','General Fund: Education Fund (115)',16,0,16,17,34,205,272,12,13,9,'75.40%','94.10%','94.10%\r\n','3/1/2013 to 4/30/2013','Funston - Funston'),(338,370,'Community Schools Initiative','General Fund: Education Fund (115)',8,3,5,16,12,95,116,6,6,8,'81.90%','93.80%','95.70%\r\n','3/1/2013 to 4/30/2013','Funston - Funston'),(339,371,'Community Schools Initiative','General Fund: Education Fund (115)',12,2,10,16,12,150,180,9,10,8,'83.30%','100.00%','100.00%\r\n','3/1/2013 to 4/30/2013','Funston - Funston'),(340,372,'Community Schools Initiative','9',0,0,0,0,0,0,0,0,0,0,'','','\r\n','3/1/2013 to 4/30/2013','Funston - Funston'),(341,353,'Community Schools Initiative','Lead Partner Funds',14,0,14,14,14,168,196,12,12,8,'85.70%','92.90%','92.90%\r\n','3/1/2013 to 4/30/2013','Funston - Funston'),(342,354,'Community Schools Initiative','Lead Partner Funds',7,0,7,15,15,88,105,6,6,8,'83.80%','93.30%','93.30%\r\n','3/1/2013 to 4/30/2013','Funston - Funston'),(343,354,'Community Schools Initiative','Lead Partner Funds',12,1,11,14,14,140,164,10,10,8,'85.40%','92.90%','93.30%\r\n','3/1/2013 to 4/30/2013','Funston - Funston'),(344,355,'Community Schools Initiative','Lead Partner Funds',10,0,10,15,15,117,150,8,8,8,'78.00%','93.30%','93.30%\r\n','3/1/2013 to 4/30/2013','Funston - Funston'),(345,355,'Community Schools Initiative','Lead Partner Funds',10,0,10,15,15,137,150,9,9,8,'91.30%','93.30%','93.30%\r\n','3/1/2013 to 4/30/2013','Funston - Funston'),(346,356,'Community Schools Initiative','General Fund: Education Fund (115)',18,2,16,8,8,102,134,13,13,8,'76.10%','87.50%','88.10%\r\n','3/1/2013 to 4/30/2013','Funston - Funston'),(347,357,'Community Schools Initiative','General Fund: Education Fund (115)',13,0,13,8,8,87,104,11,11,8,'83.70%','87.50%','87.50%\r\n','3/1/2013 to 4/30/2013','Funston - Funston'),(348,358,'Community Schools Initiative','Lead Partner Funds',18,1,17,15,23,201,263,13,14,8,'76.40%','93.30%','93.50%\r\n','3/1/2013 to 4/30/2013','Funston - Funston'),(349,358,'Community Schools Initiative','Lead Partner Funds',15,2,13,14,21,135,195,10,10,8,'69.20%','92.90%','93.30%\r\n','3/1/2013 to 4/30/2013','Funston - Funston'),(350,359,'Community Schools Initiative','General Fund: Education Fund (115)',42,7,35,21,21,660,788,31,32,8,'83.80%','95.20%','95.60%\r\n','3/1/2013 to 4/30/2013','Funston - Funston'),(351,360,'Community Schools Initiative','Lead Partner Funds',24,0,24,33,83,500,792,15,16,9,'63.10%','93.90%','93.90%\r\n','3/1/2013 to 4/30/2013','Funston - Funston'),(352,361,'Community Schools Initiative','General Fund: Education Fund (115)',36,0,36,17,34,276,612,16,21,9,'45.10%','94.10%','94.10%\r\n','3/1/2013 to 4/30/2013','Funston - Funston'),(353,362,'Community Schools Initiative','General Fund: Education Fund (115)',10,3,7,8,10,50,69,6,6,8,'72.50%','87.50%','89.90%\r\n','3/1/2013 to 4/30/2013','Funston - Funston'),(354,363,'Community Schools Initiative','General Fund: Education Fund (115)',14,1,13,29,65,246,322,8,9,8,'76.40%','93.10%','91.90%\r\n','3/1/2013 to 4/30/2013','Funston - Funston'),(355,363,'Community Schools Initiative','General Fund: Education Fund (115)',14,0,14,29,65,286,365,10,11,8,'78.40%','93.10%','92.30%\r\n','3/1/2013 to 4/30/2013','Funston - Funston'),(356,364,'Community Schools Initiative','Lead Partner Funds',9,1,8,15,15,90,122,6,6,8,'73.80%','93.30%','93.40%\r\n','3/1/2013 to 4/30/2013','Funston - Funston'),(357,365,'Community Schools Initiative','General Fund: Education Fund (115)',14,0,14,15,15,181,210,12,12,8,'86.20%','93.30%','93.30%\r\n','3/1/2013 to 4/30/2013','Funston - Funston'),(358,366,'Community Schools Initiative','General Fund: Education Fund (115)',30,5,25,14,14,307,390,22,23,8,'78.70%','92.90%','93.60%\r\n','3/1/2013 to 4/30/2013','Funston - Funston'),(359,584,'Community Schools Initiative','Lead Partner Funds',13,0,13,29,58,302,377,10,11,8,'80.10%','93.10%','93.10%\r\n','3/1/2013 to 4/30/2013','Funston - Funston'),(360,368,'Community Schools Initiative','General Fund: Education Fund (115)',13,1,12,6,9,69,75,12,12,6,'92.00%','100.00%','100.00%\r\n','3/1/2013 to 4/30/2013','Funston - Funston'),(361,369,'Community Schools Initiative','General Fund: Education Fund (115)',16,0,16,17,34,205,272,12,13,9,'75.40%','94.10%','94.10%\r\n','3/1/2013 to 4/30/2013','Funston - Funston'),(362,370,'Community Schools Initiative','General Fund: Education Fund (115)',8,3,5,16,12,95,116,6,6,8,'81.90%','93.80%','95.70%\r\n','3/1/2013 to 4/30/2013','Funston - Funston'),(363,371,'Community Schools Initiative','General Fund: Education Fund (115)',12,2,10,16,12,150,180,9,10,8,'83.30%','100.00%','100.00%\r\n','3/1/2013 to 4/30/2013','Funston - Funston'),(364,372,'Community Schools Initiative','9',0,0,0,0,0,0,0,0,0,0,'','','\r\n','3/1/2013 to 4/30/2013','Funston - Funston'),(365,353,'Community Schools Initiative','Lead Partner Funds',14,0,14,14,14,168,196,12,12,8,'85.70%','92.90%','92.90%\r\n','3/1/2013 to 4/30/2013','Funston - Funston'),(366,354,'Community Schools Initiative','Lead Partner Funds',7,0,7,15,15,88,105,6,6,8,'83.80%','93.30%','93.30%\r\n','3/1/2013 to 4/30/2013','Funston - Funston'),(367,354,'Community Schools Initiative','Lead Partner Funds',12,1,11,14,14,140,164,10,10,8,'85.40%','92.90%','93.30%\r\n','3/1/2013 to 4/30/2013','Funston - Funston'),(368,355,'Community Schools Initiative','Lead Partner Funds',10,0,10,15,15,117,150,8,8,8,'78.00%','93.30%','93.30%\r\n','3/1/2013 to 4/30/2013','Funston - Funston'),(369,355,'Community Schools Initiative','Lead Partner Funds',10,0,10,15,15,137,150,9,9,8,'91.30%','93.30%','93.30%\r\n','3/1/2013 to 4/30/2013','Funston - Funston'),(370,356,'Community Schools Initiative','General Fund: Education Fund (115)',18,2,16,8,8,102,134,13,13,8,'76.10%','87.50%','88.10%\r\n','3/1/2013 to 4/30/2013','Funston - Funston'),(371,357,'Community Schools Initiative','General Fund: Education Fund (115)',13,0,13,8,8,87,104,11,11,8,'83.70%','87.50%','87.50%\r\n','3/1/2013 to 4/30/2013','Funston - Funston'),(372,358,'Community Schools Initiative','Lead Partner Funds',18,1,17,15,23,201,263,13,14,8,'76.40%','93.30%','93.50%\r\n','3/1/2013 to 4/30/2013','Funston - Funston'),(373,358,'Community Schools Initiative','Lead Partner Funds',15,2,13,14,21,135,195,10,10,8,'69.20%','92.90%','93.30%\r\n','3/1/2013 to 4/30/2013','Funston - Funston'),(374,359,'Community Schools Initiative','General Fund: Education Fund (115)',42,7,35,21,21,660,788,31,32,8,'83.80%','95.20%','95.60%\r\n','3/1/2013 to 4/30/2013','Funston - Funston'),(375,360,'Community Schools Initiative','Lead Partner Funds',24,0,24,33,83,500,792,15,16,9,'63.10%','93.90%','93.90%\r\n','3/1/2013 to 4/30/2013','Funston - Funston'),(376,361,'Community Schools Initiative','General Fund: Education Fund (115)',36,0,36,17,34,276,612,16,21,9,'45.10%','94.10%','94.10%\r\n','3/1/2013 to 4/30/2013','Funston - Funston'),(377,362,'Community Schools Initiative','General Fund: Education Fund (115)',10,3,7,8,10,50,69,6,6,8,'72.50%','87.50%','89.90%\r\n','3/1/2013 to 4/30/2013','Funston - Funston'),(378,363,'Community Schools Initiative','General Fund: Education Fund (115)',14,1,13,29,65,246,322,8,9,8,'76.40%','93.10%','91.90%\r\n','3/1/2013 to 4/30/2013','Funston - Funston'),(379,363,'Community Schools Initiative','General Fund: Education Fund (115)',14,0,14,29,65,286,365,10,11,8,'78.40%','93.10%','92.30%\r\n','3/1/2013 to 4/30/2013','Funston - Funston'),(380,364,'Community Schools Initiative','Lead Partner Funds',9,1,8,15,15,90,122,6,6,8,'73.80%','93.30%','93.40%\r\n','3/1/2013 to 4/30/2013','Funston - Funston'),(381,365,'Community Schools Initiative','General Fund: Education Fund (115)',14,0,14,15,15,181,210,12,12,8,'86.20%','93.30%','93.30%\r\n','3/1/2013 to 4/30/2013','Funston - Funston'),(382,366,'Community Schools Initiative','General Fund: Education Fund (115)',30,5,25,14,14,307,390,22,23,8,'78.70%','92.90%','93.60%\r\n','3/1/2013 to 4/30/2013','Funston - Funston'),(383,584,'Community Schools Initiative','Lead Partner Funds',13,0,13,29,58,302,377,10,11,8,'80.10%','93.10%','93.10%\r\n','3/1/2013 to 4/30/2013','Funston - Funston'),(384,368,'Community Schools Initiative','General Fund: Education Fund (115)',13,1,12,6,9,69,75,12,12,6,'92.00%','100.00%','100.00%\r\n','3/1/2013 to 4/30/2013','Funston - Funston'),(385,369,'Community Schools Initiative','General Fund: Education Fund (115)',16,0,16,17,34,205,272,12,13,9,'75.40%','94.10%','94.10%\r\n','3/1/2013 to 4/30/2013','Funston - Funston'),(386,370,'Community Schools Initiative','General Fund: Education Fund (115)',8,3,5,16,12,95,116,6,6,8,'81.90%','93.80%','95.70%\r\n','3/1/2013 to 4/30/2013','Funston - Funston'),(387,371,'Community Schools Initiative','General Fund: Education Fund (115)',12,2,10,16,12,150,180,9,10,8,'83.30%','100.00%','100.00%\r\n','3/1/2013 to 4/30/2013','Funston - Funston'),(388,372,'Community Schools Initiative','9',0,0,0,0,0,0,0,0,0,0,'','','\r\n','3/1/2013 to 4/30/2013','Funston - Funston'),(389,353,'Community Schools Initiative','Lead Partner Funds',14,0,14,14,14,168,196,12,12,8,'85.70%','92.90%','92.90%\r\n','3/1/2013 to 4/30/2013','Funston - Funston'),(390,354,'Community Schools Initiative','Lead Partner Funds',7,0,7,15,15,88,105,6,6,8,'83.80%','93.30%','93.30%\r\n','3/1/2013 to 4/30/2013','Funston - Funston'),(391,354,'Community Schools Initiative','Lead Partner Funds',12,1,11,14,14,140,164,10,10,8,'85.40%','92.90%','93.30%\r\n','3/1/2013 to 4/30/2013','Funston - Funston'),(392,355,'Community Schools Initiative','Lead Partner Funds',10,0,10,15,15,117,150,8,8,8,'78.00%','93.30%','93.30%\r\n','3/1/2013 to 4/30/2013','Funston - Funston'),(393,355,'Community Schools Initiative','Lead Partner Funds',10,0,10,15,15,137,150,9,9,8,'91.30%','93.30%','93.30%\r\n','3/1/2013 to 4/30/2013','Funston - Funston'),(394,356,'Community Schools Initiative','General Fund: Education Fund (115)',18,2,16,8,8,102,134,13,13,8,'76.10%','87.50%','88.10%\r\n','3/1/2013 to 4/30/2013','Funston - Funston'),(395,357,'Community Schools Initiative','General Fund: Education Fund (115)',13,0,13,8,8,87,104,11,11,8,'83.70%','87.50%','87.50%\r\n','3/1/2013 to 4/30/2013','Funston - Funston'),(396,358,'Community Schools Initiative','Lead Partner Funds',18,1,17,15,23,201,263,13,14,8,'76.40%','93.30%','93.50%\r\n','3/1/2013 to 4/30/2013','Funston - Funston'),(397,358,'Community Schools Initiative','Lead Partner Funds',15,2,13,14,21,135,195,10,10,8,'69.20%','92.90%','93.30%\r\n','3/1/2013 to 4/30/2013','Funston - Funston'),(398,359,'Community Schools Initiative','General Fund: Education Fund (115)',42,7,35,21,21,660,788,31,32,8,'83.80%','95.20%','95.60%\r\n','3/1/2013 to 4/30/2013','Funston - Funston'),(399,360,'Community Schools Initiative','Lead Partner Funds',24,0,24,33,83,500,792,15,16,9,'63.10%','93.90%','93.90%\r\n','3/1/2013 to 4/30/2013','Funston - Funston'),(400,361,'Community Schools Initiative','General Fund: Education Fund (115)',36,0,36,17,34,276,612,16,21,9,'45.10%','94.10%','94.10%\r\n','3/1/2013 to 4/30/2013','Funston - Funston'),(401,362,'Community Schools Initiative','General Fund: Education Fund (115)',10,3,7,8,10,50,69,6,6,8,'72.50%','87.50%','89.90%\r\n','3/1/2013 to 4/30/2013','Funston - Funston'),(402,363,'Community Schools Initiative','General Fund: Education Fund (115)',14,1,13,29,65,246,322,8,9,8,'76.40%','93.10%','91.90%\r\n','3/1/2013 to 4/30/2013','Funston - Funston'),(403,363,'Community Schools Initiative','General Fund: Education Fund (115)',14,0,14,29,65,286,365,10,11,8,'78.40%','93.10%','92.30%\r\n','3/1/2013 to 4/30/2013','Funston - Funston'),(404,364,'Community Schools Initiative','Lead Partner Funds',9,1,8,15,15,90,122,6,6,8,'73.80%','93.30%','93.40%\r\n','3/1/2013 to 4/30/2013','Funston - Funston'),(405,365,'Community Schools Initiative','General Fund: Education Fund (115)',14,0,14,15,15,181,210,12,12,8,'86.20%','93.30%','93.30%\r\n','3/1/2013 to 4/30/2013','Funston - Funston'),(406,366,'Community Schools Initiative','General Fund: Education Fund (115)',30,5,25,14,14,307,390,22,23,8,'78.70%','92.90%','93.60%\r\n','3/1/2013 to 4/30/2013','Funston - Funston'),(407,584,'Community Schools Initiative','Lead Partner Funds',13,0,13,29,58,302,377,10,11,8,'80.10%','93.10%','93.10%\r\n','3/1/2013 to 4/30/2013','Funston - Funston'),(408,368,'Community Schools Initiative','General Fund: Education Fund (115)',13,1,12,6,9,69,75,12,12,6,'92.00%','100.00%','100.00%\r\n','3/1/2013 to 4/30/2013','Funston - Funston'),(409,369,'Community Schools Initiative','General Fund: Education Fund (115)',16,0,16,17,34,205,272,12,13,9,'75.40%','94.10%','94.10%\r\n','3/1/2013 to 4/30/2013','Funston - Funston'),(410,370,'Community Schools Initiative','General Fund: Education Fund (115)',8,3,5,16,12,95,116,6,6,8,'81.90%','93.80%','95.70%\r\n','3/1/2013 to 4/30/2013','Funston - Funston'),(411,371,'Community Schools Initiative','General Fund: Education Fund (115)',12,2,10,16,12,150,180,9,10,8,'83.30%','100.00%','100.00%\r\n','3/1/2013 to 4/30/2013','Funston - Funston'),(412,372,'Community Schools Initiative','9',0,0,0,0,0,0,0,0,0,0,'','','\r\n','3/1/2013 to 4/30/2013','Funston - Funston'),(413,353,'Community Schools Initiative','Lead Partner Funds',14,0,14,14,14,168,196,12,12,8,'85.70%','92.90%','92.90%\r\n','3/1/2013 to 4/30/2013','Funston - Funston'),(414,354,'Community Schools Initiative','Lead Partner Funds',7,0,7,15,15,88,105,6,6,8,'83.80%','93.30%','93.30%\r\n','3/1/2013 to 4/30/2013','Funston - Funston'),(415,354,'Community Schools Initiative','Lead Partner Funds',12,1,11,14,14,140,164,10,10,8,'85.40%','92.90%','93.30%\r\n','3/1/2013 to 4/30/2013','Funston - Funston'),(416,355,'Community Schools Initiative','Lead Partner Funds',10,0,10,15,15,117,150,8,8,8,'78.00%','93.30%','93.30%\r\n','3/1/2013 to 4/30/2013','Funston - Funston'),(417,355,'Community Schools Initiative','Lead Partner Funds',10,0,10,15,15,137,150,9,9,8,'91.30%','93.30%','93.30%\r\n','3/1/2013 to 4/30/2013','Funston - Funston'),(418,356,'Community Schools Initiative','General Fund: Education Fund (115)',18,2,16,8,8,102,134,13,13,8,'76.10%','87.50%','88.10%\r\n','3/1/2013 to 4/30/2013','Funston - Funston'),(419,357,'Community Schools Initiative','General Fund: Education Fund (115)',13,0,13,8,8,87,104,11,11,8,'83.70%','87.50%','87.50%\r\n','3/1/2013 to 4/30/2013','Funston - Funston'),(420,358,'Community Schools Initiative','Lead Partner Funds',18,1,17,15,23,201,263,13,14,8,'76.40%','93.30%','93.50%\r\n','3/1/2013 to 4/30/2013','Funston - Funston'),(421,358,'Community Schools Initiative','Lead Partner Funds',15,2,13,14,21,135,195,10,10,8,'69.20%','92.90%','93.30%\r\n','3/1/2013 to 4/30/2013','Funston - Funston'),(422,359,'Community Schools Initiative','General Fund: Education Fund (115)',42,7,35,21,21,660,788,31,32,8,'83.80%','95.20%','95.60%\r\n','3/1/2013 to 4/30/2013','Funston - Funston'),(423,360,'Community Schools Initiative','Lead Partner Funds',24,0,24,33,83,500,792,15,16,9,'63.10%','93.90%','93.90%\r\n','3/1/2013 to 4/30/2013','Funston - Funston'),(424,361,'Community Schools Initiative','General Fund: Education Fund (115)',36,0,36,17,34,276,612,16,21,9,'45.10%','94.10%','94.10%\r\n','3/1/2013 to 4/30/2013','Funston - Funston'),(425,362,'Community Schools Initiative','General Fund: Education Fund (115)',10,3,7,8,10,50,69,6,6,8,'72.50%','87.50%','89.90%\r\n','3/1/2013 to 4/30/2013','Funston - Funston'),(426,363,'Community Schools Initiative','General Fund: Education Fund (115)',14,1,13,29,65,246,322,8,9,8,'76.40%','93.10%','91.90%\r\n','3/1/2013 to 4/30/2013','Funston - Funston'),(427,363,'Community Schools Initiative','General Fund: Education Fund (115)',14,0,14,29,65,286,365,10,11,8,'78.40%','93.10%','92.30%\r\n','3/1/2013 to 4/30/2013','Funston - Funston'),(428,364,'Community Schools Initiative','Lead Partner Funds',9,1,8,15,15,90,122,6,6,8,'73.80%','93.30%','93.40%\r\n','3/1/2013 to 4/30/2013','Funston - Funston'),(429,365,'Community Schools Initiative','General Fund: Education Fund (115)',14,0,14,15,15,181,210,12,12,8,'86.20%','93.30%','93.30%\r\n','3/1/2013 to 4/30/2013','Funston - Funston'),(430,366,'Community Schools Initiative','General Fund: Education Fund (115)',30,5,25,14,14,307,390,22,23,8,'78.70%','92.90%','93.60%\r\n','3/1/2013 to 4/30/2013','Funston - Funston'),(431,584,'Community Schools Initiative','Lead Partner Funds',13,0,13,29,58,302,377,10,11,8,'80.10%','93.10%','93.10%\r\n','3/1/2013 to 4/30/2013','Funston - Funston'),(432,368,'Community Schools Initiative','General Fund: Education Fund (115)',13,1,12,6,9,69,75,12,12,6,'92.00%','100.00%','100.00%\r\n','3/1/2013 to 4/30/2013','Funston - Funston'),(433,369,'Community Schools Initiative','General Fund: Education Fund (115)',16,0,16,17,34,205,272,12,13,9,'75.40%','94.10%','94.10%\r\n','3/1/2013 to 4/30/2013','Funston - Funston'),(434,370,'Community Schools Initiative','General Fund: Education Fund (115)',8,3,5,16,12,95,116,6,6,8,'81.90%','93.80%','95.70%\r\n','3/1/2013 to 4/30/2013','Funston - Funston'),(435,371,'Community Schools Initiative','General Fund: Education Fund (115)',12,2,10,16,12,150,180,9,10,8,'83.30%','100.00%','100.00%\r\n','3/1/2013 to 4/30/2013','Funston - Funston'),(436,372,'Community Schools Initiative','9',0,0,0,0,0,0,0,0,0,0,'','','\r\n','3/1/2013 to 4/30/2013','Funston - Funston'),(437,353,'Community Schools Initiative','Lead Partner Funds',14,0,14,14,14,168,196,12,12,8,'85.70%','92.90%','92.90%\r\n','3/1/2013 to 4/30/2013','Funston - Funston'),(438,354,'Community Schools Initiative','Lead Partner Funds',7,0,7,15,15,88,105,6,6,8,'83.80%','93.30%','93.30%\r\n','3/1/2013 to 4/30/2013','Funston - Funston'),(439,354,'Community Schools Initiative','Lead Partner Funds',12,1,11,14,14,140,164,10,10,8,'85.40%','92.90%','93.30%\r\n','3/1/2013 to 4/30/2013','Funston - Funston'),(440,355,'Community Schools Initiative','Lead Partner Funds',10,0,10,15,15,117,150,8,8,8,'78.00%','93.30%','93.30%\r\n','3/1/2013 to 4/30/2013','Funston - Funston'),(441,355,'Community Schools Initiative','Lead Partner Funds',10,0,10,15,15,137,150,9,9,8,'91.30%','93.30%','93.30%\r\n','3/1/2013 to 4/30/2013','Funston - Funston'),(442,356,'Community Schools Initiative','General Fund: Education Fund (115)',18,2,16,8,8,102,134,13,13,8,'76.10%','87.50%','88.10%\r\n','3/1/2013 to 4/30/2013','Funston - Funston'),(443,357,'Community Schools Initiative','General Fund: Education Fund (115)',13,0,13,8,8,87,104,11,11,8,'83.70%','87.50%','87.50%\r\n','3/1/2013 to 4/30/2013','Funston - Funston'),(444,358,'Community Schools Initiative','Lead Partner Funds',18,1,17,15,23,201,263,13,14,8,'76.40%','93.30%','93.50%\r\n','3/1/2013 to 4/30/2013','Funston - Funston'),(445,358,'Community Schools Initiative','Lead Partner Funds',15,2,13,14,21,135,195,10,10,8,'69.20%','92.90%','93.30%\r\n','3/1/2013 to 4/30/2013','Funston - Funston'),(446,359,'Community Schools Initiative','General Fund: Education Fund (115)',42,7,35,21,21,660,788,31,32,8,'83.80%','95.20%','95.60%\r\n','3/1/2013 to 4/30/2013','Funston - Funston'),(447,360,'Community Schools Initiative','Lead Partner Funds',24,0,24,33,83,500,792,15,16,9,'63.10%','93.90%','93.90%\r\n','3/1/2013 to 4/30/2013','Funston - Funston'),(448,361,'Community Schools Initiative','General Fund: Education Fund (115)',36,0,36,17,34,276,612,16,21,9,'45.10%','94.10%','94.10%\r\n','3/1/2013 to 4/30/2013','Funston - Funston'),(449,362,'Community Schools Initiative','General Fund: Education Fund (115)',10,3,7,8,10,50,69,6,6,8,'72.50%','87.50%','89.90%\r\n','3/1/2013 to 4/30/2013','Funston - Funston'),(450,363,'Community Schools Initiative','General Fund: Education Fund (115)',14,1,13,29,65,246,322,8,9,8,'76.40%','93.10%','91.90%\r\n','3/1/2013 to 4/30/2013','Funston - Funston'),(451,363,'Community Schools Initiative','General Fund: Education Fund (115)',14,0,14,29,65,286,365,10,11,8,'78.40%','93.10%','92.30%\r\n','3/1/2013 to 4/30/2013','Funston - Funston'),(452,364,'Community Schools Initiative','Lead Partner Funds',9,1,8,15,15,90,122,6,6,8,'73.80%','93.30%','93.40%\r\n','3/1/2013 to 4/30/2013','Funston - Funston'),(453,365,'Community Schools Initiative','General Fund: Education Fund (115)',14,0,14,15,15,181,210,12,12,8,'86.20%','93.30%','93.30%\r\n','3/1/2013 to 4/30/2013','Funston - Funston'),(454,366,'Community Schools Initiative','General Fund: Education Fund (115)',30,5,25,14,14,307,390,22,23,8,'78.70%','92.90%','93.60%\r\n','3/1/2013 to 4/30/2013','Funston - Funston'),(455,584,'Community Schools Initiative','Lead Partner Funds',13,0,13,29,58,302,377,10,11,8,'80.10%','93.10%','93.10%\r\n','3/1/2013 to 4/30/2013','Funston - Funston'),(456,368,'Community Schools Initiative','General Fund: Education Fund (115)',13,1,12,6,9,69,75,12,12,6,'92.00%','100.00%','100.00%\r\n','3/1/2013 to 4/30/2013','Funston - Funston'),(457,369,'Community Schools Initiative','General Fund: Education Fund (115)',16,0,16,17,34,205,272,12,13,9,'75.40%','94.10%','94.10%\r\n','3/1/2013 to 4/30/2013','Funston - Funston'),(458,370,'Community Schools Initiative','General Fund: Education Fund (115)',8,3,5,16,12,95,116,6,6,8,'81.90%','93.80%','95.70%\r\n','3/1/2013 to 4/30/2013','Funston - Funston'),(459,371,'Community Schools Initiative','General Fund: Education Fund (115)',12,2,10,16,12,150,180,9,10,8,'83.30%','100.00%','100.00%\r\n','3/1/2013 to 4/30/2013','Funston - Funston'),(460,372,'Community Schools Initiative','9',0,0,0,0,0,0,0,0,0,0,'','','\r\n','3/1/2013 to 4/30/2013','Funston - Funston'),(461,353,'Community Schools Initiative','Lead Partner Funds',14,0,14,14,14,168,196,12,12,8,'85.70%','92.90%','92.90%\r\n','3/1/2013 to 4/30/2013','Funston - Funston'),(462,354,'Community Schools Initiative','Lead Partner Funds',7,0,7,15,15,88,105,6,6,8,'83.80%','93.30%','93.30%\r\n','3/1/2013 to 4/30/2013','Funston - Funston'),(463,354,'Community Schools Initiative','Lead Partner Funds',12,1,11,14,14,140,164,10,10,8,'85.40%','92.90%','93.30%\r\n','3/1/2013 to 4/30/2013','Funston - Funston'),(464,355,'Community Schools Initiative','Lead Partner Funds',10,0,10,15,15,117,150,8,8,8,'78.00%','93.30%','93.30%\r\n','3/1/2013 to 4/30/2013','Funston - Funston'),(465,355,'Community Schools Initiative','Lead Partner Funds',10,0,10,15,15,137,150,9,9,8,'91.30%','93.30%','93.30%\r\n','3/1/2013 to 4/30/2013','Funston - Funston'),(466,356,'Community Schools Initiative','General Fund: Education Fund (115)',18,2,16,8,8,102,134,13,13,8,'76.10%','87.50%','88.10%\r\n','3/1/2013 to 4/30/2013','Funston - Funston'),(467,357,'Community Schools Initiative','General Fund: Education Fund (115)',13,0,13,8,8,87,104,11,11,8,'83.70%','87.50%','87.50%\r\n','3/1/2013 to 4/30/2013','Funston - Funston'),(468,358,'Community Schools Initiative','Lead Partner Funds',18,1,17,15,23,201,263,13,14,8,'76.40%','93.30%','93.50%\r\n','3/1/2013 to 4/30/2013','Funston - Funston'),(469,358,'Community Schools Initiative','Lead Partner Funds',15,2,13,14,21,135,195,10,10,8,'69.20%','92.90%','93.30%\r\n','3/1/2013 to 4/30/2013','Funston - Funston'),(470,359,'Community Schools Initiative','General Fund: Education Fund (115)',42,7,35,21,21,660,788,31,32,8,'83.80%','95.20%','95.60%\r\n','3/1/2013 to 4/30/2013','Funston - Funston'),(471,360,'Community Schools Initiative','Lead Partner Funds',24,0,24,33,83,500,792,15,16,9,'63.10%','93.90%','93.90%\r\n','3/1/2013 to 4/30/2013','Funston - Funston'),(472,361,'Community Schools Initiative','General Fund: Education Fund (115)',36,0,36,17,34,276,612,16,21,9,'45.10%','94.10%','94.10%\r\n','3/1/2013 to 4/30/2013','Funston - Funston'),(473,362,'Community Schools Initiative','General Fund: Education Fund (115)',10,3,7,8,10,50,69,6,6,8,'72.50%','87.50%','89.90%\r\n','3/1/2013 to 4/30/2013','Funston - Funston'),(474,363,'Community Schools Initiative','General Fund: Education Fund (115)',14,1,13,29,65,246,322,8,9,8,'76.40%','93.10%','91.90%\r\n','3/1/2013 to 4/30/2013','Funston - Funston'),(475,363,'Community Schools Initiative','General Fund: Education Fund (115)',14,0,14,29,65,286,365,10,11,8,'78.40%','93.10%','92.30%\r\n','3/1/2013 to 4/30/2013','Funston - Funston'),(476,364,'Community Schools Initiative','Lead Partner Funds',9,1,8,15,15,90,122,6,6,8,'73.80%','93.30%','93.40%\r\n','3/1/2013 to 4/30/2013','Funston - Funston'),(477,365,'Community Schools Initiative','General Fund: Education Fund (115)',14,0,14,15,15,181,210,12,12,8,'86.20%','93.30%','93.30%\r\n','3/1/2013 to 4/30/2013','Funston - Funston'),(478,366,'Community Schools Initiative','General Fund: Education Fund (115)',30,5,25,14,14,307,390,22,23,8,'78.70%','92.90%','93.60%\r\n','3/1/2013 to 4/30/2013','Funston - Funston'),(479,584,'Community Schools Initiative','Lead Partner Funds',13,0,13,29,58,302,377,10,11,8,'80.10%','93.10%','93.10%\r\n','3/1/2013 to 4/30/2013','Funston - Funston'),(480,368,'Community Schools Initiative','General Fund: Education Fund (115)',13,1,12,6,9,69,75,12,12,6,'92.00%','100.00%','100.00%\r\n','3/1/2013 to 4/30/2013','Funston - Funston'),(481,369,'Community Schools Initiative','General Fund: Education Fund (115)',16,0,16,17,34,205,272,12,13,9,'75.40%','94.10%','94.10%\r\n','3/1/2013 to 4/30/2013','Funston - Funston'),(482,370,'Community Schools Initiative','General Fund: Education Fund (115)',8,3,5,16,12,95,116,6,6,8,'81.90%','93.80%','95.70%\r\n','3/1/2013 to 4/30/2013','Funston - Funston'),(483,371,'Community Schools Initiative','General Fund: Education Fund (115)',12,2,10,16,12,150,180,9,10,8,'83.30%','100.00%','100.00%\r\n','3/1/2013 to 4/30/2013','Funston - Funston'),(484,372,'Community Schools Initiative','9',0,0,0,0,0,0,0,0,0,0,'','','\r\n','3/1/2013 to 4/30/2013','Funston - Funston');
/*!40000 ALTER TABLE `Import_Destination` ENABLE KEYS */;
UNLOCK TABLES;

--
-- Table structure for table `Institution_Types`
--

DROP TABLE IF EXISTS `Institution_Types`;
/*!40101 SET @saved_cs_client     = @@character_set_client */;
/*!40101 SET character_set_client = utf8 */;
CREATE TABLE `Institution_Types` (
  `Institution_Type_ID` int(11) NOT NULL AUTO_INCREMENT,
  `Institution_Type_Name` varchar(45) DEFAULT NULL,
  PRIMARY KEY (`Institution_Type_ID`)
) ENGINE=InnoDB AUTO_INCREMENT=5 DEFAULT CHARSET=latin7;
/*!40101 SET character_set_client = @saved_cs_client */;

--
-- Dumping data for table `Institution_Types`
--

LOCK TABLES `Institution_Types` WRITE;
/*!40000 ALTER TABLE `Institution_Types` DISABLE KEYS */;
INSERT INTO `Institution_Types` VALUES (1,'School'),(2,'Church'),(3,'Non-profit'),(4,'Civic organization'),(5,'Funder');
/*!40000 ALTER TABLE `Institution_Types` ENABLE KEYS */;
UNLOCK TABLES;

--
-- Table structure for table `Institutions`
--

DROP TABLE IF EXISTS `Institutions`;
/*!40101 SET @saved_cs_client     = @@character_set_client */;
/*!40101 SET character_set_client = utf8 */;
CREATE TABLE `Institutions` (
  `Institution_ID` int(11) NOT NULL AUTO_INCREMENT,
  `Institution_Name` varchar(150) DEFAULT NULL,
  `Street_Num` int(11) DEFAULT NULL,
  `Street_Direction` varchar(45) DEFAULT NULL,
  `Street_Name` varchar(100) DEFAULT NULL,
  `Street_Type` varchar(45) DEFAULT NULL,
  `Institution_Type` varchar(100) DEFAULT NULL,
  `Block_Group` varchar(45) DEFAULT NULL,
  PRIMARY KEY (`Institution_ID`)
) ENGINE=InnoDB AUTO_INCREMENT=59 DEFAULT CHARSET=latin1;
/*!40101 SET character_set_client = @saved_cs_client */;

--
-- Dumping data for table `Institutions`
--

LOCK TABLES `Institutions` WRITE;
/*!40000 ALTER TABLE `Institutions` DISABLE KEYS */;
INSERT INTO `Institutions` VALUES (1,'Ames Middle School',1920,'N','Hamlin','Ave','1',NULL),(2,'Mozart Elementary School',2200,'N','Hamlin','Ave','1',NULL),(3,'Logan Square Neighborhood Association',2840,'N','Milwaukee','Ave','4',NULL),(4,'Iglesia Episcopal de Nuestra Senora de las Americas',2902,'W','Logan','Blvd','2',NULL),(6,'Kelvyn Park High School ',4343,'W','Wrightwood','Ave','1',NULL),(7,'Logan Square YWCA',2858,'W','Diversey','Ave','3',NULL),(8,'Kimball Ave. Church',NULL,NULL,NULL,NULL,'2',NULL),(9,'Lathrop Leadership Team',3200,'N','Kedzie','Ave','4','170318391001104'),(10,'Logan Square Boys and Girls Club',NULL,NULL,NULL,NULL,'3',NULL),(11,'Logan Square Cooperative',NULL,NULL,NULL,NULL,'3',NULL),(12,'Logan Vistas',0,'','','','3',NULL),(13,'McAuliffe School',7773,'S','Sthng','Ln','1',NULL),(14,'McCormick Tribune YMCA',NULL,NULL,NULL,NULL,'3',NULL),(15,'Monroe Elementary School',NULL,NULL,NULL,NULL,'1',NULL),(16,'Neighbors Garden',NULL,NULL,NULL,NULL,'4',NULL),(17,'New Community Covenant Church',NULL,NULL,NULL,NULL,'2',NULL),(18,'Our Lady of Grace Catholic Church',NULL,NULL,NULL,NULL,'2',NULL),(19,'Palmer Square Apartments',NULL,NULL,NULL,NULL,'3',NULL),(20,'Paseo Garden',NULL,NULL,NULL,NULL,'4',NULL),(21,'Prime Care Community Health',NULL,NULL,NULL,NULL,'3',NULL),(22,'Sage Community Health',NULL,NULL,NULL,NULL,'3',NULL),(23,'St. Lukes Lutheran Church',NULL,NULL,NULL,NULL,'2',NULL),(24,'St. Sylvesters Catholic Church',NULL,NULL,NULL,NULL,'2',NULL),(25,'Unity Park',NULL,NULL,NULL,NULL,'4',NULL),(26,'Armitage Baptist Church',0,'','','','2',NULL),(27,'Active Transportation Alliance',0,'','','','3',NULL),(28,'Alliance of Logan Square Organizations',0,'','','','3',NULL),(30,'Avondale/Logandale School',0,'','','','1',NULL),(31,'Bickerdike Redevelopment Corporation',0,'','','','3',NULL),(32,'Christopher House',0,'','','','3',NULL),(33,'Community TV Network',0,'','','','3',NULL),(34,'Corner Farm',0,'','','','4',NULL),(35,'Daniel Alvarez',0,'','','','3',NULL),(36,'Darwin Elementary School',2840,'N','Milwaukee','','1',NULL),(37,'Dill Pickle Food Co-op',0,'','','','3',NULL),(38,'Diversey Square Apartments',0,'','','','3',NULL),(40,'Episcopal Church of the Advent',0,'','','','2',NULL),(41,'First Evangelical Lutheran Church',NULL,NULL,NULL,NULL,'2',NULL),(42,'Friends of Bloomingdale Trail',NULL,NULL,NULL,NULL,'3',NULL),(43,'Fullerton Avenue Neighborhood Association',NULL,NULL,NULL,NULL,'4',NULL),(44,'Fullerton/Linden/Albany/Kedzie - FLAK',NULL,NULL,NULL,NULL,'4',NULL),(45,'Funston School',NULL,NULL,NULL,NULL,'1',NULL),(46,'Goethe School',NULL,NULL,NULL,NULL,'1',NULL),(47,'Healthcare Alternative Systems',NULL,NULL,NULL,NULL,'3',NULL),(48,'Humboldt Park Social Services',NULL,NULL,NULL,NULL,'3',NULL),(49,'NEIU El Centro Campus',NULL,NULL,NULL,NULL,'1',NULL),(50,'Schurz High School',NULL,NULL,NULL,NULL,'1',NULL),(51,'Civitas Excolatur',0,'','','','4',NULL),(52,'Daughters of the American Revolution',1234,'W','Victory','Blvd','',NULL),(53,'ICS LLC',0,'','','','4',NULL),(55,'Work Hard Inc.',1234,'E','Slater','Dr','3',NULL),(56,'Herstory Research Group',0,'','','','4',NULL),(57,'Block-Group Testing',2300,'W','Cermak','Ave','4','170318391001104'),(58,'',0,'','','','','170318391001104');
/*!40000 ALTER TABLE `Institutions` ENABLE KEYS */;
UNLOCK TABLES;

--
-- Table structure for table `Institutions_Participants`
--

DROP TABLE IF EXISTS `Institutions_Participants`;
/*!40101 SET @saved_cs_client     = @@character_set_client */;
/*!40101 SET character_set_client = utf8 */;
CREATE TABLE `Institutions_Participants` (
  `Institutions_Participants_ID` int(11) NOT NULL AUTO_INCREMENT,
  `Institution_ID` int(11) DEFAULT NULL,
  `Participant_ID` int(11) DEFAULT NULL,
  `Is_PM` int(1) DEFAULT NULL,
  `Year_12_13` int(11) DEFAULT NULL,
  `Year_13_14` int(11) DEFAULT NULL,
  `Year_14_15` int(11) DEFAULT NULL,
  `Year_15_16` int(11) DEFAULT NULL,
  PRIMARY KEY (`Institutions_Participants_ID`),
  KEY `participant_at_int` (`Participant_ID`),
  KEY `institution_of_particip` (`Institution_ID`),
  CONSTRAINT `institution_of_particip` FOREIGN KEY (`Institution_ID`) REFERENCES `Institutions` (`Institution_ID`) ON DELETE CASCADE ON UPDATE CASCADE,
  CONSTRAINT `participant_at_int` FOREIGN KEY (`Participant_ID`) REFERENCES `Participants` (`Participant_ID`) ON DELETE CASCADE ON UPDATE CASCADE
) ENGINE=InnoDB AUTO_INCREMENT=337 DEFAULT CHARSET=latin1;
/*!40101 SET character_set_client = @saved_cs_client */;

--
-- Dumping data for table `Institutions_Participants`
--

LOCK TABLES `Institutions_Participants` WRITE;
/*!40000 ALTER TABLE `Institutions_Participants` DISABLE KEYS */;
INSERT INTO `Institutions_Participants` VALUES (5,45,3,NULL,NULL,NULL,NULL,NULL),(6,13,7,NULL,NULL,NULL,NULL,NULL),(7,27,75,NULL,NULL,NULL,NULL,NULL),(10,2,79,1,1,NULL,NULL,NULL),(11,1,7,1,NULL,NULL,NULL,NULL),(12,30,76,1,NULL,NULL,NULL,NULL),(14,45,8,1,1,NULL,NULL,NULL),(15,38,8,NULL,NULL,NULL,NULL,NULL),(16,32,8,NULL,NULL,NULL,NULL,NULL),(18,50,87,1,NULL,NULL,NULL,NULL),(24,45,91,1,1,NULL,NULL,NULL),(25,13,92,1,NULL,NULL,NULL,NULL),(27,1,94,1,1,NULL,NULL,NULL),(28,13,93,NULL,NULL,NULL,NULL,NULL),(29,1,95,NULL,NULL,NULL,NULL,NULL),(30,36,5,1,NULL,NULL,NULL,NULL),(32,46,64,1,NULL,NULL,NULL,NULL),(33,3,87,NULL,NULL,NULL,NULL,NULL),(34,43,103,NULL,NULL,NULL,NULL,NULL),(35,45,107,NULL,NULL,NULL,NULL,NULL),(41,3,109,NULL,NULL,NULL,NULL,NULL),(42,1,113,NULL,NULL,NULL,NULL,NULL),(43,10,114,NULL,NULL,NULL,NULL,NULL),(45,38,70,NULL,NULL,NULL,NULL,NULL),(46,32,70,NULL,NULL,NULL,NULL,NULL),(50,3,116,NULL,NULL,NULL,NULL,NULL),(52,2,121,NULL,NULL,NULL,NULL,NULL),(99,52,121,NULL,NULL,NULL,NULL,NULL),(101,55,121,NULL,NULL,NULL,NULL,NULL),(125,25,122,NULL,NULL,NULL,NULL,NULL),(143,45,122,NULL,NULL,NULL,NULL,NULL),(162,20,123,NULL,NULL,NULL,NULL,NULL),(190,50,123,NULL,NULL,NULL,NULL,NULL),(191,51,123,NULL,NULL,NULL,NULL,NULL),(197,7,124,NULL,NULL,NULL,NULL,NULL),(221,22,130,NULL,NULL,NULL,NULL,NULL),(222,23,130,NULL,NULL,NULL,NULL,NULL),(223,24,130,NULL,NULL,NULL,NULL,NULL),(224,25,130,NULL,NULL,NULL,NULL,NULL),(235,12,131,NULL,NULL,NULL,NULL,NULL),(247,24,131,NULL,NULL,NULL,NULL,NULL),(268,47,131,NULL,NULL,NULL,NULL,NULL),(282,15,132,NULL,NULL,NULL,NULL,NULL),(283,50,64,1,NULL,NULL,NULL,NULL),(284,43,136,NULL,NULL,NULL,NULL,NULL),(285,42,150,NULL,NULL,NULL,NULL,NULL),(286,13,150,1,NULL,1,NULL,NULL),(288,36,90,1,NULL,NULL,NULL,NULL),(290,38,82,NULL,NULL,NULL,NULL,NULL),(291,45,1,1,1,NULL,NULL,NULL),(292,49,99,1,NULL,NULL,NULL,NULL),(294,15,81,1,NULL,1,NULL,NULL),(296,40,149,NULL,NULL,NULL,NULL,NULL),(299,41,3,NULL,NULL,NULL,NULL,NULL),(300,1,82,1,NULL,NULL,NULL,NULL),(301,2,157,NULL,NULL,NULL,NULL,NULL),(302,1,150,1,1,NULL,NULL,NULL),(303,50,82,NULL,NULL,NULL,NULL,NULL),(304,45,82,1,NULL,NULL,NULL,NULL),(305,36,150,1,NULL,NULL,NULL,NULL),(306,1,5,1,NULL,NULL,NULL,NULL),(307,36,5,1,NULL,NULL,NULL,NULL),(308,30,121,1,NULL,NULL,NULL,NULL),(309,30,121,1,NULL,NULL,NULL,NULL),(310,45,5,NULL,NULL,NULL,NULL,NULL),(311,45,87,1,NULL,NULL,NULL,NULL),(312,45,159,1,NULL,NULL,NULL,NULL),(313,45,5,1,NULL,NULL,NULL,NULL),(314,13,5,1,NULL,NULL,NULL,NULL),(315,36,82,1,NULL,NULL,NULL,NULL),(316,13,87,1,NULL,NULL,NULL,NULL),(318,45,82,1,NULL,NULL,NULL,NULL),(319,1,82,1,NULL,NULL,NULL,NULL),(320,46,82,1,NULL,NULL,NULL,NULL),(321,1,82,1,NULL,NULL,NULL,NULL),(322,30,160,1,NULL,NULL,NULL,NULL),(323,46,87,1,NULL,NULL,NULL,NULL),(324,6,87,1,NULL,NULL,NULL,NULL),(325,30,121,1,NULL,NULL,NULL,NULL),(326,1,100,1,NULL,NULL,NULL,NULL),(327,30,100,1,NULL,NULL,NULL,NULL),(328,1,100,1,NULL,NULL,NULL,NULL),(329,1,79,1,NULL,NULL,NULL,NULL),(330,30,89,1,NULL,NULL,NULL,NULL),(331,36,99,1,NULL,NULL,NULL,NULL),(332,46,7,1,NULL,NULL,NULL,NULL),(333,1,154,1,NULL,NULL,NULL,NULL),(334,1,154,1,NULL,NULL,NULL,NULL),(335,30,154,1,NULL,NULL,NULL,NULL),(336,1,137,1,NULL,NULL,NULL,NULL);
/*!40000 ALTER TABLE `Institutions_Participants` ENABLE KEYS */;
UNLOCK TABLES;

--
-- Table structure for table `Institutions_Subcategories`
--

DROP TABLE IF EXISTS `Institutions_Subcategories`;
/*!40101 SET @saved_cs_client     = @@character_set_client */;
/*!40101 SET character_set_client = utf8 */;
CREATE TABLE `Institutions_Subcategories` (
  `Institutions_Subcategories_ID` int(11) NOT NULL AUTO_INCREMENT,
  `Institution_ID` int(11) DEFAULT NULL,
  `Subcategory_ID` int(11) DEFAULT NULL,
  PRIMARY KEY (`Institutions_Subcategories_ID`),
  KEY `instution_program` (`Subcategory_ID`),
  KEY `home_institute` (`Institution_ID`),
  CONSTRAINT `home_institute` FOREIGN KEY (`Institution_ID`) REFERENCES `Institutions` (`Institution_ID`) ON DELETE CASCADE ON UPDATE CASCADE,
  CONSTRAINT `instution_program` FOREIGN KEY (`Subcategory_ID`) REFERENCES `Subcategories` (`Subcategory_ID`) ON DELETE CASCADE ON UPDATE CASCADE
) ENGINE=InnoDB AUTO_INCREMENT=26 DEFAULT CHARSET=latin1;
/*!40101 SET character_set_client = @saved_cs_client */;

--
-- Dumping data for table `Institutions_Subcategories`
--

LOCK TABLES `Institutions_Subcategories` WRITE;
/*!40000 ALTER TABLE `Institutions_Subcategories` DISABLE KEYS */;
INSERT INTO `Institutions_Subcategories` VALUES (1,2,19),(2,1,19),(3,7,1),(4,9,1),(5,1,20),(6,21,20),(7,22,20),(9,6,19),(10,36,19),(11,45,19),(12,42,10),(13,25,14),(14,36,65),(15,45,65),(16,15,19),(17,3,66),(19,3,4),(20,26,62),(22,37,42),(24,1,357),(25,3,25);
/*!40000 ALTER TABLE `Institutions_Subcategories` ENABLE KEYS */;
UNLOCK TABLES;

--
-- Table structure for table `Issue_Areas`
--

DROP TABLE IF EXISTS `Issue_Areas`;
/*!40101 SET @saved_cs_client     = @@character_set_client */;
/*!40101 SET character_set_client = utf8 */;
CREATE TABLE `Issue_Areas` (
  `Issue_ID` int(11) NOT NULL AUTO_INCREMENT,
  `Issue_Area` varchar(45) DEFAULT NULL,
  PRIMARY KEY (`Issue_ID`)
) ENGINE=InnoDB AUTO_INCREMENT=13 DEFAULT CHARSET=latin1;
/*!40101 SET character_set_client = @saved_cs_client */;

--
-- Dumping data for table `Issue_Areas`
--

LOCK TABLES `Issue_Areas` WRITE;
/*!40000 ALTER TABLE `Issue_Areas` DISABLE KEYS */;
INSERT INTO `Issue_Areas` VALUES (1,'SNAP'),(2,'Medical Card'),(3,'Dental Van'),(4,'Health External referrals'),(5,'DACA Application'),(6,'Citizenship'),(7,'JFON Clinic'),(8,'Immigration external referrals'),(9,'Foreclosure referrals'),(10,'Housing Doors Knock/Outreach'),(11,'Voter Registration Doors Knock'),(12,'New Registered Voters');
/*!40000 ALTER TABLE `Issue_Areas` ENABLE KEYS */;
UNLOCK TABLES;

--
-- Table structure for table `Issue_Attendance`
--

DROP TABLE IF EXISTS `Issue_Attendance`;
/*!40101 SET @saved_cs_client     = @@character_set_client */;
/*!40101 SET character_set_client = utf8 */;
CREATE TABLE `Issue_Attendance` (
  `Issue_Attendance_ID` int(11) NOT NULL AUTO_INCREMENT,
  `Issue_ID` int(11) DEFAULT NULL,
  `Month` int(11) DEFAULT NULL,
  `Year` int(11) DEFAULT NULL,
  `Participant_ID` int(11) DEFAULT NULL,
  PRIMARY KEY (`Issue_Attendance_ID`),
  KEY `issue_idx` (`Issue_ID`),
  KEY `issue_attendee_idx` (`Participant_ID`),
  CONSTRAINT `issue_attendee` FOREIGN KEY (`Participant_ID`) REFERENCES `Participants` (`Participant_ID`) ON DELETE SET NULL ON UPDATE CASCADE,
  CONSTRAINT `issue` FOREIGN KEY (`Issue_ID`) REFERENCES `Issue_Areas` (`Issue_ID`) ON DELETE SET NULL ON UPDATE CASCADE
) ENGINE=InnoDB AUTO_INCREMENT=2 DEFAULT CHARSET=latin1;
/*!40101 SET character_set_client = @saved_cs_client */;

--
-- Dumping data for table `Issue_Attendance`
--

LOCK TABLES `Issue_Attendance` WRITE;
/*!40000 ALTER TABLE `Issue_Attendance` DISABLE KEYS */;
INSERT INTO `Issue_Attendance` VALUES (1,2,1,2012,82);
/*!40000 ALTER TABLE `Issue_Attendance` ENABLE KEYS */;
UNLOCK TABLES;

--
-- Table structure for table `Languages`
--

DROP TABLE IF EXISTS `Languages`;
/*!40101 SET @saved_cs_client     = @@character_set_client */;
/*!40101 SET character_set_client = utf8 */;
CREATE TABLE `Languages` (
  `Language_ID` int(11) NOT NULL AUTO_INCREMENT,
  `Language` varchar(100) DEFAULT NULL,
  PRIMARY KEY (`Language_ID`)
) ENGINE=InnoDB AUTO_INCREMENT=4 DEFAULT CHARSET=latin1;
/*!40101 SET character_set_client = @saved_cs_client */;

--
-- Dumping data for table `Languages`
--

LOCK TABLES `Languages` WRITE;
/*!40000 ALTER TABLE `Languages` DISABLE KEYS */;
INSERT INTO `Languages` VALUES (1,'English'),(2,'Spanish'),(3,'Other');
/*!40000 ALTER TABLE `Languages` ENABLE KEYS */;
UNLOCK TABLES;

--
-- Table structure for table `PM_Actual_Attendance`
--

DROP TABLE IF EXISTS `PM_Actual_Attendance`;
/*!40101 SET @saved_cs_client     = @@character_set_client */;
/*!40101 SET character_set_client = utf8 */;
CREATE TABLE `PM_Actual_Attendance` (
  `PM_Actual_Attendance_ID` int(11) NOT NULL AUTO_INCREMENT,
  `Parent_Mentor_ID` int(11) DEFAULT NULL,
  `Possible_Attendance_ID` int(11) DEFAULT NULL,
  `Num_Days_Attended` int(11) DEFAULT NULL,
  PRIMARY KEY (`PM_Actual_Attendance_ID`)
) ENGINE=InnoDB AUTO_INCREMENT=23 DEFAULT CHARSET=latin1;
/*!40101 SET character_set_client = @saved_cs_client */;

--
-- Dumping data for table `PM_Actual_Attendance`
--

LOCK TABLES `PM_Actual_Attendance` WRITE;
/*!40000 ALTER TABLE `PM_Actual_Attendance` DISABLE KEYS */;
INSERT INTO `PM_Actual_Attendance` VALUES (1,75,1,16),(2,82,1,20),(3,82,2,20),(4,82,3,19),(5,82,4,10),(6,82,5,22),(7,72,1,22),(8,72,2,20),(9,72,3,22),(10,72,4,21),(11,72,5,22),(12,64,1,15),(13,64,2,15),(14,64,3,15),(15,64,4,15),(16,64,5,15),(17,0,1,20),(18,7,1,20),(19,79,1,20),(20,76,1,20),(21,7,2,18),(22,81,1,20);
/*!40000 ALTER TABLE `PM_Actual_Attendance` ENABLE KEYS */;
UNLOCK TABLES;

--
-- Table structure for table `PM_Children_Info`
--

DROP TABLE IF EXISTS `PM_Children_Info`;
/*!40101 SET @saved_cs_client     = @@character_set_client */;
/*!40101 SET character_set_client = utf8 */;
CREATE TABLE `PM_Children_Info` (
  `PM_Children_Info_ID` int(11) NOT NULL AUTO_INCREMENT,
  `Child_ID` int(11) DEFAULT NULL,
  `Quarter` varchar(45) DEFAULT NULL,
  `Reading_Grade` varchar(45) DEFAULT NULL,
  `Math_Grade` varchar(45) DEFAULT NULL,
  `Num_Suspensions` int(11) DEFAULT NULL,
  `Num_Office_Referrals` int(11) DEFAULT NULL,
  `Days_Absent` int(11) DEFAULT NULL,
  `School_Year` varchar(45) DEFAULT NULL,
  PRIMARY KEY (`PM_Children_Info_ID`),
  KEY `childs_participant_id` (`Child_ID`),
  CONSTRAINT `childs_participant_id` FOREIGN KEY (`Child_ID`) REFERENCES `Participants` (`Participant_ID`) ON DELETE CASCADE ON UPDATE CASCADE
) ENGINE=InnoDB AUTO_INCREMENT=12 DEFAULT CHARSET=latin1;
/*!40101 SET character_set_client = @saved_cs_client */;

--
-- Dumping data for table `PM_Children_Info`
--

LOCK TABLES `PM_Children_Info` WRITE;
/*!40000 ALTER TABLE `PM_Children_Info` DISABLE KEYS */;
INSERT INTO `PM_Children_Info` VALUES (1,2,'1','B','A',0,2,5,'2012-2013'),(2,93,'2','B','B+',0,1,4,'2012-2013'),(4,2,'2','B+','A',0,3,4,'2012-2013'),(5,2,'3','A','E',0,0,1,'2012-2013'),(6,2,'4','B','A',0,0,0,'2012-2013'),(7,148,'1','B','B',0,1,8,'2012-2013'),(8,157,'1','A','C',0,3,8,'2012-2013'),(9,157,'2','A','B',0,1,4,'2012-2013'),(10,157,'3','B','B',0,1,4,'2012-2013'),(11,157,'4','A','B',0,1,5,'2012-2013');
/*!40000 ALTER TABLE `PM_Children_Info` ENABLE KEYS */;
UNLOCK TABLES;

--
-- Table structure for table `PM_Monthly_Attendance`
--

DROP TABLE IF EXISTS `PM_Monthly_Attendance`;
/*!40101 SET @saved_cs_client     = @@character_set_client */;
/*!40101 SET character_set_client = utf8 */;
CREATE TABLE `PM_Monthly_Attendance` (
  `PM_Monthly_Attendance_ID` int(11) NOT NULL AUTO_INCREMENT,
  `Participant_ID` int(11) DEFAULT NULL,
  `Institution_ID` int(11) DEFAULT NULL,
  `Month` int(11) DEFAULT NULL,
  `Days_Attended` int(11) DEFAULT NULL,
  `Days_Scheduled` int(11) DEFAULT NULL,
  `School_Year` int(11) DEFAULT NULL,
  PRIMARY KEY (`PM_Monthly_Attendance_ID`),
  KEY `participant_attending_pm` (`Participant_ID`),
  KEY `institution_pm_attends` (`Institution_ID`),
  CONSTRAINT `institution_pm_attends` FOREIGN KEY (`Institution_ID`) REFERENCES `Institutions` (`Institution_ID`) ON DELETE CASCADE ON UPDATE CASCADE,
  CONSTRAINT `participant_attending_pm` FOREIGN KEY (`Participant_ID`) REFERENCES `Participants` (`Participant_ID`) ON DELETE NO ACTION ON UPDATE CASCADE
) ENGINE=InnoDB AUTO_INCREMENT=9 DEFAULT CHARSET=latin1;
/*!40101 SET character_set_client = @saved_cs_client */;

--
-- Dumping data for table `PM_Monthly_Attendance`
--

LOCK TABLES `PM_Monthly_Attendance` WRITE;
/*!40000 ALTER TABLE `PM_Monthly_Attendance` DISABLE KEYS */;
INSERT INTO `PM_Monthly_Attendance` VALUES (1,1,NULL,3,8,15,1213),(2,1,NULL,4,12,13,1213),(3,1,NULL,5,11,15,1213),(4,3,NULL,3,12,15,1213),(5,3,NULL,4,9,13,1213),(6,3,NULL,5,10,15,1213),(8,3,NULL,10,15,15,1314);
/*!40000 ALTER TABLE `PM_Monthly_Attendance` ENABLE KEYS */;
UNLOCK TABLES;

--
-- Table structure for table `PM_Possible_Attendance`
--

DROP TABLE IF EXISTS `PM_Possible_Attendance`;
/*!40101 SET @saved_cs_client     = @@character_set_client */;
/*!40101 SET character_set_client = utf8 */;
CREATE TABLE `PM_Possible_Attendance` (
  `PM_Possible_Attendance_ID` int(11) NOT NULL AUTO_INCREMENT,
  `Month` int(11) DEFAULT NULL,
  `Year` int(11) DEFAULT NULL,
  `Max_Days_Possible` int(11) DEFAULT NULL,
  PRIMARY KEY (`PM_Possible_Attendance_ID`)
) ENGINE=InnoDB AUTO_INCREMENT=25 DEFAULT CHARSET=latin1;
/*!40101 SET character_set_client = @saved_cs_client */;

--
-- Dumping data for table `PM_Possible_Attendance`
--

LOCK TABLES `PM_Possible_Attendance` WRITE;
/*!40000 ALTER TABLE `PM_Possible_Attendance` DISABLE KEYS */;
INSERT INTO `PM_Possible_Attendance` VALUES (1,1,2013,22),(2,2,2013,20),(3,3,2013,22),(4,4,2013,21),(5,5,2013,22),(6,6,2013,21),(7,7,2013,22),(8,8,2013,22),(9,9,2013,21),(10,10,2013,22),(11,11,2013,21),(12,12,2013,22),(13,1,2014,22),(14,2,2014,20),(15,3,2014,22),(16,4,2014,21),(17,5,2014,22),(18,6,2014,21),(19,7,2014,22),(20,8,2014,22),(21,9,2014,21),(22,10,2014,22),(23,11,2014,21),(24,12,2014,22);
/*!40000 ALTER TABLE `PM_Possible_Attendance` ENABLE KEYS */;
UNLOCK TABLES;

--
-- Table structure for table `PM_Program_Completion`
--

DROP TABLE IF EXISTS `PM_Program_Completion`;
/*!40101 SET @saved_cs_client     = @@character_set_client */;
/*!40101 SET character_set_client = utf8 */;
CREATE TABLE `PM_Program_Completion` (
  `PM_Program_Completion_ID` int(11) NOT NULL AUTO_INCREMENT,
  `Program_ID` int(11) DEFAULT NULL,
  `Date` date DEFAULT NULL,
  PRIMARY KEY (`PM_Program_Completion_ID`),
  KEY `english_program_id` (`Program_ID`)
) ENGINE=InnoDB DEFAULT CHARSET=latin1;
/*!40101 SET character_set_client = @saved_cs_client */;

--
-- Dumping data for table `PM_Program_Completion`
--

LOCK TABLES `PM_Program_Completion` WRITE;
/*!40000 ALTER TABLE `PM_Program_Completion` DISABLE KEYS */;
/*!40000 ALTER TABLE `PM_Program_Completion` ENABLE KEYS */;
UNLOCK TABLES;

--
-- Table structure for table `PM_Teacher_Survey`
--

DROP TABLE IF EXISTS `PM_Teacher_Survey`;
/*!40101 SET @saved_cs_client     = @@character_set_client */;
/*!40101 SET character_set_client = utf8 */;
CREATE TABLE `PM_Teacher_Survey` (
  `PM_Teacher_Survey_ID` int(11) NOT NULL AUTO_INCREMENT,
  `School_Name` varchar(150) DEFAULT NULL,
  `Teacher_Name` int(11) DEFAULT NULL,
  `Grade` varchar(45) DEFAULT NULL,
  `Classroom_Language` int(11) DEFAULT NULL,
  `Years_In_Program` int(11) DEFAULT NULL,
  `Languages` varchar(45) DEFAULT NULL,
  `Years_As_Teacher` int(11) DEFAULT NULL,
  `Years_At_School` int(11) DEFAULT NULL,
  `Num_Students` int(11) DEFAULT NULL,
  `Num_ELL_Students` int(11) DEFAULT NULL,
  `Num_IEP_Students` int(11) DEFAULT NULL,
  `Num_Students_Below_Grade_Level` int(11) DEFAULT NULL,
  `PM_Activities_Training` varchar(250) DEFAULT NULL,
  `Teacher_Activities_Training` varchar(500) DEFAULT NULL,
  `Task_1` int(11) DEFAULT NULL,
  `Task_2` int(11) DEFAULT NULL,
  `Task_3` int(11) DEFAULT NULL,
  `Task_4` int(11) DEFAULT NULL,
  `Task_5` int(11) DEFAULT NULL,
  `Task_6` int(11) DEFAULT NULL,
  `Task_7` int(11) DEFAULT NULL,
  `Task_8` int(11) DEFAULT NULL,
  `Task_9` int(11) DEFAULT NULL,
  `Task_10` int(11) DEFAULT NULL,
  `Task_Other_Text` varchar(150) DEFAULT NULL,
  `Teacher_Involvement_A` int(11) DEFAULT NULL,
  `Teacher_Involvement_B` int(11) DEFAULT NULL,
  `Teacher_Involvement_C` int(11) DEFAULT NULL,
  `Teacher_Involvement_D` int(11) DEFAULT NULL,
  `Teacher_Involvement_E` int(11) DEFAULT NULL,
  `Teacher_Involvement_F` int(11) DEFAULT NULL,
  `Teacher_Involvement_G` int(11) DEFAULT NULL,
  `Teacher_Involvement_H` int(11) DEFAULT NULL,
  `Teacher_Involvement_I` int(11) DEFAULT NULL,
  `Teacher_Involvement_J` int(11) DEFAULT NULL,
  `Teacher_Parent_Network_K` int(11) DEFAULT NULL,
  `Teacher_Parent_Network_L` int(11) DEFAULT NULL,
  `Parent_Mentor_ID` int(11) DEFAULT NULL,
  `Date_Entered` timestamp NULL DEFAULT CURRENT_TIMESTAMP,
  PRIMARY KEY (`PM_Teacher_Survey_ID`),
  KEY `parent_mentor_referenced` (`Parent_Mentor_ID`),
  CONSTRAINT `parent_mentor_referenced` FOREIGN KEY (`Parent_Mentor_ID`) REFERENCES `Participants` (`Participant_ID`) ON DELETE SET NULL ON UPDATE CASCADE
) ENGINE=InnoDB AUTO_INCREMENT=22 DEFAULT CHARSET=latin1;
/*!40101 SET character_set_client = @saved_cs_client */;

--
-- Dumping data for table `PM_Teacher_Survey`
--

LOCK TABLES `PM_Teacher_Survey` WRITE;
/*!40000 ALTER TABLE `PM_Teacher_Survey` DISABLE KEYS */;
INSERT INTO `PM_Teacher_Survey` VALUES (1,'Saucedo',0,'6',1,1,'1',1,1,27,0,4,0,'Basic orientation.','Same.',0,1,0,1,0,0,0,0,1,0,'',0,1,0,0,5,0,2,0,0,0,0,0,NULL,NULL),(2,'45',0,'4',2,1,'1',3,1,26,15,5,0,'','',0,1,0,1,1,0,1,0,0,0,'',2,3,4,1,2,3,3,3,1,2,6,11,7,'2013-03-25 17:23:50'),(3,'2',0,'3',1,2,'4',3,1,37,0,2,0,'Conflict and emergency management','',0,0,0,0,0,0,0,0,0,0,'',5,2,3,2,2,3,2,2,1,0,3,6,7,'2013-04-05 16:09:50'),(4,'2',0,'4',1,1,'4',1,1,35,2,1,0,'','',1,1,0,0,1,0,0,0,1,0,'',1,3,4,4,1,2,2,3,2,2,6,6,3,'2013-04-22 16:55:38'),(5,'2',0,'4',2,1,'4',1,1,28,0,1,0,'','',0,0,0,0,0,0,0,0,0,0,'',0,0,0,0,0,0,0,0,0,0,0,20,79,'2013-05-03 16:40:57'),(6,'13',0,'3',2,2,'1',5,3,25,5,8,13,'Overview of curriculum plans for the year.','',1,1,1,0,0,1,1,0,0,0,'',3,0,0,0,0,0,0,0,0,0,0,0,92,'2013-05-20 18:58:11'),(7,'2',0,'500',0,0,'',0,0,0,0,0,0,'','',0,0,0,0,0,0,0,0,0,0,'',0,0,0,0,0,0,0,0,0,0,0,0,3,'2013-05-31 20:50:08'),(8,'45',0,'8',1,1,'4',3,1,31,3,5,0,'','',0,0,0,0,0,0,0,0,0,0,'',0,0,5,5,3,1,11,20,0,0,6,20,75,'2013-06-11 19:02:04'),(9,'13',134,'',0,0,'',0,0,0,0,0,0,'','',0,0,0,0,0,0,0,0,0,0,'',4,0,0,0,0,0,0,0,0,0,0,0,87,'2013-06-25 16:44:52'),(10,'',141,'',0,0,'',0,0,0,0,0,0,'','',0,0,0,0,0,0,0,0,0,0,'',0,0,0,0,0,0,0,0,0,0,0,0,87,'2013-06-25 17:49:06'),(11,'50',0,'',0,0,'',0,0,0,0,0,0,'','',0,0,0,0,0,0,0,0,0,0,'',0,0,0,0,0,0,0,0,0,0,0,0,87,'2013-06-25 18:02:00'),(12,'6',0,'',0,0,'',0,0,0,0,0,0,'','',0,0,0,0,0,0,0,0,0,0,'',0,0,0,0,0,0,0,0,0,0,0,0,87,'2013-06-25 18:02:29'),(13,'1',0,'',0,0,'',0,0,0,0,0,0,'','',0,0,0,0,0,0,0,0,0,0,'',0,0,0,0,0,0,0,0,0,0,0,0,87,'2013-06-25 18:05:00'),(14,'1',139,'',0,0,'',0,0,0,0,0,0,'','',0,0,0,0,0,0,0,0,0,0,'',0,0,0,0,0,0,0,0,0,0,0,0,87,'2013-06-25 18:05:43'),(15,'1',147,'',0,0,'',0,0,0,0,0,0,'','',0,0,0,0,0,0,0,0,0,0,'',0,0,0,0,0,0,0,0,0,0,0,0,87,'2013-06-25 18:06:12'),(17,'13',134,'4',1,0,'',0,0,33,0,0,0,'','',0,0,0,0,0,0,0,0,0,0,'',0,0,0,0,0,0,0,0,0,0,0,0,150,'2013-07-12 16:02:40'),(18,'6',134,'',0,0,'',0,0,0,0,0,0,'','',0,0,0,0,0,0,0,0,0,0,'',0,0,0,0,0,0,0,0,0,0,0,0,5,'2013-07-15 14:16:12'),(19,'',134,'',1,0,'',0,0,0,0,0,0,'','',0,0,0,0,0,0,0,0,0,0,'',0,0,0,0,0,0,0,0,0,0,0,0,5,'2013-07-15 14:23:18'),(20,'6',134,'9',2,2,'4',10,5,85,38,29,40,'','',1,1,1,1,0,0,0,0,0,1,'something else, I don\'t know..',0,0,0,0,0,0,0,0,0,0,0,0,73,'2013-07-15 14:53:03'),(21,'6',0,'',0,0,'',0,0,0,0,0,0,'','',0,0,0,0,0,0,0,0,0,0,'',5,5,5,5,5,5,1,1,0,0,1,1,79,'2013-07-19 21:12:04');
/*!40000 ALTER TABLE `PM_Teacher_Survey` ENABLE KEYS */;
UNLOCK TABLES;

--
-- Table structure for table `PM_Teacher_Survey_Post`
--

DROP TABLE IF EXISTS `PM_Teacher_Survey_Post`;
/*!40101 SET @saved_cs_client     = @@character_set_client */;
/*!40101 SET character_set_client = utf8 */;
CREATE TABLE `PM_Teacher_Survey_Post` (
  `Post_Teacher_Survey_ID` int(11) NOT NULL AUTO_INCREMENT,
  `School_Name` varchar(150) DEFAULT NULL,
  `Teacher_Name` int(11) DEFAULT NULL,
  `Grade` varchar(45) DEFAULT NULL,
  `Classroom_Language` int(11) DEFAULT NULL,
  `Attendance` int(11) DEFAULT NULL,
  `Task_1` int(11) DEFAULT NULL,
  `Task_2` int(11) DEFAULT NULL,
  `Task_3` int(11) DEFAULT NULL,
  `Task_4` int(11) DEFAULT NULL,
  `Task_5` int(11) DEFAULT NULL,
  `Task_6` int(11) DEFAULT NULL,
  `Task_7` int(11) DEFAULT NULL,
  `Task_8` int(11) DEFAULT NULL,
  `Task_9` int(11) DEFAULT NULL,
  `Task_10` int(11) DEFAULT NULL,
  `Task_Other_Text` varchar(150) DEFAULT NULL,
  `Majority_Task` varchar(100) DEFAULT NULL,
  `Classroom_Benefits_8` int(11) DEFAULT NULL,
  `Classroom_Benefits_9` int(11) DEFAULT NULL,
  `Classroom_Benefits_10` int(11) DEFAULT NULL,
  `Classroom_Benefits_11` int(11) DEFAULT NULL,
  `Classroom_Benefits_12` int(11) DEFAULT NULL,
  `School_Benefits_13` int(11) DEFAULT NULL,
  `School_Benefits_14` int(11) DEFAULT NULL,
  `School_Benefits_15` int(11) DEFAULT NULL,
  `Recommendations_16` varchar(400) DEFAULT NULL,
  `Recommendations_17` varchar(400) DEFAULT NULL,
  `Recommendations_18` varchar(400) DEFAULT NULL,
  `Teacher_Involvement_A` int(11) DEFAULT NULL,
  `Teacher_Involvement_B` int(11) DEFAULT NULL,
  `Teacher_Involvement_C` int(11) DEFAULT NULL,
  `Teacher_Involvement_D` int(11) DEFAULT NULL,
  `Teacher_Involvement_E` int(11) DEFAULT NULL,
  `Teacher_Involvement_F` int(11) DEFAULT NULL,
  `Teacher_Involvement_G` int(11) DEFAULT NULL,
  `Teacher_Involvement_H` int(11) DEFAULT NULL,
  `Teacher_Involvement_I` int(11) DEFAULT NULL,
  `Teacher_Involvement_J` int(11) DEFAULT NULL,
  `Teacher_Parent_Network_K` int(11) DEFAULT NULL,
  `Teacher_Parent_Network_L` int(11) DEFAULT NULL,
  `Parent_Mentor_ID` int(11) DEFAULT NULL,
  `Date_Entered` timestamp NULL DEFAULT CURRENT_TIMESTAMP,
  `Explain_8` varchar(250) DEFAULT NULL,
  `Explain_9` varchar(250) DEFAULT NULL,
  `Explain_10` varchar(250) DEFAULT NULL,
  `Explain_11` varchar(250) DEFAULT NULL,
  `Explain_12` varchar(250) DEFAULT NULL,
  `Explain_13` varchar(250) DEFAULT NULL,
  `Explain_14` varchar(250) DEFAULT NULL,
  `Explain_15` varchar(250) DEFAULT NULL,
  PRIMARY KEY (`Post_Teacher_Survey_ID`),
  KEY `fk_parent_mentor_referenced` (`Parent_Mentor_ID`),
  CONSTRAINT `fk_parent_mentor_referenced` FOREIGN KEY (`Parent_Mentor_ID`) REFERENCES `Participants` (`Participant_ID`) ON DELETE SET NULL ON UPDATE CASCADE
) ENGINE=InnoDB AUTO_INCREMENT=30 DEFAULT CHARSET=latin1;
/*!40101 SET character_set_client = @saved_cs_client */;

--
-- Dumping data for table `PM_Teacher_Survey_Post`
--

LOCK TABLES `PM_Teacher_Survey_Post` WRITE;
/*!40000 ALTER TABLE `PM_Teacher_Survey_Post` DISABLE KEYS */;
INSERT INTO `PM_Teacher_Survey_Post` VALUES (6,'2',0,'8',3,2,NULL,NULL,1,1,1,NULL,NULL,NULL,NULL,NULL,NULL,NULL,4,3,2,5,3,4,3,4,NULL,'text goes here!',NULL,NULL,NULL,NULL,NULL,NULL,NULL,NULL,3,3,NULL,6,NULL,7,'2013-05-08 20:15:53','I think X because Y.',NULL,NULL,NULL,NULL,NULL,NULL,NULL),(21,'6',0,'',0,0,0,0,0,0,0,0,0,0,0,0,'','',0,0,3,3,0,1,0,5,'','','',0,0,0,0,0,0,0,0,0,0,0,0,87,'2013-06-05 19:18:53','','','','','','','',''),(22,'13',0,'',0,0,0,0,0,0,0,0,0,0,0,0,'','',0,0,0,0,0,0,0,0,'','','',0,0,0,0,0,0,0,0,0,0,0,0,87,'2013-06-25 17:52:46','','','','','','','',''),(23,'',0,'',0,0,0,0,0,0,0,0,0,0,0,0,'','',0,0,0,0,0,0,0,0,'','','',0,0,0,0,0,0,0,0,0,0,0,0,87,'2013-06-25 17:55:29','','','','','','','',''),(24,'',64,'',0,0,0,0,0,0,0,0,0,0,0,0,'','',0,0,0,0,0,0,0,0,'','','',0,0,0,0,0,0,0,0,0,0,0,0,87,'2013-06-25 17:57:47','','','','','','','',''),(25,'',145,'',0,0,0,0,0,0,0,0,0,0,0,0,'','',0,0,0,0,0,0,0,0,'','','',0,0,0,0,0,0,0,0,0,0,0,0,87,'2013-06-25 17:59:59','','','','','','','',''),(26,'2',134,'',2,0,0,0,0,0,0,0,0,0,0,0,'','',0,0,0,0,0,0,0,0,'','','',0,0,0,0,0,0,0,0,0,0,0,0,5,'2013-07-15 14:22:17','','','','','','','',''),(27,'6',134,'9',1,2,1,1,0,0,0,0,0,0,1,1,'quoi?','on her iPhone',3,3,3,0,0,4,0,0,'MMA','','',0,0,0,0,0,0,0,0,0,0,0,0,73,'2013-07-16 16:07:41','pssst!','','','','','','',''),(28,'6',0,'',0,0,0,0,0,0,0,0,0,0,0,0,'','',0,0,0,0,0,0,0,0,'','','',5,5,5,5,5,5,0,0,0,0,0,0,79,'2013-07-19 21:06:50','','','','','','','',''),(29,'13',0,'',0,0,0,0,0,0,0,0,0,0,0,0,'','',0,0,0,0,0,0,0,0,'','','',4,4,4,4,4,4,20,20,0,0,20,20,79,'2013-07-19 21:10:53','','','','','','','','');
/*!40000 ALTER TABLE `PM_Teacher_Survey_Post` ENABLE KEYS */;
UNLOCK TABLES;

--
-- Table structure for table `PM_Years`
--

DROP TABLE IF EXISTS `PM_Years`;
/*!40101 SET @saved_cs_client     = @@character_set_client */;
/*!40101 SET character_set_client = utf8 */;
CREATE TABLE `PM_Years` (
  `PM_Year_ID` int(11) NOT NULL AUTO_INCREMENT,
  `Participant` int(11) DEFAULT NULL,
  `School` int(11) DEFAULT NULL,
  `Year` int(11) DEFAULT NULL,
  PRIMARY KEY (`PM_Year_ID`),
  KEY `participant_this_year` (`Participant`),
  KEY `school_of_mentor` (`School`),
  CONSTRAINT `participant_this_year` FOREIGN KEY (`Participant`) REFERENCES `Participants` (`Participant_ID`) ON DELETE CASCADE ON UPDATE CASCADE,
  CONSTRAINT `school_of_mentor` FOREIGN KEY (`School`) REFERENCES `Institutions` (`Institution_ID`) ON DELETE CASCADE
) ENGINE=InnoDB AUTO_INCREMENT=35 DEFAULT CHARSET=latin1;
/*!40101 SET character_set_client = @saved_cs_client */;

--
-- Dumping data for table `PM_Years`
--

LOCK TABLES `PM_Years` WRITE;
/*!40000 ALTER TABLE `PM_Years` DISABLE KEYS */;
INSERT INTO `PM_Years` VALUES (1,150,36,1415),(2,150,1,1314),(3,5,1,1314),(4,5,36,1213),(5,121,30,1314),(6,121,30,1213),(7,87,45,1314),(8,159,45,1314),(9,5,45,1314),(10,5,13,1011),(11,82,36,1314),(12,87,13,1112),(14,82,45,1011),(15,82,1,1112),(16,82,46,1314),(17,82,1,1314),(18,160,30,1314),(19,87,49,1011),(20,87,6,1415),(22,100,1,1314),(23,100,30,1112),(24,100,1,1213),(25,79,1,1314),(26,89,30,1314),(27,99,36,1112),(28,7,46,1112),(29,154,1,1314),(30,154,1,1213),(31,154,1,1415),(32,154,30,1516),(33,154,30,1617),(34,137,1,1314);
/*!40000 ALTER TABLE `PM_Years` ENABLE KEYS */;
UNLOCK TABLES;

--
-- Table structure for table `Parent_Mentor_Children`
--

DROP TABLE IF EXISTS `Parent_Mentor_Children`;
/*!40101 SET @saved_cs_client     = @@character_set_client */;
/*!40101 SET character_set_client = utf8 */;
CREATE TABLE `Parent_Mentor_Children` (
  `Parent_Mentor_Children_Link_ID` int(11) NOT NULL AUTO_INCREMENT,
  `Parent_ID` int(11) DEFAULT NULL,
  `Child_ID` int(11) DEFAULT NULL,
  `Spouse_ID` int(11) DEFAULT NULL,
  PRIMARY KEY (`Parent_Mentor_Children_Link_ID`),
  KEY `parent_participant_id` (`Parent_ID`),
  KEY `child_participant_id` (`Child_ID`),
  KEY `spouse_participant_id_idx` (`Spouse_ID`),
  CONSTRAINT `spouse_participant_id` FOREIGN KEY (`Spouse_ID`) REFERENCES `Participants` (`Participant_ID`) ON DELETE SET NULL ON UPDATE CASCADE,
  CONSTRAINT `child_participant_id` FOREIGN KEY (`Child_ID`) REFERENCES `Participants` (`Participant_ID`) ON DELETE CASCADE ON UPDATE CASCADE,
  CONSTRAINT `parent_participant_id` FOREIGN KEY (`Parent_ID`) REFERENCES `Participants` (`Participant_ID`) ON DELETE CASCADE ON UPDATE CASCADE
) ENGINE=InnoDB AUTO_INCREMENT=39 DEFAULT CHARSET=latin1;
/*!40101 SET character_set_client = @saved_cs_client */;

--
-- Dumping data for table `Parent_Mentor_Children`
--

LOCK TABLES `Parent_Mentor_Children` WRITE;
/*!40000 ALTER TABLE `Parent_Mentor_Children` DISABLE KEYS */;
INSERT INTO `Parent_Mentor_Children` VALUES (5,3,2,NULL),(9,92,17,NULL),(10,92,59,NULL),(11,92,93,NULL),(12,94,93,NULL),(13,94,95,NULL),(14,92,95,NULL),(15,66,100,NULL),(19,87,103,NULL),(20,87,104,NULL),(21,105,87,NULL),(22,8,106,NULL),(23,107,106,NULL),(24,72,106,NULL),(25,109,104,NULL),(26,75,89,NULL),(29,79,151,NULL),(30,152,151,NULL),(31,87,153,NULL),(32,82,149,NULL),(34,75,155,NULL),(35,158,157,NULL),(37,150,NULL,172),(38,150,NULL,82);
/*!40000 ALTER TABLE `Parent_Mentor_Children` ENABLE KEYS */;
UNLOCK TABLES;

--
-- Table structure for table `Parent_Mentor_Survey`
--

DROP TABLE IF EXISTS `Parent_Mentor_Survey`;
/*!40101 SET @saved_cs_client     = @@character_set_client */;
/*!40101 SET character_set_client = utf8 */;
CREATE TABLE `Parent_Mentor_Survey` (
  `Parent_Mentor_Survey_ID` int(11) NOT NULL AUTO_INCREMENT,
  `Participant_ID` int(11) DEFAULT NULL,
  `Date` date DEFAULT NULL,
  `School` varchar(150) DEFAULT NULL,
  `Grade` varchar(45) DEFAULT NULL,
  `Room_Number` varchar(45) DEFAULT NULL,
  `First_Year_PM` int(1) DEFAULT NULL,
  `Number_Children` int(11) DEFAULT NULL,
  `Marital_Status` varchar(45) DEFAULT NULL,
  `Place_Birth` varchar(45) DEFAULT NULL,
  `Years_In_IL` varchar(45) DEFAULT NULL,
  `Classes_Taking` varchar(45) DEFAULT NULL,
  `Currently_Working` int(1) DEFAULT NULL,
  `Current_Job` varchar(150) DEFAULT NULL,
  `Monthly_Income` varchar(45) DEFAULT NULL,
  `On_Food_Stamps` int(1) DEFAULT NULL,
  `Rent_Own` varchar(45) DEFAULT NULL,
  `Rent_Payment` varchar(45) DEFAULT NULL,
  `Student_Involvement_A` int(11) DEFAULT NULL,
  `Student_Involvement_B` int(11) DEFAULT NULL,
  `Student_Involvement_C` int(11) DEFAULT NULL,
  `Student_Involvement_D` int(11) DEFAULT NULL,
  `Student_Involvement_E` int(11) DEFAULT NULL,
  `Student_Involvement_F` int(11) DEFAULT NULL,
  `Student_Involvement_G` int(11) DEFAULT NULL,
  `Student_Involvement_H` int(11) DEFAULT NULL,
  `School_Network_I` int(11) DEFAULT NULL,
  `School_Network_J` int(11) DEFAULT NULL,
  `School_Network_K` int(11) DEFAULT NULL,
  `School_Network_L` int(11) DEFAULT NULL,
  `School_Involvement_M` int(11) DEFAULT NULL,
  `School_Involvement_N` int(11) DEFAULT NULL,
  `School_Involvement_O` int(11) DEFAULT NULL,
  `School_Involvement_P` int(11) DEFAULT NULL,
  `School_Involvement_Q` int(11) DEFAULT NULL,
  `School_Involvement_R` int(11) DEFAULT NULL,
  `Pre_Post` varchar(10) DEFAULT NULL,
  `Self_Efficacy_Q` int(11) DEFAULT NULL,
  `Self_Efficacy_R` int(11) DEFAULT NULL,
  `Self_Efficacy_S` int(11) DEFAULT NULL,
  `Self_Efficacy_T` int(11) DEFAULT NULL,
  `Self_Efficacy_U` int(11) DEFAULT NULL,
  `Self_Efficacy_V` int(11) DEFAULT NULL,
  `Self_Efficacy_W` int(11) DEFAULT NULL,
  `Self_Efficacy_X` int(11) DEFAULT NULL,
  PRIMARY KEY (`Parent_Mentor_Survey_ID`),
  KEY `survey_filler_out` (`Participant_ID`),
  CONSTRAINT `survey_filler_out` FOREIGN KEY (`Participant_ID`) REFERENCES `Participants` (`Participant_ID`) ON DELETE CASCADE ON UPDATE CASCADE
) ENGINE=InnoDB AUTO_INCREMENT=269 DEFAULT CHARSET=latin1;
/*!40101 SET character_set_client = @saved_cs_client */;

--
-- Dumping data for table `Parent_Mentor_Survey`
--

LOCK TABLES `Parent_Mentor_Survey` WRITE;
/*!40000 ALTER TABLE `Parent_Mentor_Survey` DISABLE KEYS */;
INSERT INTO `Parent_Mentor_Survey` VALUES (1,7,'0000-00-00','','','',1,0,'single','Mexico','1','Something',0,'','',0,'Rent','',5,1,0,3,1,0,2,5,0,0,0,0,0,0,0,0,0,0,'3',NULL,NULL,NULL,NULL,NULL,NULL,NULL,NULL),(2,10,'2013-02-28','Saucedo','','',0,0,'divorced','USA','6','Something Else',0,'','',0,'','',0,0,0,0,0,0,0,0,0,0,0,0,0,0,0,0,0,0,'3',NULL,NULL,NULL,NULL,NULL,NULL,NULL,NULL),(3,5,'2013-02-28','Saucedo','6','',1,0,'single','USA','11','Something Again',0,'','',0,'Own','',0,0,0,0,0,0,0,0,0,0,0,0,NULL,0,0,0,0,0,'3',NULL,NULL,NULL,NULL,NULL,NULL,NULL,NULL),(5,9,'0000-00-00','','','',0,0,'partnered','USA','15','',0,'','',0,'','',0,0,0,0,0,0,0,0,0,0,0,0,0,0,0,0,0,0,'3',NULL,NULL,NULL,NULL,NULL,NULL,NULL,NULL),(7,17,'0000-00-00','','','',0,0,'partnered','Mexico','6','',0,'','',0,'','',0,0,0,0,0,0,0,0,0,0,0,0,0,0,0,0,0,0,'3',NULL,NULL,NULL,NULL,NULL,NULL,NULL,NULL),(8,9,'0000-00-00','','','',0,0,'partnered','Puerto Rico','','',0,'','',0,'','',0,0,0,0,0,0,0,0,0,0,0,0,0,0,0,0,0,0,'3',NULL,NULL,NULL,NULL,NULL,NULL,NULL,NULL),(11,3,'2013-05-02','2','3','324',1,1,'divorced','USA','11','',0,'','',0,'','',0,0,0,0,0,0,0,0,0,0,0,0,0,0,0,0,0,0,'3',NULL,NULL,NULL,NULL,NULL,NULL,NULL,NULL),(12,9,'0000-00-00','','','',0,0,'single','USA','','Something',0,'','',0,'Rent','',0,0,0,0,0,0,0,0,0,0,0,0,0,0,0,0,0,0,'3',NULL,NULL,NULL,NULL,NULL,NULL,NULL,NULL),(13,9,'0000-00-00','','','',0,0,'divorced','Mexico','','A Fourth Thing',0,'','',0,'Rent','',0,0,0,0,0,0,0,0,0,0,0,0,0,0,0,0,0,0,'3',NULL,NULL,NULL,NULL,NULL,NULL,NULL,NULL),(174,57,NULL,'2',NULL,NULL,NULL,NULL,NULL,NULL,NULL,NULL,NULL,NULL,NULL,NULL,NULL,NULL,5,6,1,5,5,6,5,5,0,0,6,6,1,1,1,1,1,1,'1',5,3,4,5,5,5,5,5),(175,58,NULL,'2',NULL,NULL,NULL,NULL,NULL,NULL,NULL,NULL,NULL,NULL,NULL,NULL,NULL,NULL,5,4,5,5,4,6,5,5,3,2,4,1,2,2,2,2,2,3,'1',4,4,4,4,4,4,3,4),(176,59,NULL,'2',NULL,NULL,NULL,NULL,NULL,NULL,NULL,NULL,NULL,NULL,NULL,NULL,NULL,NULL,3,1,1,5,4,6,4,5,6,6,3,6,1,1,1,1,1,1,'1',4,4,4,5,5,4,4,4),(177,60,NULL,'2',NULL,NULL,NULL,NULL,NULL,NULL,NULL,NULL,NULL,NULL,NULL,NULL,NULL,NULL,5,6,1,5,2,6,5,3,6,6,2,6,1,1,1,1,1,1,'1',5,5,5,5,5,5,4,5),(178,61,NULL,'2',NULL,NULL,NULL,NULL,NULL,NULL,NULL,NULL,NULL,NULL,NULL,NULL,NULL,NULL,5,0,0,4,0,0,3,2,2,1,1,6,0,0,0,0,2,4,'1',1,1,4,4,4,2,4,4),(179,62,NULL,'2',NULL,NULL,NULL,NULL,NULL,NULL,NULL,NULL,NULL,NULL,NULL,NULL,NULL,NULL,5,1,6,5,5,6,5,3,3,2,4,6,2,0,1,1,4,1,'1',5,5,5,4,5,5,4,5),(180,63,NULL,'2',NULL,NULL,NULL,NULL,NULL,NULL,NULL,NULL,NULL,NULL,NULL,NULL,NULL,NULL,3,1,1,1,1,6,1,6,6,1,1,6,1,1,1,1,2,1,'1',4,4,3,3,4,4,4,3),(181,64,NULL,'2',NULL,NULL,NULL,NULL,NULL,NULL,NULL,NULL,NULL,NULL,NULL,NULL,NULL,NULL,5,6,6,5,5,6,5,5,5,2,4,6,2,2,2,1,4,1,'1',5,5,5,5,5,5,4,5),(182,65,NULL,'2',NULL,NULL,NULL,NULL,NULL,NULL,NULL,NULL,NULL,NULL,NULL,NULL,NULL,NULL,5,6,6,5,3,6,5,2,4,1,1,6,1,1,2,1,3,1,'1',4,4,4,3,3,4,3,3),(183,66,NULL,'2',NULL,NULL,NULL,NULL,NULL,NULL,NULL,NULL,NULL,NULL,NULL,NULL,NULL,NULL,5,6,6,3,1,6,5,5,1,6,1,6,1,1,1,1,1,1,'1',4,3,4,4,3,4,3,3),(184,67,NULL,'2',NULL,NULL,NULL,NULL,NULL,NULL,NULL,NULL,NULL,NULL,NULL,NULL,NULL,NULL,3,6,6,5,5,6,5,4,3,6,3,6,1,1,1,2,3,1,'1',5,4,4,4,4,4,4,4),(185,68,'0000-00-00','2','','',0,0,'','','','',0,'','',0,'','',5,0,0,2,1,0,5,2,0,6,0,1,1,1,1,1,1,1,'3',4,4,4,4,5,4,4,5),(186,69,NULL,'2',NULL,NULL,NULL,NULL,NULL,NULL,NULL,NULL,NULL,NULL,NULL,NULL,NULL,NULL,5,6,6,2,2,6,1,6,4,3,0,3,2,2,2,2,4,1,'1',4,3,4,3,4,4,4,3),(187,70,NULL,'2',NULL,NULL,NULL,NULL,NULL,NULL,NULL,NULL,NULL,NULL,NULL,NULL,NULL,NULL,5,3,1,5,1,6,4,1,2,2,6,6,1,1,1,1,2,1,'1',5,5,5,5,5,5,5,5),(188,71,NULL,'2',NULL,NULL,NULL,NULL,NULL,NULL,NULL,NULL,NULL,NULL,NULL,NULL,NULL,NULL,4,6,6,2,1,6,5,6,1,6,6,6,1,1,1,1,2,3,'1',5,3,5,4,5,4,4,5),(189,72,NULL,'2',NULL,NULL,NULL,NULL,NULL,NULL,NULL,NULL,NULL,NULL,NULL,NULL,NULL,NULL,5,6,6,5,5,6,5,3,3,2,4,2,2,2,2,3,3,1,'1',5,4,5,5,5,5,5,5),(190,73,NULL,'2',NULL,NULL,NULL,NULL,NULL,NULL,NULL,NULL,NULL,NULL,NULL,NULL,NULL,NULL,5,1,1,5,1,6,5,5,6,6,1,6,1,1,1,1,1,5,'1',5,5,4,5,5,5,4,5),(191,74,NULL,'2',NULL,NULL,NULL,NULL,NULL,NULL,NULL,NULL,NULL,NULL,NULL,NULL,NULL,NULL,5,6,1,5,2,6,5,5,4,2,3,6,1,1,1,1,1,2,'1',5,5,5,5,4,5,5,5),(192,75,NULL,'2',NULL,NULL,NULL,NULL,NULL,NULL,NULL,NULL,NULL,NULL,NULL,NULL,NULL,NULL,5,6,1,6,1,6,3,3,1,6,1,1,1,1,1,1,2,1,'1',4,3,4,4,5,4,4,4),(193,76,NULL,'2',NULL,NULL,NULL,NULL,NULL,NULL,NULL,NULL,NULL,NULL,NULL,NULL,NULL,NULL,5,5,6,1,4,6,5,5,3,2,4,1,1,1,1,1,2,2,'1',4,4,4,5,0,4,4,4),(194,77,NULL,'2',NULL,NULL,NULL,NULL,NULL,NULL,NULL,NULL,NULL,NULL,NULL,NULL,NULL,NULL,5,3,1,2,2,6,5,1,1,2,1,6,1,1,1,1,3,1,'1',4,3,4,3,3,5,3,3),(195,78,NULL,'2',NULL,NULL,NULL,NULL,NULL,NULL,NULL,NULL,NULL,NULL,NULL,NULL,NULL,NULL,5,6,1,5,1,6,2,6,2,6,1,6,1,1,1,1,2,5,'1',5,4,5,2,5,3,5,5),(196,79,NULL,'2',NULL,NULL,NULL,NULL,NULL,NULL,NULL,NULL,NULL,NULL,NULL,NULL,NULL,NULL,1,6,1,6,0,1,5,1,1,6,1,6,0,0,1,2,1,1,'1',5,5,5,5,5,5,5,5),(204,57,NULL,'2',NULL,NULL,NULL,NULL,NULL,NULL,NULL,NULL,NULL,NULL,NULL,NULL,NULL,NULL,5,6,1,4,5,4,5,3,5,5,5,1,3,3,3,3,2,2,'2',4,4,4,4,4,4,4,4),(205,58,NULL,'2',NULL,NULL,NULL,NULL,NULL,NULL,NULL,NULL,NULL,NULL,NULL,NULL,NULL,NULL,5,5,4,5,5,4,4,5,2,1,5,1,3,2,2,2,2,2,'2',4,4,4,4,4,4,4,4),(206,59,NULL,'2',NULL,NULL,NULL,NULL,NULL,NULL,NULL,NULL,NULL,NULL,NULL,NULL,NULL,NULL,5,5,3,5,5,4,3,4,2,1,5,1,2,1,3,3,3,1,'2',5,4,4,3,4,4,4,4),(207,60,NULL,'2',NULL,NULL,NULL,NULL,NULL,NULL,NULL,NULL,NULL,NULL,NULL,NULL,NULL,NULL,5,3,6,5,5,5,5,3,3,2,5,1,2,1,1,3,2,2,'2',4,4,4,4,4,4,4,4),(208,61,NULL,'2',NULL,NULL,NULL,NULL,NULL,NULL,NULL,NULL,NULL,NULL,NULL,NULL,NULL,NULL,4,6,6,4,5,5,3,4,5,2,4,1,3,1,1,2,2,2,'2',4,4,4,4,4,4,4,4),(209,62,NULL,'2',NULL,NULL,NULL,NULL,NULL,NULL,NULL,NULL,NULL,NULL,NULL,NULL,NULL,NULL,5,4,1,5,5,4,5,4,4,3,5,6,3,1,2,3,4,2,'2',5,5,5,5,5,5,5,5),(210,63,NULL,'2',NULL,NULL,NULL,NULL,NULL,NULL,NULL,NULL,NULL,NULL,NULL,NULL,NULL,NULL,3,2,6,5,5,5,5,5,3,2,5,6,3,2,1,3,3,3,'2',5,5,5,5,5,5,5,5),(211,64,NULL,'2',NULL,NULL,NULL,NULL,NULL,NULL,NULL,NULL,NULL,NULL,NULL,NULL,NULL,NULL,5,3,2,5,5,4,5,4,5,3,5,6,3,1,3,3,4,2,'2',5,5,5,5,5,5,5,5),(212,65,NULL,'2',NULL,NULL,NULL,NULL,NULL,NULL,NULL,NULL,NULL,NULL,NULL,NULL,NULL,NULL,5,6,6,5,5,4,3,6,5,3,5,1,3,1,3,3,3,2,'2',4,5,5,4,4,4,3,3),(213,66,NULL,'2',NULL,NULL,NULL,NULL,NULL,NULL,NULL,NULL,NULL,NULL,NULL,NULL,NULL,NULL,5,3,6,3,5,5,5,4,2,2,3,1,2,1,2,2,4,1,'2',4,4,4,4,4,4,4,4),(214,67,NULL,'2',NULL,NULL,NULL,NULL,NULL,NULL,NULL,NULL,NULL,NULL,NULL,NULL,NULL,NULL,4,6,6,5,5,5,3,3,4,2,4,1,1,1,1,3,3,2,'2',4,4,4,5,5,4,4,4),(215,68,NULL,'2',NULL,NULL,NULL,NULL,NULL,NULL,NULL,NULL,NULL,NULL,NULL,NULL,NULL,NULL,4,1,6,5,5,5,4,3,3,1,5,1,0,1,1,2,1,1,'2',2,2,2,2,1,2,2,1),(216,69,NULL,'2',NULL,NULL,NULL,NULL,NULL,NULL,NULL,NULL,NULL,NULL,NULL,NULL,NULL,NULL,5,6,6,5,5,5,2,3,5,3,5,3,3,1,3,2,3,2,'2',4,4,5,5,5,4,5,4),(217,70,NULL,'2',NULL,NULL,NULL,NULL,NULL,NULL,NULL,NULL,NULL,NULL,NULL,NULL,NULL,NULL,5,3,1,4,4,4,4,2,3,3,5,6,2,1,3,1,4,1,'2',5,5,5,5,5,5,5,5),(218,71,NULL,'2',NULL,NULL,NULL,NULL,NULL,NULL,NULL,NULL,NULL,NULL,NULL,NULL,NULL,NULL,3,0,1,5,5,5,3,4,5,2,1,6,2,1,3,2,1,1,'2',5,4,4,4,4,4,5,4),(219,72,NULL,'2',NULL,NULL,NULL,NULL,NULL,NULL,NULL,NULL,NULL,NULL,NULL,NULL,NULL,NULL,5,6,6,5,5,4,5,4,4,2,4,2,3,3,2,3,2,1,'2',5,5,4,4,5,4,4,4),(220,73,NULL,'2',NULL,NULL,NULL,NULL,NULL,NULL,NULL,NULL,NULL,NULL,NULL,NULL,NULL,NULL,5,3,6,5,2,1,5,5,5,2,3,6,0,3,2,3,2,1,'2',3,4,4,4,4,4,4,4),(227,80,NULL,'2',NULL,NULL,NULL,NULL,NULL,NULL,NULL,NULL,NULL,NULL,NULL,NULL,NULL,NULL,5,6,6,2,5,5,5,2,3,2,5,1,2,1,3,1,2,1,'2',3,4,4,4,4,4,3,3),(228,81,NULL,'2',NULL,NULL,NULL,NULL,NULL,NULL,NULL,NULL,NULL,NULL,NULL,NULL,NULL,NULL,5,1,3,4,5,4,5,2,2,2,4,6,2,2,3,2,2,3,'2',4,3,5,4,4,3,2,3),(229,82,NULL,'2',NULL,NULL,NULL,NULL,NULL,NULL,NULL,NULL,NULL,NULL,NULL,NULL,NULL,NULL,5,4,3,5,5,4,5,5,5,3,5,1,3,1,3,2,3,2,'2',4,5,5,4,4,5,5,4),(230,83,NULL,'2',NULL,NULL,NULL,NULL,NULL,NULL,NULL,NULL,NULL,NULL,NULL,NULL,NULL,NULL,5,1,6,5,5,5,5,5,4,2,4,1,3,2,1,2,0,0,'2',3,3,4,5,5,5,5,5),(235,92,'2013-05-20','13','3','401',1,2,'partnered','USA','11','None',1,'Communications industry','>2500',0,'Own','1251',4,2,0,2,3,3,3,3,6,3,6,1,1,0,0,3,3,0,'1',NULL,NULL,NULL,NULL,NULL,NULL,NULL,NULL),(236,92,'2013-05-25','13','3','401',1,2,'partnered','USA','11','None',1,'','>2500',0,'Own','1251',5,0,0,0,0,0,0,0,0,0,0,0,0,0,0,0,0,0,'3',NULL,NULL,NULL,NULL,NULL,NULL,NULL,NULL),(237,75,'2013-05-29','','','',0,0,'','','','',0,'','',0,'','',0,0,0,0,0,0,0,0,0,0,0,0,0,0,0,0,0,0,'',0,0,0,0,0,0,0,0),(238,87,'2013-05-24','15','2','002',1,2,'partnered','PR','15','College',1,'TTM','1500',0,'Rent','700',5,3,0,2,1,0,5,4,3,3,3,1,1,1,1,3,5,1,'1',5,4,4,4,4,5,4,4),(239,87,'2013-05-31','15','2','002',0,2,'partnered','PR','15','College',1,'accouting','1500',0,'Rent','700',5,4,0,0,5,4,5,5,6,11,6,3,5,5,5,3,5,10,'3',5,5,5,5,5,1,1,1),(240,8,'2013-05-29','45','2','237',0,4,'divorced','USA','15','None',0,'','',0,'','',0,0,0,3,0,5,4,4,0,0,0,0,0,0,0,0,0,0,'1',0,0,0,5,0,0,0,0),(241,8,'2013-05-31','45','2','',0,0,'','','','',0,'','',0,'','',0,0,0,0,2,0,0,0,0,0,0,0,0,0,0,5,1,0,'2',0,3,0,0,0,0,0,0),(242,3,'0000-00-00','2','','',0,0,'','','','',0,'','',0,'','',5,0,0,0,0,0,0,0,0,0,0,0,0,0,0,0,0,0,'2',0,0,0,0,0,0,0,0),(243,3,'2013-06-01','2','','',0,0,'','','','',0,'','',0,'','',0,0,0,0,0,0,0,0,0,0,0,0,0,10,0,10,0,0,'2',0,0,0,0,0,0,0,0),(244,3,'2013-05-31','3','','5000',0,0,'','','','',0,'','',0,'','',0,0,0,0,0,0,0,0,0,0,0,0,0,1,0,0,0,0,'3',0,0,0,0,0,0,0,0),(245,3,'2013-05-31','3','','',0,0,'','','15','',0,'','',0,'','',0,0,0,0,0,0,0,0,0,0,0,0,5,0,0,0,0,0,'3',0,0,0,0,0,0,0,0),(246,99,'0000-00-00','3','','',0,0,'','','','',0,'','',0,'','',0,0,0,0,0,0,4,0,0,0,0,0,1,0,0,0,0,0,'1',5,5,5,0,0,0,0,0),(247,99,'2013-05-31','46','','',0,0,'','','','',0,'','',0,'','',0,0,0,0,0,0,0,0,0,0,0,0,0,0,0,0,0,0,'2',0,0,0,0,0,5,5,5),(248,5,'2013-07-16','30','','',0,0,'','','','',0,'','',0,'','',0,3,0,0,0,0,0,2,0,3,0,0,0,0,0,3,5,0,'2',5,0,0,0,0,0,0,0),(249,150,'2013-07-12','13','1','222',1,1,'partnered','PR','6','None',1,'Tax prep','2000',0,'Rent','900',0,0,0,0,0,0,0,0,0,0,0,0,0,0,0,0,0,0,'1',5,5,0,0,0,0,0,0),(250,87,'2013-07-15','1','8','001',0,2,'partnered','PR','15','College',0,'accountant','',0,'Rent','',5,3,1,5,2,0,5,5,3,3,3,1,1,0,3,3,5,5,'1',4,4,4,4,4,5,4,4),(251,57,'2013-01-20','1','','',0,0,'','','','',0,'','',0,'','',1,3,5,3,2,2,5,1,2,4,1,4,3,1,2,4,3,3,'1',1,2,3,4,5,2,1,1),(252,57,'2013-01-21','1','','',0,0,'','','','',0,'','',0,'','',2,4,1,1,1,3,3,3,3,5,5,5,1,1,3,5,1,2,'1',0,0,4,0,0,0,0,0),(253,57,'2013-01-20','1','','',0,0,'','','','',0,'','',0,'','',1,3,5,2,5,1,1,2,1,1,3,1,2,1,1,1,1,1,'2',1,4,5,4,3,3,3,3),(254,57,'2013-01-20','1','','',0,0,'','','','',0,'','',0,'','',4,4,1,3,4,4,3,5,4,2,5,4,3,5,3,4,5,1,'2',3,3,1,2,2,1,0,3),(255,57,'2013-01-20','1','','',0,0,'','','','',0,'','',0,'','',1,1,2,5,4,1,1,2,4,2,4,5,1,1,2,1,4,4,'3',1,0,1,0,0,2,0,2),(256,57,'2013-01-20','1','','',0,0,'','','','',0,'','',0,'','',4,5,3,4,2,4,5,3,5,3,5,2,4,5,3,4,1,1,'3',2,3,4,5,4,3,2,1),(257,57,'0000-00-00','2','','',0,0,'','','','',0,'','',0,'','',0,0,0,0,0,0,0,0,0,0,0,0,0,0,0,0,0,0,'1',0,0,0,0,0,0,0,0),(258,57,'0000-00-00','2','','',0,0,'','','','',0,'','',0,'','',0,0,0,0,0,0,0,0,0,0,0,0,0,0,0,0,0,0,'1',0,0,0,0,0,0,0,0),(259,57,'0000-00-00','2','','',0,0,'','','','',0,'','',0,'','',0,0,0,0,0,0,0,0,0,0,0,0,0,0,0,0,0,0,'2',0,0,0,0,0,0,0,0),(260,57,'0000-00-00','2','','',0,0,'','','','',0,'','',0,'','',0,0,0,0,0,0,0,0,0,0,0,0,0,0,0,0,0,0,'2',0,0,0,0,0,0,0,0),(261,57,'0000-00-00','2','','',0,0,'','','','',0,'','',0,'','',0,0,0,0,0,0,0,0,0,0,0,0,0,0,0,0,0,0,'3',0,0,0,0,0,0,0,0),(262,57,'0000-00-00','2','','',0,0,'','','','',0,'','',0,'','',0,0,0,0,0,0,0,0,0,0,0,0,0,0,0,0,0,0,'3',0,0,0,0,0,0,0,0),(263,57,'0000-00-00','6','','',0,0,'','','','',0,'','',0,'','',0,0,0,0,0,0,0,0,0,0,0,0,0,0,0,0,0,0,'1',0,0,0,0,0,0,0,0),(264,57,'0000-00-00','6','','',0,0,'','','','',0,'','',0,'','',0,0,0,0,0,0,0,0,0,0,0,0,0,0,0,0,0,0,'2',0,0,0,0,0,0,0,0),(265,57,'0000-00-00','2','','',0,0,'','','','',0,'','',0,'','',0,0,0,0,0,0,0,0,0,0,0,0,0,0,0,0,0,0,'3',0,0,0,0,0,0,0,0),(266,57,'0000-00-00','2','','',0,0,'','','','',0,'','',0,'','',0,0,0,0,0,0,0,0,0,0,0,0,0,0,0,0,0,0,'3',0,0,0,0,0,0,0,0),(267,57,'0000-00-00','6','','',0,0,'','','','',0,'','',0,'','',0,0,0,0,0,0,0,0,0,0,0,0,0,0,0,0,0,0,'3',0,0,0,0,0,0,0,0),(268,57,'0000-00-00','13','','',0,0,'','','','',0,'','',0,'','',0,0,0,0,0,0,0,0,0,0,0,0,0,0,0,0,0,0,'1',0,0,0,0,0,0,0,0);
/*!40000 ALTER TABLE `Parent_Mentor_Survey` ENABLE KEYS */;
UNLOCK TABLES;

--
-- Table structure for table `Participants`
--

DROP TABLE IF EXISTS `Participants`;
/*!40101 SET @saved_cs_client     = @@character_set_client */;
/*!40101 SET character_set_client = utf8 */;
CREATE TABLE `Participants` (
  `Participant_ID` int(11) NOT NULL AUTO_INCREMENT,
  `Name_First` varchar(45) DEFAULT NULL,
  `Name_Middle` varchar(45) DEFAULT NULL,
  `Name_Last` varchar(45) DEFAULT NULL,
  `Address_Street_Name` varchar(45) DEFAULT NULL,
  `Address_Street_Num` int(11) DEFAULT NULL,
  `Address_Street_Direction` varchar(45) DEFAULT NULL,
  `Address_Street_Type` varchar(45) DEFAULT NULL,
  `Address_City` varchar(45) DEFAULT NULL,
  `Address_State` varchar(45) DEFAULT NULL,
  `Address_Zip` int(11) DEFAULT NULL,
  `Block_Group` varchar(45) DEFAULT NULL,
  `Ward` varchar(45) DEFAULT NULL,
  `Phone_Day` varchar(45) DEFAULT NULL,
  `Phone_Evening` varchar(45) DEFAULT NULL,
  `Education_Level` varchar(45) DEFAULT NULL,
  `Email` varchar(100) DEFAULT NULL,
  `Age` varchar(45) DEFAULT NULL,
  `Gender` varchar(45) DEFAULT NULL,
  `Date_of_Birth` date DEFAULT NULL,
  `Consent_2013_14` int(11) DEFAULT NULL,
  `Consent_2014_15` int(11) DEFAULT NULL,
  `Consent_2015_16` int(11) DEFAULT NULL,
  `Grade_Level` varchar(45) DEFAULT NULL,
  `Is_PM` int(11) DEFAULT NULL,
  `Is_Child` int(11) DEFAULT NULL,
  `Notes` varchar(400) DEFAULT NULL,
  PRIMARY KEY (`Participant_ID`)
) ENGINE=InnoDB AUTO_INCREMENT=173 DEFAULT CHARSET=latin1;
/*!40101 SET character_set_client = @saved_cs_client */;

--
-- Dumping data for table `Participants`
--

LOCK TABLES `Participants` WRITE;
/*!40000 ALTER TABLE `Participants` DISABLE KEYS */;
INSERT INTO `Participants` VALUES (1,'Sean',NULL,'Carter','Brooklyn',0,'','','New York','NY',21212,NULL,NULL,'212-222-1212','','','jay.z.carter@gmail.com','43','m','1969-12-04',NULL,NULL,NULL,'',0,0,NULL),(2,'Blue Ivy',NULL,'Carter','Sunshine',789,'E','St','Beverly Hills','CA',71717,NULL,NULL,'','','','baby.blue@gmail.com','1','f','2012-01-07',NULL,NULL,NULL,'1',0,1,NULL),(3,'Beyonce',NULL,'Knowles','Alameda',1234,'W','Blvd','Chicago','IL',60611,NULL,NULL,'','','','','31','f','1981-09-04',NULL,NULL,NULL,'',1,0,NULL),(5,'Kanye',NULL,'West','63rd',2200,'W','St','Chicago','IL',60647,NULL,NULL,'312-555-5555','312-777-7777','some_college','kanye.west@gmail.com','35','m','1977-06-08',NULL,NULL,NULL,'',1,0,NULL),(7,'Michelle',NULL,'Williams','Lakeshore',3000,'N','Dr','Chicago','IL',60666,NULL,NULL,'','','','','32','f','1980-07-23',NULL,NULL,NULL,'',1,0,NULL),(8,'Gerard',NULL,'Depardieu','Racine',1,'W','Ave','','',0,NULL,NULL,'001-001-2020','','','','64','m','1948-12-27',NULL,NULL,NULL,'',1,0,NULL),(9,'Jean-Luc',NULL,'Godard','',0,'','','','',0,NULL,NULL,'','','college','','82','m','1930-12-03',NULL,NULL,NULL,'',NULL,NULL,NULL),(10,'Maria',NULL,'Gonzalez','North',2100,'W','Ave','','',0,NULL,NULL,'','','','','22','f','1990-12-13',NULL,NULL,NULL,'',NULL,NULL,NULL),(11,'Jean-Pierre',NULL,'Melville','Seaside',1802,'E','Ln','Chicago','IL',60614,NULL,NULL,'','','college','','54','m','1958-06-23',NULL,NULL,NULL,'',NULL,NULL,NULL),(12,'Anna',NULL,'Karina','',0,'','','','',0,NULL,NULL,'','','','','47','f','1965-05-12',NULL,NULL,NULL,'',NULL,NULL,NULL),(17,'Child-Mentor',NULL,'Test2','Lake Shore',100,'E','Dr','Chicago','IL',60601,NULL,NULL,'777-312-5555','312-773-5555','','tester@test.net','13','m','2000-01-04',NULL,NULL,NULL,'',0,1,'Final note test'),(57,'Fausta',NULL,'Delgado',NULL,NULL,NULL,NULL,NULL,NULL,NULL,NULL,NULL,NULL,NULL,NULL,NULL,NULL,NULL,NULL,NULL,NULL,NULL,NULL,1,NULL,NULL),(58,'Rocio',NULL,'Reynoso',NULL,NULL,NULL,NULL,NULL,NULL,NULL,NULL,NULL,NULL,NULL,NULL,NULL,NULL,NULL,NULL,NULL,NULL,NULL,NULL,1,NULL,NULL),(59,'Fabiola',NULL,'Flores',NULL,NULL,NULL,NULL,NULL,NULL,NULL,NULL,NULL,NULL,NULL,NULL,NULL,NULL,NULL,NULL,NULL,NULL,NULL,NULL,1,NULL,NULL),(60,'Jackeline',NULL,'Sandoval',NULL,NULL,NULL,NULL,NULL,NULL,NULL,NULL,NULL,NULL,NULL,NULL,NULL,NULL,NULL,NULL,NULL,NULL,NULL,NULL,1,NULL,NULL),(61,'Liliana',NULL,'Velazquez',NULL,NULL,NULL,NULL,NULL,NULL,NULL,NULL,NULL,NULL,NULL,NULL,NULL,NULL,NULL,NULL,NULL,NULL,NULL,NULL,1,NULL,NULL),(62,'Maria',NULL,'Miranda',NULL,NULL,NULL,NULL,NULL,NULL,NULL,NULL,NULL,NULL,NULL,NULL,NULL,NULL,NULL,NULL,NULL,NULL,NULL,NULL,1,NULL,NULL),(63,'Mirna',NULL,'Ramos',NULL,NULL,NULL,NULL,NULL,NULL,NULL,NULL,NULL,NULL,NULL,NULL,NULL,NULL,NULL,NULL,NULL,NULL,NULL,NULL,1,NULL,NULL),(64,'Lorena',NULL,'Arcos',NULL,NULL,NULL,NULL,NULL,NULL,NULL,NULL,NULL,NULL,NULL,NULL,NULL,NULL,NULL,NULL,NULL,NULL,NULL,NULL,1,NULL,NULL),(65,'Aleida',NULL,'Arzeta',NULL,NULL,NULL,NULL,NULL,NULL,NULL,NULL,NULL,NULL,NULL,NULL,NULL,NULL,NULL,NULL,NULL,NULL,NULL,NULL,1,NULL,NULL),(66,'Heidy',NULL,'Carranza',NULL,NULL,NULL,NULL,NULL,NULL,NULL,NULL,NULL,NULL,NULL,NULL,NULL,NULL,NULL,NULL,NULL,NULL,NULL,NULL,1,NULL,NULL),(67,'Noemi',NULL,'Morocho',NULL,NULL,NULL,NULL,NULL,NULL,NULL,NULL,NULL,NULL,NULL,NULL,NULL,NULL,NULL,NULL,NULL,NULL,NULL,NULL,1,NULL,NULL),(68,'Blanca',NULL,'Rodriguez',NULL,NULL,NULL,NULL,NULL,NULL,NULL,NULL,NULL,NULL,NULL,NULL,NULL,NULL,NULL,NULL,NULL,NULL,NULL,NULL,1,NULL,NULL),(69,'Isidra',NULL,'Mena',NULL,NULL,NULL,NULL,NULL,NULL,NULL,NULL,NULL,NULL,NULL,NULL,NULL,NULL,NULL,NULL,NULL,NULL,NULL,NULL,1,NULL,NULL),(70,'Sandra',NULL,'Hernandez',NULL,NULL,NULL,NULL,NULL,NULL,NULL,NULL,NULL,NULL,NULL,NULL,NULL,NULL,NULL,NULL,NULL,NULL,NULL,NULL,1,NULL,NULL),(71,'Marta',NULL,'Mendoza',NULL,NULL,NULL,NULL,NULL,NULL,NULL,NULL,NULL,NULL,NULL,NULL,NULL,NULL,NULL,NULL,NULL,NULL,NULL,NULL,1,NULL,NULL),(72,'Rogelia',NULL,'Aguilar','',0,'','','','',0,NULL,NULL,'','','','','13','','2000-05-02',NULL,NULL,NULL,'',0,0,NULL),(73,'Blanca',NULL,'Beltran',NULL,NULL,NULL,NULL,NULL,NULL,NULL,NULL,NULL,NULL,NULL,NULL,NULL,NULL,NULL,NULL,NULL,NULL,NULL,NULL,1,NULL,NULL),(74,'Maria',NULL,'Ramirez',NULL,NULL,NULL,NULL,NULL,NULL,NULL,NULL,NULL,NULL,NULL,NULL,NULL,NULL,NULL,NULL,NULL,NULL,NULL,NULL,1,NULL,NULL),(75,'Cecilia',NULL,'Chavez','',0,'','','','',0,NULL,NULL,'','','','','0','','2013-05-02',NULL,NULL,NULL,'',0,0,NULL),(76,'Rocio',NULL,'Ibarra',NULL,NULL,NULL,NULL,NULL,NULL,NULL,NULL,NULL,NULL,NULL,NULL,NULL,NULL,NULL,NULL,NULL,NULL,NULL,NULL,1,NULL,NULL),(77,'Maria',NULL,'Naula',NULL,NULL,NULL,NULL,NULL,NULL,NULL,NULL,NULL,NULL,NULL,NULL,NULL,NULL,NULL,NULL,NULL,NULL,NULL,NULL,1,NULL,NULL),(78,'Eva',NULL,'Covarrubias',NULL,NULL,NULL,NULL,NULL,NULL,NULL,NULL,NULL,NULL,NULL,NULL,NULL,NULL,NULL,NULL,NULL,NULL,NULL,NULL,1,NULL,NULL),(79,'Guadalupe',NULL,'Guadalupe',NULL,NULL,NULL,NULL,NULL,NULL,NULL,NULL,NULL,NULL,NULL,NULL,NULL,NULL,NULL,NULL,NULL,NULL,NULL,NULL,1,NULL,NULL),(80,'Patricia',NULL,'Trujllo',NULL,NULL,NULL,NULL,NULL,NULL,NULL,NULL,NULL,NULL,NULL,NULL,NULL,NULL,NULL,NULL,NULL,NULL,NULL,NULL,1,NULL,NULL),(81,'Estela',NULL,'Sanchez',NULL,NULL,NULL,NULL,NULL,NULL,NULL,NULL,NULL,NULL,NULL,NULL,NULL,NULL,NULL,NULL,NULL,NULL,NULL,NULL,1,NULL,NULL),(82,'Maria',NULL,'Acevedo','',0,'','','','',0,'','','(555) 342-1234','(333) 222-1111','','','63','','0000-00-00',0,0,1,'',0,0,'Maria is new to the neighborhood as of June 2013.'),(83,'Benito',NULL,'Romero',NULL,NULL,NULL,NULL,NULL,NULL,NULL,NULL,NULL,NULL,NULL,NULL,NULL,NULL,NULL,NULL,NULL,NULL,NULL,NULL,1,NULL,NULL),(87,'Suheily',NULL,'DeOleo','Avers',2549,'N','1D','Chicago','IL',60647,NULL,NULL,'(773) 875-5526','(773) 875-5526','','sdeoleo@lsna.net','32','f','1981-09-05',NULL,NULL,NULL,'',1,0,NULL),(89,'Cecilia',NULL,'Not PM','',0,'','','','',0,NULL,NULL,'','','','','0','','0000-00-00',NULL,NULL,NULL,'',1,0,NULL),(90,'DeOleo',NULL,'Enid','',0,'','','','',0,NULL,NULL,'','','','','0','','0000-00-00',NULL,NULL,NULL,'',1,0,NULL),(91,'Michele',NULL,'Norris','',0,'','','','',0,NULL,NULL,'','','','','12','','1981-05-01',NULL,NULL,NULL,'',0,0,NULL),(92,'Ari',NULL,'Shapiro','Waverly',1234,'N','Ln','Chicago','IL',60608,NULL,NULL,'','','','','38','m','1974-06-22',NULL,NULL,NULL,'',0,0,NULL),(93,'Adrienne',NULL,'Shapiro','',0,'','','','',0,NULL,NULL,'','','','','9','f','2004-05-03',NULL,NULL,NULL,'',0,1,NULL),(94,'Monika',NULL,'Shapiro','',0,'','','','',0,NULL,NULL,'','','','','0','','0000-00-00',NULL,NULL,NULL,'',1,93,NULL),(95,'Max',NULL,'Shapiro','',0,'','','','',0,NULL,NULL,'','','','','0','','0000-00-00',NULL,NULL,NULL,'',0,0,NULL),(98,'Carl',NULL,'Orff','',0,'','','','',0,NULL,NULL,'(123) 456-7890','(123) 456-7890','','','0','','0000-00-00',NULL,NULL,NULL,'',0,0,NULL),(99,'Kai',NULL,'Ryssdal','',0,'','','','',0,NULL,NULL,'(xxx) xxx-xxxx','(xxx) xxx-xxxx','','','0','','0000-00-00',NULL,NULL,NULL,'',1,0,NULL),(100,'Ellie',NULL,'Carranza','',0,'','','','',0,NULL,NULL,'','','','','0','','0000-00-00',NULL,NULL,NULL,'',1,0,NULL),(101,'Testing',NULL,'Date Format','',0,'','','','',0,NULL,NULL,'(234) 123-2345','(123) 456-7890','','','1','','2011-04-07',NULL,NULL,NULL,'',0,0,NULL),(103,'Abner',NULL,'DeOleo','Avers',2549,'N','','Chicago','IL ',60647,NULL,NULL,'','','','','2013','f','0000-00-00',NULL,NULL,NULL,'',0,1,NULL),(104,'Bryan',NULL,'DeOleo','',0,'','','','',0,NULL,NULL,'','','','','0','','0000-00-00',NULL,NULL,NULL,'',0,0,NULL),(105,'Edward',NULL,'DeOleo','',0,'','','','',0,NULL,NULL,'','','','','0','','0000-00-00',NULL,NULL,NULL,'',0,87,NULL),(106,'Emile',NULL,'Depardieu','',0,'','','','',0,NULL,NULL,'','','','','8','','0000-00-00',NULL,NULL,NULL,'',0,1,NULL),(107,'Celine',NULL,'Depardieu','',0,'','','','',0,NULL,NULL,'','','','','2013','f','2000-05-31',NULL,NULL,NULL,'',0,0,NULL),(109,'Adenise',NULL,'Soto','Happy',1234,'S','1S','Moline','Il',91145,NULL,NULL,'(309) 123-4567','','college','','27','f','1985-06-11',NULL,NULL,NULL,'',1,0,NULL),(110,'Shawn',NULL,'Carter','',0,'','','','',0,NULL,NULL,'','','','','0','','0000-00-00',NULL,NULL,NULL,'',0,0,NULL),(111,'Shawn',NULL,'Carter','',0,'','','','',0,NULL,NULL,'','','','','0','','0000-00-00',NULL,NULL,NULL,'',0,0,NULL),(112,'Carla',NULL,'Bruni','Versailles',1075,'E','Ave','Chicago','IL',65102,NULL,NULL,'(482) 135-9999','(482) 135-9999','some_college','','40','f','0000-00-00',NULL,NULL,NULL,'',0,0,NULL),(113,'Mario',NULL,'Batalli','',0,'','','','',0,NULL,NULL,'','','','','0','','0000-00-00',NULL,NULL,NULL,'',0,0,NULL),(114,'Miuccia',NULL,'Prada','',0,'','','','',0,NULL,NULL,'','','','','0','','0000-00-00',NULL,NULL,NULL,'',0,0,NULL),(115,'Jessica',NULL,'Timberlake','',0,'','','','',0,NULL,NULL,'','','','','0','','0000-00-00',NULL,NULL,NULL,'',0,0,NULL),(116,'Julio',NULL,'Marquez','',0,'','','','',0,NULL,NULL,'','','','','0','','0000-00-00',NULL,NULL,NULL,'',0,0,NULL),(117,'Juliana',NULL,'Marquez','',0,'','','','',0,NULL,NULL,'','','','','0','','0000-00-00',NULL,NULL,NULL,'',1,0,NULL),(118,'Juliana',NULL,'Marquez','',0,'','','','',0,NULL,NULL,'','','','','0','','0000-00-00',NULL,NULL,NULL,'',0,0,NULL),(121,'Aomame',NULL,'Masami','',0,'','','','',0,NULL,NULL,'','','','','0','','0000-00-00',NULL,NULL,NULL,'',1,0,NULL),(122,'Tengo',NULL,'Kawana','',0,'','','','',0,NULL,NULL,'','','','','0','','0000-00-00',NULL,NULL,NULL,'',0,0,NULL),(123,'Fukada',NULL,'Eriko','',0,'','','','',0,NULL,NULL,'','','','','0','','0000-00-00',NULL,NULL,NULL,'',0,0,NULL),(124,'Azami',NULL,'Ebisuno','',0,'','','','',0,NULL,NULL,'','','','','0','','0000-00-00',NULL,NULL,NULL,'',0,0,NULL),(125,'Test',NULL,'Whatever','',0,'','','','',0,NULL,NULL,'','','','','0','','2013-06-12',NULL,NULL,NULL,'',0,0,NULL),(126,'',NULL,'','',0,'','','','',0,NULL,NULL,'','','','','0','','0000-00-00',NULL,NULL,NULL,'',0,0,NULL),(127,'Clare',NULL,'Quilty','',0,'','','','',0,NULL,NULL,'','','','','31','','0000-00-00',NULL,NULL,NULL,'',0,0,NULL),(128,'Eleanor',NULL,'Rigby','',0,'','','','',0,NULL,NULL,'','','','','0','','0000-00-00',NULL,NULL,NULL,'',1,0,NULL),(129,'Zach',NULL,'Conlon','',0,'','','','',0,NULL,NULL,'','','','','0','','0000-00-00',NULL,NULL,NULL,'',NULL,0,NULL),(130,'Sharon',NULL,'von Etten','',0,'','','','',0,NULL,NULL,'','','','','0','','0000-00-00',NULL,NULL,NULL,'',NULL,0,NULL),(131,'Josh',NULL,'Rhye','',0,'','','','',0,NULL,NULL,'','','','','0','','0000-00-00',NULL,NULL,NULL,'',NULL,0,NULL),(132,'Mayra',NULL,'Cifuentes','Parker ',4041,'W','Ave','Chicago','IL',0,NULL,NULL,'(773) 824-3994','','','','0','f','0000-00-00',NULL,NULL,NULL,'',NULL,0,NULL),(133,'Bridget',NULL,'Murphy','Monticello ',2537,'N','Ave','Chicago','IL',60647,NULL,NULL,'','(520) 420-1544','','','13','','0000-00-00',NULL,NULL,NULL,'',0,0,NULL),(134,'Sylvia',NULL,'Plath','',0,'','','','',0,NULL,NULL,'','','college','','42','f','0000-00-00',NULL,NULL,NULL,'',NULL,0,NULL),(135,'Test',NULL,'DOB','',0,'','','','',0,NULL,NULL,'','','','','0','','2013-06-01',NULL,NULL,NULL,'',NULL,0,NULL),(136,'Mark',NULL,'Twain','Milwaukee',2840,'N','','Chicago','Il',60618,NULL,NULL,'(773) 283-4370','','college','','63','m','1950-06-17',NULL,NULL,NULL,'',NULL,0,NULL),(137,'Juliet',NULL,'Alejandre','Milwaukee',2840,'N','','Chicago','IL',60618,NULL,NULL,'','','college','','34','f','1979-04-01',NULL,NULL,NULL,'',1,0,NULL),(138,'Luke',NULL,'Bryan','',0,'','','','',0,NULL,NULL,'','','','','','','0000-00-00',NULL,NULL,NULL,'',NULL,0,NULL),(139,'Blake',NULL,'Shelton','',0,'','','','',0,NULL,NULL,'','','','','','','0000-00-00',NULL,NULL,NULL,'',NULL,0,NULL),(140,'Keith',NULL,'Urban','',0,'','','','',0,NULL,NULL,'','','','','','','0000-00-00',NULL,NULL,NULL,'',NULL,0,NULL),(141,'Tim',NULL,'McGraw','',0,'','','','',0,NULL,NULL,'','','','','','','0000-00-00',NULL,NULL,NULL,'',NULL,0,NULL),(142,'Hunter',NULL,'Hayes','',0,'','','','',0,NULL,NULL,'','','','','','','0000-00-00',NULL,NULL,NULL,'',NULL,0,NULL),(144,'Jake',NULL,'Owen','',0,'','','','',0,NULL,NULL,'','','','','','','0000-00-00',NULL,NULL,NULL,'',NULL,0,NULL),(146,'Randy',NULL,'Houser','',0,'','','','',0,NULL,NULL,'','','','','','','0000-00-00',NULL,NULL,NULL,'',NULL,0,NULL),(147,'Brad',NULL,'Paisley','',0,'','','','',0,NULL,NULL,'','','','','','','0000-00-00',NULL,NULL,NULL,'',NULL,0,NULL),(148,'Elyssa',NULL,'Von Trapp','',0,'','','','',0,NULL,NULL,'','','','','5','f','2008-01-01',NULL,NULL,NULL,'1',NULL,1,NULL),(149,'Maximus',NULL,'Acevedo','',0,'','','','',0,'170318391001104','','','','','','14','','0000-00-00',1,0,1,'',0,0,NULL),(150,'Charles',NULL,'Acevedo','23rd',1111,'N','st','chicago','il',60618,NULL,'','(773) 202-2022','(773) 202-2022','','charles.acevedo@acevedoassociates.com','41','m','1972-01-01',NULL,NULL,NULL,'',1,0,NULL),(151,'Candida',NULL,'Guadalupe-Hidalgo',NULL,NULL,NULL,NULL,NULL,NULL,NULL,NULL,NULL,NULL,NULL,NULL,NULL,NULL,NULL,NULL,NULL,NULL,NULL,NULL,NULL,NULL,NULL),(152,'Frank',NULL,'Hidalgo',NULL,NULL,NULL,NULL,NULL,NULL,NULL,NULL,NULL,NULL,NULL,NULL,NULL,NULL,NULL,NULL,NULL,NULL,NULL,NULL,NULL,NULL,NULL),(153,'Maya',NULL,'DeOleo',NULL,NULL,NULL,NULL,NULL,NULL,NULL,NULL,NULL,NULL,NULL,NULL,NULL,NULL,NULL,NULL,NULL,NULL,NULL,NULL,NULL,NULL,NULL),(154,'test',NULL,'2','',0,'','','','',0,NULL,NULL,'asdf','gfd','','','0','','2013-07-01',NULL,NULL,NULL,'',1,1,NULL),(155,'Nate',NULL,'Richardson',NULL,NULL,NULL,NULL,NULL,NULL,NULL,NULL,NULL,NULL,NULL,NULL,NULL,NULL,NULL,NULL,NULL,NULL,NULL,NULL,NULL,NULL,NULL),(156,'Sherri',NULL,'Farris','',0,'','','','',0,NULL,NULL,'','','','','','','0000-00-00',NULL,NULL,NULL,'',NULL,0,NULL),(157,'George',NULL,'Windsor','Cambridge',1234,'W','Ave','Chicago','IL',60618,NULL,NULL,'','','','','7','m','2006-08-01',NULL,NULL,NULL,'2',0,1,NULL),(158,'Kate',NULL,'Middleton',NULL,NULL,NULL,NULL,NULL,NULL,NULL,NULL,NULL,NULL,NULL,NULL,NULL,NULL,NULL,NULL,NULL,NULL,NULL,NULL,NULL,NULL,NULL),(159,'Susan',NULL,'Yanun','',0,'','','','',0,NULL,NULL,'','','','','3','f','2009-09-21',NULL,NULL,NULL,'',1,0,NULL),(160,'Lydia',NULL,'Saetama','no where',1234,'S','','','',0,NULL,NULL,'','','','','32','f','1981-09-02',NULL,NULL,NULL,'',1,0,NULL),(161,'Jose',NULL,'Carlos','Milwaukee',5942,'N','','Chicago','IL',0,NULL,'','773-777-7777','','','yahoo.com','13','m','0000-00-00',NULL,NULL,NULL,'',0,0,NULL),(162,'Joey',NULL,'Jordan','Milwaukee ',2840,'N','','Chicago','IL',0,NULL,'','773-888-8888','','','g mail.com','2013','m','0000-00-00',NULL,NULL,NULL,'',0,0,NULL),(163,'Michael ',NULL,'Estrada','Milwaukee',2840,'N','','Chicago','IL',0,NULL,NULL,'773-999-9999','','','yahoo.com','2013','m','0000-00-00',NULL,NULL,NULL,'',NULL,0,NULL),(164,'Michael ',NULL,'Estrada','Milwaukee',2840,'N','','Chicago','IL',0,NULL,NULL,'773-999-9999','','','yahoo.com','2013','m','0000-00-00',NULL,NULL,NULL,'',NULL,0,NULL),(165,'hulises',NULL,'luis','Milwaukee',3940,'N','','Chicago','IL',0,NULL,NULL,'773-366-7777','','','NEIU.org.com','2013','','0000-00-00',NULL,NULL,NULL,'',NULL,0,NULL),(166,'Felix ',NULL,'Ramirez','Milwaukee',1840,'N','','Chicago','IL',0,NULL,NULL,'773-998-9898','','','downtown@yahoo.com','2013','m','0000-00-00',NULL,NULL,NULL,'',NULL,0,NULL),(167,'Mike ',NULL,'Julius','Kimball',1535,'N','',' Chicago`','IL',0,NULL,NULL,'773-987-8888','','','hello@yahoo.com','2013','m','0000-00-00',NULL,NULL,NULL,'',NULL,0,NULL),(168,'Miguel',NULL,'Castrejon','Milwaukee',1645,'N','','Chicago','IL',0,NULL,NULL,'773-965-5555','','','1234@yahoo.com','','','0000-00-00',NULL,NULL,NULL,'',NULL,0,NULL),(169,'Testablock',NULL,'Group','Garfield',1780,'W','Blvd','Chicago','IL',0,'170316118002011','','','','','','13','','0000-00-00',NULL,NULL,NULL,'',0,0,NULL),(170,'Test Ward',NULL,'Here','',0,'','','','',0,'170318391001104','3','','','','','14','','0000-00-00',0,0,0,'',0,2,NULL),(171,'Test-new-spouse',NULL,'Acevedo',NULL,NULL,NULL,NULL,NULL,NULL,NULL,NULL,NULL,NULL,NULL,NULL,NULL,NULL,NULL,NULL,NULL,NULL,NULL,NULL,NULL,NULL,NULL),(172,'test-another-spouse',NULL,'Acevedo',NULL,NULL,NULL,NULL,NULL,NULL,NULL,NULL,NULL,NULL,NULL,NULL,NULL,NULL,NULL,NULL,NULL,NULL,NULL,NULL,NULL,NULL,NULL);
/*!40000 ALTER TABLE `Participants` ENABLE KEYS */;
UNLOCK TABLES;

--
-- Table structure for table `Participants_Growth`
--

DROP TABLE IF EXISTS `Participants_Growth`;
/*!40101 SET @saved_cs_client     = @@character_set_client */;
/*!40101 SET character_set_client = utf8 */;
CREATE TABLE `Participants_Growth` (
  `Participant_Growth_ID` int(11) NOT NULL AUTO_INCREMENT,
  `Participant_ID` int(11) DEFAULT NULL,
  `Year` int(11) DEFAULT NULL,
  `Start_Level` varchar(45) DEFAULT NULL,
  `End_Level` varchar(45) DEFAULT NULL,
  `GED_Completed` int(11) DEFAULT NULL,
  PRIMARY KEY (`Participant_Growth_ID`),
  KEY `person_growing` (`Participant_ID`),
  CONSTRAINT `person_growing` FOREIGN KEY (`Participant_ID`) REFERENCES `Participants` (`Participant_ID`) ON DELETE CASCADE ON UPDATE CASCADE
) ENGINE=InnoDB AUTO_INCREMENT=10 DEFAULT CHARSET=latin1;
/*!40101 SET character_set_client = @saved_cs_client */;

--
-- Dumping data for table `Participants_Growth`
--

LOCK TABLES `Participants_Growth` WRITE;
/*!40000 ALTER TABLE `Participants_Growth` DISABLE KEYS */;
INSERT INTO `Participants_Growth` VALUES (1,3,2011,'-----','-----',2),(2,3,2012,'2','2',2),(3,10,2012,'1','2',0),(4,3,2013,'2','3',1),(5,17,2010,'1','2',2),(6,5,2011,'1','2',0),(7,7,2013,'1','2',2),(8,7,2012,'2','2',1),(9,7,2013,'2','3',0);
/*!40000 ALTER TABLE `Participants_Growth` ENABLE KEYS */;
UNLOCK TABLES;

--
-- Table structure for table `Participants_Languages`
--

DROP TABLE IF EXISTS `Participants_Languages`;
/*!40101 SET @saved_cs_client     = @@character_set_client */;
/*!40101 SET character_set_client = utf8 */;
CREATE TABLE `Participants_Languages` (
  `Participant_Language_ID` int(11) NOT NULL AUTO_INCREMENT,
  `Participant_ID` int(11) DEFAULT NULL,
  `Language_ID` int(11) DEFAULT NULL,
  PRIMARY KEY (`Participant_Language_ID`),
  KEY `language_of_participant` (`Language_ID`),
  KEY `participant_speaking_language` (`Participant_ID`),
  CONSTRAINT `language_of_participant` FOREIGN KEY (`Language_ID`) REFERENCES `Languages` (`Language_ID`) ON DELETE SET NULL ON UPDATE CASCADE,
  CONSTRAINT `participant_speaking_language` FOREIGN KEY (`Participant_ID`) REFERENCES `Participants` (`Participant_ID`) ON DELETE CASCADE ON UPDATE CASCADE
) ENGINE=InnoDB AUTO_INCREMENT=29 DEFAULT CHARSET=latin1;
/*!40101 SET character_set_client = @saved_cs_client */;

--
-- Dumping data for table `Participants_Languages`
--

LOCK TABLES `Participants_Languages` WRITE;
/*!40000 ALTER TABLE `Participants_Languages` DISABLE KEYS */;
INSERT INTO `Participants_Languages` VALUES (1,9,3),(2,10,1),(3,10,2),(4,11,1),(5,11,2),(6,17,2),(7,17,1),(9,7,1),(10,7,2),(11,87,1),(12,87,2),(15,92,1),(18,87,1),(19,87,2),(21,109,2),(22,112,3),(23,136,3),(24,137,1),(25,137,2),(26,150,1),(27,150,2),(28,157,1);
/*!40000 ALTER TABLE `Participants_Languages` ENABLE KEYS */;
UNLOCK TABLES;

--
-- Table structure for table `Participants_Roles`
--

DROP TABLE IF EXISTS `Participants_Roles`;
/*!40101 SET @saved_cs_client     = @@character_set_client */;
/*!40101 SET character_set_client = utf8 */;
CREATE TABLE `Participants_Roles` (
  `Participant_Role_ID` int(11) NOT NULL AUTO_INCREMENT,
  `Participant_ID` int(11) DEFAULT NULL,
  `Role_ID` int(11) DEFAULT NULL,
  PRIMARY KEY (`Participant_Role_ID`),
  KEY `participant_in_role` (`Participant_ID`),
  KEY `role_of_participant` (`Role_ID`),
  CONSTRAINT `participant_in_role` FOREIGN KEY (`Participant_ID`) REFERENCES `Participants` (`Participant_ID`) ON DELETE CASCADE ON UPDATE CASCADE,
  CONSTRAINT `role_of_participant` FOREIGN KEY (`Role_ID`) REFERENCES `Roles` (`Role_ID`) ON DELETE SET NULL ON UPDATE CASCADE
) ENGINE=InnoDB AUTO_INCREMENT=119 DEFAULT CHARSET=latin1;
/*!40101 SET character_set_client = @saved_cs_client */;

--
-- Dumping data for table `Participants_Roles`
--

LOCK TABLES `Participants_Roles` WRITE;
/*!40000 ALTER TABLE `Participants_Roles` DISABLE KEYS */;
INSERT INTO `Participants_Roles` VALUES (1,1,3),(2,1,1),(10,5,2),(12,3,1),(23,3,3),(24,17,3),(25,17,5),(27,5,3),(28,7,1),(29,12,3),(30,87,1),(32,90,1),(33,93,5),(36,98,3),(37,99,1),(38,99,2),(39,99,3),(41,103,5),(45,109,1),(47,109,3),(50,112,3),(54,115,4),(55,82,2),(56,132,1),(57,134,1),(59,134,3),(62,134,6),(68,136,6),(71,137,3),(72,82,4),(77,148,5),(78,150,1),(79,150,3),(80,75,6),(85,157,5),(86,159,1),(88,159,3),(89,160,1),(92,161,3),(95,162,3),(98,163,3),(101,164,3),(104,165,3),(107,166,3),(110,167,3),(113,168,3),(118,170,5);
/*!40000 ALTER TABLE `Participants_Roles` ENABLE KEYS */;
UNLOCK TABLES;

--
-- Table structure for table `Participants_Subcategories`
--

DROP TABLE IF EXISTS `Participants_Subcategories`;
/*!40101 SET @saved_cs_client     = @@character_set_client */;
/*!40101 SET character_set_client = utf8 */;
CREATE TABLE `Participants_Subcategories` (
  `Participant_Subcategory_ID` int(11) NOT NULL AUTO_INCREMENT,
  `Participant_ID` int(11) DEFAULT NULL,
  `Subcategory_ID` int(11) DEFAULT NULL,
  `ILP_yes_no` int(1) DEFAULT NULL,
  `Date_Linked` timestamp NULL DEFAULT CURRENT_TIMESTAMP,
  PRIMARY KEY (`Participant_Subcategory_ID`),
  KEY `participant_in_activity` (`Participant_ID`),
  KEY `activity_of_participant` (`Subcategory_ID`),
  CONSTRAINT `activity_of_participant` FOREIGN KEY (`Subcategory_ID`) REFERENCES `Subcategories` (`Subcategory_ID`) ON DELETE CASCADE ON UPDATE CASCADE,
  CONSTRAINT `participant_in_activity` FOREIGN KEY (`Participant_ID`) REFERENCES `Participants` (`Participant_ID`) ON DELETE CASCADE ON UPDATE CASCADE
) ENGINE=InnoDB AUTO_INCREMENT=205 DEFAULT CHARSET=latin1;
/*!40101 SET character_set_client = @saved_cs_client */;

--
-- Dumping data for table `Participants_Subcategories`
--

LOCK TABLES `Participants_Subcategories` WRITE;
/*!40000 ALTER TABLE `Participants_Subcategories` DISABLE KEYS */;
INSERT INTO `Participants_Subcategories` VALUES (1,3,3,NULL,'2011-03-05 06:00:00'),(2,1,1,NULL,'2011-03-07 06:00:00'),(3,3,1,NULL,'2012-12-12 06:00:00'),(4,3,4,NULL,'2012-12-10 06:00:00'),(5,7,4,NULL,'2012-12-10 06:00:00'),(6,2,3,NULL,'2012-05-31 05:00:00'),(7,3,5,NULL,'2012-05-31 05:00:00'),(8,5,9,NULL,'2012-05-31 05:00:00'),(9,8,2,NULL,'2012-05-31 05:00:00'),(10,1,2,NULL,'2012-05-31 05:00:00'),(11,9,14,NULL,'2012-05-31 05:00:00'),(12,1,8,NULL,'2012-05-31 05:00:00'),(13,2,14,NULL,'2012-05-31 05:00:00'),(14,10,9,NULL,'2012-05-31 05:00:00'),(15,5,1,NULL,'2012-05-31 05:00:00'),(16,3,10,NULL,'2012-05-31 05:00:00'),(17,1,10,NULL,'2012-05-31 05:00:00'),(18,1,19,NULL,'2012-05-31 05:00:00'),(19,3,19,NULL,'2012-05-31 05:00:00'),(20,8,1,NULL,'2012-05-31 05:00:00'),(24,12,20,NULL,'2012-05-31 05:00:00'),(26,11,1,NULL,'2012-05-31 05:00:00'),(27,2,50,NULL,'2012-05-31 05:00:00'),(29,1,65,NULL,'2012-05-31 05:00:00'),(30,3,65,NULL,'2012-05-31 05:00:00'),(31,17,65,NULL,'2012-05-31 05:00:00'),(32,5,65,NULL,'2012-05-31 05:00:00'),(33,12,65,NULL,'2012-05-31 05:00:00'),(34,2,65,NULL,'2012-05-31 05:00:00'),(35,7,65,NULL,'2012-05-31 05:00:00'),(36,8,65,NULL,'2012-05-31 05:00:00'),(37,9,65,NULL,'2012-05-31 05:00:00'),(38,11,65,NULL,'2012-05-31 05:00:00'),(39,1,53,NULL,'2012-05-31 05:00:00'),(40,3,53,NULL,'2012-05-31 05:00:00'),(42,59,14,NULL,'2013-04-30 05:00:00'),(43,75,44,NULL,'2013-04-30 05:00:00'),(44,79,19,NULL,'2013-04-30 05:00:00'),(45,79,53,NULL,'2013-04-30 05:00:00'),(46,7,19,NULL,'2013-04-30 05:00:00'),(47,7,53,NULL,'2013-04-30 05:00:00'),(48,76,19,NULL,'2013-04-30 05:00:00'),(49,76,53,NULL,'2013-04-30 05:00:00'),(50,8,19,NULL,'2013-04-30 05:00:00'),(51,8,53,NULL,'2013-04-30 05:00:00'),(57,79,19,NULL,'2013-04-30 05:00:00'),(58,79,53,NULL,'2013-04-30 05:00:00'),(59,75,19,NULL,'2013-04-30 05:00:00'),(60,75,53,NULL,'2013-04-30 05:00:00'),(65,89,19,NULL,'2013-04-30 05:00:00'),(66,89,53,NULL,'2013-04-30 05:00:00'),(68,82,36,NULL,'2013-04-30 05:00:00'),(69,92,45,NULL,'2013-04-30 05:00:00'),(70,92,19,NULL,'2013-04-30 05:00:00'),(71,92,53,NULL,'2013-04-30 05:00:00'),(72,94,19,NULL,'2013-04-30 05:00:00'),(73,94,53,NULL,'2013-04-30 05:00:00'),(74,5,53,NULL,'2013-04-30 05:00:00'),(75,68,19,NULL,'2013-04-30 05:00:00'),(76,68,53,NULL,'2013-04-30 05:00:00'),(77,87,44,NULL,'2013-05-21 19:41:11'),(81,99,36,NULL,'2013-05-22 15:10:51'),(82,66,22,NULL,'2013-05-22 15:14:57'),(83,64,19,NULL,'2013-05-22 18:49:04'),(84,64,53,NULL,'2013-05-22 18:49:04'),(87,103,36,NULL,'2013-05-24 15:16:15'),(90,103,65,NULL,'2013-05-24 15:24:35'),(91,87,4,NULL,'2013-05-24 15:28:39'),(92,103,61,NULL,'2013-05-24 15:54:21'),(93,8,61,NULL,'2013-05-24 15:54:29'),(94,8,61,NULL,'2013-05-24 15:54:33'),(95,90,61,NULL,'2013-05-24 15:54:41'),(96,82,62,NULL,'2013-05-24 16:02:01'),(97,64,62,NULL,'2013-05-24 16:06:35'),(98,2,62,NULL,'2013-05-24 16:06:41'),(99,1,66,NULL,'2013-05-24 16:08:09'),(100,78,66,NULL,'2013-05-24 16:08:15'),(101,87,66,NULL,'2013-05-24 16:08:23'),(102,8,66,NULL,'2013-05-24 16:08:31'),(107,109,10,NULL,'2013-05-30 18:51:09'),(108,109,9,NULL,'2013-05-30 18:51:18'),(109,109,3,NULL,'2013-05-30 18:52:54'),(112,109,25,NULL,'2013-05-30 18:53:17'),(114,109,18,NULL,'2013-05-30 18:53:38'),(115,109,36,NULL,'2013-05-30 18:54:41'),(124,64,9,NULL,'2013-05-31 17:19:02'),(127,64,8,NULL,'2013-05-31 17:19:17'),(128,12,36,NULL,'2013-05-31 18:13:48'),(131,82,32,NULL,'2013-06-03 15:00:50'),(132,70,19,NULL,'2013-06-03 15:20:06'),(133,70,53,NULL,'2013-06-03 15:20:06'),(135,99,19,NULL,'2013-06-04 15:40:59'),(136,99,53,NULL,'2013-06-04 15:40:59'),(137,73,19,NULL,'2013-06-04 16:37:32'),(138,73,53,NULL,'2013-06-04 16:37:32'),(140,117,19,NULL,'2013-06-04 16:38:07'),(141,117,53,NULL,'2013-06-04 16:38:07'),(142,125,36,NULL,'2013-06-05 18:47:06'),(143,81,14,NULL,'2013-06-05 19:56:09'),(144,124,355,NULL,'2013-06-05 20:18:12'),(145,131,25,NULL,'2013-06-05 20:34:08'),(146,72,357,NULL,'2013-06-10 17:47:21'),(147,100,357,NULL,'2013-06-10 17:47:29'),(150,64,19,NULL,'2013-06-17 17:19:52'),(151,64,53,NULL,'2013-06-17 17:19:52'),(152,136,358,NULL,'2013-06-17 17:31:21'),(153,65,30,NULL,'2013-07-09 14:28:52'),(154,150,25,NULL,'2013-07-12 15:03:29'),(155,150,19,NULL,'2013-07-12 15:35:51'),(156,150,53,NULL,'2013-07-12 15:35:51'),(157,150,20,NULL,'2013-07-12 16:16:04'),(158,90,19,NULL,'2013-07-12 18:21:33'),(159,90,53,NULL,'2013-07-12 18:21:33'),(162,99,19,NULL,'2013-07-23 18:59:17'),(163,99,53,NULL,'2013-07-23 18:59:17'),(164,100,19,NULL,'2013-07-24 19:51:44'),(165,100,53,NULL,'2013-07-24 19:51:44'),(166,81,584,NULL,'2013-07-24 20:47:39'),(167,81,19,NULL,'2013-07-24 20:47:50'),(168,81,53,NULL,'2013-07-24 20:47:50'),(169,87,1,NULL,'2013-07-25 15:19:27'),(175,157,366,NULL,'2013-08-09 16:39:45'),(179,121,53,NULL,'2013-09-18 20:49:00'),(180,87,19,NULL,'2013-09-19 16:58:27'),(181,87,53,NULL,'2013-09-19 16:58:27'),(182,159,19,NULL,'2013-09-19 17:08:10'),(183,159,53,NULL,'2013-09-19 17:08:10'),(185,5,53,NULL,'2013-09-19 17:09:36'),(186,5,19,NULL,'2013-09-19 17:10:07'),(187,5,53,NULL,'2013-09-19 17:10:07'),(189,82,53,NULL,'2013-09-19 17:16:42'),(192,82,19,NULL,'2013-09-23 15:13:45'),(193,82,53,NULL,'2013-09-23 15:13:45'),(194,160,19,NULL,'2013-09-23 15:15:50'),(195,160,53,NULL,'2013-09-23 15:15:50'),(196,121,19,NULL,'2013-09-23 16:39:28'),(197,121,53,NULL,'2013-09-23 16:39:28'),(199,154,19,NULL,'2013-09-23 19:31:45'),(200,154,53,NULL,'2013-09-23 19:31:45'),(201,137,51,NULL,'2013-10-16 18:02:27'),(202,137,19,NULL,'2013-10-16 18:02:44'),(203,137,53,NULL,'2013-10-16 18:02:44'),(204,137,46,NULL,'2014-02-11 18:08:08');
/*!40000 ALTER TABLE `Participants_Subcategories` ENABLE KEYS */;
UNLOCK TABLES;

--
-- Table structure for table `Roles`
--

DROP TABLE IF EXISTS `Roles`;
/*!40101 SET @saved_cs_client     = @@character_set_client */;
/*!40101 SET character_set_client = utf8 */;
CREATE TABLE `Roles` (
  `Role_ID` int(11) NOT NULL AUTO_INCREMENT,
  `Role_Title` varchar(100) DEFAULT NULL,
  PRIMARY KEY (`Role_ID`)
) ENGINE=InnoDB AUTO_INCREMENT=8 DEFAULT CHARSET=latin1;
/*!40101 SET character_set_client = @saved_cs_client */;

--
-- Dumping data for table `Roles`
--

LOCK TABLES `Roles` WRITE;
/*!40000 ALTER TABLE `Roles` DISABLE KEYS */;
INSERT INTO `Roles` VALUES (1,'Parent/guardian'),(2,'Corporate/professional'),(3,'Community/organization member'),(4,'College/graduate student'),(5,'Student'),(6,'Teacher'),(7,'Staff');
/*!40000 ALTER TABLE `Roles` ENABLE KEYS */;
UNLOCK TABLES;

--
-- Table structure for table `Satisfaction_Surveys`
--

DROP TABLE IF EXISTS `Satisfaction_Surveys`;
/*!40101 SET @saved_cs_client     = @@character_set_client */;
/*!40101 SET character_set_client = utf8 */;
CREATE TABLE `Satisfaction_Surveys` (
  `Satisfaction_Survey_ID` int(11) NOT NULL AUTO_INCREMENT,
  `Participant_ID` int(11) DEFAULT NULL,
  `Program_ID` int(11) DEFAULT NULL,
  `Question_1` int(11) DEFAULT NULL,
  `Question_2` int(11) DEFAULT NULL,
  `Question_3` int(11) DEFAULT NULL,
  `Question_4` int(11) DEFAULT NULL,
  `Question_5` int(11) DEFAULT NULL,
  `Question_6` int(11) DEFAULT NULL,
  `Question_7` int(11) DEFAULT NULL,
  `Question_8` int(11) DEFAULT NULL,
  `Question_9` int(11) DEFAULT NULL,
  `Question_10` int(11) DEFAULT NULL,
  `Question_11` int(11) DEFAULT NULL,
  `Question_12` varchar(400) DEFAULT NULL,
  `Date` varchar(150) DEFAULT NULL,
  `Version` int(11) DEFAULT NULL,
  PRIMARY KEY (`Satisfaction_Survey_ID`),
  KEY `participant_satisfied` (`Participant_ID`),
  KEY `satisfying_program_fk` (`Program_ID`),
  CONSTRAINT `participant_satisfied` FOREIGN KEY (`Participant_ID`) REFERENCES `Participants` (`Participant_ID`) ON DELETE CASCADE ON UPDATE CASCADE,
  CONSTRAINT `satisfying_program_fk` FOREIGN KEY (`Program_ID`) REFERENCES `Subcategories` (`Subcategory_ID`) ON DELETE SET NULL ON UPDATE CASCADE
) ENGINE=InnoDB AUTO_INCREMENT=82 DEFAULT CHARSET=latin1;
/*!40101 SET character_set_client = @saved_cs_client */;

--
-- Dumping data for table `Satisfaction_Surveys`
--

LOCK TABLES `Satisfaction_Surveys` WRITE;
/*!40000 ALTER TABLE `Satisfaction_Surveys` DISABLE KEYS */;
INSERT INTO `Satisfaction_Surveys` VALUES (1,2,14,1,2,2,3,3,1,2,1,2,3,3,'','',3),(3,8,65,2,2,3,3,3,3,2,3,3,3,2,'','2013-06-02',3),(41,1,65,1,1,1,1,2,2,2,1,1,1,2,'0','2013-02-21',3),(42,2,65,2,3,2,2,2,3,3,1,1,3,2,'0','2013-02-21',3),(43,3,65,2,3,2,1,2,3,3,1,1,1,3,'0','2013-02-21',3),(44,5,65,1,3,1,1,2,2,2,1,2,1,3,'0','2013-02-21',3),(45,7,65,1,2,1,1,3,1,2,0,0,3,0,'0','2013-02-21',3),(46,9,65,3,2,3,3,2,1,3,1,1,1,3,'0','2013-02-21',3),(47,11,65,1,1,1,1,3,2,2,1,1,1,3,'0','2013-02-21',3),(48,12,65,1,3,1,1,3,3,2,1,1,1,3,'0','2013-02-21',3),(49,17,65,1,3,2,1,3,1,2,1,1,1,3,'0','2013-02-21',3),(55,8,1,2,1,2,2,2,1,1,3,1,3,1,'now.','2013-04-01',4),(57,8,1,2,1,2,3,2,1,1,3,1,3,1,'0','2013-04-01',3),(58,3,1,2,1,2,3,1,1,1,3,1,2,2,'0','2013-5-13',3),(59,1,1,2,2,2,2,2,1,2,2,1,3,1,'0','2013-05-14',4),(60,5,1,2,1,3,2,1,1,2,3,1,3,1,'more cowbell','2013-5-13',4),(61,8,1,2,1,2,3,2,1,1,3,1,3,1,'So many suggestions.','2013-04-01',4),(62,8,1,2,1,2,3,2,1,1,3,1,3,1,'tellements d\'idees!','2013-04-01',4),(63,1,10,0,0,0,0,0,0,0,0,0,0,0,'','2013-05-07',3),(64,109,NULL,1,1,1,1,1,1,1,3,2,3,1,'','2013-05-31',4),(65,109,NULL,1,1,1,1,1,1,1,3,2,3,1,'Hold extra sessions on weekends.','2013-07-01',4),(68,124,355,2,0,0,0,3,0,0,0,0,0,0,'','2013-06-01',4),(69,124,355,0,0,1,0,0,0,0,0,0,0,0,'','2013-06-02',4),(70,124,355,0,0,0,0,0,0,1,0,0,1,0,'','--',3),(71,136,358,1,1,1,1,1,1,1,3,2,3,1,'It\'s Awesome','2013-06-17',4),(72,3,1,1,1,1,1,1,3,0,0,0,0,0,'','2013-07-08',3),(73,3,5,0,0,0,0,0,0,0,0,0,0,0,'','2013-07-08',3),(74,150,25,2,2,2,2,2,2,2,2,2,2,2,'','2013-07-01',3),(75,5,17,2,0,0,0,0,0,0,0,0,0,0,'','2013-07-01',3),(76,5,65,0,0,0,0,0,1,0,0,0,0,0,'','2013-07-15',4),(77,87,4,0,0,0,1,0,0,0,0,0,0,0,'','2013-07-22',3),(78,87,4,0,0,0,0,0,0,0,1,0,0,0,'','2013-07-22',4),(79,66,22,0,1,0,0,0,0,0,0,0,0,0,'','2013-07-01',3),(80,66,22,3,0,0,0,0,0,0,0,0,0,0,'','2013-07-01',4),(81,157,366,1,1,2,3,3,2,1,3,2,3,1,'','2013-08-01',3);
/*!40000 ALTER TABLE `Satisfaction_Surveys` ENABLE KEYS */;
UNLOCK TABLES;

--
-- Table structure for table `Subcategories`
--

DROP TABLE IF EXISTS `Subcategories`;
/*!40101 SET @saved_cs_client     = @@character_set_client */;
/*!40101 SET character_set_client = utf8 */;
CREATE TABLE `Subcategories` (
  `Subcategory_ID` int(11) NOT NULL AUTO_INCREMENT,
  `Subcategory_Name` varchar(150) DEFAULT NULL,
  `Campaign_or_Program` varchar(45) DEFAULT NULL,
  `Notes` varchar(400) DEFAULT NULL,
  PRIMARY KEY (`Subcategory_ID`)
) ENGINE=InnoDB AUTO_INCREMENT=1049 DEFAULT CHARSET=latin1;
/*!40101 SET character_set_client = @saved_cs_client */;

--
-- Dumping data for table `Subcategories`
--

LOCK TABLES `Subcategories` WRITE;
/*!40000 ALTER TABLE `Subcategories` DISABLE KEYS */;
INSERT INTO `Subcategories` VALUES (1,'Lathrop Homes','Campaign',''),(2,'Grow Your Own (GYO)','Program','0'),(3,'Forclosure Outreach','Program','0'),(4,'Keep Chicago Renting','Campaign',''),(5,'Health & Benefits Outreach','Program','0'),(8,'Dental Van','Program','0'),(9,'Cancer Support Group','Program','0'),(10,'Bloomingdale Trail','Campaign','1'),(14,'Fair Care Coalition','Campaign','1'),(17,'Collegian Scholars','Program','0'),(18,'Elev8','Program','1'),(19,'Parent Mentor Program','Program','0'),(20,'Ames Primecare Clinic','Program','0'),(21,'Early Childhood Mentors','Program','0'),(22,'DALE','Program','0'),(24,'Leadership Training','Program',NULL),(25,'Board','Campaign',NULL),(26,'MAC','Campaign',NULL),(27,'CORE','Campaign',NULL),(28,'Fundraising','Campaign',NULL),(29,'Steering Committee','Campaign',NULL),(30,'Steering Committee - Health & Open Space','Campaign',NULL),(31,'School Closings','Campaign',NULL),(32,'Elected School Board','Campaign',NULL),(34,'Improving KPHS','Campaign',NULL),(35,'Service Learning','Program',NULL),(36,'AfterSchool Matters','Program',NULL),(37,'Internship','Program',NULL),(38,'VOYCE Program','Program',NULL),(39,'VOYCE Leadership','Campaign',NULL),(40,'Restorative Justice','Campaign',NULL),(42,'Crime Prevention','Campaign',NULL),(43,'Making a Difference (MAD) Campaign','Campaign',NULL),(44,'Block Club/Garden','Campaign',NULL),(45,'Test New Program','Program',NULL),(46,'Citizenship','Program',NULL),(47,'Deferred Action','Program',NULL),(48,'JFON Clinic','Program',NULL),(49,'Know Your Rights','Program',NULL),(50,'Drivers\' Licenses','Campaign',NULL),(51,'CIR','Campaign',NULL),(52,'Steering Committee','Campaign',NULL),(53,'Parent Mentor Workshops','Program',NULL),(54,'Excel class - intermediate','Program',NULL),(55,'Re-training program','Program',NULL),(57,'Manufacturing Jobs Campaign','Campaign',NULL),(58,'Testing','Program',NULL),(59,'Parent Engagement Ins.','Program','0'),(61,'TTM','Program',NULL),(62,'TTM','Program',NULL),(65,'Community Learning Centers','Program','0'),(66,'Worklocal.org','Program',NULL),(353,'1st & 2nd Reading & Math','Program',NULL),(354,'1st Reading & Math','Program',NULL),(355,'2nd Reading & Math','Program',NULL),(356,'Ballet','Program',NULL),(357,'Cheerleader','Program',NULL),(358,'Compass Learning','Program',NULL),(359,'Concert Band','Program',NULL),(360,'ESL 1','Program',NULL),(361,'ESL Basic','Program',NULL),(362,'Hip Hop','Program',NULL),(363,'Homework Help/Tutoring','Program',NULL),(364,'Journalism','Program',NULL),(365,'Kindergarten Reading & Math','Program',NULL),(366,'Martial Arts 2nd-5th','Program',NULL),(368,'Science/Genius','Program',NULL),(369,'Spanish GED','Program',NULL),(370,'String Orchestra (Cuatro)','Program',NULL),(371,'String Orchestra (Guitar)','Program',NULL),(372,'Life Smart for Women','Program',NULL),(374,'Program Improvement Meetings','Campaign',NULL),(375,'Large Community Meeting/Assembly','Program',NULL),(376,'Test 3','Campaign',NULL),(377,'School Budgets','Campaign',NULL),(557,'\"Ballet 1','Program',NULL),(558,'Ballet Kindergarten','Program',NULL),(559,'\"Basketball 3','Program',NULL),(560,'\"Basketball 6','Program',NULL),(561,'Cuatro Program','Program',NULL),(562,'Early Childhood Education','Program',NULL),(563,'ELL Homework Help','Program',NULL),(564,'ESL 1 Spring 2013','Program',NULL),(565,'Extended Education','Program',NULL),(566,'Extended Education 2','Program',NULL),(567,'Math and Reading Club','Program',NULL),(568,'Parent Mentor 2013','Program',NULL),(569,'Spanish Guitar','Program',NULL),(570,'Tutoring 1st grade','Program',NULL),(571,'Tutoring 2nd grade','Program',NULL),(572,'Ballet Kindergarten Monroe','Program',NULL),(573,'Cuatro Program Monroe','Program',NULL),(574,'Early Childhood Education Monroe','Program',NULL),(575,'ELL Homework Help Monroe','Program',NULL),(576,'ESL 1 Spring 2013 Monroe','Program',NULL),(577,'Extended Education Monroe','Program',NULL),(578,'Extended Education 2 Monroe','Program',NULL),(579,'Math and Reading Club Monroe','Program',NULL),(580,'Parent Mentor 2013 Monroe','Program',NULL),(581,'Spanish Guitar Monroe','Program',NULL),(582,'Tutoring 1st grade Monroe','Program',NULL),(583,'Tutoring 2nd grade Monroe ','Program',NULL),(584,'Parent Mentor','Program',NULL),(585,'Program:','Program',NULL),(586,'Person Type:','Program',NULL),(587,'Service Name','Program',NULL),(588,'\"','Program',NULL),(589,'.Tue. Recreation Per. 1','Program',NULL),(590,'.Tue. Recreation Per. 2','Program',NULL),(591,'.Tue. Soccer Camp','Program',NULL),(592,':Wed. AVA Per. 1','Program',NULL),(593,':Wed. AVA Per. 2','Program',NULL),(594,':Wed. FYE Per. 1','Program',NULL),(595,':Wed. FYE Per. 2','Program',NULL),(596,':Wed. Recreation Per. 1','Program',NULL),(597,':Wed. Recreation Per. 2','Program',NULL),(598,':Wed. Soccer Camp','Program',NULL),(599,';Thur. FYE Per. 2','Program',NULL),(600,';Thur. Recreation Per. 1','Program',NULL),(601,';Thur. Recreation Per. 2','Program',NULL),(602,';Thur. Soccer Camp','Program',NULL),(603,'7th Grade Alg. Mon./ Tue.','Program',NULL),(604,'7th Grade Alg. Wed./ Thur.','Program',NULL),(605,'7th Reading & Writing Mon./ Tue.','Program',NULL),(606,'7th Reading & Writing Wed./ Thur.','Program',NULL),(607,'8th Grade Alg. Mon./ Tue.','Program',NULL),(608,'8th Grade Alg. Wed./ Thur.','Program',NULL),(609,'8th Reading & Writing Mon./ Tue.','Program',NULL),(610,'8th Reading & Writing Wed./ Thur.','Program',NULL),(611,'Act-N Adapt','Program',NULL),(612,'Ames Press Club','Program',NULL),(613,'Big Brother / Big Sister','Program',NULL),(614,'BUILD','Program',NULL),(615,'Chess Team','Program',NULL),(616,'ESL Level 1','Program',NULL),(617,'ESL Level 3','Program',NULL),(618,'Friday Sports Club','Program',NULL),(619,'Girls in the Game','Program',NULL),(620,'Girlz Rock','Program',NULL),(621,'Math Team','Program',NULL),(622,'Peace and Leadership','Program',NULL),(623,'Scientist for Tomorrow','Program',NULL),(624,'West Town Bikes Per. 1','Program',NULL),(625,'West Town Bikes Per. 2','Program',NULL),(626,'YOURS project','Program',NULL),(627,'Event Name','Program',NULL),(628,'1st Annual College & Career Fair','Program',NULL),(629,'Advisory Board','Program',NULL),(630,'Ames School Assembly','Program',NULL),(631,'Breakfast Club','Program',NULL),(632,'Cafe y Conversacion','Program',NULL),(633,'Cafe y Conversacion & Neighborhood Wide','Program',NULL),(634,'Elev8 Survey','Program',NULL),(635,'Intervention Program','Program',NULL),(636,'Lullaby Parade at the Lagoon','Program',NULL),(637,'M.A.D. Committee Meeting','Program',NULL),(638,'Mikva Peace & Leadership Springfield Trip','Program',NULL),(639,'National Leadership Conference','Program',NULL),(640,'NEIU Parent/Student Leadership Conference','Program',NULL),(641,'YOURS Orchestra Concert','Program',NULL),(642,'1','Program',NULL),(643,'2','Program',NULL),(644,'3','Program',NULL),(645,'4','Program',NULL),(646,'5','Program',NULL),(647,'6','Program',NULL),(648,'.Tue. Recreation Per. 1 Ames','Program',NULL),(649,'.Tue. Recreation Per. 2 Ames','Program',NULL),(650,'.Tue. Soccer Camp Ames','Program',NULL),(651,':Wed. AVA Per. 1 Ames','Program',NULL),(652,':Wed. AVA Per. 2 Ames','Program',NULL),(653,':Wed. FYE Per. 1 Ames','Program',NULL),(654,':Wed. FYE Per. 2 Ames','Program',NULL),(655,':Wed. Recreation Per. 1 Ames','Program',NULL),(656,':Wed. Recreation Per. 2 Ames','Program',NULL),(657,':Wed. Soccer Camp Ames','Program',NULL),(658,';Thur. FYE Per. 2 Ames','Program',NULL),(659,';Thur. Recreation Per. 1 Ames','Program',NULL),(660,';Thur. Recreation Per. 2 Ames','Program',NULL),(661,';Thur. Soccer Camp Ames','Program',NULL),(662,'7th Grade Alg. Mon./ Tue. Ames','Program',NULL),(663,'7th Grade Alg. Wed./ Thur. Ames','Program',NULL),(664,'7th Reading & Writing Mon./ Tue. Ames','Program',NULL),(665,'7th Reading & Writing Wed./ Thur. Ames','Program',NULL),(666,'8th Grade Alg. Mon./ Tue. Ames','Program',NULL),(667,'8th Grade Alg. Wed./ Thur. Ames','Program',NULL),(668,'8th Reading & Writing Mon./ Tue. Ames','Program',NULL),(669,'8th Reading & Writing Wed./ Thur. Ames','Program',NULL),(670,'Act-N Adapt Ames','Program',NULL),(671,'Ames Press Club Ames','Program',NULL),(672,'Big Brother / Big Sister Ames','Program',NULL),(673,'BUILD Ames','Program',NULL),(674,'Chess Team Ames','Program',NULL),(675,'ESL Level 1 Ames','Program',NULL),(676,'ESL Level 3 Ames','Program',NULL),(677,'Friday Sports Club Ames','Program',NULL),(678,'Girls in the Game Ames','Program',NULL),(679,'Girlz Rock Ames','Program',NULL),(680,'Life Smart For Women Ames','Program',NULL),(681,'Math Team Ames','Program',NULL),(682,'Parent Mentor Program Ames','Program',NULL),(683,'Peace and Leadership Ames','Program',NULL),(684,'Scientist for Tomorrow Ames','Program',NULL),(685,'West Town Bikes Per. 1 Ames','Program',NULL),(686,'West Town Bikes Per. 2 Ames','Program',NULL),(687,'YOURS project Ames','Program',NULL),(688,'\"Basketball 3rd','Program',NULL),(689,'Chicago Ballet 2nd & 3rd McAuliffe','Program',NULL),(690,'Chicago Ballet KDG and 1st grade McAuliffe','Program',NULL),(691,'Cultural Dance Studies Group 1 McAuliffe','Program',NULL),(692,'Cultural Dance Studies Group 2 McAuliffe','Program',NULL),(693,'ELL Homework McAuliffe','Program',NULL),(694,'ESL 1 McAuliffe','Program',NULL),(695,'Homework Support 1st grade McAuliffe','Program',NULL),(696,'Homework Support 2nd grade McAuliffe','Program',NULL),(697,'Homework Support 3rd/4th grade McAuliffe','Program',NULL),(698,'Homework Support 5th/6th grade McAuliffe','Program',NULL),(699,'Musical Choir McAuliffe','Program',NULL),(700,'Parent Mentor Program McAuliffe','Program',NULL),(701,'Recreational Activities 3rd & 4th McAuliffe','Program',NULL),(702,'Recreational Activities 5th & 6th McAuliffe','Program',NULL),(703,'\"Soccer 3rd','Program',NULL),(704,'Sports Activities 3rd & 4th McAuliffe','Program',NULL),(705,'Sports Activities 5th & 6th McAuliffe','Program',NULL),(706,'Volleyball McAuliffe','Program',NULL),(707,'Zumba McAuliffe','Program',NULL),(708,'LSNA 51st Congress','Program',NULL),(709,'Volleyball Game vs CPS Volleyball Team','Program',NULL),(710,'id','Program',NULL),(711,'1705765','Program',NULL),(712,'1705766','Program',NULL),(713,'1705767','Program',NULL),(714,'1705768','Program',NULL),(715,'1705769','Program',NULL),(716,'1761303','Program',NULL),(717,'1761304','Program',NULL),(718,'1761305','Program',NULL),(719,'1761306','Program',NULL),(720,'1761307','Program',NULL),(721,'1761342','Program',NULL),(722,'1761343','Program',NULL),(723,'1761344','Program',NULL),(724,'1761361','Program',NULL),(725,'1761362','Program',NULL),(726,'1761363','Program',NULL),(727,'1761365','Program',NULL),(728,'1761367','Program',NULL),(729,'1761368','Program',NULL),(730,'1761370','Program',NULL),(731,'1761372','Program',NULL),(732,'1761376','Program',NULL),(733,'1761380','Program',NULL),(734,'1761383','Program',NULL),(735,'1761387','Program',NULL),(736,'1761389','Program',NULL),(737,'1761392','Program',NULL),(738,'1761394','Program',NULL),(739,'1850385','Program',NULL),(740,'1850395','Program',NULL),(741,'1850396','Program',NULL),(742,'1850397','Program',NULL),(743,'1850398','Program',NULL),(744,'1851018','Program',NULL),(745,'1851037','Program',NULL),(746,'1851040','Program',NULL),(747,'1851043','Program',NULL),(748,'1851047','Program',NULL),(749,'1851049','Program',NULL),(750,'1851050','Program',NULL),(751,'1946529','Program',NULL),(752,'1946530','Program',NULL),(753,'1946531','Program',NULL),(754,'1946532','Program',NULL),(755,'1946533','Program',NULL),(756,'1946534','Program',NULL),(757,'1946535','Program',NULL),(758,'1946536','Program',NULL),(759,'1946537','Program',NULL),(760,'1946538','Program',NULL),(761,'1946539','Program',NULL),(762,'1946540','Program',NULL),(763,'1946541','Program',NULL),(764,'1946542','Program',NULL),(765,'1946543','Program',NULL),(766,'1946544','Program',NULL),(767,'1706259','Program',NULL),(768,'1706260','Program',NULL),(769,'1706261','Program',NULL),(770,'1706262','Program',NULL),(771,'1706263','Program',NULL),(772,'1706264','Program',NULL),(773,'1706265','Program',NULL),(774,'1706266','Program',NULL),(775,'1706267','Program',NULL),(776,'1706268','Program',NULL),(777,'1706269','Program',NULL),(778,'1706270','Program',NULL),(779,'1706271','Program',NULL),(780,'1706272','Program',NULL),(781,'1706273','Program',NULL),(782,'1706274','Program',NULL),(783,'1706275','Program',NULL),(784,'1706276','Program',NULL),(785,'1706277','Program',NULL),(786,'1706278','Program',NULL),(787,'1706279','Program',NULL),(788,'1706280','Program',NULL),(789,'1706281','Program',NULL),(790,'1706282','Program',NULL),(791,'1706283','Program',NULL),(792,'1706284','Program',NULL),(793,'1706285','Program',NULL),(794,'1706286','Program',NULL),(795,'1706287','Program',NULL),(796,'1706288','Program',NULL),(797,'1759205','Program',NULL),(798,'1759576','Program',NULL),(799,'1759577','Program',NULL),(800,'1759578','Program',NULL),(801,'1759579','Program',NULL),(802,'1759580','Program',NULL),(803,'1759581','Program',NULL),(804,'1759582','Program',NULL),(805,'1759583','Program',NULL),(806,'1759584','Program',NULL),(807,'1759585','Program',NULL),(808,'1759586','Program',NULL),(809,'1759587','Program',NULL),(810,'1759588','Program',NULL),(811,'1759589','Program',NULL),(812,'1759590','Program',NULL),(813,'1759591','Program',NULL),(814,'1759592','Program',NULL),(815,'1759593','Program',NULL),(816,'1759594','Program',NULL),(817,'1759595','Program',NULL),(818,'1759596','Program',NULL),(819,'1759597','Program',NULL),(820,'1759599','Program',NULL),(821,'1759600','Program',NULL),(822,'1759601','Program',NULL),(823,'1759603','Program',NULL),(824,'1759604','Program',NULL),(825,'1760396','Program',NULL),(826,'1850279','Program',NULL),(827,'1850467','Program',NULL),(828,'1850468','Program',NULL),(829,'1850469','Program',NULL),(830,'1850470','Program',NULL),(831,'1850471','Program',NULL),(832,'1850472','Program',NULL),(833,'1850473','Program',NULL),(834,'1850475','Program',NULL),(835,'1850478','Program',NULL),(836,'1850483','Program',NULL),(837,'1850485','Program',NULL),(838,'1850486','Program',NULL),(839,'1850488','Program',NULL),(840,'1850493','Program',NULL),(841,'1850494','Program',NULL),(842,'1850495','Program',NULL),(843,'1850497','Program',NULL),(844,'1850499','Program',NULL),(845,'1850501','Program',NULL),(846,'1850503','Program',NULL),(847,'1850504','Program',NULL),(848,'1850506','Program',NULL),(849,'1850508','Program',NULL),(850,'1850510','Program',NULL),(851,'1850513','Program',NULL),(852,'1850515','Program',NULL),(853,'1850516','Program',NULL),(854,'1850517','Program',NULL),(855,'1850519','Program',NULL),(856,'1850521','Program',NULL),(857,'1850524','Program',NULL),(858,'1850525','Program',NULL),(859,'1850526','Program',NULL),(860,'1850527','Program',NULL),(861,'1850528','Program',NULL),(862,'1850529','Program',NULL),(863,'1850530','Program',NULL),(864,'1850531','Program',NULL),(865,'1850532','Program',NULL),(866,'1850533','Program',NULL),(867,'1850534','Program',NULL),(868,'1850535','Program',NULL),(869,'1941907','Program',NULL),(870,'1941908','Program',NULL),(871,'1941909','Program',NULL),(872,'1941910','Program',NULL),(873,'1941911','Program',NULL),(874,'1941912','Program',NULL),(875,'1941913','Program',NULL),(876,'1941914','Program',NULL),(877,'1941915','Program',NULL),(878,'1941916','Program',NULL),(879,'1941917','Program',NULL),(880,'1941918','Program',NULL),(881,'1941919','Program',NULL),(882,'1941920','Program',NULL),(883,'1941921','Program',NULL),(884,'1941922','Program',NULL),(885,'1942740','Program',NULL),(886,'1942741','Program',NULL),(887,'1942742','Program',NULL),(888,'1942743','Program',NULL),(889,'1942744','Program',NULL),(890,'1942745','Program',NULL),(891,'1942746','Program',NULL),(892,'1942747','Program',NULL),(893,'1942748','Program',NULL),(894,'1942749','Program',NULL),(895,'1707516','Program',NULL),(896,'1710014','Program',NULL),(897,'1710029','Program',NULL),(898,'1710033','Program',NULL),(899,'1710035','Program',NULL),(900,'1710038','Program',NULL),(901,'1710039','Program',NULL),(902,'1710049','Program',NULL),(903,'1710051','Program',NULL),(904,'1710053','Program',NULL),(905,'1710059','Program',NULL),(906,'1710061','Program',NULL),(907,'1710063','Program',NULL),(908,'1710065','Program',NULL),(909,'1710070','Program',NULL),(910,'1710171','Program',NULL),(911,'1710173','Program',NULL),(912,'1710174','Program',NULL),(913,'1710175','Program',NULL),(914,'1710177','Program',NULL),(915,'1710181','Program',NULL),(916,'1710182','Program',NULL),(917,'1710183','Program',NULL),(918,'1710184','Program',NULL),(919,'1710186','Program',NULL),(920,'1710187','Program',NULL),(921,'1710188','Program',NULL),(922,'1710189','Program',NULL),(923,'1710193','Program',NULL),(924,'1710195','Program',NULL),(925,'1710197','Program',NULL),(926,'1710204','Program',NULL),(927,'1710205','Program',NULL),(928,'1710207','Program',NULL),(929,'1710244','Program',NULL),(930,'1710245','Program',NULL),(931,'1710246','Program',NULL),(932,'1710247','Program',NULL),(933,'1710248','Program',NULL),(934,'1710249','Program',NULL),(935,'1710250','Program',NULL),(936,'1710251','Program',NULL),(937,'1710252','Program',NULL),(938,'1710253','Program',NULL),(939,'1728264','Program',NULL),(940,'1761279','Program',NULL),(941,'1761280','Program',NULL),(942,'1761281','Program',NULL),(943,'1761282','Program',NULL),(944,'1761283','Program',NULL),(945,'1761284','Program',NULL),(946,'1761285','Program',NULL),(947,'1761286','Program',NULL),(948,'1761287','Program',NULL),(949,'1761288','Program',NULL),(950,'1761289','Program',NULL),(951,'1761290','Program',NULL),(952,'1761291','Program',NULL),(953,'1761292','Program',NULL),(954,'1761293','Program',NULL),(955,'1761294','Program',NULL),(956,'1761295','Program',NULL),(957,'1761296','Program',NULL),(958,'1761297','Program',NULL),(959,'1761298','Program',NULL),(960,'1761299','Program',NULL),(961,'1761300','Program',NULL),(962,'1761301','Program',NULL),(963,'1761302','Program',NULL),(964,'1847197','Program',NULL),(965,'1847318','Program',NULL),(966,'1847628','Program',NULL),(967,'1847629','Program',NULL),(968,'1847630','Program',NULL),(969,'1847632','Program',NULL),(970,'1847634','Program',NULL),(971,'1847635','Program',NULL),(972,'1847636','Program',NULL),(973,'1847637','Program',NULL),(974,'1847638','Program',NULL),(975,'1847639','Program',NULL),(976,'1847640','Program',NULL),(977,'1847641','Program',NULL),(978,'1847642','Program',NULL),(979,'1847643','Program',NULL),(980,'1847645','Program',NULL),(981,'1847646','Program',NULL),(982,'1847647','Program',NULL),(983,'1847648','Program',NULL),(984,'1847649','Program',NULL),(985,'1847650','Program',NULL),(986,'1847651','Program',NULL),(987,'1847652','Program',NULL),(988,'1847653','Program',NULL),(989,'1847654','Program',NULL),(990,'1847655','Program',NULL),(991,'1847656','Program',NULL),(992,'1847657','Program',NULL),(993,'1847658','Program',NULL),(994,'1847659','Program',NULL),(995,'1847660','Program',NULL),(996,'1849984','Program',NULL),(997,'1849998','Program',NULL),(998,'1850000','Program',NULL),(999,'1850001','Program',NULL),(1000,'1947293','Program',NULL),(1001,'1948021','Program',NULL),(1002,'1948070','Program',NULL),(1003,'1948074','Program',NULL),(1004,'1948076','Program',NULL),(1005,'1948078','Program',NULL),(1006,'1948081','Program',NULL),(1007,'1948084','Program',NULL),(1008,'1948092','Program',NULL),(1009,'1948095','Program',NULL),(1010,'1948100','Program',NULL),(1011,'1948105','Program',NULL),(1012,'1948108','Program',NULL),(1013,'1948113','Program',NULL),(1014,'1948118','Program',NULL),(1015,'1948120','Program',NULL),(1016,'1948123','Program',NULL),(1017,'1710254','Program',NULL),(1018,'1710257','Program',NULL),(1019,'1710258','Program',NULL),(1020,'1710259','Program',NULL),(1021,'1710261','Program',NULL),(1022,'1710293','Program',NULL),(1023,'1710294','Program',NULL),(1024,'1760930','Program',NULL),(1025,'1760931','Program',NULL),(1026,'1760932','Program',NULL),(1027,'1761059','Program',NULL),(1028,'1850787','Program',NULL),(1029,'1850788','Program',NULL),(1030,'1850790','Program',NULL),(1031,'1850791','Program',NULL),(1032,'1850792','Program',NULL),(1033,'1850793','Program',NULL),(1034,'1850794','Program',NULL),(1035,'1850795','Program',NULL),(1036,'1850796','Program',NULL),(1037,'1850797','Program',NULL),(1038,'1945697','Program',NULL),(1039,'1945699','Program',NULL),(1040,'1945701','Program',NULL),(1041,'1945716','Program',NULL),(1042,'1945974','Program',NULL),(1043,'1945975','Program',NULL),(1044,'1945976','Program',NULL),(1045,'1945977','Program',NULL),(1046,'1945978','Program',NULL),(1047,'1945979','Program',NULL),(1048,'1945980','Program',NULL);
/*!40000 ALTER TABLE `Subcategories` ENABLE KEYS */;
UNLOCK TABLES;

--
-- Table structure for table `Subcategory_Attendance`
--

DROP TABLE IF EXISTS `Subcategory_Attendance`;
/*!40101 SET @saved_cs_client     = @@character_set_client */;
/*!40101 SET character_set_client = utf8 */;
CREATE TABLE `Subcategory_Attendance` (
  `Subcategory_Attendance_ID` int(11) NOT NULL AUTO_INCREMENT,
  `Subcategory_Date` int(11) DEFAULT NULL,
  `Participant_ID` int(11) DEFAULT NULL,
  `Description` varchar(45) DEFAULT NULL,
  `Type_of_Participation` int(11) DEFAULT NULL,
  PRIMARY KEY (`Subcategory_Attendance_ID`),
  KEY `date` (`Subcategory_Date`),
  KEY `attendee` (`Participant_ID`),
  CONSTRAINT `attendee` FOREIGN KEY (`Participant_ID`) REFERENCES `Participants` (`Participant_ID`) ON DELETE CASCADE ON UPDATE CASCADE,
  CONSTRAINT `date` FOREIGN KEY (`Subcategory_Date`) REFERENCES `Subcategory_Dates` (`Wright_College_Program_Date_ID`) ON DELETE CASCADE ON UPDATE CASCADE
) ENGINE=InnoDB AUTO_INCREMENT=100 DEFAULT CHARSET=latin1;
/*!40101 SET character_set_client = @saved_cs_client */;

--
-- Dumping data for table `Subcategory_Attendance`
--

LOCK TABLES `Subcategory_Attendance` WRITE;
/*!40000 ALTER TABLE `Subcategory_Attendance` DISABLE KEYS */;
INSERT INTO `Subcategory_Attendance` VALUES (2,4,1,NULL,1),(3,5,1,NULL,1),(4,6,1,NULL,1),(6,1,1,NULL,4),(9,2,1,NULL,4),(10,10,3,NULL,NULL),(11,7,3,NULL,NULL),(13,19,10,NULL,NULL),(15,22,3,NULL,4),(19,12,9,NULL,2),(20,12,2,NULL,1),(21,28,1,NULL,2),(22,23,1,NULL,2),(24,25,3,NULL,NULL),(27,24,1,NULL,2),(28,23,3,NULL,4),(29,1,11,NULL,1),(30,1,3,NULL,3),(31,2,3,NULL,4),(32,2,8,NULL,1),(33,2,11,NULL,1),(34,3,3,NULL,3),(35,3,5,NULL,1),(36,3,8,NULL,1),(37,3,11,NULL,1),(38,3,1,NULL,4),(39,28,3,NULL,2),(40,8,3,NULL,3),(41,8,1,NULL,1),(42,8,11,NULL,1),(43,9,7,NULL,1),(46,33,7,NULL,NULL),(47,33,1,NULL,NULL),(48,33,12,NULL,NULL),(49,33,8,NULL,NULL),(50,32,7,NULL,NULL),(51,34,7,NULL,NULL),(53,12,59,NULL,4),(54,9,3,NULL,4),(55,36,75,NULL,4),(56,32,3,NULL,NULL),(57,8,8,NULL,1),(58,40,87,NULL,NULL),(59,41,1,NULL,NULL),(60,40,92,NULL,NULL),(61,18,59,NULL,NULL),(64,47,3,NULL,3),(65,47,87,NULL,2),(66,48,87,NULL,3),(68,50,82,NULL,NULL),(69,50,64,NULL,NULL),(70,51,2,NULL,NULL),(71,52,1,NULL,NULL),(72,52,87,NULL,NULL),(73,38,87,NULL,NULL),(74,38,8,NULL,NULL),(75,53,3,NULL,NULL),(78,61,82,NULL,NULL),(81,70,131,NULL,4),(82,70,109,NULL,1),(83,71,100,NULL,NULL),(84,72,72,NULL,NULL),(85,77,124,NULL,NULL),(86,84,66,NULL,NULL),(88,70,150,NULL,1),(89,36,87,NULL,NULL),(90,1,87,NULL,NULL);
/*!40000 ALTER TABLE `Subcategory_Attendance` ENABLE KEYS */;
UNLOCK TABLES;

--
-- Table structure for table `Subcategory_Dates`
--

DROP TABLE IF EXISTS `Subcategory_Dates`;
/*!40101 SET @saved_cs_client     = @@character_set_client */;
/*!40101 SET character_set_client = utf8 */;
CREATE TABLE `Subcategory_Dates` (
  `Wright_College_Program_Date_ID` int(11) NOT NULL AUTO_INCREMENT,
  `Subcategory_ID` int(11) DEFAULT NULL,
  `Date` date DEFAULT NULL,
  `Activity_Name` varchar(150) DEFAULT NULL,
  `Activity_Type` int(11) DEFAULT NULL,
  `Meeting_Note` text,
  `Funder_ID` int(11) DEFAULT NULL,
  PRIMARY KEY (`Wright_College_Program_Date_ID`),
  KEY `program_on_date` (`Subcategory_ID`),
  KEY `sub_for_date` (`Subcategory_ID`),
  KEY `Funder_ID` (`Funder_ID`),
  CONSTRAINT `Subcategory_Dates_ibfk_1` FOREIGN KEY (`Funder_ID`) REFERENCES `Institutions` (`Institution_ID`),
  CONSTRAINT `sub_for_date` FOREIGN KEY (`Subcategory_ID`) REFERENCES `Subcategories` (`Subcategory_ID`) ON DELETE CASCADE ON UPDATE CASCADE
) ENGINE=InnoDB AUTO_INCREMENT=102 DEFAULT CHARSET=latin1;
/*!40101 SET character_set_client = @saved_cs_client */;

--
-- Dumping data for table `Subcategory_Dates`
--

LOCK TABLES `Subcategory_Dates` WRITE;
/*!40000 ALTER TABLE `Subcategory_Dates` DISABLE KEYS */;
INSERT INTO `Subcategory_Dates` VALUES (1,1,'2013-02-19','Introductory Meeting for Lathrop Residents',8,NULL, NULL),(2,1,'2013-02-26','Recruitment of Lathrop Residents',5,NULL, NULL),(3,1,'2013-03-05','Rally outside Lathrop to keep the homes open.',3,NULL, NULL),(4,2,'2013-02-20',NULL,NULL,NULL, NULL),(5,2,'2013-02-27',NULL,NULL,NULL, NULL),(6,2,'2013-03-06',NULL,NULL,NULL, NULL),(7,3,'2013-02-13',NULL,NULL,NULL, NULL),(8,1,'2013-03-12','How did we do? discussion.',1,NULL, NULL),(9,4,'2013-02-01',NULL,NULL,NULL, NULL),(10,5,'2013-02-19',NULL,NULL,NULL, NULL),(11,5,'2013-02-26',NULL,NULL,NULL, NULL),(12,14,'2013-03-01',NULL,NULL,NULL, NULL),(13,14,'2013-03-15',NULL,NULL,NULL, NULL),(14,14,'2013-03-29',NULL,NULL,NULL, NULL),(15,14,'2013-04-12',NULL,NULL,NULL, NULL),(16,14,'2013-04-26',NULL,NULL,NULL, NULL),(17,14,'2013-05-10',NULL,NULL,NULL, NULL),(18,14,'2013-05-24',NULL,NULL,NULL, NULL),(19,9,'2013-01-01',NULL,NULL,NULL, NULL),(20,9,'2013-01-08',NULL,NULL,NULL, NULL),(21,8,'2013-02-28',NULL,NULL,NULL, NULL),(22,10,'2013-03-01',NULL,NULL,'Whoa.  Beyonce was here!  In a philanthropic capacity.', NULL),(23,19,'2013-01-04',NULL,1,NULL, NULL),(24,19,'2013-01-11',NULL,2,NULL, NULL),(25,19,'2013-01-18',NULL,3,NULL, NULL),(26,19,'2013-01-25',NULL,4,NULL, NULL),(27,19,'2013-02-01',NULL,5,NULL, NULL),(28,1,'2013-03-07','Press conference to follow up on last week\'s rally',4,NULL, NULL),(36,44,'2013-04-22','Garden Cleanup',10,NULL, NULL),(37,2,'0000-00-00','',0,NULL, NULL),(41,10,'2013-05-14','Taryn Meeting',1,NULL, NULL),(43,10,'2013-05-20','Test, test',0,NULL, NULL),(44,10,'2013-01-05','Event name',0,'This was, in fact, a non-event.\n(like)\n', NULL),(47,4,'2013-05-28','TTM TEST',1,NULL, NULL),(48,4,'2013-05-28','TTM TEST',1,NULL, NULL),(53,4,'2011-05-20','Event name',0,NULL, NULL),(54,2,'0000-00-00','',0,NULL, NULL),(59,10,'2013-05-20','Test, Test The Second',0,NULL, NULL),(60,10,'2013-05-01','May Breakfast',0,NULL, NULL),(61,32,'2013-06-05','testing 2',10,' meeting testing notes 1 view only\n', NULL),(63,10,'2013-06-01','Meteorological Summer Begins',3,'It was unseasonably cool.', NULL),(65,42,'2013-06-01','Beach Party',10,'Next time, remember sunscreen.', NULL),(66,42,'2013-06-08','Garden Party',10,'', NULL),(67,42,'2013-06-15','Tea Party',10,'', NULL),(70,25,'2013-06-10','Testing Role',2,'two attendees on our board\n', NULL),(74,50,'2012-11-27','Springfield Advocacy Day',8,'', NULL),(78,27,'2013-06-17','viewonly',9,'', NULL),(79,10,'2013-06-21','Test 2',3,'', NULL),(80,10,'2013-06-21','Test 2',3,'', NULL),(81,22,'0000-00-00','',0,'', NULL),(82,22,'0000-00-00','',0,'', NULL),(83,22,'0000-00-00','',0,'', NULL),(84,22,'2013-06-19','',0,'', NULL),(88,28,'2013-07-13','Neighborhood council meeting',1,'', NULL),(90,25,'2013-07-13','Board Meeting',2,'', NULL),(91,20,'2013-07-01','',0,'', NULL),(92,1,'2013-07-25','Lathrop Rally',3,'', NULL),(93,1,'2013-07-25','Lathrop Rally',3,'', NULL),(96,46,'2014-02-12','22222222222',3,'654654', NULL),(97,27,'0000-00-00','',0,'',null);
/*!40000 ALTER TABLE `Subcategory_Dates` ENABLE KEYS */;
UNLOCK TABLES;
/*!40103 SET TIME_ZONE=@OLD_TIME_ZONE */;

/*!40101 SET SQL_MODE=@OLD_SQL_MODE */;
/*!40014 SET FOREIGN_KEY_CHECKS=@OLD_FOREIGN_KEY_CHECKS */;
/*!40014 SET UNIQUE_CHECKS=@OLD_UNIQUE_CHECKS */;
/*!40101 SET CHARACTER_SET_CLIENT=@OLD_CHARACTER_SET_CLIENT */;
/*!40101 SET CHARACTER_SET_RESULTS=@OLD_CHARACTER_SET_RESULTS */;
/*!40101 SET COLLATION_CONNECTION=@OLD_COLLATION_CONNECTION */;
/*!40111 SET SQL_NOTES=@OLD_SQL_NOTES */;

-- Dump completed on 2018-03-25  9:55:52
